#pragma once

// File: 'fontaudio.ttf' (36812 bytes)
// Exported using binary_to_compressed_c.cpp
static const unsigned int fontaudio_size = 36812;
static const unsigned int fontaudio_data[36812/4] =
{
    0x00000100, 0x80000b00, 0x30000300, 0x42555347, 0x7a258b20, 0x38010000, 0x54000000, 0x322f534f, 0x964a543d, 0x8c010000, 0x56000000, 0x70616d63, 
    0x0a7d0f0b, 0x54040000, 0xdc090000, 0x66796c67, 0xf6238e40, 0x6c0f0000, 0x54740000, 0x64616568, 0x19885f16, 0xe0000000, 0x36000000, 0x61656868, 
    0x9d010002, 0xbc000000, 0x24000000, 0x78746d68, 0x0000009a, 0xe4010000, 0x70020000, 0x61636f6c, 0x3eb616d4, 0x300e0000, 0x3a010000, 0x7078616d, 
    0x9601be01, 0x18010000, 0x20000000, 0x656d616e, 0x385a33e3, 0xc0830000, 0x22020000, 0x74736f70, 0x09e54b57, 0xe4850000, 0xe7090000, 0x00000100, 
    0x00000001, 0x00010000, 0x00000000, 0x0100ff00, 0x00000000, 0x00000000, 0x00000000, 0x9c000000, 0x00000100, 0x00000100, 0x2c72e185, 0xf53c0f5f, 
    0x00010b00, 0x00000000, 0x922421db, 0x00000000, 0x922421db, 0x00000000, 0xf800ff00, 0x08000000, 0x00000200, 0x00000000, 0x00000100, 0x8a019c00, 
    0x00001800, 0x02000000, 0x0a000000, 0x00000a00, 0x0000ff00, 0x00000000, 0x00000100, 0x30000a00, 0x02003e00, 0x544c4644, 0x616c0e00, 0x1a006e74, 
    0x00000400, 0x00000000, 0x00000100, 0x00000400, 0x00000000, 0x00000100, 0x696c0100, 0x08006167, 0x01000000, 0x01000000, 0x04000400, 0x01000000, 
    0x01000800, 0x00000600, 0x00000100, 0xfd000100, 0x05009001, 0xa2000000, 0x0000b300, 0xa2002300, 0x0000b300, 0x0c007a00, 0x00004200, 0x03050002, 
    0x00000000, 0x00000000, 0x00000000, 0x00000000, 0x00000000, 0x66500000, 0x40006445, 0x9bf101f1, 0x00000001, 0x00011700, 0x00000000, 0x00000100, 
    0x00000000, 0x00000000, 0x00000001, 0x00000001, 0x00000001, 0x00000001, 0x00000001, 0x00000001, 0x00000001, 0x00000001, 0x00000001, 0x00000001, 
    0x00000001, 0x00000001, 0x00000001, 0x00000001, 0x00000001, 0x00000001, 0x00000001, 0x00000001, 0x00000001, 0x00000001, 0x00000001, 0x00000001, 
    0x00000001, 0x00000001, 0x00000001, 0x00000001, 0x00000001, 0x00000001, 0x00000001, 0x00008000, 0x00008000, 0x00000001, 0x00000001, 0x00000001, 
    0x00000001, 0x00000001, 0x00000001, 0x00000001, 0x00000001, 0x00000001, 0x00000001, 0x00000001, 0x00000001, 0x00000001, 0x00000001, 0x00000001, 
    0x00000001, 0x00000001, 0x00000001, 0x00000001, 0x00000001, 0x00000001, 0x00000001, 0x00000001, 0x00000001, 0x00000001, 0x00000001, 0x00000001, 
    0x00000001, 0x00000001, 0x00000001, 0x00000001, 0x00000001, 0x00000001, 0x00000001, 0x00000001, 0x00000001, 0x00000001, 0x00000001, 0x00000001, 
    0x00000001, 0x00000001, 0x00000001, 0x00000001, 0x00000001, 0x00000001, 0x00000001, 0x00000001, 0x00000001, 0x00000001, 0x00000001, 0x00000001, 
    0x00000001, 0x00000001, 0x00000001, 0x00000001, 0x00000001, 0x00000001, 0x00000001, 0x00000001, 0x00000001, 0x00000001, 0x00000001, 0x00000001, 
    0x00000001, 0x00000001, 0x00000001, 0x00000001, 0x00000001, 0x00000001, 0x00000001, 0x00000001, 0x00000001, 0x00000001, 0x00000001, 0x00000001, 
    0x00000001, 0x00000001, 0x00000001, 0x00000001, 0x00000001, 0x00000001, 0x00000001, 0x00000001, 0x00000001, 0x00000001, 0x00000001, 0x00000001, 
    0x00000001, 0x00000001, 0x00000001, 0x00000001, 0x00000001, 0x00000001, 0x00000001, 0x00000001, 0x00000001, 0x00000001, 0x00000001, 0x00000001, 
    0x00000001, 0x00000001, 0x00000001, 0x00000001, 0x00000001, 0x00000001, 0x00000001, 0x00000001, 0x00000001, 0x00000001, 0x00000001, 0x00000001, 
    0x00000001, 0x00000001, 0x00000001, 0x00000001, 0x00000001, 0x00000001, 0x00000001, 0x00000001, 0x00000001, 0x00000001, 0x00000001, 0x00000001, 
    0x00000001, 0x05000000, 0x03000000, 0x2c000000, 0x04000000, 0x88020000, 0x00000100, 0x82010000, 0x01000300, 0x2c000000, 0x0a000300, 0x88020000, 
    0x56010400, 0x04000000, 0x01000400, 0x9bf10000, 0x0000ffff, 0xffff01f1, 0x01000000, 0x00000400, 0x02000100, 0x04000300, 0x06000500, 0x08000700, 
    0x0a000900, 0x0c000b00, 0x0e000d00, 0x10000f00, 0x12001100, 0x14001300, 0x16001500, 0x18001700, 0x1a001900, 0x1c001b00, 0x1e001d00, 0x20001f00, 
    0x22002100, 0x24002300, 0x26002500, 0x28002700, 0x2a002900, 0x2c002b00, 0x2e002d00, 0x30002f00, 0x32003100, 0x34003300, 0x36003500, 0x38003700, 
    0x3a003900, 0x3c003b00, 0x3e003d00, 0x40003f00, 0x42004100, 0x44004300, 0x46004500, 0x48004700, 0x4a004900, 0x4c004b00, 0x4e004d00, 0x50004f00, 
    0x52005100, 0x54005300, 0x56005500, 0x58005700, 0x5a005900, 0x5c005b00, 0x5e005d00, 0x60005f00, 0x62006100, 0x64006300, 0x66006500, 0x68006700, 
    0x6a006900, 0x6c006b00, 0x6e006d00, 0x70006f00, 0x72007100, 0x74007300, 0x76007500, 0x78007700, 0x7a007900, 0x7c007b00, 0x7e007d00, 0x80007f00, 
    0x82008100, 0x84008300, 0x86008500, 0x88008700, 0x8a008900, 0x8c008b00, 0x8e008d00, 0x90008f00, 0x92009100, 0x94009300, 0x96009500, 0x98009700, 
    0x9a009900, 0x00009b00, 0x00000601, 0x00000000, 0x00000000, 0x00000000, 0x00000000, 0x00000000, 0x00000000, 0x00000000, 0x00000000, 0x00000000, 
    0x00000000, 0x00000000, 0x00000000, 0x00000000, 0x00000000, 0x00000000, 0x00000000, 0x00000000, 0x00000000, 0x00000000, 0x00000000, 0x00000000, 
    0x00000000, 0x00000000, 0x00000000, 0x00000000, 0x00000000, 0x00000000, 0x00000000, 0x00000000, 0x00000000, 0x00000000, 0x00000000, 0x00000000, 
    0x00000000, 0x00000000, 0x00000000, 0x00000000, 0x00000000, 0x00000000, 0x00000000, 0x00000000, 0x00000000, 0x00000000, 0x00000000, 0x00000000, 
    0x00000000, 0x00000000, 0x00000000, 0x00000000, 0x00000000, 0x00000000, 0x00000000, 0x00000000, 0x00000000, 0x00000000, 0x00000000, 0x00000000, 
    0x00000000, 0x00000000, 0x00000000, 0x00000000, 0x00000000, 0x00000000, 0x00000000, 0x00000c00, 0x54070000, 0x00000000, 0x9b000000, 0x01f10000, 
    0x01f10000, 0x01000000, 0x02f10000, 0x02f10000, 0x02000000, 0x03f10000, 0x03f10000, 0x03000000, 0x04f10000, 0x04f10000, 0x04000000, 0x05f10000, 
    0x05f10000, 0x05000000, 0x06f10000, 0x06f10000, 0x06000000, 0x07f10000, 0x07f10000, 0x07000000, 0x08f10000, 0x08f10000, 0x08000000, 0x09f10000, 
    0x09f10000, 0x09000000, 0x0af10000, 0x0af10000, 0x0a000000, 0x0bf10000, 0x0bf10000, 0x0b000000, 0x0cf10000, 0x0cf10000, 0x0c000000, 0x0df10000, 
    0x0df10000, 0x0d000000, 0x0ef10000, 0x0ef10000, 0x0e000000, 0x0ff10000, 0x0ff10000, 0x0f000000, 0x10f10000, 0x10f10000, 0x10000000, 0x11f10000, 
    0x11f10000, 0x11000000, 0x12f10000, 0x12f10000, 0x12000000, 0x13f10000, 0x13f10000, 0x13000000, 0x14f10000, 0x14f10000, 0x14000000, 0x15f10000, 
    0x15f10000, 0x15000000, 0x16f10000, 0x16f10000, 0x16000000, 0x17f10000, 0x17f10000, 0x17000000, 0x18f10000, 0x18f10000, 0x18000000, 0x19f10000, 
    0x19f10000, 0x19000000, 0x1af10000, 0x1af10000, 0x1a000000, 0x1bf10000, 0x1bf10000, 0x1b000000, 0x1cf10000, 0x1cf10000, 0x1c000000, 0x1df10000, 
    0x1df10000, 0x1d000000, 0x1ef10000, 0x1ef10000, 0x1e000000, 0x1ff10000, 0x1ff10000, 0x1f000000, 0x20f10000, 0x20f10000, 0x20000000, 0x21f10000, 
    0x21f10000, 0x21000000, 0x22f10000, 0x22f10000, 0x22000000, 0x23f10000, 0x23f10000, 0x23000000, 0x24f10000, 0x24f10000, 0x24000000, 0x25f10000, 
    0x25f10000, 0x25000000, 0x26f10000, 0x26f10000, 0x26000000, 0x27f10000, 0x27f10000, 0x27000000, 0x28f10000, 0x28f10000, 0x28000000, 0x29f10000, 
    0x29f10000, 0x29000000, 0x2af10000, 0x2af10000, 0x2a000000, 0x2bf10000, 0x2bf10000, 0x2b000000, 0x2cf10000, 0x2cf10000, 0x2c000000, 0x2df10000, 
    0x2df10000, 0x2d000000, 0x2ef10000, 0x2ef10000, 0x2e000000, 0x2ff10000, 0x2ff10000, 0x2f000000, 0x30f10000, 0x30f10000, 0x30000000, 0x31f10000, 
    0x31f10000, 0x31000000, 0x32f10000, 0x32f10000, 0x32000000, 0x33f10000, 0x33f10000, 0x33000000, 0x34f10000, 0x34f10000, 0x34000000, 0x35f10000, 
    0x35f10000, 0x35000000, 0x36f10000, 0x36f10000, 0x36000000, 0x37f10000, 0x37f10000, 0x37000000, 0x38f10000, 0x38f10000, 0x38000000, 0x39f10000, 
    0x39f10000, 0x39000000, 0x3af10000, 0x3af10000, 0x3a000000, 0x3bf10000, 0x3bf10000, 0x3b000000, 0x3cf10000, 0x3cf10000, 0x3c000000, 0x3df10000, 
    0x3df10000, 0x3d000000, 0x3ef10000, 0x3ef10000, 0x3e000000, 0x3ff10000, 0x3ff10000, 0x3f000000, 0x40f10000, 0x40f10000, 0x40000000, 0x41f10000, 
    0x41f10000, 0x41000000, 0x42f10000, 0x42f10000, 0x42000000, 0x43f10000, 0x43f10000, 0x43000000, 0x44f10000, 0x44f10000, 0x44000000, 0x45f10000, 
    0x45f10000, 0x45000000, 0x46f10000, 0x46f10000, 0x46000000, 0x47f10000, 0x47f10000, 0x47000000, 0x48f10000, 0x48f10000, 0x48000000, 0x49f10000, 
    0x49f10000, 0x49000000, 0x4af10000, 0x4af10000, 0x4a000000, 0x4bf10000, 0x4bf10000, 0x4b000000, 0x4cf10000, 0x4cf10000, 0x4c000000, 0x4df10000, 
    0x4df10000, 0x4d000000, 0x4ef10000, 0x4ef10000, 0x4e000000, 0x4ff10000, 0x4ff10000, 0x4f000000, 0x50f10000, 0x50f10000, 0x50000000, 0x51f10000, 
    0x51f10000, 0x51000000, 0x52f10000, 0x52f10000, 0x52000000, 0x53f10000, 0x53f10000, 0x53000000, 0x54f10000, 0x54f10000, 0x54000000, 0x55f10000, 
    0x55f10000, 0x55000000, 0x56f10000, 0x56f10000, 0x56000000, 0x57f10000, 0x57f10000, 0x57000000, 0x58f10000, 0x58f10000, 0x58000000, 0x59f10000, 
    0x59f10000, 0x59000000, 0x5af10000, 0x5af10000, 0x5a000000, 0x5bf10000, 0x5bf10000, 0x5b000000, 0x5cf10000, 0x5cf10000, 0x5c000000, 0x5df10000, 
    0x5df10000, 0x5d000000, 0x5ef10000, 0x5ef10000, 0x5e000000, 0x5ff10000, 0x5ff10000, 0x5f000000, 0x60f10000, 0x60f10000, 0x60000000, 0x61f10000, 
    0x61f10000, 0x61000000, 0x62f10000, 0x62f10000, 0x62000000, 0x63f10000, 0x63f10000, 0x63000000, 0x64f10000, 0x64f10000, 0x64000000, 0x65f10000, 
    0x65f10000, 0x65000000, 0x66f10000, 0x66f10000, 0x66000000, 0x67f10000, 0x67f10000, 0x67000000, 0x68f10000, 0x68f10000, 0x68000000, 0x69f10000, 
    0x69f10000, 0x69000000, 0x6af10000, 0x6af10000, 0x6a000000, 0x6bf10000, 0x6bf10000, 0x6b000000, 0x6cf10000, 0x6cf10000, 0x6c000000, 0x6df10000, 
    0x6df10000, 0x6d000000, 0x6ef10000, 0x6ef10000, 0x6e000000, 0x6ff10000, 0x6ff10000, 0x6f000000, 0x70f10000, 0x70f10000, 0x70000000, 0x71f10000, 
    0x71f10000, 0x71000000, 0x72f10000, 0x72f10000, 0x72000000, 0x73f10000, 0x73f10000, 0x73000000, 0x74f10000, 0x74f10000, 0x74000000, 0x75f10000, 
    0x75f10000, 0x75000000, 0x76f10000, 0x76f10000, 0x76000000, 0x77f10000, 0x77f10000, 0x77000000, 0x78f10000, 0x78f10000, 0x78000000, 0x79f10000, 
    0x79f10000, 0x79000000, 0x7af10000, 0x7af10000, 0x7a000000, 0x7bf10000, 0x7bf10000, 0x7b000000, 0x7cf10000, 0x7cf10000, 0x7c000000, 0x7df10000, 
    0x7df10000, 0x7d000000, 0x7ef10000, 0x7ef10000, 0x7e000000, 0x7ff10000, 0x7ff10000, 0x7f000000, 0x80f10000, 0x80f10000, 0x80000000, 0x81f10000, 
    0x81f10000, 0x81000000, 0x82f10000, 0x82f10000, 0x82000000, 0x83f10000, 0x83f10000, 0x83000000, 0x84f10000, 0x84f10000, 0x84000000, 0x85f10000, 
    0x85f10000, 0x85000000, 0x86f10000, 0x86f10000, 0x86000000, 0x87f10000, 0x87f10000, 0x87000000, 0x88f10000, 0x88f10000, 0x88000000, 0x89f10000, 
    0x89f10000, 0x89000000, 0x8af10000, 0x8af10000, 0x8a000000, 0x8bf10000, 0x8bf10000, 0x8b000000, 0x8cf10000, 0x8cf10000, 0x8c000000, 0x8df10000, 
    0x8df10000, 0x8d000000, 0x8ef10000, 0x8ef10000, 0x8e000000, 0x8ff10000, 0x8ff10000, 0x8f000000, 0x90f10000, 0x90f10000, 0x90000000, 0x91f10000, 
    0x91f10000, 0x91000000, 0x92f10000, 0x92f10000, 0x92000000, 0x93f10000, 0x93f10000, 0x93000000, 0x94f10000, 0x94f10000, 0x94000000, 0x95f10000, 
    0x95f10000, 0x95000000, 0x96f10000, 0x96f10000, 0x96000000, 0x97f10000, 0x97f10000, 0x97000000, 0x98f10000, 0x98f10000, 0x98000000, 0x99f10000, 
    0x99f10000, 0x99000000, 0x9af10000, 0x9af10000, 0x9a000000, 0x9bf10000, 0x9bf10000, 0x9b000000, 0x00000000, 0x70003600, 0xe000b000, 0x7401fa00, 
    0x5802dc01, 0x3c03c002, 0xf003a403, 0xd4046c04, 0x1a05f804, 0xb6055805, 0x84062e06, 0x1207e606, 0x68073c07, 0xe2079607, 0xc2085408, 0x0809da08, 
    0xae092209, 0x5a0ae409, 0x3c0bd20a, 0x440cb40b, 0x340d8e0c, 0x260ec40d, 0x900e400e, 0x560ff40e, 0xde0f900f, 0x2810f80f, 0x92105810, 0x0611cc10, 
    0x92114c11, 0x3a12ea11, 0xb8127c12, 0x3a13ca12, 0xe2139613, 0x7415c014, 0x6e17f016, 0x3a180818, 0xce19ea18, 0x021b601a, 0xde1b7c1b, 0x0a1ea41d, 
    0x881fa41e, 0x4220d41f, 0xa2222422, 0x5a23f222, 0x3c24c023, 0xde24ba24, 0x48250225, 0xb8257a25, 0x3e26e025, 0x98266a26, 0x3427d426, 0x0e28b627, 
    0x7e283228, 0xd828ac28, 0x46291c29, 0x062aba29, 0xbc2a7c2a, 0x1c2bec2a, 0x362c7c2b, 0x042dde2c, 0xfc2d6e2d, 0xce2e6a2e, 0x862f2a2f, 0x8030f62f, 
    0x4c31de30, 0xd2318c31, 0xb2325432, 0x6233ec32, 0xca339033, 0x92342a34, 0x5235fa34, 0xb2358635, 0x4c36e235, 0x06379e36, 0xa6374a37, 0x6a380238, 
    0x6839d238, 0xf639ba39, 0x00002a3a, 0x00000100, 0xe7000000, 0x2000c000, 0x06370000, 0x36323716, 0x3236013f, 0x011e011f, 0x3316011f, 0x2e013e16, 
    0x26312701, 0x2226012f, 0x1906010f, 0x03060401, 0x01280102, 0x01100102, 0x37360304, 0x02050502, 0x036c0303, 0x17040e02, 0x48151603, 0x02010504, 
    0x03036602, 0x01050231, 0x04011818, 0x2d030406, 0x0b320401, 0x00353908, 0x00000100, 0xea000000, 0x2400c000, 0x06370000, 0x36323716, 0x3236013f, 
    0x011e011f, 0x1e011f33, 0x2f363201, 0x012b2601, 0x27352622, 0x2223012e, 0x1906010f, 0x03060401, 0x01280102, 0x010f0102, 0x1c510205, 0x07050401, 
    0x05031f02, 0x0e03024d, 0x0b050801, 0x48151603, 0x02010504, 0x02026602, 0x01030226, 0x07030338, 0x03053e04, 0x05032601, 0x00353908, 0x00000100, 
    0xe9000000, 0x2900c100, 0x06370000, 0x36323716, 0x013e013f, 0x1532013b, 0x3b011e17, 0x32161701, 0x2f36013f, 0x012b2601, 0x27352622, 0x012b012e, 
    0x07010e22, 0x06040119, 0x14010203, 0x24010201, 0x05010d02, 0x021d4102, 0x02040304, 0x05031f01, 0x0c03023c, 0x32040401, 0x0b030204, 0x01050448, 
    0x01690202, 0x032a0202, 0x02043a03, 0x3e040203, 0x29020205, 0x07020203, 0x00000037, 0x00000100, 0xe9000000, 0x1c00c100, 0x06370000, 0x36323716, 
    0x3634013f, 0x3216011f, 0x013e013f, 0x2726012f, 0x06222326, 0x1906010f, 0x03060401, 0x02290102, 0x05434401, 0x01010402, 0x024d3302, 0x0a050709, 
    0x48151601, 0x02010504, 0x01016902, 0x01373701, 0x02030105, 0x0a033d2a, 0x35390404, 0x00000100, 0xd1000000, 0x0c00d100, 0x14370000, 0x3e32011e, 
    0x012e3401, 0x2e010e22, 0x252c2516, 0x2c251616, 0x167f1625, 0x25161625, 0x1616252c, 0x00000025, 0x00000600, 0xc1000000, 0x0f00d100, 0x2f001f00, 
    0x4f003f00, 0x00005f00, 0x2b061437, 0x3d262201, 0x3b363401, 0x15163201, 0x2b061435, 0x3d262201, 0x3b363401, 0x15163201, 0x2b061435, 0x3d262201, 
    0x3b363401, 0x15163201, 0x3b161417, 0x3d363201, 0x2b263401, 0x1d062201, 0x3b161401, 0x3d363201, 0x2b263401, 0x1d062201, 0x3b161401, 0x3d363201, 
    0x2b263401, 0x15062201, 0x18020260, 0x02020202, 0x02020218, 0x02021802, 0x02180202, 0x18020202, 0x02020202, 0x40020218, 0x02180202, 0x18020202, 
    0x02020202, 0x02020218, 0x02021802, 0x02180202, 0x18020202, 0x02340202, 0x18020202, 0x02020202, 0x02020228, 0x02021802, 0x02280202, 0x18020202, 
    0x02020202, 0x02020218, 0x02021802, 0x02580202, 0x18020202, 0x02020202, 0x02020258, 0x02021802, 0x00000202, 0x00000500, 0xd1000000, 0x0f00d100, 
    0x2f001f00, 0x4f003f00, 0x34370000, 0x22012b26, 0x14011d06, 0x32013b16, 0x34173536, 0x22012b26, 0x14011d06, 0x32013b16, 0x34173536, 0x22012b26, 
    0x14011d06, 0x32013b16, 0x34173536, 0x22012b26, 0x14011d06, 0x32013b16, 0x34173536, 0x22012b26, 0x14011d06, 0x32013b16, 0x02503536, 0x02021802, 
    0x02180202, 0x02022002, 0x02020218, 0x02021802, 0x18020220, 0x02020202, 0x20020218, 0x02180202, 0x18020202, 0x02200202, 0x02021802, 0x02180202, 
    0x0202cc02, 0x02180202, 0x08020202, 0x02020202, 0x02020218, 0x02020802, 0x02180202, 0x08020202, 0x02020202, 0x02020218, 0x02020802, 0x02180202, 
    0x00020202, 0x00000600, 0xd1000000, 0x0f00d100, 0x2f001f00, 0x4f003f00, 0x00005f00, 0x2b061437, 0x3d262201, 0x3b363401, 0x15163201, 0x2b061417, 
    0x3d262201, 0x3b363401, 0x15163201, 0x2b061417, 0x3d262201, 0x3b363401, 0x15163201, 0x2b061417, 0x3d262201, 0x3b363401, 0x15163201, 0x2b061437, 
    0x3d262201, 0x3b363401, 0x15163201, 0x2b061437, 0x3d262201, 0x3b363401, 0x15163201, 0x18020250, 0x02020202, 0x10020218, 0x02180202, 0x18020202, 
    0x02100202, 0x02021802, 0x02180202, 0x02024002, 0x02020218, 0x02021802, 0x18020210, 0x02020202, 0x10020218, 0x02180202, 0x18020202, 0x02b40202, 
    0x18020202, 0x02020202, 0x02020258, 0x02021802, 0x02580202, 0x18020202, 0x02020202, 0x02020218, 0x02021802, 0x02280202, 0x18020202, 0x02020202, 
    0x02020228, 0x02021802, 0x00000202, 0x00000500, 0xd1000000, 0x0f00d100, 0x2f001f00, 0x4f003f00, 0x34370000, 0x22012b26, 0x14011d06, 0x32013b16, 
    0x34173536, 0x22012b26, 0x14011d06, 0x32013b16, 0x34173536, 0x22012b26, 0x14011d06, 0x32013b16, 0x34373536, 0x22012b26, 0x14011d06, 0x32013b16, 
    0x34373536, 0x22012b26, 0x14011d06, 0x32013b16, 0x02503536, 0x02021802, 0x02180202, 0x02022002, 0x02020218, 0x02021802, 0x18020220, 0x02020202, 
    0x20020218, 0x02180202, 0x18020202, 0x02200202, 0x02021802, 0x02180202, 0x0202cc02, 0x02180202, 0x28020202, 0x02020202, 0x02020218, 0x02022802, 
    0x02180202, 0x58020202, 0x02020202, 0x02020218, 0x02025802, 0x02180202, 0x00020202, 0x00000600, 0xd1000000, 0x0f00d100, 0x2f001f00, 0x4f003f00, 
    0x00005f00, 0x2b061437, 0x3d262201, 0x3b363401, 0x15163201, 0x2b061437, 0x3d262201, 0x3b363401, 0x15163201, 0x2b061437, 0x3d262201, 0x3b363401, 
    0x15163201, 0x3b161417, 0x3d363201, 0x2b263401, 0x15062201, 0x3b161407, 0x3d363201, 0x2b263401, 0x15062201, 0x3b161407, 0x3d363201, 0x2b263401, 
    0x15062201, 0x18020250, 0x02020202, 0x10020218, 0x02180202, 0x18020202, 0x02100202, 0x02021802, 0x02180202, 0x02024002, 0x02020218, 0x02021802, 
    0x18020210, 0x02020202, 0x10020218, 0x02180202, 0x18020202, 0x02340202, 0x18020202, 0x02020202, 0x02020228, 0x02021802, 0x02280202, 0x18020202, 
    0x02020202, 0x02020218, 0x02021802, 0x02580202, 0x18020202, 0x02020202, 0x02020258, 0x02021802, 0x00000202, 0x00000500, 0xd1000000, 0x0f00d100, 
    0x2f001f00, 0x4f003f00, 0x14370000, 0x22012b06, 0x34013d26, 0x32013b36, 0x14171516, 0x22012b06, 0x34013d26, 0x32013b36, 0x14371516, 0x22012b06, 
    0x34013d26, 0x32013b36, 0x14071516, 0x32013b16, 0x34013d36, 0x22012b26, 0x14371506, 0x32013b16, 0x34013d36, 0x22012b26, 0x02501506, 0x02021802, 
    0x02180202, 0x02022002, 0x02020218, 0x02021802, 0x18020260, 0x02020202, 0x60020218, 0x02180202, 0x18020202, 0x02200202, 0x02021802, 0x02180202, 
    0x02028402, 0x02180202, 0x68020202, 0x02020202, 0x02020218, 0x02022802, 0x02180202, 0x28020202, 0x02020202, 0x02020218, 0x02023802, 0x02180202, 
    0x00020202, 0x00000500, 0xd0000000, 0x0c00d000, 0x24001800, 0x3c003000, 0x14370000, 0x32013b16, 0x2b34013d, 0x37152201, 0x32013b14, 0x2b34013d, 
    0x37152201, 0x32013b14, 0x2b34013d, 0x37152201, 0x32013b14, 0x2b34013d, 0x37152201, 0x32013b14, 0x2b34013d, 0x30152201, 0x021a0202, 0x20021c02, 
    0x02021c02, 0x0220021c, 0x1c02021c, 0x1c022002, 0x021c0202, 0x021c0220, 0x34021c02, 0x1c020202, 0x02040202, 0x02021c02, 0x1c020204, 0x02040202, 
    0x02021c02, 0x1c020204, 0x00000202, 0x00000600, 0xd1000000, 0x0f00d100, 0x2f001f00, 0x4f003f00, 0x00005f00, 0x2b061437, 0x3d262201, 0x3b363401, 
    0x15163201, 0x2b061437, 0x3d262201, 0x3b363401, 0x15163201, 0x2b061437, 0x3d262201, 0x3b363401, 0x15163201, 0x2b061417, 0x3d262201, 0x3b363401, 
    0x15163201, 0x2b061417, 0x3d262201, 0x3b363401, 0x15163201, 0x2b061417, 0x3d262201, 0x3b363401, 0x15163201, 0x18020250, 0x02020202, 0x10020218, 
    0x02180202, 0x18020202, 0x02100202, 0x02021802, 0x02180202, 0x02024002, 0x02020218, 0x02021802, 0x18020210, 0x02020202, 0x10020218, 0x02180202, 
    0x18020202, 0x02340202, 0x18020202, 0x02020202, 0x02020228, 0x02021802, 0x02280202, 0x18020202, 0x02020202, 0x02020218, 0x02021802, 0x02580202, 
    0x18020202, 0x02020202, 0x02020258, 0x02021802, 0x00000202, 0x00000500, 0xd1000000, 0x0f00d100, 0x2f001f00, 0x4f003f00, 0x14370000, 0x22012b06, 
    0x34013d26, 0x32013b36, 0x14371516, 0x22012b06, 0x34013d26, 0x32013b36, 0x14371516, 0x22012b06, 0x34013d26, 0x32013b36, 0x14171516, 0x22012b06, 
    0x34013d26, 0x32013b36, 0x14171516, 0x22012b06, 0x34013d26, 0x32013b36, 0x02501516, 0x02021802, 0x02180202, 0x02022002, 0x02020218, 0x02021802, 
    0x18020220, 0x02020202, 0x20020218, 0x02180202, 0x18020202, 0x02200202, 0x02021802, 0x02180202, 0x02023402, 0x02180202, 0x28020202, 0x02020202, 
    0x02020218, 0x02022802, 0x02180202, 0x58020202, 0x02020202, 0x02020218, 0x02025802, 0x02180202, 0x00020202, 0x00000100, 0x9f000000, 0x1500d100, 
    0x22370000, 0x17013f26, 0x012b1416, 0x14323315, 0x2627010f, 0x35013b36, 0x01010164, 0x02011d1d, 0x01021313, 0x01011d1d, 0x01b01401, 0x021e1e02, 
    0x01026001, 0x02011e1e, 0x00000060, 0x00000100, 0xd1000000, 0x15009f00, 0x34370000, 0x07011f32, 0x013d2206, 0x22141523, 0x3637012f, 0x33011d32, 
    0x1e0102b0, 0x6002011e, 0x1e1e0102, 0x9c600201, 0x1d1d0102, 0x13130201, 0x1d1d0102, 0x00140201, 0x00000300, 0xd0000000, 0x1700d000, 0x29002000, 
    0x013f0000, 0x36343526, 0x06141632, 0x07272223, 0x06141516, 0x36342622, 0x32373233, 0x22263436, 0x07161406, 0x26343632, 0x16140622, 0x13043460, 
    0x0d13131a, 0x05340809, 0x13131a13, 0x0758080d, 0x090e0909, 0x09075909, 0x09090e09, 0x0808346c, 0x1a13130d, 0x08340513, 0x13130d09, 0x0930131a, 
    0x0e09090e, 0x0e096009, 0x090e0909, 0x00000400, 0xd0000000, 0x2600d000, 0x38002f00, 0x00004100, 0x012b0637, 0x15011e07, 0x26220614, 0x013b3634, 
    0x35012e37, 0x16323634, 0x17071415, 0x16323336, 0x26220614, 0x07373435, 0x26343632, 0x16140622, 0x34363237, 0x14062226, 0x36321716, 0x06222634, 
    0x08811614, 0x060c0209, 0x131a1308, 0x0c030d13, 0x1a130807, 0x07140413, 0x13130d09, 0x4404131a, 0x0e090907, 0x07270909, 0x090e0909, 0x09074709, 
    0x09090e09, 0x05250595, 0x130d080e, 0x25131a13, 0x0d080f04, 0x080d1313, 0x13051607, 0x0d13131a, 0x093f0708, 0x0e09090e, 0x0e096009, 0x090e0909, 
    0x090e0940, 0x00090e09, 0x00000500, 0xe8000000, 0x3000d000, 0x42003900, 0x54004b00, 0x36370000, 0x37173233, 0x36342631, 0x06141632, 0x07272223, 
    0x06141516, 0x37342622, 0x27220627, 0x06141607, 0x36342622, 0x37173233, 0x32363426, 0x17071416, 0x26343632, 0x16140622, 0x34363207, 0x14062226, 
    0x36323716, 0x06222634, 0x32171614, 0x22263436, 0x90161406, 0x05060303, 0x1a13080f, 0x050d1313, 0x13070f05, 0x140b131a, 0x0f040704, 0x131a130a, 
    0x04040d13, 0x1a130a0f, 0x074d0b13, 0x090e0909, 0x09078809, 0x09090e09, 0x09090734, 0x3709090e, 0x0e090907, 0x016e0909, 0x19091402, 0x131a1313, 
    0x0b091502, 0x1c13130d, 0x01012a09, 0x131b091a, 0x01131a13, 0x131a0a1a, 0x120a1b13, 0x09090e09, 0x0936090e, 0x0e09090e, 0x0e095009, 0x090e0909, 
    0x090e0961, 0x00090e09, 0x00000400, 0xd1000000, 0x1000d100, 0x2d001c00, 0x00003900, 0x011d1437, 0x2f260614, 0x3e342601, 0x32363701, 0x16170716, 
    0x34013d32, 0x06010f22, 0x1d143714, 0x26061401, 0x3426012f, 0x3637013e, 0x17071632, 0x013d3216, 0x010f2234, 0x09751406, 0x04022b0c, 0x03042d07, 
    0x21340506, 0x01020201, 0x09900121, 0x04022b0c, 0x03042d07, 0x21340506, 0x01020201, 0x07c30121, 0x0609433d, 0x05033b0a, 0x063a0a0a, 0x2b4f0703, 
    0x025c0201, 0x03022c01, 0x433d0746, 0x3b0a0609, 0x0a0a0503, 0x0703063a, 0x02012b4f, 0x2c01025c, 0x00000302, 0x00000300, 0xc1000000, 0x2a00e700, 
    0x40003600, 0x16370000, 0x1416011f, 0x17310706, 0x010f1416, 0x27352606, 0x010f2634, 0x012e010e, 0x3436013f, 0x3e26012f, 0x16011f01, 0x3e34013d, 
    0x14151701, 0x36373332, 0x26012f34, 0x06261706, 0x3f141531, 0x83273601, 0x02271302, 0x03302e06, 0x08013c02, 0x15010101, 0x02060515, 0x02022e02, 
    0x0305022f, 0x04012e03, 0x01010605, 0x21010121, 0x01020101, 0x01220201, 0x0f02e501, 0x06070220, 0x0a022826, 0x04013101, 0x01014d03, 0x03111201, 
    0x27020904, 0x27010301, 0x02030b01, 0x4d020125, 0x1d020402, 0x011b0138, 0x011b0102, 0x01015d01, 0x1d01023c, 0x00000102, 0x00000200, 0xbe000000, 
    0x0e00a800, 0x00001900, 0x14062237, 0x3e16011f, 0x36013f01, 0x07232634, 0x013b3626, 0x010f1632, 0x08552706, 0x052c050a, 0x071e0b0f, 0x57080a06, 
    0x53010101, 0x28010101, 0x0aa70202, 0x062a060f, 0x071e0a01, 0x140a0f06, 0x01020201, 0x00020228, 0x00000200, 0xa9000000, 0x0e00be00, 0x00001800, 
    0x22061437, 0x3e26012f, 0x36013f01, 0x07151632, 0x34013d16, 0x1406010f, 0x0f0ba817, 0x01052b05, 0x060f1809, 0x03140a0e, 0x02022902, 0x060b0754, 
    0x0a10052b, 0x0a050f17, 0x03035707, 0x29020455, 0x00010401, 0x00000200, 0xad000000, 0x0d00be00, 0x00001900, 0x32161437, 0x2736013f, 0x22262726, 
    0x06171506, 0x34373526, 0x16011f36, 0x09590714, 0x0b2c060e, 0x0613180b, 0x01130a0e, 0x01020102, 0x54010127, 0x2e050b07, 0x141a0b0a, 0x56070a05, 
    0x52020102, 0x27020102, 0x00010401, 0x00000200, 0xbe000000, 0x0e00a700, 0x00001a00, 0x34363237, 0x0e26012f, 0x06010f01, 0x37331614, 0x012b0616, 
    0x013f2622, 0xac173236, 0x2a060a07, 0x1b0b0f05, 0x070a050b, 0x01010156, 0x01010153, 0x02030128, 0x050f0b58, 0x0901052b, 0x0e050b1c, 0x0202150b, 
    0x01280102, 0x00000001, 0x00000300, 0xd8000000, 0x1b00c100, 0x36002900, 0x34370000, 0x36342735, 0x1f321737, 0x013b1601, 0x011d1632, 0x14011d16, 
    0x23072606, 0x15372622, 0x32013b14, 0x26012f34, 0x0622012b, 0x36323317, 0x23342735, 0x011d2207, 0x0b012814, 0x01023807, 0x2f030223, 0x0b010705, 
    0x071d6c0b, 0x4102120a, 0x01120102, 0x01012d02, 0x01018804, 0x02870201, 0x1753063f, 0x01010a07, 0x07022101, 0x0b0e0c04, 0x01080331, 0x11750901, 
    0x11010202, 0x016e0201, 0x01024701, 0x00024602, 0x00000400, 0xd1000000, 0x1d00d200, 0x40003500, 0x00005500, 0x3b363437, 0x36343501, 0x17321733, 
    0x011e1716, 0x0614011d, 0x1415012b, 0x22012b06, 0x07373526, 0x013b1614, 0x27353632, 0x07232634, 0x013d012e, 0x012b2634, 0x26370622, 0x14011d06, 
    0x36321733, 0x0622012f, 0x16140715, 0x3532013b, 0x2b263037, 0x013d2201, 0x09302334, 0x070a1e07, 0x0c07063e, 0x0a030305, 0x070a1d07, 0x110a0751, 
    0x4a020201, 0x01010301, 0x09081f01, 0x02180101, 0x02016a02, 0x01021502, 0x01014e02, 0x4b010201, 0x01010202, 0xa402081f, 0x06100906, 0x09050109, 
    0x03040406, 0x0f090655, 0x06090907, 0x02025d62, 0x01090202, 0x08010101, 0x01014507, 0x01012102, 0x01021101, 0x01110102, 0x02016001, 0x06023f02, 
    0x0000021a, 0x00000200, 0xd1000000, 0x4f00d100, 0x00005d00, 0x15333537, 0x15373533, 0x15333533, 0x15333533, 0x15163233, 0x23153307, 0x23073315, 
    0x23153315, 0x23153317, 0x2b061415, 0x35231501, 0x35231523, 0x35231523, 0x35231523, 0x3d262223, 0x33352301, 0x33352335, 0x33352335, 0x33352335, 
    0x33363435, 0x3b14011f, 0x37353201, 0x23312634, 0x104c0622, 0x0f0f0f0d, 0x03050f0f, 0x10110105, 0x10100110, 0x100f0110, 0x0f040305, 0x0e0f0f0f, 
    0x0304100e, 0x10101005, 0x11111010, 0x08030510, 0x025b0201, 0x015d0201, 0x1010c001, 0x10110110, 0x05101010, 0x0e100403, 0x0e0f0f0f, 0x0503040f, 
    0x11111111, 0x11111111, 0x0f040305, 0x0e0f0f0e, 0x03050f0f, 0x025c1205, 0x01015c02, 0x00000001, 0x00000200, 0xd8000000, 0x0300f800, 0x00000900, 
    0x27071737, 0x37011f37, 0x91473727, 0x0110385b, 0x0c363728, 0x395a92f7, 0x382a868d, 0x00000d36, 0x00000200, 0x51000000, 0x0f00b100, 0x00001f00, 
    0x1d163237, 0x2b061401, 0x3d262201, 0x33363401, 0x1d163217, 0x2b061401, 0x3d262201, 0x33363401, 0x0202024d, 0x02021802, 0x02180202, 0x18020202, 
    0x02020202, 0x180202b0, 0x01030301, 0x40020218, 0x01180202, 0x18010303, 0x00000202, 0x00000100, 0x50000000, 0x0f005100, 0x32370000, 0x14011d16, 
    0x22012b06, 0x34013d26, 0x024c3336, 0x18020202, 0x02020202, 0x18020250, 0x01030301, 0x00020218, 0x00000600, 0xc1000000, 0x1000e700, 0x2f002100, 
    0x4f003d00, 0x00006000, 0x011f1437, 0x013f3216, 0x34013d36, 0x06010f26, 0x32360715, 0x1d16011f, 0x010f1401, 0x013d2606, 0x32173734, 0x0616011f, 
    0x3422012b, 0x3336013f, 0x013f3237, 0x012b2636, 0x011f1422, 0x34173316, 0x3236013f, 0x011e011f, 0x0614011d, 0x3526012f, 0x011d1627, 0x06010f14, 
    0x26012f22, 0x3634013d, 0x0603a417, 0x0a010401, 0x16010203, 0x03025903, 0x03030702, 0x03020116, 0x1903045a, 0x77010101, 0x02180102, 0x03043b04, 
    0x01010119, 0x18010277, 0x03420402, 0x01040107, 0x01020109, 0x4b031602, 0x01070303, 0x03090104, 0x04940102, 0x01010603, 0x47040208, 0x15010102, 
    0x014a0403, 0x04020601, 0x1502042e, 0x46020101, 0x033c0304, 0x02020116, 0x95031601, 0x02011603, 0x03160102, 0x0502045f, 0x01060102, 0x01470203, 
    0x03130101, 0x04038a04, 0x0703042c, 0x02070101, 0x01024704, 0x00000001, 0x00000200, 0xc1000000, 0x1000df00, 0x00002200, 0x011f1437, 0x013f3216, 
    0x34013d36, 0x06010f26, 0x3f34011d, 0x1f323601, 0x1d011e01, 0x2f061401, 0xa4352601, 0x04010603, 0x02030a01, 0x03031601, 0x01040107, 0x01020109, 
    0x94031602, 0x01060304, 0x04020801, 0x01010247, 0x56040315, 0x02050204, 0x03010601, 0x01014702, 0x04031301, 0x00000500, 0xc0000000, 0x1000e700, 
    0x35002400, 0x51004300, 0x14370000, 0x3216011f, 0x3d36013f, 0x0f263401, 0x07150601, 0x32373336, 0x1416011f, 0x2b06010f, 0x012f2201, 0x07373426, 
    0x011f3236, 0x14011d16, 0x2606010f, 0x3734013d, 0x011f3217, 0x012b0616, 0x013f3422, 0x32373336, 0x2636013f, 0x1422012b, 0x3316011f, 0x010603a4, 
    0x030a0104, 0x03160102, 0x38040348, 0x01070304, 0x04040601, 0x07030437, 0x020b0101, 0x03070203, 0x02011603, 0x03045a03, 0x01010119, 0x18010277, 
    0x043b0402, 0x01011903, 0x01027701, 0x94040218, 0x01060304, 0x04020801, 0x01010247, 0x3a040315, 0x07030103, 0x06010301, 0x01060202, 0x010a0103, 
    0x04020601, 0x1502042e, 0x46020101, 0x033c0304, 0x02020116, 0x95031601, 0x02011603, 0x03160102, 0x00000500, 0xc1000000, 0x1000e700, 0x32002400, 
    0x52004000, 0x14370000, 0x3216011f, 0x3d36013f, 0x0f263401, 0x07150601, 0x32373336, 0x1416011f, 0x2b06010f, 0x012f2201, 0x17373426, 0x16011f32, 
    0x22012b06, 0x36013f34, 0x3f323733, 0x2b263601, 0x1f142201, 0x17331601, 0x36013f34, 0x1e011f32, 0x14011d01, 0x26012f06, 0x0603a435, 0x0a010401, 
    0x16010203, 0x04034803, 0x07030438, 0x04060101, 0x03043704, 0x47010107, 0x01190304, 0x02770101, 0x04021801, 0x1903043b, 0x77010101, 0x02180102, 
    0x07034204, 0x09010401, 0x02010201, 0x04940316, 0x01010603, 0x47040208, 0x15010102, 0x033a0403, 0x01070301, 0x02060103, 0x03010602, 0x16034c01, 
    0x01020201, 0x03950316, 0x02020116, 0x5f031601, 0x02050204, 0x03010601, 0x01014702, 0x04031301, 0x00000400, 0xc1000000, 0x1000df00, 0x36002400, 
    0x00004700, 0x011f1437, 0x013f3216, 0x34013d36, 0x06010f26, 0x33360715, 0x011f3237, 0x010f1416, 0x22012b06, 0x3426012f, 0x3f341737, 0x1f323601, 
    0x1d011e01, 0x2f061401, 0x27352601, 0x14011d16, 0x2206010f, 0x3d26012f, 0x17363401, 0x010603a4, 0x030a0104, 0x03160102, 0x38040348, 0x01070304, 
    0x04040601, 0x07030437, 0x034e0101, 0x01040107, 0x01020109, 0x4b031602, 0x01070303, 0x03090104, 0x04940102, 0x01010603, 0x47040208, 0x15010102, 
    0x033a0403, 0x01070301, 0x02060103, 0x03010602, 0x02041601, 0x06010205, 0x47020301, 0x13010101, 0x038a0403, 0x03042c04, 0x07010107, 0x02470402, 
    0x00000101, 0x00000500, 0xc1000000, 0x1300e700, 0x2f002100, 0x52004100, 0x36370000, 0x1f323733, 0x0f141601, 0x012b0601, 0x26012f22, 0x32173734, 
    0x0616011f, 0x3422012b, 0x3336013f, 0x013f3237, 0x012b2636, 0x011f1422, 0x34173316, 0x3236013f, 0x011e011f, 0x0614011d, 0x3526012f, 0x011d1627, 
    0x06010f14, 0x26012f22, 0x3634013d, 0x04035c17, 0x07030438, 0x04060101, 0x03043704, 0x47010107, 0x01190304, 0x02770101, 0x04021801, 0x1903043b, 
    0x77010101, 0x02180102, 0x07034204, 0x09010401, 0x02010201, 0x034b0316, 0x04010703, 0x02030901, 0x01038801, 0x03010703, 0x02020601, 0x01030106, 
    0x0116034c, 0x16010202, 0x16039503, 0x01020201, 0x045f0316, 0x01020502, 0x02030106, 0x01010147, 0x8a040313, 0x042c0403, 0x01010703, 0x47040207, 
    0x00010102, 0x00000600, 0xc1000000, 0x1300e700, 0x32002400, 0x52004000, 0x00006300, 0x37333637, 0x16011f32, 0x06010f14, 0x2f22012b, 0x37342601, 
    0x1f323607, 0x011d1601, 0x06010f14, 0x34013d26, 0x1f321737, 0x2b061601, 0x3f342201, 0x37333601, 0x36013f32, 0x22012b26, 0x16011f14, 0x3f341733, 
    0x1f323601, 0x1d011e01, 0x2f061401, 0x27352601, 0x14011d16, 0x2206010f, 0x3d26012f, 0x17363401, 0x3804035c, 0x01070304, 0x04040601, 0x07030437, 
    0x020b0101, 0x03070203, 0x02011603, 0x03045a03, 0x01010119, 0x18010277, 0x043b0402, 0x01011903, 0x01027701, 0x42040218, 0x04010703, 0x02010901, 
    0x03160201, 0x0703034b, 0x09010401, 0x88010203, 0x07030103, 0x06010301, 0x01060202, 0x010a0103, 0x04020601, 0x1502042e, 0x46020101, 0x033c0304, 
    0x02020116, 0x95031601, 0x02011603, 0x03160102, 0x0502045f, 0x01060102, 0x01470203, 0x03130101, 0x04038a04, 0x0703042c, 0x02070101, 0x01024704, 
    0x00000001, 0x00000300, 0xc1000000, 0x1000e700, 0x30001e00, 0x14370000, 0x3216011f, 0x3d36013f, 0x0f263401, 0x27150601, 0x36013f32, 0x22012b26, 
    0x16011f14, 0x3f341733, 0x1f323601, 0x1d011e01, 0x2f061401, 0xa4352601, 0x04010603, 0x02030a01, 0x07031601, 0x01190304, 0x02770101, 0x04021801, 
    0x01070342, 0x01090104, 0x16020102, 0x03049403, 0x08010106, 0x02470402, 0x03150101, 0x16030904, 0x01020201, 0x045f0316, 0x01020502, 0x02030106, 
    0x01010147, 0x00040313, 0x00000700, 0xc1000000, 0x1000e700, 0x35002400, 0x51004300, 0x74006300, 0x14370000, 0x3216011f, 0x3d36013f, 0x0f263401, 
    0x07150601, 0x32373336, 0x1416011f, 0x2b06010f, 0x012f2201, 0x07373426, 0x011f3236, 0x14011d16, 0x2606010f, 0x3734013d, 0x011f3217, 0x012b0616, 
    0x013f3422, 0x32373336, 0x2636013f, 0x1422012b, 0x3316011f, 0x013f3417, 0x011f3236, 0x011d011e, 0x012f0614, 0x16273526, 0x0f14011d, 0x2f220601, 
    0x013d2601, 0xa4173634, 0x04010603, 0x02030a01, 0x48031601, 0x04380403, 0x01010703, 0x37040406, 0x01070304, 0x03020b01, 0x03030702, 0x03020116, 
    0x1903045a, 0x77010101, 0x02180102, 0x03043b04, 0x01010119, 0x18010277, 0x03420402, 0x01040107, 0x01020109, 0x4b031602, 0x01070303, 0x03090104, 
    0x04940102, 0x01010603, 0x47040208, 0x15010102, 0x033a0403, 0x01070301, 0x02060103, 0x03010602, 0x01010a01, 0x2e040206, 0x01150204, 0x04460201, 
    0x16033c03, 0x01020201, 0x03950316, 0x02020116, 0x5f031601, 0x02050204, 0x03010601, 0x01014702, 0x04031301, 0x2c04038a, 0x01070304, 0x04020701, 
    0x01010247, 0x00000600, 0xc1000000, 0x1000e700, 0x32002400, 0x52004000, 0x00006300, 0x011f1437, 0x013f3216, 0x34013d36, 0x06010f26, 0x33360715, 
    0x011f3237, 0x010f1416, 0x22012b06, 0x3426012f, 0x1f321737, 0x2b061601, 0x3f342201, 0x37333601, 0x36013f32, 0x22012b26, 0x16011f14, 0x3f341733, 
    0x1f323601, 0x1d011e01, 0x2f061401, 0x27352601, 0x14011d16, 0x2206010f, 0x3d26012f, 0x17363401, 0x010603a4, 0x030a0104, 0x03160102, 0x38040348, 
    0x01070304, 0x04040601, 0x07030437, 0x04470101, 0x01011903, 0x01027701, 0x3b040218, 0x01190304, 0x02770101, 0x04021801, 0x01070342, 0x01090104, 
    0x16020102, 0x03034b03, 0x01040107, 0x01020309, 0x06030494, 0x02080101, 0x01024704, 0x04031501, 0x0301033a, 0x01030107, 0x06020206, 0x4c010301, 
    0x02011603, 0x03160102, 0x01160395, 0x16010202, 0x02045f03, 0x06010205, 0x47020301, 0x13010101, 0x038a0403, 0x03042c04, 0x07010107, 0x02470402, 
    0x00000101, 0x00000200, 0xd2000000, 0x2200c000, 0x00004500, 0x1d062237, 0x3b161401, 0x31143201, 0x1f140607, 0x3f321601, 0x012f3601, 0x010f2226, 
    0x011f1406, 0x17233014, 0x011d1632, 0x012b0614, 0x17330622, 0x010f1416, 0x012f2206, 0x36013f26, 0x16011f32, 0x06010f14, 0x02353332, 0x7d020202, 
    0x01010d01, 0x01030105, 0x1f010120, 0x05010302, 0x010d0101, 0x0202021a, 0x01017d02, 0x01010d01, 0x01040105, 0x1f01011f, 0x05010401, 0x010d0101, 
    0x03a60101, 0x02020901, 0x03010d01, 0x01010502, 0x1f020120, 0x01060101, 0x010b0203, 0x0901033c, 0x0d010202, 0x05020301, 0x01200101, 0x01011f02, 
    0x02030106, 0x0000010b, 0x00000100, 0xe1000000, 0x0f00e100, 0x34370000, 0x32013b36, 0x14011d16, 0x22012b06, 0x13203526, 0x130d800d, 0x0d800d13, 
    0x130dc013, 0x0d800d13, 0x000d1313, 0x00000300, 0xd2000000, 0x1b00d200, 0x3b002800, 0x34370000, 0x35013b36, 0x013b3634, 0x1d011e32, 0x2b061401, 
    0x06141501, 0x26220723, 0x15373635, 0x32013b14, 0x2334013d, 0x07062227, 0x37331417, 0x013d3632, 0x3d262207, 0x012b3401, 0x09300622, 0x06090f06, 
    0x090e5608, 0x090f060a, 0x09076506, 0x5f022e01, 0x015f0202, 0x02011f01, 0x4702025e, 0x09020906, 0x07a40301, 0x09051009, 0x66060801, 0x05100906, 
    0x060a010a, 0x02627a09, 0x01026102, 0x02602201, 0x0b020201, 0x44070a01, 0x00000202, 0x00000400, 0xe1000000, 0x1700d500, 0x37002700, 0x00004600, 
    0x013e013f, 0x1632013b, 0x0614011d, 0x010e010f, 0x2622012b, 0x3634013d, 0x06222317, 0x1614011d, 0x3632013b, 0x2634013d, 0x1d010e37, 0x3f161401, 
    0x3d013e01, 0x07263001, 0x010f2227, 0x013b1606, 0x013f3632, 0x26232632, 0x0308034c, 0x03040458, 0x08024a03, 0x05035b03, 0x03405404, 0x40030505, 
    0x1b050503, 0x03030303, 0x01040235, 0x03034b01, 0x0401023d, 0x0308033c, 0x0101013f, 0x04024f80, 0x03400305, 0x034a0208, 0x3b030503, 0x050e0803, 
    0x05032003, 0x03200305, 0x08020605, 0x01041504, 0x08033802, 0x01011a03, 0x023c0315, 0x3f020303, 0x00000001, 0x00000300, 0xd1000000, 0x3400d000, 
    0x4a003f00, 0x34370000, 0x1617013e, 0x32303117, 0x3e34013d, 0x011f1601, 0x37353016, 0x013b3634, 0x011d1632, 0x22012b14, 0x2630013d, 0x2e06010f, 
    0x34013d01, 0x06072330, 0x3735012e, 0x33301417, 0x012f3637, 0x3433012a, 0x14153106, 0x36373532, 0x07053127, 0x012e0703, 0x1b070706, 0x0201011a, 
    0x01020802, 0x01030903, 0x09023801, 0x02340106, 0x010e0608, 0x01012a01, 0x4701012a, 0x012b0101, 0x0806c101, 0x35080401, 0x08053201, 0x1d1f0901, 
    0x023e0101, 0x96020103, 0x01410405, 0x01024201, 0x01310606, 0x0601023d, 0x01637306, 0x31010231, 0x01650101, 0x02013101, 0x00000100, 0xe7000000, 
    0x2700c200, 0x34370000, 0x32013b36, 0x36013f36, 0x1e011f32, 0x32013b01, 0x14011d16, 0x22012b06, 0x26012f26, 0x0e010f22, 0x22012b01, 0x03193526, 
    0x0b051101, 0x14072f02, 0x0a023007, 0x03011105, 0x06190103, 0x032b030e, 0x032b030a, 0x0119060e, 0x02024c03, 0x0d590506, 0x0605590d, 0x02090202, 
    0x50060802, 0x06500606, 0x00020208, 0x00000200, 0xe8000000, 0x2700c000, 0x00003400, 0x020f2237, 0x22012b06, 0x16011d06, 0x16323317, 0x3216011f, 
    0x013e013f, 0x36321733, 0x2634013d, 0x26220723, 0x0726012f, 0x0f021f32, 0x2f220601, 0x80363701, 0x082b080b, 0x02150305, 0x15030102, 0x2a030a04, 
    0x2a081608, 0x10050d04, 0x02020202, 0x040d0510, 0x050b082a, 0x04042a04, 0x030a042a, 0xc0032d2d, 0x0205250b, 0x030a0103, 0x25030401, 0x03240b0b, 
    0x02030105, 0x0103020a, 0x0b240305, 0x03270313, 0x03032803, 0x00032a2b, 0x00000100, 0xe8000000, 0x0f00c100, 0x34370000, 0x32013b36, 0x14011d16, 
    0x22012b06, 0x02193526, 0x0202c602, 0x02c60202, 0x0202bc02, 0x020a0202, 0x00020202, 0x00000100, 0xe8000000, 0x1f00c100, 0x34370000, 0x22012b26, 
    0x0e010f06, 0x22012b01, 0x14011d06, 0x32013b16, 0x3e013f36, 0x32013b01, 0x02e73536, 0x0f065502, 0x0b033802, 0x03011005, 0x06170103, 0x0239020f, 
    0x024e050b, 0x0302bb02, 0x0555060a, 0x09010405, 0x070a0202, 0x03060454, 0x00000002, 0x00000100, 0xe7000000, 0x1f00c100, 0x34370000, 0x32013b36, 
    0x1e011f16, 0x32013b01, 0x14011d16, 0x22012b06, 0x2e012f26, 0x22012b01, 0x03183526, 0x0f065601, 0x0b023603, 0x03011105, 0x07190103, 0x0235030e, 
    0x014f050b, 0x0202bc03, 0x05580508, 0x09020206, 0x06080301, 0x02060556, 0x00000002, 0x00000100, 0xe7000000, 0x2700c000, 0x14370000, 0x32013b16, 
    0x16011f16, 0x3e013f32, 0x32013b01, 0x34013d36, 0x22012b26, 0x06010f06, 0x2e012f22, 0x22012b01, 0x02191506, 0x0a051102, 0x10053501, 0x09023505, 
    0x03011105, 0x06180103, 0x0230020d, 0x022f0208, 0x0219060d, 0x0301b202, 0x0e550506, 0x0605550e, 0x02090103, 0x4a060902, 0x064a0707, 0x00020209, 
    0x00000100, 0xe7000000, 0x2600c200, 0x34370000, 0x22012b26, 0x0626012f, 0x010e010f, 0x0622012b, 0x1614011d, 0x3632013b, 0x013e013f, 0x011e011f, 
    0x3632013b, 0x0103e735, 0x0e030433, 0x27091f0d, 0x11050a02, 0x01030301, 0x030d0719, 0x040b032c, 0x03080212, 0x9d030139, 0x0f030301, 0x4f12050f, 
    0x02020605, 0x0802020a, 0x02065706, 0x04021105, 0x00000103, 0x00000100, 0xe7000000, 0x2600c300, 0x34370000, 0x32013b36, 0x1636013f, 0x011e011f, 
    0x1632013b, 0x0614011d, 0x2622012b, 0x012e012f, 0x010e010f, 0x2622012b, 0x01031935, 0x12030433, 0x23081f0e, 0x11050a02, 0x01030301, 0x030d0719, 
    0x050b0328, 0x03080314, 0x9d030139, 0x11030301, 0x4f12060e, 0x02020605, 0x0802020a, 0x02065706, 0x03031204, 0x00000103, 0x00000100, 0xe7000000, 
    0x3000c100, 0x22370000, 0x06010f06, 0x06222307, 0x011e1507, 0x1f16013b, 0x3b011e01, 0x3d363201, 0x2b263401, 0x2f262201, 0x3e013f02, 0x32013b01, 
    0x34013d36, 0x07cb2326, 0x05300510, 0x02015409, 0x01020101, 0x30050954, 0x18071005, 0x01030301, 0x040c0512, 0x2e04042e, 0x12050c04, 0x01030301, 
    0x270406c1, 0x02020204, 0x0202020b, 0x06042605, 0x02090202, 0x25030402, 0x03250403, 0x09020204, 0x00000202, 0x00000100, 0xe7000000, 0x3000c100, 
    0x32370000, 0x16011f16, 0x16323317, 0x010e1517, 0x0f06012b, 0x2b010e01, 0x3d262201, 0x3b363401, 0x3f363201, 0x2e012f02, 0x22012b01, 0x34013d26, 
    0x07353336, 0x05300510, 0x02015409, 0x01020101, 0x30050954, 0x18071005, 0x01030301, 0x040c0512, 0x2e04042e, 0x12050c04, 0x01030301, 0x270406c1, 
    0x02020204, 0x0202020b, 0x06042605, 0x02090202, 0x25030402, 0x03250403, 0x09020204, 0x00000202, 0x00000100, 0xe9000000, 0x3c00c100, 0x1f370000, 
    0x33033f04, 0x011f1617, 0x3632011e, 0x041f013f, 0x0f15023f, 0x022f2302, 0x010f0607, 0x22010f06, 0x2e22012b, 0x0f012f01, 0x022f2304, 0x0503041b, 
    0x07070706, 0x0611070e, 0x01030303, 0x01070706, 0x0405100f, 0x0c090810, 0x05070506, 0x0d0e0711, 0x0202030a, 0x02060403, 0x03020304, 0x070c0309, 
    0x07060708, 0x04070512, 0x0701057c, 0x18101109, 0x08131330, 0x03020705, 0x01250305, 0x13361010, 0x15041110, 0x10110e08, 0x05123126, 0x02040203, 
    0x06060103, 0x13201318, 0x0f111011, 0x00000007, 0x00000400, 0xd1000000, 0x0e00d100, 0x29001a00, 0x00003500, 0x32363437, 0x14021e17, 0x010e010f, 
    0x36373526, 0x26012f34, 0x14011d22, 0x34273732, 0x1e173236, 0x010f1402, 0x3526010e, 0x2f343637, 0x1d222601, 0x37321401, 0x0306058a, 0x04072d04, 
    0x090c2b02, 0x21010133, 0x01010101, 0x0306056d, 0x04072d04, 0x090c2b02, 0x21010133, 0x01010101, 0x030707c3, 0x0a0a3a06, 0x0a3b0305, 0x023f0906, 
    0x012c0203, 0x01025c02, 0x03070773, 0x0a0a3a06, 0x0a3b0305, 0x023f0906, 0x012c0203, 0x01025c02, 0x00000300, 0xd2000000, 0x0f00d100, 0x2f001f00, 
    0x32370000, 0x14011d16, 0x22012b06, 0x34013d26, 0x32173336, 0x14011d16, 0x22012b06, 0x34013d26, 0x32373336, 0x14011d16, 0x22012b06, 0x34013d26, 
    0x03c93336, 0x91030505, 0x03050503, 0x05050391, 0x05039103, 0x03910305, 0x91030505, 0x03050503, 0x11030591, 0x03050503, 0x41050311, 0x03110305, 
    0x11030505, 0x05810503, 0x05031103, 0x03110305, 0x00000005, 0x00000100, 0xe9000000, 0x2900b700, 0x15370000, 0x013f3233, 0x33063f32, 0x011e021f, 
    0x3733011f, 0x2f232723, 0x2b032e01, 0x1a060f01, 0x0405071b, 0x03040102, 0x0c05060e, 0x12060622, 0x05060502, 0x11110122, 0x030e0503, 0x080a0607, 
    0x08090a1f, 0x12070a05, 0x01011060, 0x31050501, 0x01010511, 0x04053e08, 0x010f0103, 0x08052f12, 0x04010304, 0x17210d0b, 0x00000001, 0x00000100, 
    0xe8000000, 0x0700c000, 0x23370000, 0x33152307, 0x36e83337, 0x7032296f, 0x1170c02c, 0x00000070, 0x00000500, 0xd2000000, 0x1600d200, 0x32002800, 
    0x51004500, 0x34370000, 0x1e32013e, 0x07011d01, 0x34352723, 0x06072226, 0x2307011d, 0x3b323727, 0x1d163201, 0x2b061401, 0x35262201, 0x17363437, 
    0x36323315, 0x26343735, 0x3b32012f, 0x15163201, 0x06140716, 0x26062723, 0x36263735, 0x011d1417, 0x013b1614, 0x06222335, 0x2b25172f, 0x09051725, 
    0x113a2403, 0x04080413, 0x0b020265, 0x090b0b09, 0x0106050f, 0x020a0906, 0x03030103, 0x04040745, 0x01010604, 0x08100406, 0x0c01010c, 0x0a030303, 
    0x8b04020a, 0x100f2017, 0x03471520, 0x1a1a4604, 0x471b0d0c, 0x0b2a0404, 0x0c091808, 0x052b0506, 0x03201005, 0x03021602, 0x04060f01, 0x06041913, 
    0x080d0101, 0x150b0818, 0x020b0a01, 0x00042103, 0x00000300, 0xd0000000, 0x1400d000, 0x47002900, 0x34370000, 0x32013b36, 0x17011d16, 0x011d1632, 
    0x012b0614, 0x37352622, 0x012b2634, 0x011d0622, 0x1d062223, 0x3b011e01, 0x35363201, 0x3b363427, 0x1d163201, 0x013b1401, 0x011d1632, 0x012b0614, 
    0x013d2622, 0x013b3634, 0x02303532, 0x03010e02, 0x0202020e, 0x02022002, 0x0e0102a0, 0x02100202, 0x02010102, 0x5c020122, 0x01100103, 0x02070103, 
    0x28020202, 0x02020301, 0x02cc0107, 0x4b020202, 0x48020201, 0x02020202, 0x02020199, 0x01024d01, 0x0202014a, 0x03019901, 0x014b0202, 0x02480202, 
    0x48020202, 0x00010202, 0x00000300, 0xc1000000, 0x1a00d300, 0x36002600, 0x27370000, 0x17333634, 0x17161732, 0x16323315, 0x0614011d, 0x2622012b, 
    0x3634013d, 0x3427023b, 0x27232627, 0x15060722, 0x2b263417, 0x1d062201, 0x3b161401, 0x35363201, 0x14140151, 0x090a160e, 0x05030801, 0x03700305, 
    0x19030505, 0x0504013f, 0x06110c10, 0x01025003, 0x0202015a, 0x02015a01, 0x1e181885, 0x180e0f01, 0x55030518, 0x03050503, 0x18050355, 0x01090713, 
    0x2e0d080d, 0x01030301, 0x0303013d, 0x00000001, 0x00000600, 0xbb000000, 0x1900d200, 0x1f001c00, 0x3e002c00, 0x00009c00, 0x1733013f, 0x37173337, 
    0x37173327, 0x23170733, 0x2f230727, 0x012f0701, 0x33370723, 0x27331727, 0x012e2235, 0x32013e34, 0x0e14011e, 0x031f2701, 0x042f033f, 0x1427030f, 
    0x1f142717, 0x37162701, 0x013f3631, 0x36013f36, 0x3736013f, 0x23333631, 0x16011f32, 0x1f163117, 0x27171602, 0x32271716, 0x36153536, 0x27363537, 
    0x35273435, 0x27172726, 0x17272617, 0x27261727, 0x26332733, 0x27223327, 0x31072223, 0x07370706, 0x06010f06, 0x35073707, 0x48011d06, 0x0e0e090e, 
    0x0b0b0e09, 0x0909070b, 0x080a0b0b, 0x0d041208, 0x0d031203, 0x050b0403, 0x10040a1f, 0x1b10101b, 0x10101b20, 0x0907341b, 0x090a0c08, 0x0508060a, 
    0x0706040c, 0x14060a05, 0x02020102, 0x03030303, 0x03020902, 0x02030301, 0x04040403, 0x01040402, 0x03030304, 0x03020805, 0x04040302, 0x01010302, 
    0x02020101, 0x01050102, 0x06010302, 0x01040301, 0x04040208, 0x08040402, 0x04040404, 0x03030b02, 0x01020208, 0x25300102, 0x0e222324, 0x120c0c14, 
    0x080c0d13, 0x0a010b01, 0x0d0e0e09, 0x1b100d0e, 0x10101b21, 0x101b211b, 0x03050617, 0x06030101, 0x11060705, 0x05020205, 0x04110711, 0x01020304, 
    0x03010102, 0x030f0303, 0x02030103, 0x01010201, 0x03010101, 0x0f070302, 0x03010303, 0x01020101, 0x03040301, 0x04010404, 0x03040204, 0x03010601, 
    0x01060102, 0x01030103, 0x01010101, 0x02060102, 0x03040a03, 0x04010803, 0x00000c04, 0x00000d00, 0xed000000, 0x0b009c00, 0x23001700, 0x3b002f00, 
    0x53004700, 0x68005f00, 0x75007100, 0x90008300, 0x22370000, 0x3b14011d, 0x013d3201, 0x22072334, 0x3b14011d, 0x013d3201, 0x22072334, 0x3b14011d, 
    0x013d3201, 0x22072334, 0x3b14011d, 0x013d3201, 0x14072334, 0x3d32013b, 0x012b3401, 0x14071522, 0x3d32013b, 0x012b3401, 0x14071522, 0x013d022b, 
    0x32013b34, 0x3b141715, 0x013d3201, 0x22012b34, 0x07143715, 0x35273733, 0x22172223, 0x32161406, 0x07263436, 0x33373315, 0x37273315, 0x33011f33, 
    0x0723012f, 0x33153735, 0x17063437, 0x23372733, 0x024d3507, 0x01012d01, 0x2d01012d, 0x012d0101, 0x01012d01, 0x2d01012d, 0x013a0101, 0x06010106, 
    0x06011b01, 0x01060101, 0x01060106, 0x13010601, 0x01010601, 0x015d0106, 0x030f0115, 0x02011d03, 0x02020202, 0x04010604, 0x05040108, 0x02080103, 
    0x1a060806, 0x0a010106, 0x070a0c09, 0x05029709, 0x01060101, 0x0106010c, 0x0d010601, 0x01010601, 0x010d0106, 0x06010106, 0x01010801, 0x2d01012d, 
    0x012d0101, 0x01012d01, 0x2d01012d, 0x012d0101, 0x17170101, 0x02260107, 0x02020102, 0x1d0f0102, 0x04141d1d, 0x05181403, 0x33140403, 0x0d010708, 
    0x1e0a0d10, 0x00000a00, 0xee000000, 0x1d00ca00, 0x5c003a00, 0x97007a00, 0xe100b800, 0xff00f900, 0x00001c01, 0x040f1637, 0x16031f15, 0x012a010f, 
    0x2f262731, 0x033f3502, 0x36271736, 0x0f16011f, 0x16041f04, 0x2f06010f, 0x27033f05, 0x16011f36, 0x041f060f, 0x30010f16, 0x042f3522, 0x17043f35, 
    0x15041f06, 0x1f06030f, 0x31013a01, 0x023f3637, 0x26032f35, 0x0f263707, 0x041f0601, 0x1f06040f, 0x053f1601, 0x2637032f, 0x1f06010f, 0x06040f06, 
    0x3f16011f, 0x042f3505, 0x3f333607, 0x013b3201, 0x0f061f32, 0x26222706, 0x2f26012f, 0x3d012e01, 0x3f362601, 0x07373601, 0x36013f22, 0x1f32013b, 
    0x012b1601, 0x34012f22, 0x0f22012b, 0x37231401, 0x33373522, 0x17333717, 0x3b011e15, 0x3f363201, 0x35273601, 0x06010f33, 0x010e020f, 0x2f262726, 
    0x01015001, 0x02010405, 0x03050301, 0x01020201, 0x01010602, 0x01020106, 0x02010505, 0x04020112, 0x030a0102, 0x02010103, 0x01030505, 0x01010401, 
    0x0302030b, 0x05030101, 0x02010c07, 0x06010104, 0x02020504, 0x06040101, 0x01010306, 0x06090204, 0x01010404, 0x08040401, 0x0501018c, 0x01020203, 
    0x01030503, 0x02010301, 0x05010106, 0x05010202, 0x11020105, 0x02040201, 0x03030a01, 0x05020101, 0x01010305, 0x0b010104, 0x01030104, 0x07050301, 
    0x0402010c, 0x04060101, 0x01020205, 0x06060401, 0x04010103, 0x06090101, 0x01010404, 0x08040401, 0x02010175, 0x0505030e, 0x0b080403, 0x02030409, 
    0x08030202, 0x1207070c, 0x06020902, 0x03020405, 0x01030102, 0x14070405, 0x010f0102, 0x01020502, 0x05020110, 0x02040102, 0x0401020c, 0x04020b02, 
    0x091d0403, 0x04030101, 0x01040302, 0x0b010102, 0x02010101, 0x03040503, 0x0102050a, 0x0201aa02, 0x0d040709, 0x0a0d0309, 0x03020104, 0x10020206, 
    0x040a0e0d, 0x02020a09, 0x0401010d, 0x09110201, 0x0d0d0b0a, 0x02050a0b, 0x02010401, 0x0e040810, 0x0c0e0e0d, 0x0102100c, 0x0a020104, 0x0b080a07, 
    0x0d0f0b18, 0x0102050a, 0x0c0b0103, 0x0e100c0a, 0x0b0d030e, 0x0201170d, 0x0d040709, 0x0a0d0309, 0x03020104, 0x10020206, 0x040a0e0d, 0x02020a09, 
    0x0401010d, 0x09110201, 0x0d0d0b0a, 0x02050a0b, 0x02010401, 0x0e040810, 0x0c0e0e0d, 0x0102100c, 0x0a020104, 0x0b080a07, 0x0d0f0b18, 0x0102050a, 
    0x0b020103, 0x100c0a0c, 0x0d030e0e, 0x01160d0b, 0x02010402, 0x06060a06, 0x0607100c, 0x0202070a, 0x06010301, 0x03040504, 0x05090409, 0x0607030b, 
    0x2e028c05, 0x022e0202, 0x02020902, 0x02140209, 0x231d1311, 0x01030302, 0x05030301, 0x0404201e, 0x01020502, 0x02040201, 0x00000702, 0x00000200, 
    0xd2000000, 0x4600d100, 0x00005400, 0x35373437, 0x37013e34, 0x36013f36, 0x16323337, 0x1e171617, 0x16011f01, 0x14011e15, 0x010f0607, 0x22012b06, 
    0x3f35012f, 0x012e3401, 0x23012e27, 0x020e2231, 0x1506010f, 0x010f011f, 0x012f010e, 0x3435012e, 0x37173637, 0x37173717, 0x07271517, 0x07270727, 
    0x0c06013d, 0x05090407, 0x05100406, 0x0e120907, 0x01010404, 0x07050a01, 0x02050705, 0x04030101, 0x04010703, 0x0a071006, 0x10090909, 0x09020304, 
    0x03010901, 0x09030603, 0x03010806, 0x0d10072a, 0x0809100a, 0x100b0c10, 0x0e028608, 0x0c0c0412, 0x01030203, 0x02010102, 0x07040c05, 0x1c060405, 
    0x0c1f0e09, 0x0104060a, 0x05500102, 0x070a031e, 0x01010305, 0x02030205, 0x061e0809, 0x0102024b, 0x13050601, 0x0906120e, 0x3e2e1719, 0x1e172e3e, 
    0x2e2e2d1c, 0x00001d2e, 0x00000a00, 0xde000000, 0x0b00c100, 0x23001700, 0x3b002f00, 0x5b004b00, 0x73006700, 0x00007f00, 0x013b1437, 0x34013d32, 
    0x1522012b, 0x013b1417, 0x34013d32, 0x1522012b, 0x013b1417, 0x34013d32, 0x1522012b, 0x013b1417, 0x34013d32, 0x1522012b, 0x013b1417, 0x34013d32, 
    0x1522012b, 0x3b161417, 0x3d363201, 0x2b263401, 0x15062201, 0x3b161417, 0x3d363201, 0x2b263401, 0x15062201, 0x013b1417, 0x34013d32, 0x1522012b, 
    0x013b1417, 0x34013d32, 0x1522012b, 0x013b1417, 0x34013d32, 0x1522012b, 0x02080224, 0x14020802, 0x02020802, 0x02130208, 0x08020208, 0x08021302, 
    0x02080202, 0x02080214, 0x13020802, 0x01080101, 0x08010101, 0x01130101, 0x01010801, 0x01080101, 0x08021301, 0x02080202, 0x02080213, 0x13020802, 
    0x02020802, 0x01690208, 0x01012601, 0x49020238, 0x01390202, 0x01012601, 0x1c01011f, 0x03360101, 0x03035003, 0x0303016b, 0x03018401, 0x02740103, 
    0x66020202, 0x02020202, 0x4a030359, 0x023e0303, 0x02023302, 0x5e030349, 0x00000303, 0x00000200, 0xc3000000, 0x1400d200, 0x00001d00, 0x0717013f, 
    0x0607010e, 0x14010e07, 0x011f011e, 0x3133011e, 0x16143707, 0x26343632, 0x523a0622, 0x0d080721, 0x08050305, 0x050c0606, 0x0c080802, 0x120d0a1e, 
    0x0d120d0d, 0x011a5280, 0x03040401, 0x15120905, 0x0103100e, 0x551f0305, 0x120d0d09, 0x00000d0d, 0x00000200, 0xbb000000, 0x4d00d100, 0x00007700, 
    0x26012a37, 0x3e013f34, 0x36013f01, 0x33013e37, 0x1f011e17, 0x33023f01, 0x33020f17, 0x1e021f32, 0x1c151702, 0x27070601, 0x15070607, 0x010f010e, 
    0x0e010f06, 0x23010f01, 0x2f262726, 0x013d2601, 0x34353726, 0x37363537, 0x06013f36, 0x06070607, 0x1614010f, 0x011f1617, 0x3732011e, 0x3f363736, 
    0x013f3601, 0x2735013e, 0x010e010f, 0x012e022f, 0x5b37012f, 0x01020302, 0x04050101, 0x05030301, 0x0403020b, 0x04030307, 0x02040b08, 0x03060906, 
    0x09070305, 0x01010503, 0x02060504, 0x08040302, 0x06050204, 0x06080404, 0x03060405, 0x02050306, 0x01010101, 0x09030103, 0x02030201, 0x02010104, 
    0x05020102, 0x03040702, 0x05060a07, 0x0203050c, 0x08090203, 0x02060404, 0x06010505, 0x9f010101, 0x02020603, 0x01030603, 0x01020102, 0x03050101, 
    0x0c0a0903, 0x0c0c0505, 0x02060101, 0x01050409, 0x020a0406, 0x07070704, 0x050e0801, 0x05060703, 0x01020603, 0x06040301, 0x0106070f, 0x06070807, 
    0x08080306, 0x03060705, 0x0a060602, 0x1007150b, 0x06030409, 0x02010204, 0x12080508, 0x08040707, 0x090a0609, 0x01020302, 0x07010201, 0x00050d06, 
    0x00000a00, 0xe3000000, 0x0c00e300, 0x29001900, 0x4a003a00, 0x6b005b00, 0x8c007c00, 0x00009d00, 0x012e2237, 0x32013e34, 0x0e14011e, 0x3e322701, 
    0x012e3401, 0x14010e22, 0x3627011e, 0x17363137, 0x16011f16, 0x3426012b, 0x36373637, 0x1732013b, 0x14011d16, 0x26012f06, 0x37363736, 0x16311716, 
    0x010f0607, 0x36013d06, 0x17161732, 0x14011d16, 0x012b0607, 0x013f2622, 0x16171636, 0x31070617, 0x2f262706, 0x013b2601, 0x06071416, 0x012b0607, 
    0x3d262722, 0x1f363401, 0x07061601, 0x27260706, 0x36372631, 0x1d36013f, 0x27220601, 0x3d262726, 0x36373401, 0x1632013b, 0x2606010f, 0x1b802627, 
    0x2d1a1a2d, 0x1a1a2d36, 0x2a191b2d, 0x322a1818, 0x2a18182a, 0x02080433, 0x15130203, 0x053a0605, 0x09320101, 0x0102010a, 0x29020101, 0x07050604, 
    0x02080944, 0x16130102, 0x06070104, 0x04043208, 0x031e1d01, 0x042a0201, 0x02050305, 0x03020804, 0x05151302, 0x01053a06, 0x0a093201, 0x01010201, 
    0x04290201, 0x44070506, 0x02020809, 0x04161301, 0x08060701, 0x01040432, 0x01031e1d, 0x05042a02, 0x1a1e0503, 0x1a2d362d, 0x2d362d1a, 0x2a18071a, 
    0x18182a32, 0x182a322a, 0x0208097d, 0x16130102, 0x06070104, 0x04043208, 0x031e1d01, 0x042a0201, 0x02050305, 0x03020804, 0x05151302, 0x01053a06, 
    0x0a093201, 0x01010201, 0x04290201, 0x45070506, 0x02020809, 0x04161301, 0x08060701, 0x01040432, 0x01031e1d, 0x05042a02, 0x04020503, 0x02030208, 
    0x06051513, 0x0101053a, 0x010a0932, 0x01010102, 0x06042902, 0x00000705, 0x00000a00, 0xf9000000, 0x05009c00, 0x10000d00, 0x26001d00, 0x52004800, 
    0x62005a00, 0x00006500, 0x33153337, 0x23372315, 0x33372307, 0x012f2317, 0x32333707, 0x1415021e, 0x012b020e, 0x32331537, 0x2634013e, 0x1e371723, 
    0x34363201, 0x012e2726, 0x32013e34, 0x2e071516, 0x14062201, 0x021e1716, 0x23010e14, 0x33372622, 0x06141632, 0x2315012b, 0x36323337, 0x012b2634, 
    0x23072317, 0x23173337, 0x0807012f, 0x3e20140c, 0x0f0d020e, 0x040d0f0e, 0x131e0405, 0x02040705, 0x03070503, 0x03030d13, 0x04050204, 0x03010c19, 
    0x05030306, 0x08030708, 0x010b080e, 0x02030403, 0x03070903, 0x0a060804, 0x06152a08, 0x07080707, 0x04030c0c, 0x04030303, 0x0c020e30, 0x0d0f0d0f, 
    0x9b040504, 0x07070a1e, 0x0f0f2828, 0x0503190f, 0x07060408, 0x161f0205, 0x050b0402, 0x04030112, 0x01020303, 0x06080602, 0x01060603, 0x02020203, 
    0x03020101, 0x04060706, 0x0c062108, 0x02170f07, 0x07190304, 0x0f0f2828, 0x0000000f, 0x00000800, 0xd2000000, 0x0f00a600, 0x2f001f00, 0x4f003f00, 
    0x6f005f00, 0x00007f00, 0x1d062237, 0x3b161401, 0x3d363201, 0x23263401, 0x1d062207, 0x3b161401, 0x3d363201, 0x23263401, 0x1d062207, 0x3b161401, 
    0x3d363201, 0x23263401, 0x1d062207, 0x3b161401, 0x3d363201, 0x23263401, 0x3b161407, 0x3d363201, 0x2b263401, 0x15062201, 0x3b161407, 0x3d363201, 
    0x2b263401, 0x15062201, 0x2b061407, 0x3d262201, 0x3b363401, 0x15163201, 0x3b161417, 0x3d363201, 0x2b263401, 0x15062201, 0x01020188, 0x01014801, 
    0x01480101, 0x48010101, 0x01010101, 0x01010148, 0x01014801, 0x01480101, 0x48010101, 0x01010101, 0x0801025e, 0x01020201, 0x2b020108, 0x01080101, 
    0x08010202, 0x010a0101, 0x01010901, 0x01090101, 0x01011f01, 0x01010109, 0x01010901, 0x080102a5, 0x01010101, 0x13010109, 0x01080102, 0x08010202, 
    0x02150201, 0x02010801, 0x01080102, 0x01021502, 0x02020108, 0x02010801, 0x0101010d, 0x01014801, 0x01480101, 0x48010101, 0x01010101, 0x01010148, 
    0x01014801, 0x01480101, 0x48010101, 0x01010101, 0x00000400, 0xcf000000, 0x1700d100, 0x47003700, 0x00005700, 0x15062237, 0x3b161417, 0x3d363201, 
    0x2b263401, 0x2f262201, 0x23263401, 0x15062233, 0x3b011e17, 0x3f363201, 0x2b263401, 0x15062201, 0x23010e07, 0x2f262233, 0x23263401, 0x3f262217, 
    0x3b363401, 0x0f163201, 0x23061401, 0x3f363217, 0x2b263601, 0x15062201, 0x33160607, 0x25020133, 0x02510203, 0x36020202, 0x1f010302, 0x02130203, 
    0x03011c01, 0x03010801, 0x01021701, 0x0e030205, 0x01020201, 0x13010301, 0x022f0203, 0x03190102, 0x02020601, 0x01031901, 0x01030117, 0x02020119, 
    0x1a030206, 0xd0020201, 0x02990102, 0x19020202, 0x02020301, 0x03020178, 0x02026801, 0x01680202, 0x48010303, 0x02020202, 0x70030148, 0x02680202, 
    0x68020202, 0x02010202, 0x02016902, 0x02690102, 0x00000002, 0x00000300, 0xdc000000, 0x0c00dc00, 0x3e002700, 0x22370000, 0x3e34012e, 0x011e3201, 
    0x27010e14, 0x1f161732, 0x16171601, 0x34353717, 0x0e22012e, 0x14011d01, 0x36373617, 0x22173637, 0x0706010f, 0x011e0706, 0x27373632, 0x27262726, 
    0x27262726, 0x2a198026, 0x322a1919, 0x2a19192a, 0x070b1119, 0x05060608, 0x16030c07, 0x16262d26, 0x060c1603, 0x10130c09, 0x08040112, 0x240b0b0b, 
    0x050b252a, 0x0707040b, 0x04070502, 0x2a192408, 0x19192a32, 0x192a322a, 0x0e050a8b, 0x08050c0d, 0x160d0d05, 0x26161626, 0x06040f17, 0x080e2007, 
    0x0226180b, 0x030b0808, 0x10141411, 0x06040804, 0x0e090309, 0x00000905, 0x00001800, 0xe4000000, 0x1000df00, 0x2f001c00, 0x55003800, 0x6f005d00, 
    0x8f007800, 0xad009700, 0xc500b900, 0xe200d100, 0xfa00f400, 0x2b010c01, 0x33012f01, 0x45013c01, 0x00005701, 0x3f022f37, 0x021f3302, 0x2723030f, 
    0x33011f37, 0x022f013f, 0x17010f23, 0x15041f33, 0x1715030f, 0x15232723, 0x33173723, 0x022f023f, 0x1f023f17, 0x1f071504, 0x17013f03, 0x042f030f, 
    0x011f3735, 0x0f022f35, 0x012f2302, 0x35231523, 0x15171633, 0x31230614, 0x3b271716, 0x34353701, 0x17012b26, 0x22063523, 0x37363426, 0x2b273533, 
    0x23150601, 0x16323634, 0x35271731, 0x16142207, 0x14373632, 0x34262206, 0x32373336, 0x27231716, 0x14062226, 0x35363216, 0x07272317, 0x33352315, 
    0x07333715, 0x33352317, 0x33152315, 0x33152315, 0x07272317, 0x33273723, 0x07333717, 0x012b2217, 0x35233527, 0x15373533, 0x15231533, 0x14233733, 
    0x35363216, 0x22061417, 0x33363426, 0x07163217, 0x06222634, 0x35231715, 0x012b2634, 0x35231507, 0x013f1533, 0x3534031f, 0x1406012b, 0x16011f33, 
    0x26220614, 0x16143735, 0x2f353632, 0x34012e01, 0x15163236, 0x33352317, 0x33352335, 0x14163217, 0x34262206, 0x36321736, 0x06222634, 0x23171614, 
    0x2b263435, 0x23150701, 0x3f153335, 0x15011f01, 0x01010222, 0xb0050302, 0x01020505, 0xad060302, 0x02010105, 0x010201af, 0x02af0201, 0x0b321101, 
    0x01030509, 0x060b0401, 0x0d151b1a, 0x17011617, 0x01010406, 0x082c0504, 0x0a0c0b08, 0x2d020305, 0x09050301, 0x06130207, 0x0c0a0906, 0x0204070b, 
    0x01181203, 0x03060804, 0x0203035e, 0x02090204, 0x02020201, 0x02040901, 0x05020102, 0x04020217, 0x04020202, 0x01020102, 0x02040302, 0x02040201, 
    0x0e020301, 0x02030403, 0x02020201, 0x01010201, 0x02020202, 0x04020d02, 0x04020201, 0x0c190503, 0x0909090b, 0x03030c0a, 0x04040203, 0x02030203, 
    0x01010a03, 0x02020101, 0x02020202, 0x0202080b, 0x04030202, 0x03020303, 0x02020101, 0x02140202, 0x01020101, 0x02020102, 0x09010102, 0x01010202, 
    0x03010105, 0x02020304, 0x03010202, 0x04030202, 0x02020502, 0x03070202, 0x03050303, 0x02020203, 0x02020302, 0x01010212, 0x02020102, 0x02020201, 
    0xa7030324, 0x02030505, 0x05a80405, 0x09020204, 0x02020102, 0x010102a7, 0x05022903, 0x09060407, 0x01080608, 0x25252702, 0x0502194f, 0x02050605, 
    0x01040713, 0x07070602, 0x04010c09, 0x04010305, 0x06080604, 0x05010104, 0x0a0a0a07, 0x0401090b, 0x02010305, 0x02054804, 0x02011007, 0x01030102, 
    0x01010502, 0x010e0102, 0x02020201, 0x01020101, 0x02020201, 0x01010308, 0x01020103, 0x05030202, 0x02020103, 0x04020101, 0x04010203, 0x10050106, 
    0x07040409, 0x02050210, 0x05050205, 0x04040506, 0x09010605, 0x04010301, 0x02030801, 0x01020102, 0x05030201, 0x01030104, 0x01020102, 0x01020707, 
    0x010b0802, 0x01010101, 0x01010101, 0x01020101, 0x02020201, 0x02010101, 0x01010101, 0x02030101, 0x0b080202, 0x03040203, 0x06030306, 0x04030b03, 
    0x03040202, 0x01020701, 0x010b0802, 0x01010101, 0x00000001, 0x00000200, 0xce000000, 0x1300d100, 0x00004100, 0x2e272237, 0x36373401, 0x17323637, 
    0x15161716, 0x06070614, 0x16171627, 0x17021e17, 0x07060716, 0x37363731, 0x27343536, 0x26012f26, 0x3637012f, 0x1f161716, 0x27262701, 0x23262726, 
    0x06010f22, 0x13128007, 0x09071910, 0x1337130f, 0x18070810, 0x03431410, 0x04080803, 0x0302050c, 0x03010102, 0x03030203, 0x05030502, 0x100e0506, 
    0x08090c13, 0x08070506, 0x0b0a0f0d, 0x09030906, 0x1315300e, 0x0e0b1934, 0x07090a08, 0x100c0b0d, 0x82151235, 0x090c0405, 0x0b080a05, 0x070a140e, 
    0x0a060806, 0x06090e06, 0x08090609, 0x03040406, 0x04060405, 0x09060806, 0x01020405, 0x00000702, 0x00000a00, 0xd1000000, 0x0800d200, 0x19001500, 
    0x35002800, 0x47003900, 0x58005400, 0x00006300, 0x32161437, 0x22263436, 0x1f372706, 0x2e270701, 0x06072201, 0x013f2707, 0x32170727, 0x3e37011f, 
    0x1f163201, 0x07273701, 0x3f270706, 0x06071701, 0x011f021e, 0x07012f15, 0x35343717, 0x35022e27, 0x1f273734, 0x15371601, 0x37012f07, 0x013d033e, 
    0x17151737, 0x15072735, 0x0f020e14, 0x6e371501, 0x0b0b0f0b, 0x28150b0f, 0x04130126, 0x070b0904, 0x04120204, 0x03210121, 0x03060501, 0x090a0903, 
    0x220e0304, 0x29071111, 0x01132801, 0x08050101, 0x21070404, 0x03232221, 0x01050805, 0x1111010e, 0x01272754, 0x04090404, 0x21021201, 0x05010c25, 
    0x20030408, 0x0b0b0875, 0x3e0b0b0f, 0x0c2c1818, 0x05040303, 0x040c0203, 0x2b132613, 0x03030403, 0x02030504, 0x0a0a1308, 0x172d175f, 0x0a05040b, 
    0x01010608, 0x13130116, 0x0c021814, 0x0a060201, 0x08030509, 0x2a0a0a27, 0x1517162e, 0x07050201, 0x0a04050b, 0x28132605, 0x05040711, 0x0105080b, 
    0x00140f01, 0x00001000, 0xe6000000, 0x0c00de00, 0x1e001000, 0x38002c00, 0x47003d00, 0x5d005100, 0x77006600, 0x95008c00, 0xa500a100, 0x0000a900, 
    0x021f033f, 0x23010f15, 0x3337012f, 0x33172735, 0x33352337, 0x30352337, 0x07353117, 0x23373317, 0x23373335, 0x31173035, 0x15010f35, 0x15233533, 
    0x15233507, 0x07373527, 0x012b2733, 0x33353315, 0x37273317, 0x33151727, 0x33173335, 0x012f3727, 0x1f023f33, 0x27040f01, 0x17013f33, 0x3723020f, 
    0x3533051f, 0x23052f07, 0x081f3335, 0x2f233533, 0x37170705, 0x17020f23, 0x0f23033f, 0x011f1502, 0x1507023f, 0x15333733, 0x03203733, 0x04af0504, 
    0xb2060306, 0xb20a0406, 0x011725b2, 0x14011314, 0x176f1814, 0x01131401, 0x50181414, 0x0607061f, 0x05012207, 0x04650301, 0x0506040a, 0x04590105, 
    0x0506040a, 0x16820105, 0x06060e0f, 0x0a0b0c09, 0x0d011c0b, 0x0b130707, 0x010d0a0c, 0x23190e0e, 0x1a20071d, 0x1c1b110f, 0x15110b0f, 0x0f0b0d0c, 
    0x0e0d100b, 0x1111140b, 0x0f0f1121, 0x019d1d0e, 0x0c0b0813, 0x0c080a12, 0x0d0e2201, 0x0a07070b, 0x0c860e0b, 0x010c6301, 0x020305d4, 0xaf050201, 
    0x05030304, 0xa9018e1d, 0x05030304, 0x0f010301, 0x05030304, 0x01010301, 0x010b0f0f, 0x0b010c0c, 0x10101101, 0x02060607, 0x07100108, 0x08020606, 
    0x03060331, 0x06070404, 0x27010203, 0x07090302, 0x011f0202, 0x0c180b05, 0x05010f01, 0x070f1307, 0x05030902, 0x09080906, 0x0f020607, 0x090a1405, 
    0x25010407, 0x06030210, 0x1801030a, 0x08060410, 0x05050402, 0x04740304, 0x00040404, 0x00000200, 0xe4000000, 0x1500c100, 0x00003000, 0x33161737, 
    0x3f363217, 0x2f013e01, 0x16172301, 0x0e010f06, 0x26172301, 0x36013f36, 0x16323733, 0x2b16011f, 0x010f0601, 0x1715010e, 0x22012b14, 0x01072035, 
    0x0b042c03, 0x02032104, 0x04060c02, 0x28030101, 0x26030803, 0x27020201, 0x023d0302, 0x01030103, 0x03043302, 0x07010226, 0x7f010902, 0x04010312, 
    0x0a021f04, 0x03092004, 0x02260307, 0x06021e03, 0x01022202, 0x02070202, 0x01220201, 0x02140205, 0x00000001, 0x00000200, 0xd1000000, 0x1f00d100, 
    0x00004900, 0x27072737, 0x37232737, 0x37273733, 0x33353717, 0x17371715, 0x26272637, 0x010e2223, 0x17161415, 0x36333637, 0x33373637, 0x33023f36, 
    0x013b0607, 0x06010f32, 0x0f222723, 0x37160601, 0x06010f33, 0x022f012e, 0x23013f26, 0x0e080864, 0x010b0608, 0x0e08060a, 0x0e140c08, 0x070c0e06, 
    0x1210120f, 0x1218121f, 0x07030312, 0x01140d08, 0x05070806, 0x02010d0c, 0x04010213, 0x02130201, 0x01012201, 0x09070a02, 0x0409140b, 0x05010104, 
    0x04651a20, 0x0d080e08, 0x0d080c14, 0x0c0c0506, 0x070d0604, 0x120a080a, 0x2115111e, 0x02014007, 0x030a0403, 0x1c040405, 0x020b0102, 0x02440201, 
    0x020f0103, 0x03040102, 0x09050404, 0x0000003e, 0x00000200, 0xff000000, 0x7700ca00, 0x00008901, 0x011d0637, 0x16311714, 0x3f321733, 0x013b3601, 
    0x30011d32, 0x22272306, 0x1614011d, 0x1d32013b, 0x23061401, 0x012f2207, 0x22012b26, 0x2f262327, 0x013d2601, 0x36013f34, 0x17323733, 0x011f1631, 
    0x14011d16, 0x0f061507, 0x07230601, 0x06010f22, 0x3d22012b, 0x012b3401, 0x34013d22, 0x3d32013b, 0x013b3401, 0x16011f32, 0x3732013b, 0x37353635, 
    0x26012f34, 0x07220723, 0x012f2217, 0x26332326, 0x2622012b, 0x33341535, 0x39163237, 0x012b1401, 0x06370722, 0x1f143507, 0x023f1601, 0x31273615, 
    0x22272326, 0x36341535, 0x3f323733, 0x013f3601, 0x013f3336, 0x3b011f33, 0x33353201, 0x36013b36, 0x14153116, 0x1d321733, 0x31231401, 0x26273526, 
    0x2b26012f, 0x1d062201, 0x011f1401, 0x15321727, 0x07231435, 0x34153522, 0x37323337, 0x3d013e31, 0x012b2601, 0x14011d22, 0x2f22012b, 0x052f2601, 
    0x22010f22, 0x0635010f, 0x15143117, 0x021f1631, 0x013d1631, 0x013b3634, 0x16011f32, 0x07063107, 0x37070615, 0x06370706, 0x1f16021f, 0x011d1601, 
    0x23060f14, 0x31072227, 0x14351506, 0x2622012b, 0x3334013d, 0x1f153237, 0x17331603, 0x3f32013f, 0x35373601, 0x26352736, 0x2631052f, 0x37261727, 
    0x37363715, 0x3d323723, 0x31233401, 0x06370722, 0x0f22012b, 0x07230602, 0x02010101, 0x0d02023d, 0x02200201, 0x020b0101, 0x020b0101, 0x021f0101, 
    0x02010f01, 0x0101023e, 0x01010101, 0x02010301, 0x020202ee, 0x01010101, 0x01010101, 0x02023f02, 0x1902010e, 0x020c0202, 0x02020c02, 0x0d01021a, 
    0x023c0202, 0x01010101, 0xea020101, 0x02340102, 0x02012301, 0x01020201, 0x29020101, 0x04020101, 0x01010202, 0x01130101, 0x01011101, 0x05020101, 
    0x0d010102, 0x01010102, 0x02010402, 0x090b0b0b, 0x02070306, 0x02020101, 0x3a020101, 0x03020202, 0x02060101, 0x01010902, 0x07010402, 0x022e0202, 
    0x02020502, 0x02010102, 0x02020205, 0x01020102, 0x06030602, 0x02020c06, 0x02010207, 0x02010101, 0x01021e06, 0x01020101, 0x01020103, 0x02020101, 
    0x01010102, 0x02020902, 0x01010501, 0x04040704, 0x1511060c, 0x02020202, 0x02010101, 0x04030202, 0x02020506, 0x02050d0a, 0x01010302, 0x02010101, 
    0x0d1b0803, 0x01010105, 0x02040101, 0x02040102, 0x01010202, 0x02010201, 0x011e0401, 0x0201c202, 0x0202026e, 0x020b0201, 0x01020202, 0x01011202, 
    0x01010302, 0x010e0101, 0x02010201, 0x02710201, 0x01010501, 0x01020102, 0x026f0202, 0x01020102, 0x01010101, 0x0702020d, 0x02090202, 0x02020702, 
    0x0102020b, 0x026e0201, 0x01020102, 0x3a025e01, 0x01010102, 0x02010201, 0x01010102, 0x02020102, 0x1f010121, 0x01020104, 0x01020101, 0x02010101, 
    0x04010202, 0x01010401, 0x01020202, 0x01020e02, 0x01021002, 0x01020502, 0x01010104, 0x02010234, 0x01020101, 0x01020102, 0x01010102, 0x02310204, 
    0x02020102, 0x05020105, 0x01020302, 0x04020301, 0x02020202, 0x04010202, 0x0f020109, 0x04020101, 0x02020102, 0x01010203, 0x01010101, 0x01020401, 
    0x02020601, 0x05020208, 0x03010205, 0x01010401, 0x01020202, 0x01021a01, 0x06050802, 0x01020103, 0x02030201, 0x02020102, 0x03010201, 0x04060903, 
    0x02010201, 0x01050101, 0x01020101, 0x02020202, 0x02380302, 0x00000400, 0xd1000000, 0x0c00d200, 0x1f001500, 0x00005000, 0x012e2237, 0x32013e34, 
    0x0e14011e, 0x22263701, 0x3f161707, 0x26173601, 0x2234012f, 0x32160715, 0x06070627, 0x06070607, 0x17161714, 0x37011f16, 0x37363717, 0x34363736, 
    0x26272627, 0x1707012f, 0x14161737, 0x0727010f, 0x34012e27, 0x17013f36, 0x25168037, 0x2c251616, 0x25161625, 0x0b170b01, 0x08010115, 0x08060608, 
    0x0b150208, 0x02023217, 0x03060405, 0x06030404, 0x26040504, 0x04050526, 0x05050306, 0x06040603, 0x0d0e1a04, 0x04030403, 0x03022527, 0x02020303, 
    0x162f0f0d, 0x16252c25, 0x252c2516, 0x04048d16, 0x07020216, 0x09067309, 0x16010107, 0x02017404, 0x09070604, 0x080b180a, 0x04050608, 0x05042628, 
    0x0a080905, 0x08080a16, 0x1b040506, 0x08070b0d, 0x27080910, 0x0b040427, 0x03050b0c, 0x00000d0c, 0x00000100, 0xe7000000, 0x3b00c000, 0x34370000, 
    0x32013b36, 0x14011d16, 0x22012b06, 0x14011d06, 0x26012f06, 0x36013f34, 0x14011d16, 0x3e331716, 0x34013d01, 0x22012b26, 0x14011d06, 0x32013b16, 
    0x14011d16, 0x22012b06, 0x05193526, 0x0503be03, 0x022b0305, 0x23010202, 0x01230404, 0x1f020202, 0x03050301, 0x0505039f, 0x02023c03, 0x034c0202, 
    0x0503b804, 0x046f0405, 0x16020205, 0x1c020102, 0x1c030903, 0x15020101, 0x01010202, 0x03540102, 0x50030505, 0x01020503, 0x05020209, 0x00000004, 
    0x00000200, 0xe6000000, 0x2700d400, 0x00004500, 0x33161437, 0x35363237, 0x0f222627, 0x17150601, 0x012b0616, 0x3f352622, 0x32161701, 0x2f36013f, 
    0x2b012e01, 0x07062201, 0x3b160617, 0x3f363201, 0x013f3601, 0x013f013e, 0x012f2634, 0x07232226, 0x0715010e, 0x02400706, 0x02027902, 0x0101010c, 
    0x01050209, 0x02500202, 0x0c1c1e02, 0x09010101, 0x010a0102, 0x04270306, 0x01130105, 0x020c0201, 0x02400104, 0x03010a04, 0x01010501, 0x0203020b, 
    0x0102010c, 0x011b0201, 0x01030103, 0x10010241, 0x021b0403, 0x95020202, 0x01022c01, 0x2204030d, 0x03050404, 0x02020192, 0x01036701, 0x02020101, 
    0x0104020e, 0x0107010b, 0x040c0203, 0x00000003, 0x00000400, 0xd2000000, 0x1700d200, 0x30001f00, 0x00003f00, 0x3736023f, 0x1e363736, 0x010e0702, 
    0x27072307, 0x26062307, 0x17013f35, 0x012e2737, 0x0637012f, 0x1e150607, 0x3f321701, 0x012e2701, 0x37272627, 0x011e1716, 0x3637011f, 0x27012e35, 
    0x4b380722, 0x03020101, 0x14200c06, 0x0b050c01, 0x095f0404, 0x02010111, 0x4b060811, 0x02060604, 0x02010f02, 0x080e0102, 0x09050706, 0x01040b0a, 
    0x02010601, 0x08090b04, 0x0e010203, 0x4e060609, 0x0505055e, 0x020a0507, 0x050c1f17, 0x094c0104, 0x02030110, 0x3b050b10, 0x05060303, 0x03031f04, 
    0x0d090606, 0x03030201, 0x05090b04, 0x04040404, 0x03050b09, 0x09060706, 0x0003010d, 0x00000700, 0xdc000000, 0x1200dc00, 0x2f002600, 0x41003800, 
    0x53004a00, 0x22370000, 0x012e0706, 0x013e3435, 0x15011e32, 0x2e070614, 0x16322701, 0x36373617, 0x22012e34, 0x1415010e, 0x3e17011e, 0x16142701, 
    0x26343632, 0x14370622, 0x34363216, 0x37062226, 0x36321614, 0x06222634, 0x32161417, 0x22263436, 0x16141706, 0x26343632, 0x0a800622, 0x2520010c, 
    0x2a322a19, 0x01202419, 0x130b090e, 0x0a0c1502, 0x23262216, 0x0b140c15, 0x062f1202, 0x0a06060a, 0x0a060f06, 0x060a0606, 0x060a0621, 0x21060a06, 
    0x06060a06, 0x060d060a, 0x0a06060a, 0x0a0c3e06, 0x19223006, 0x2a19192a, 0x062f2119, 0x0c130d07, 0x12160406, 0x15152329, 0x1d111423, 0x0c080312, 
    0x06060532, 0x1c06060a, 0x0a060605, 0x05080606, 0x060a0606, 0x06051206, 0x06060a06, 0x06060525, 0x0006060a, 0x00000100, 0xe1000000, 0x6700d100, 
    0x34370000, 0x32013b36, 0x14011d16, 0x32013b16, 0x34013d36, 0x32013b36, 0x14011d16, 0x32013b16, 0x34013d36, 0x32013b36, 0x34013d36, 0x32013b36, 
    0x14011d16, 0x22012b06, 0x36013d26, 0x22012b26, 0x14011d06, 0x22012b06, 0x14011d06, 0x22012b06, 0x34013d26, 0x22012b26, 0x14011d06, 0x22012b06, 
    0x34013d26, 0x22012b26, 0x02203526, 0x02021802, 0x02080202, 0x28020202, 0x02020202, 0x02020208, 0x02021802, 0x02280202, 0x08020202, 0x03010301, 
    0x03010901, 0x02180202, 0x28020202, 0x02020202, 0x02020208, 0x02022802, 0x02080202, 0x02026c02, 0x02270203, 0x88020202, 0x02020202, 0x02020268, 
    0x02022802, 0x02180202, 0x39020202, 0x02020201, 0x02020227, 0x02021702, 0x02280202, 0x68020202, 0x02020202, 0x02020288, 0x02022802, 0x00000202, 
    0x00000100, 0xe1000000, 0x1600ce00, 0x32370000, 0x26012f34, 0x14011d06, 0x32013b16, 0x34013d36, 0x16011f36, 0x0102de33, 0x020201ba, 0x02020802, 
    0x03950102, 0x02013004, 0x02010299, 0x02020297, 0x01027802, 0x00037a02, 0x00000100, 0xe1000000, 0x1600ce00, 0x22370000, 0x36013f34, 0x14011d16, 
    0x22012b06, 0x34013d26, 0x06010f26, 0x01022423, 0x020201ba, 0x02020802, 0x03950102, 0x02013004, 0x02010299, 0x02020297, 0x01027802, 0x00037a02, 
    0x00000100, 0xe1000000, 0x3500d100, 0x34370000, 0x35013b36, 0x013b3634, 0x011d1632, 0x33171614, 0x013d013e, 0x013b3634, 0x011d1632, 0x15312714, 
    0x012b0614, 0x013d2622, 0x012b2634, 0x011d0622, 0x35262223, 0x2c020220, 0x02280202, 0x39010302, 0x02020202, 0x10020217, 0x02580202, 0x08020202, 
    0x023c0202, 0x02023c02, 0x0202028c, 0x02028702, 0x02020101, 0x02020287, 0x01010c02, 0x0202028c, 0x02028802, 0x028c0202, 0x00000002, 0x00000100, 
    0xe0000000, 0x2100d100, 0x26370000, 0x3233013e, 0x14151617, 0x3e323316, 0x22233501, 0x010e1423, 0x26272223, 0x23263435, 0x15010e22, 0x130b0130, 
    0x0c091008, 0x190e171a, 0x0505060e, 0x0f08120b, 0x1a1a0a09, 0x800c1910, 0x0d141e0e, 0x2b252311, 0x10152517, 0x100d131e, 0x172a2624, 0x00001425, 
    0x00000100, 0xe1000000, 0x2f00d100, 0x22370000, 0x34013d26, 0x32013b36, 0x14011d16, 0x32013b16, 0x34013d36, 0x32013b36, 0x14011d16, 0x22012b06, 
    0x34013d26, 0x22012b26, 0x14011d06, 0x02242306, 0x58020202, 0x01030202, 0x02020248, 0x02020802, 0x02680202, 0x38020202, 0x02020202, 0x98020230, 
    0x02020202, 0x02030287, 0x02028802, 0x02980202, 0x88020202, 0x02020202, 0x00020288, 0x00000100, 0xdf000000, 0x1700ce00, 0x22370000, 0x36013f26, 
    0x16011f32, 0x22012b06, 0x26012f26, 0x0e010f22, 0x02242301, 0x015c0101, 0x015c0102, 0x02080201, 0x014c0103, 0x014c0102, 0x02300203, 0x01019a01, 
    0x0202019a, 0x01017f01, 0x0002017f, 0x00000500, 0xe3000000, 0x0c00e300, 0x26001900, 0x3c003300, 0x22370000, 0x3e34012e, 0x011e3201, 0x27010e14, 
    0x34013e32, 0x0e22012e, 0x011e1401, 0x012e2237, 0x32013e34, 0x0e14011e, 0x3e322701, 0x012e3401, 0x14010e22, 0x2237011e, 0x32363426, 0x80061416, 
    0x1a1a2d1b, 0x1a2d362d, 0x181c2d1a, 0x2a18182a, 0x18182a30, 0x1f13192a, 0x261f1313, 0x1f13131f, 0x111c1113, 0x1c221c11, 0x111c1111, 0x22191911, 
    0x1a1e1919, 0x1a2d362d, 0x2d362d1a, 0x2a18081a, 0x18182a30, 0x182a302a, 0x25201215, 0x20121220, 0x06122025, 0x1c221c11, 0x221c1010, 0x1915111c, 
    0x22191922, 0x00000019, 0x00000200, 0xd0000000, 0x0c00d100, 0x00001900, 0x012e2237, 0x32013e34, 0x0e14011e, 0x3e322701, 0x012e3401, 0x14010e22, 
    0x167f011e, 0x25161625, 0x1616252c, 0x1d111525, 0x221d1111, 0x1d11111d, 0x2c25162e, 0x25161625, 0x1516252c, 0x1c211c10, 0x211c1010, 0x0000101c, 
    0x00000100, 0xd1000000, 0x1b00d000, 0x23370000, 0x010e0735, 0x012f2622, 0x34352315, 0x1e363736, 0x37011f02, 0x011e013e, 0x2c19d115, 0x06060602, 
    0x05192c02, 0x04040204, 0x38390103, 0x06080802, 0x04585d31, 0x58040303, 0x08058f5d, 0x01010101, 0x70700203, 0x08020304, 0x00000005, 0x00000300, 
    0xb1000000, 0x0e00d100, 0x28001a00, 0x34370000, 0x1e173236, 0x010f1402, 0x3526010e, 0x2f343637, 0x1d222601, 0x3f321401, 0x2b263401, 0x1d062201, 
    0x013b1601, 0x05503532, 0x2d040306, 0x2b020407, 0x0133090c, 0x01012101, 0x024e0101, 0x01030801, 0x03080301, 0x030707c3, 0x0a0a3a06, 0x0a3b0305, 
    0x023f0906, 0x012c0203, 0x01025c02, 0x0103027a, 0x04049603, 0x00000300, 0xeb000000, 0x2100c100, 0x42003600, 0x34370000, 0x36342735, 0x1f321737, 
    0x37331601, 0x011d1632, 0x33351630, 0x0607011e, 0x26010e07, 0x26222307, 0x37150737, 0x3b363736, 0x26343701, 0x2f223107, 0x012b2601, 0x32331722, 
    0x2b36013f, 0x010f2201, 0x0b011a06, 0x01023807, 0x36030312, 0x10020a07, 0x1205090a, 0x0b06040a, 0x0a071d6c, 0x090b0112, 0x63080603, 0x023c0301, 
    0x02011401, 0x8309022d, 0x011b0102, 0x01028402, 0x0650011a, 0x0a071544, 0x13010101, 0x060b0202, 0x0101020f, 0x0d1c0810, 0x01010405, 0x014c640a, 
    0x08030f10, 0x01020807, 0x60011202, 0x02022702, 0x00000227, 0x00000500, 0xd2000000, 0x2300d200, 0x49002c00, 0x5e005500, 0x34370000, 0x37013b36, 
    0x1632013e, 0x3233011f, 0x33171516, 0x16011f32, 0x0614011d, 0x2622012b, 0x2223013d, 0x32373526, 0x22263436, 0x07161406, 0x33161417, 0x013d3237, 
    0x013b3634, 0x013d3632, 0x07272334, 0x2622010e, 0x2207012f, 0x15062617, 0x3b161417, 0x2f363201, 0x35171501, 0x3d262223, 0x070b2f01, 0x08020116, 
    0x0102070d, 0x01090717, 0x1b03040c, 0x6b010303, 0x061f0302, 0x0503390a, 0x05050605, 0x01010225, 0x07090218, 0x02010120, 0x07030115, 0x0202070c, 
    0x016c0215, 0x02020102, 0x01010112, 0x03205051, 0x0a07b605, 0x04040303, 0x060a0203, 0x02180210, 0x02025504, 0x091c0203, 0x06045906, 0x04060404, 
    0x01015303, 0x06360201, 0x0b010109, 0x03030102, 0x03030505, 0x01012301, 0x02020e02, 0x58150101, 0x04043201, 0x00000020, 0x00000400, 0xd0000000, 
    0x0f00d200, 0x30002000, 0x00004300, 0x3b363437, 0x1d163201, 0x2b061401, 0x35262201, 0x14151437, 0x32331716, 0x36323133, 0x2734013d, 0x36341723, 
    0x1632013b, 0x06140715, 0x2622012b, 0x15143735, 0x33171614, 0x32013b32, 0x34013d36, 0x23223127, 0x2307092f, 0x070a0a07, 0x0e090723, 0x03010303, 
    0x07040315, 0x070a481a, 0x010b0723, 0x06230709, 0x0203110c, 0x01140401, 0x03070502, 0x0b07bf17, 0x0780070a, 0x7f070a0a, 0x02033e3e, 0x7b030301, 
    0x08040104, 0x7f070b0a, 0x070b0a07, 0x033e3e7e, 0x03030102, 0x0001047b, 0x00000200, 0xe8000000, 0x0a00e700, 0x00001300, 0x3236013f, 0x1416011f, 
    0x3723010f, 0x27373315, 0x27220607, 0x03028620, 0x01013a01, 0x28114185, 0x01741e7a, 0x85600104, 0x013a0202, 0x3a850203, 0x771e792a, 0x00000101, 
    0x00000300, 0xba000000, 0x2100cf00, 0x32002a00, 0x07370000, 0x012f0614, 0x3735012e, 0x3e34012e, 0x17323301, 0x1f363437, 0x15011e01, 0x14011e07, 
    0x2223010e, 0x32333235, 0x26343536, 0x23370727, 0x14150622, 0x03087516, 0x01020702, 0x0f100e08, 0x06060f1a, 0x07020307, 0x0e070102, 0x0f1a0f10, 
    0x11030307, 0x2a090b18, 0x1811061b, 0x0214490b, 0x01020101, 0x07150103, 0x0f1a1f1b, 0x01021301, 0x03010201, 0x1a071401, 0x0f0f1a20, 0x130b1118, 
    0x184c4605, 0x00130b11, 0x00000200, 0xc7000000, 0x0d00d100, 0x00001b00, 0x1f363437, 0x0e021e01, 0x35342602, 0x16011c37, 0x013e013f, 0x2e012f34, 
    0x0f3b0601, 0x0c412807, 0x0f5e1001, 0x03050d0f, 0x03053a29, 0x06044122, 0x030807c2, 0x0e0a2617, 0x0807370c, 0x70086a11, 0x18010307, 0x02050123, 
    0x03032613, 0x00000200, 0xd6000000, 0x0c00ca00, 0x00001800, 0x17071737, 0x010f011e, 0x012f2206, 0x06262707, 0x32161715, 0x2636013f, 0x269e3827, 
    0x0201011d, 0x01040106, 0x0223271e, 0x02012a01, 0x01013102, 0x2546ca01, 0x0104011d, 0x1e020207, 0x01018028, 0x01025e02, 0x01020232, 0x00000200, 
    0xdd000000, 0x0900dd00, 0x00002a00, 0x2233013f, 0x0715011f, 0x14012f23, 0x010e0706, 0x32011e14, 0x2634013e, 0x013f012f, 0x011e3336, 0x22010e14, 
    0x3634012e, 0x76173637, 0x02010a05, 0x05090503, 0x0f01011c, 0x28221412, 0x0f121322, 0x02010502, 0x18171402, 0x192b312b, 0x02021318, 0x030305d8, 
    0x3f050551, 0x0a010401, 0x14222920, 0x21282214, 0x0108060a, 0x31290e01, 0x2a19192a, 0x010e2a31, 0x00000002, 0x00000200, 0xd4000000, 0x1100d000, 
    0x00001c00, 0x23352337, 0x34352315, 0x013b023e, 0x15021e32, 0x23353307, 0x030e2207, 0x671dd415, 0x1d160c1d, 0x06034211, 0x67840204, 0x0b050534, 
    0x2e070b0c, 0x11512828, 0x020c151e, 0x4d030604, 0x0703013f, 0x000c110b, 0x00000500, 0xe7000000, 0x0a00a100, 0x25001b00, 0x59004400, 0x34370000, 
    0x1735013b, 0x22233507, 0x35230735, 0x35231523, 0x3b023e34, 0x15171602, 0x23353307, 0x020e010f, 0x0e141715, 0x2f022b02, 0x34013d01, 0x013b013f, 
    0x1d021e32, 0x07061401, 0x15021e17, 0x022e3423, 0x3335012b, 0x3d023e32, 0x012b3401, 0x65373315, 0x1c1c1a02, 0x0c0c021a, 0x09050c29, 0x021a070c, 
    0x29350103, 0x02050417, 0x02c30304, 0x2d030603, 0x01010202, 0x02270202, 0x02020505, 0x02020402, 0x03010c02, 0x151a0204, 0x02020402, 0x02272103, 
    0x18120283, 0x1c021319, 0x07211010, 0x0105080c, 0x191f0203, 0x05010201, 0x02110507, 0x02030405, 0x03340202, 0x03020201, 0x03020405, 0x01030407, 
    0x03040505, 0x0c010303, 0x03030301, 0x01280202, 0x00000200, 0xd3000000, 0x2000d300, 0x00003800, 0x020e1437, 0x2e22012b, 0x34013d02, 0x013b023e, 
    0x1d021e32, 0x07061401, 0x2315031e, 0x2b022e34, 0x32333501, 0x013d023e, 0x15012b34, 0x013e3733, 0x0804d335, 0x036f0a0e, 0x02020405, 0x62030504, 
    0x070b0c06, 0x08050506, 0x031e0407, 0x41060907, 0x07090634, 0x62530603, 0x54010102, 0x070b0c05, 0x03060402, 0x04060383, 0x0e080402, 0x12080609, 
    0x0b080308, 0x0906090e, 0x041d0406, 0x06060906, 0x01016706, 0x00000302, 0x00000500, 0xe7000000, 0x0a00a100, 0x25001b00, 0x59004400, 0x34370000, 
    0x1735013b, 0x22233507, 0x35231735, 0x35231523, 0x3b023e34, 0x011f1602, 0x23353307, 0x020e010f, 0x0e140715, 0x2f022b02, 0x34013d01, 0x013b013f, 
    0x1d021e32, 0x07061401, 0x15021e17, 0x022e3423, 0x3335012b, 0x3d023e32, 0x012b3401, 0x65373315, 0x1c1c1a02, 0x0c82021a, 0x09040b29, 0x021a070c, 
    0x35010102, 0x04041729, 0x59030403, 0x03060302, 0x0102022d, 0x27020201, 0x02050502, 0x02040202, 0x010c0202, 0x1a020403, 0x02040215, 0x27210302, 
    0x12028302, 0x02131918, 0x2010101b, 0x05080c07, 0x1f020301, 0x02010119, 0x12050704, 0x03040502, 0x34020202, 0x02020103, 0x02040503, 0x03040703, 
    0x04050501, 0x01030303, 0x0303010c, 0x28020203, 0x00000001, 0x00000300, 0xb1000000, 0x1000d100, 0x2a001c00, 0x14370000, 0x0614011d, 0x26012f26, 
    0x37013e34, 0x07163236, 0x3d321617, 0x0f223401, 0x27140601, 0x013b3634, 0x011d1632, 0x22012b06, 0x0c09b035, 0x0704022b, 0x0603042d, 0x01213305, 
    0x21010101, 0x01022c01, 0x01010308, 0xc3030803, 0x09433d07, 0x033b0a06, 0x3a0a0a05, 0x4f070306, 0x5c02012b, 0x022c0102, 0x03024d03, 0x04960301, 
    0x00000004, 0x00000100, 0xe8000000, 0x1f00c100, 0x34370000, 0x32013b36, 0x1e011f16, 0x32013b01, 0x14011d16, 0x22012b06, 0x2e012f26, 0x22012b01, 
    0x03183526, 0x0f063801, 0x0e043203, 0x03012e06, 0x073b0103, 0x0332030e, 0x012b070e, 0x0301bd03, 0x06550509, 0x09020208, 0x06080202, 0x02080655, 
    0x00000002, 0x00000100, 0xea000000, 0x1f00c100, 0x34370000, 0x22230726, 0x0e010f06, 0x22012b01, 0x14011d06, 0x32013b16, 0x3e013f36, 0x32013b01, 
    0x02e93536, 0x0d073702, 0x0c023702, 0x02022d07, 0x073a0202, 0x0236020d, 0x022b060d, 0x0301bd02, 0x52070801, 0x02020906, 0x09020209, 0x09065306, 
    0x00000202, 0x00000400, 0xe4000000, 0x2100c100, 0x3d002f00, 0x00004800, 0x1d163237, 0x2b061401, 0x06141501, 0x2e27012b, 0x0f062201, 0x26222301, 
    0x2223013d, 0x34013d26, 0x22173336, 0x3733011d, 0x3337013e, 0x23263435, 0x011d2233, 0x3317011e, 0x34013d32, 0x22332326, 0x3233011d, 0x2634013d, 
    0x0402de23, 0x030f0204, 0x03024a03, 0x030b0f0b, 0x04021a02, 0x0304020f, 0x24020b03, 0x03040101, 0x12010103, 0x050c0902, 0x01010214, 0x022e0212, 
    0x04c10101, 0x03036602, 0x04040209, 0x05070705, 0x0b020404, 0x02630204, 0x4e021004, 0x01030202, 0x02010146, 0x04040145, 0x01014c02, 0x4c024e02, 
    0x00000101, 0x00000c00, 0xd0000000, 0x1700de00, 0x25001b00, 0x35002c00, 0x47003e00, 0x59005000, 0x6b006200, 0x00007400, 0x3f363437, 0x1f323601, 
    0x1d011e01, 0x0f061401, 0x2f220601, 0x35012e01, 0x27371737, 0x06150607, 0x37173316, 0x37172627, 0x013d013e, 0x2e06010f, 0x1e013e01, 0x06170601, 
    0x013e012e, 0x0706011e, 0x3e012e06, 0x06011e01, 0x012e0617, 0x011e013e, 0x0e263706, 0x3e011e01, 0x26072601, 0x011e010e, 0x0726013e, 0x1e010e26, 
    0x26013e01, 0x14062227, 0x34363216, 0x03043026, 0x03080342, 0x04040342, 0x08034203, 0x04034203, 0x3e3e420e, 0x02010146, 0x20013d02, 0x013d4c20, 
    0x04384103, 0x07020508, 0x1d020409, 0x02050804, 0x02040907, 0x05080423, 0x04090702, 0x08041d02, 0x09070205, 0x044b0204, 0x08010408, 0x14010408, 
    0x02050804, 0x02040907, 0x05080414, 0x04090702, 0x07051d02, 0x07070907, 0x020703a8, 0x28020228, 0x50030702, 0x28020703, 0x02280202, 0x24560307, 
    0x23312524, 0x26040224, 0x7313134e, 0x02050126, 0x02012645, 0x04090802, 0x17080803, 0x09080202, 0x08080304, 0x08020212, 0x08030409, 0x02021708, 
    0x03040908, 0x024c0808, 0x04080803, 0x1b090802, 0x08080302, 0x09080204, 0x0803021a, 0x08020408, 0x0a066609, 0x060a0606, 0x00000b00, 0xe7000000, 
    0x1d00c100, 0x2b002700, 0x3d003400, 0x4f004600, 0x61005800, 0x73006a00, 0x34370000, 0x32173336, 0x37171516, 0x011f013e, 0x010f011e, 0x012f010e, 
    0x2b061415, 0x35262201, 0x35331537, 0x35342627, 0x07373537, 0x14073717, 0x34363216, 0x37062226, 0x36321614, 0x06222634, 0x32161437, 0x22263436, 
    0x16140706, 0x26343632, 0x14170622, 0x34363216, 0x37062226, 0x36321614, 0x06222634, 0x32161407, 0x22263436, 0x16141706, 0x26343632, 0x05190622, 
    0x05035003, 0x07011b01, 0x02024303, 0x06022c02, 0x03053403, 0x0c040352, 0x0802064a, 0x263d262d, 0x05060557, 0x1b050605, 0x05050605, 0x051c0506, 
    0x06050506, 0x06058f05, 0x05060505, 0x05060517, 0x16050605, 0x05050605, 0x052c0506, 0x06050506, 0x06052c05, 0x05060505, 0x0105039b, 0x2b090404, 
    0x2c020103, 0x43030602, 0x20020103, 0x0404041a, 0x1d474c04, 0x01040104, 0x3c1c140d, 0x03103a26, 0x05060505, 0x05030205, 0x05050605, 0x05050302, 
    0x02050506, 0x06050503, 0x03180505, 0x05060505, 0x05031305, 0x05050605, 0x0505032d, 0x03050506, 0x06050503, 0x00000505, 0x00000200, 0xd1000000, 
    0x0c00d200, 0x00001500, 0x012e2237, 0x32013e34, 0x0e14011e, 0x36322701, 0x06222634, 0x16801614, 0x25161625, 0x1616252c, 0x1d131525, 0x1c1c271d, 
    0x2c25162f, 0x25161625, 0x2116252c, 0x1c1c281c, 0x00001c28, 0x00000100, 0xe1000000, 0x4900e000, 0x3e370000, 0x07173301, 0x07060706, 0x022e0706, 
    0x37013e34, 0x17161732, 0x16311716, 0x34013d32, 0x32013b36, 0x14011d16, 0x22012b06, 0x34013d26, 0x32013b36, 0x26273536, 0x26272627, 0x010e2207, 
    0x1e171617, 0x36373601, 0xca373637, 0x08020301, 0x0b090605, 0x1d16120f, 0x2b18182c, 0x0e15191d, 0x0102060b, 0x07020201, 0x01030301, 0x02020233, 
    0x01021902, 0x09070504, 0x18110f0c, 0x01011625, 0x27250c0d, 0x070a0d0f, 0x01015905, 0x080b0804, 0x0109070c, 0x312c1b01, 0x0c011b2c, 0x06060e08, 
    0x02190201, 0x31020202, 0x02020202, 0x03020206, 0x07070701, 0x01070509, 0x1a152618, 0x01131114, 0x07090507, 0x00000008, 0x00000300, 0xd1000000, 
    0x2600d100, 0x69004d00, 0x30370000, 0x06072314, 0x26012f26, 0x36013f34, 0x16011f32, 0x3e17010f, 0x27343501, 0x013f2631, 0x16011f36, 0x2b061415, 
    0x34303701, 0x16363731, 0x1416011f, 0x2206010f, 0x3f26012f, 0x06222301, 0x31171415, 0x06010f16, 0x3526012f, 0x013b3634, 0x1d323307, 0x3b161401, 
    0x1d163201, 0x012b1401, 0x013d2622, 0x32013b34, 0x2707013d, 0x0107016e, 0x01210104, 0x03022101, 0x01010801, 0x140e4715, 0x08020106, 0x05040102, 
    0x3747141d, 0x01040108, 0x21010121, 0x08010302, 0x47150101, 0x0106140e, 0x01020802, 0x141d0504, 0x02072547, 0x01040101, 0x01150201, 0x02040201, 
    0x023a0606, 0x01010207, 0x02030122, 0x07010122, 0x01130201, 0x070d1501, 0x0901020b, 0x0c0b0101, 0x781e1506, 0x01020702, 0x03012201, 0x01012202, 
    0x13020107, 0x0b070d15, 0x01090102, 0x060c0b01, 0x021b1e15, 0x0101011e, 0x01020501, 0x02020501, 0x00070611, 0x00000200, 0xd1000000, 0x2600d100, 
    0x00004d00, 0x23143037, 0x2f260607, 0x3f342601, 0x1f323601, 0x010f1601, 0x35013e17, 0x26312734, 0x1f36013f, 0x14151601, 0x37012b06, 0x37313430, 
    0x011f1636, 0x010f1416, 0x012f2206, 0x23013f26, 0x14150622, 0x0f163117, 0x012f0601, 0x36343526, 0x016e013b, 0x01040107, 0x21010121, 0x08010302, 
    0x47150101, 0x0106140e, 0x01020802, 0x141d0504, 0x01083747, 0x01210104, 0x03022101, 0x01010801, 0x140e4715, 0x08020106, 0x05040102, 0x3a47141d, 
    0x01020702, 0x03012201, 0x01012202, 0x13020107, 0x0d150101, 0x01020b07, 0x0b010109, 0x1e15060c, 0x02070278, 0x01220101, 0x01220203, 0x02010701, 
    0x070d1513, 0x0901020b, 0x0c0b0101, 0x001e1506, 0x00000300, 0xd1000000, 0x3400d000, 0x4a003f00, 0x14370000, 0x0e14011d, 0x22012f01, 0x14011d30, 
    0x012f010e, 0x15310626, 0x22012b14, 0x3634013d, 0x1632013b, 0x30141715, 0x013e013f, 0x011d011e, 0x37313214, 0x07011e36, 0x07232234, 0x32011f06, 
    0x07273530, 0x14011f06, 0x30013d32, 0x0806d026, 0x06013402, 0x01380209, 0x03090301, 0x02080201, 0x1a010102, 0x0607071b, 0x07033501, 0x01010e05, 
    0x2a01012a, 0x012b4601, 0x01012b01, 0x403d06c1, 0x02010606, 0x0631013d, 0x42020106, 0x04410101, 0x01029605, 0x013e0203, 0x091f1d01, 0x32050801, 
    0x01043d01, 0x31011608, 0x01310201, 0x01023164, 0x65010131, 0x00000001, 0x00000300, 0xe8000000, 0x1400c000, 0x41003000, 0x14370000, 0x012b020e, 
    0x34022e22, 0x013b023e, 0x07021e32, 0x2b022e34, 0x1d031e01, 0x06071401, 0x06070607, 0x33370607, 0x27023e32, 0x22022e34, 0x1e14020e, 0x023e3202, 
    0x18110ae7, 0x180d4e0d, 0x110a0a11, 0x0d4e0d18, 0x120a1118, 0x0b130e08, 0x050d041f, 0x05020104, 0x04040704, 0x0b200707, 0x4b080e13, 0x14110d08, 
    0x08080d11, 0x1114110d, 0x0d80080d, 0x0a0a1118, 0x181a1811, 0x110a0a11, 0x110a0d18, 0x0f03080d, 0x02050f0a, 0x09070506, 0x03040607, 0x0d070605, 
    0x110a0a12, 0x0d08080d, 0x0d111411, 0x110d0808, 0x00000300, 0xe8000000, 0x1400c000, 0x41003000, 0x34370000, 0x013b023e, 0x14021e32, 0x012b020e, 
    0x37022e22, 0x3b021e14, 0x3d032e01, 0x36373401, 0x36373637, 0x23073637, 0x17020e22, 0x32021e14, 0x2e34023e, 0x020e2202, 0x18110a19, 0x180d4e0d, 
    0x110a0a11, 0x0d4e0d18, 0x120a1118, 0x0b130e08, 0x050d041f, 0x05020104, 0x04040704, 0x0b200707, 0x4b080e13, 0x14110d08, 0x08080d11, 0x1114110d, 
    0x0d80080d, 0x0a0a1118, 0x181a1811, 0x110a0a11, 0x110a0d18, 0x0f03080d, 0x02050f0a, 0x09070506, 0x03040607, 0x0d070605, 0x110a0a12, 0x0d08080d, 
    0x0d111411, 0x110d0808, 0x00000500, 0xd0000000, 0x1900d000, 0x43003700, 0x55004c00, 0x32370000, 0x17323133, 0x011f3035, 0x16312332, 0x0614011d, 
    0x2622012b, 0x36343735, 0x16141517, 0x36321733, 0x2f34013d, 0x31062601, 0x2b061415, 0x3d262201, 0x012b3401, 0x15170622, 0x32013b14, 0x2b34013d, 
    0x32172201, 0x22061416, 0x07363426, 0x36321614, 0x06222634, 0x04570a41, 0x01240103, 0x060b0201, 0x010a077e, 0x02020609, 0x01020278, 0x0601011d, 
    0x06043c03, 0x01010d02, 0x022d0220, 0x20022d02, 0x1913140c, 0x09041414, 0x0d0a0a0d, 0x0102d009, 0x05032601, 0x090b065f, 0x0a077e08, 0x02027912, 
    0x5a020201, 0x011c0202, 0x07022401, 0x02240306, 0x021b0201, 0x37021b02, 0x13121a13, 0x071f1319, 0x090e0a0a, 0x00000009, 0x00000600, 0xd1000000, 
    0x1e00d100, 0x4b002f00, 0x61005800, 0x00006a00, 0x32333237, 0x23172717, 0x14011d16, 0x15012b06, 0x012b0614, 0x013d2622, 0x013b3634, 0x07363435, 
    0x1d062223, 0x3b161401, 0x22073501, 0x34013d26, 0x16141537, 0x3632013b, 0x2f34013d, 0x14150701, 0x22012b06, 0x34013d26, 0x22012b26, 0x3b141537, 
    0x013d3201, 0x30012b34, 0x16321706, 0x012e0614, 0x14073634, 0x34363216, 0x5e062226, 0x03042726, 0x02011f01, 0x04080509, 0x04067905, 0x08180306, 
    0x02020a0a, 0x56680202, 0x030f0204, 0x02025a01, 0x05011401, 0x05033103, 0x02070101, 0x02240217, 0x1a022402, 0x140f100a, 0x08031011, 0x0a08080a, 
    0x0102d108, 0x4d04031f, 0x04190904, 0x77040404, 0x050a0705, 0x02022608, 0x10020263, 0x53020501, 0x025c1402, 0x46020202, 0x01150102, 0x0506021a, 
    0x01011903, 0x02021601, 0x2b020216, 0x01101410, 0x1a10140f, 0x0b080805, 0x00000808, 0x00000300, 0xd2000000, 0x2f00d100, 0x41003800, 0x16370000, 
    0x22061415, 0x33363426, 0x27371732, 0x26222306, 0x16323634, 0x17071415, 0x14073337, 0x22272306, 0x17010f06, 0x3733011e, 0x17151632, 0x32072723, 
    0x22263436, 0x37161406, 0x26343632, 0x16140622, 0x1b14056e, 0x090e1414, 0x08121407, 0x14140e0a, 0x1204141b, 0x04220a45, 0x05020602, 0x020e0d02, 
    0x02060205, 0x460a2204, 0x0a0a072f, 0x080a0a0f, 0x0f0a0a07, 0x08620a0a, 0x14140e0a, 0x1404141b, 0x1b140511, 0x090e1414, 0x3d451207, 0x02010202, 
    0x020e0d01, 0x02020102, 0x0a39473d, 0x0f0a0a0f, 0x0f0a5f0a, 0x0a0f0a0a, 0x00000300, 0xd1000000, 0x0e00d000, 0x4c003000, 0x33370000, 0x07011f32, 
    0x26012f06, 0x2622012b, 0x06221735, 0x33141715, 0x013f3217, 0x32330733, 0x3436013f, 0x2b26012f, 0x1f142201, 0x0f222301, 0x37230601, 0x011f3236, 
    0x32332733, 0x1416011f, 0x2b06010f, 0x3f262201, 0x2f222301, 0x30372601, 0x16030424, 0x1201010b, 0x011d0201, 0x01010101, 0x04220201, 0x16104a02, 
    0x17020313, 0x03160303, 0x01020f04, 0x03041314, 0x3e020149, 0x13010301, 0x03111410, 0x03031602, 0x0d040216, 0x12010101, 0x16030414, 0x04b90101, 
    0x01010c1b, 0x01010117, 0x0e01014e, 0x5a030102, 0x031a031b, 0x03170409, 0x03150102, 0x011b025a, 0x021b1901, 0x030a031a, 0x01010317, 0x011b0317, 
    0x00000002, 0x00000300, 0xe3000000, 0x1000e200, 0x2a002100, 0x22370000, 0x3e34022e, 0x021e3202, 0x27020e14, 0x34023e32, 0x0e22022e, 0x021e1402, 
    0x34363237, 0x14062226, 0x24148016, 0x1a10101a, 0x1a242824, 0x241a1010, 0x161e1114, 0x1e160d0d, 0x0d161e22, 0x111e160d, 0x0e0b0b07, 0x101e0b0b, 
    0x2428241a, 0x1a10101a, 0x1a242824, 0x160d1010, 0x161e221e, 0x1e160d0d, 0x0d161e22, 0x0b0e0b72, 0x000b0f0a, 0x00000200, 0xe3000000, 0x1000e200, 
    0x00002f00, 0x022e2237, 0x32023e34, 0x0e14021e, 0x3e322702, 0x012e3402, 0x2726012f, 0x07061415, 0x3d012e23, 0x010f2201, 0x1e14020e, 0x24148002, 
    0x1a10101a, 0x1a242824, 0x241a1010, 0x161e1114, 0x0f160d0d, 0x0205040b, 0x02021002, 0x0f0c0404, 0x160d0d16, 0x1a101e1e, 0x1a242824, 0x241a1010, 
    0x101a2428, 0x1e160d10, 0x07161e22, 0x47010104, 0x01010202, 0x02470202, 0x1e160704, 0x0d161e22, 0x00000500, 0xe3000000, 0x1000e200, 0x42001d00, 
    0x54004b00, 0x22370000, 0x3e34022e, 0x021e3202, 0x27020e14, 0x34013e32, 0x0e22012e, 0x011e1401, 0x06071437, 0x07010e07, 0x22260706, 0x2e272607, 
    0x27262701, 0x3627013e, 0x37361637, 0x011e1736, 0x06171637, 0x2e360716, 0x1e010e01, 0x14273601, 0x34363216, 0x80062226, 0x101a2414, 0x28241a10, 
    0x10101a24, 0x1814241a, 0x2a18182a, 0x19192931, 0x02026329, 0x010d0a02, 0x14090e0c, 0x020c0d09, 0x01050a0c, 0x08030408, 0x05130a0b, 0x12060f0d, 
    0x03060b0a, 0x16051204, 0x160a2429, 0x083a2429, 0x0d08080d, 0x1a101e08, 0x1a242824, 0x241a1010, 0x101a2428, 0x312a1808, 0x2a18182a, 0x56182a31, 
    0x06080608, 0x090a1003, 0x04040503, 0x040f0b08, 0x13080f0d, 0x01090d0a, 0x04030809, 0x0a010908, 0x1014090d, 0x160a2415, 0x160a2429, 0x08080640, 
    0x0008080c, 0x00000500, 0xc0000000, 0x2000e700, 0x35003100, 0x3d003900, 0x34370000, 0x32013b36, 0x06071516, 0x17140607, 0x14011f16, 0x22012b06, 
    0x36373526, 0x34353637, 0x17272627, 0x17161716, 0x06071416, 0x2733010f, 0x013f3426, 0x23073307, 0x23173317, 0x23153337, 0x71030440, 0x02020403, 
    0x01020201, 0x03040202, 0x02040371, 0x04020103, 0x01100202, 0x02020201, 0x02020202, 0x04040360, 0x04415103, 0x0537023a, 0x30300840, 0x050503df, 
    0x12110d03, 0x11192e18, 0x05030d11, 0x100d0305, 0x21171812, 0x070b1123, 0x10110607, 0x11172717, 0x211c0d10, 0x111c2137, 0x4d136d10, 0x00000009, 
    0x00000300, 0xd0000000, 0x0f00d000, 0x28001800, 0x33370000, 0x011d1632, 0x012b0614, 0x013d2622, 0x37173634, 0x35363233, 0x17233727, 0x011d0622, 
    0x013b1614, 0x013d3632, 0x37232634, 0x05050391, 0x05039103, 0x64110c05, 0x08010301, 0x02021d80, 0x01480202, 0xcf020203, 0x048f0404, 0x8f040404, 
    0x088f0404, 0x11630202, 0x08020230, 0x01030202, 0x00020208, 0x00000100, 0xe8000000, 0x5000bf00, 0x07370000, 0x3f013e37, 0x3f013e01, 0x35373602, 
    0x1f32043e, 0x011f1604, 0x16011f16, 0x1716021f, 0x37013b16, 0x2f022e23, 0x012f2602, 0x3123042e, 0x010f0626, 0x010f010e, 0x06020f06, 0x0f06010f, 
    0x07020e01, 0x0417011b, 0x04050505, 0x05040403, 0x03030402, 0x050b0708, 0x08050806, 0x09010305, 0x02010201, 0x09060504, 0x0506040a, 0x0c080701, 
    0x01050404, 0x020d0201, 0x080e0708, 0x06040608, 0x06040604, 0x06020206, 0x02030302, 0x02010302, 0x50090b03, 0x03010510, 0x05040404, 0x0c130d08, 
    0x05070107, 0x02030308, 0x0a080502, 0x04210606, 0x04060304, 0x02040406, 0x05011002, 0x03080604, 0x042a0605, 0x0207050b, 0x02020101, 0x07050302, 
    0x0a0c0601, 0x09060a0d, 0x03030305, 0x00000205, 0x00000100, 0xe9000000, 0x1b00c000, 0x23370000, 0x07020e22, 0x010e0706, 0x33152723, 0x37363732, 
    0x36013f36, 0x3b013e37, 0x0f1ce901, 0x07151817, 0x120c0f08, 0x18181015, 0x070b0a0f, 0x0f12090b, 0x110f160a, 0x1a1408c0, 0x0c0d0f0c, 0x08100107, 
    0x11080c05, 0x080a1a0c, 0x00000006, 0x00000100, 0xd1000000, 0x2b00d100, 0x14370000, 0x012b040e, 0x36323335, 0x022e3435, 0x2e22012b, 0x023e3402, 
    0x2315013b, 0x16140622, 0x1e32013b, 0x0705d104, 0x040b0a0a, 0x0a087171, 0x04060503, 0x0e110743, 0x110e0909, 0x09636307, 0x43090909, 0x090b0a05, 
    0x085e0507, 0x05070b0e, 0x080a1d02, 0x03050704, 0x1b120b05, 0x1d050b12, 0x020a110a, 0x0e0a0805, 0x00000600, 0xc1000000, 0x0f00e700, 0x28001f00, 
    0x3b003200, 0x00004400, 0x06141537, 0x2622012b, 0x3634013d, 0x1632013b, 0x2b263407, 0x1d062201, 0x3b161401, 0x35363201, 0x34262227, 0x14163236, 
    0x36322706, 0x06222634, 0x35331614, 0x36342622, 0x06141632, 0x34363227, 0x14062226, 0x0709c016, 0x09090760, 0x09076007, 0x50030510, 0x03050503, 
    0x30050350, 0x1a13130d, 0x060c1313, 0x090d0909, 0x0d0a0609, 0x0d0d140d, 0x0505040a, 0xd6050508, 0x090907ae, 0x0907ae07, 0x05031009, 0x039c0305, 
    0x0f030505, 0x13131a13, 0x0910131a, 0x0e09090e, 0x130e4809, 0x0e130e0e, 0x030c030f, 0x00030c03, 0x00000500, 0xe7000000, 0x0f00c000, 0x2f001f00, 
    0x4f003f00, 0x35370000, 0x013b3634, 0x011d1632, 0x012b0614, 0x14372622, 0x32013b16, 0x34013d36, 0x22012b26, 0x14171506, 0x32013b16, 0x34013d36, 
    0x22012b26, 0x14071506, 0x32013b16, 0x34013d36, 0x22012b26, 0x14071506, 0x32013b16, 0x34013d36, 0x22012b26, 0x04191506, 0x0403c102, 0x02c10304, 
    0x03030f04, 0x040402a4, 0x0303a402, 0x08010350, 0x02020202, 0x20030108, 0x01080202, 0x08010303, 0x02200202, 0x03010802, 0x02080103, 0x02734702, 
    0x73020404, 0x12040403, 0x02040402, 0x04040254, 0x02014d02, 0x02460102, 0x46020101, 0x01020201, 0x01010246, 0x02014602, 0x02460102, 0x00020101, 
    0x00000500, 0xe8000000, 0x0f00c000, 0x2f001f00, 0x4f003f00, 0x15370000, 0x012b0614, 0x013d2622, 0x013b3634, 0x34071632, 0x22012b26, 0x14011d06, 
    0x32013b16, 0x34273536, 0x22012b26, 0x14011d06, 0x32013b16, 0x34373536, 0x22012b26, 0x14011d06, 0x32013b16, 0x34373536, 0x22012b26, 0x14011d06, 
    0x32013b16, 0x04e73536, 0x0403c102, 0x02c10304, 0x03030f04, 0x040402a4, 0x0303a402, 0x08010350, 0x02020202, 0x20030108, 0x01080202, 0x08010303, 
    0x02200202, 0x03010802, 0x02080103, 0x0273b902, 0x73020404, 0x12040403, 0x02040402, 0x04040254, 0x02014d02, 0x02460102, 0x46020101, 0x01020201, 
    0x01010246, 0x02014602, 0x02460102, 0x00020101, 0x00000200, 0xe6000000, 0x2600c000, 0x00003c00, 0x23012e37, 0x16140622, 0x37363233, 0x3435012e, 
    0x013f3637, 0x16171617, 0x0f060714, 0x33011e01, 0x26343632, 0x27062223, 0x1e323336, 0x010e1401, 0x06272223, 0x012e2223, 0x33013e34, 0x13078132, 
    0x1e1e150b, 0x07130b15, 0x0103040a, 0x04060406, 0x02030301, 0x13070306, 0x1d1d150b, 0x08130b15, 0x1e121411, 0x121e1111, 0x14111114, 0x11111e12, 
    0xa114121e, 0x271c0807, 0x0d07081c, 0x0607090a, 0x0b060904, 0x0e050307, 0x05090407, 0x271c0707, 0x0b0d081c, 0x1e221e11, 0x110b0b11, 0x111e221e, 
    0x00000200, 0xd1000000, 0x1100d100, 0x00002300, 0x013e3437, 0x1632013b, 0x0e16011d, 0x22272301, 0x14373526, 0x1614011d, 0x013e3317, 0x2634013d, 
    0x0622012b, 0x73100a30, 0x010c0601, 0x7e060b01, 0x04100a07, 0x03037303, 0x03730204, 0x0b06bf04, 0x16060c01, 0x010a0d62, 0x04790709, 0x03030769, 
    0x02030101, 0x03040275, 0x00000100, 0xb8000000, 0x1c00e600, 0x14370000, 0x2f36013f, 0x34303701, 0x3637012b, 0x22233126, 0x3b06010f, 0x010f3201, 
    0x4e152627, 0x02023402, 0x3601400d, 0x23010135, 0x01330102, 0x01023102, 0x1b020d29, 0x01160102, 0x01570b01, 0x0201014f, 0x3a01025f, 0x00020109, 
    0x00000100, 0xc1000000, 0x1f00e800, 0x32370000, 0x011f3233, 0x013f3216, 0x15013b36, 0x15331527, 0x2f062227, 0x06222601, 0x1735012b, 0x1c402337, 
    0x0102021b, 0x01020502, 0x37370202, 0x051b1a36, 0x04010201, 0x36390203, 0x02e73701, 0x04050504, 0xad011102, 0x02010111, 0x11090404, 0x0000ac01, 
    0x00000100, 0xe1000000, 0x4900e000, 0x34370000, 0x17072326, 0x17161716, 0x033e1716, 0x2227012e, 0x06070607, 0x2214010f, 0x012e013d, 0x0622012b, 
    0x1614011d, 0x3632013b, 0x2636013d, 0x2622012b, 0x3736013f, 0x17363736, 0x15011e32, 0x010e0706, 0x27262726, 0x04372726, 0x06050801, 0x120f0c08, 
    0x182c1c16, 0x1c2c1801, 0x0b0d1114, 0x01050608, 0x07010201, 0x02020202, 0x01020133, 0x02190203, 0x05030101, 0x0f0b0a07, 0x15261811, 0x250c0d01, 
    0x0a0c1027, 0x01590507, 0x0b080401, 0x09070c08, 0x2c1b0101, 0x011b2c31, 0x070a0607, 0x02010808, 0x02020219, 0x02023102, 0x02060202, 0x07010302, 
    0x05090707, 0x26180107, 0x11141a15, 0x05070113, 0x00080709, 0x00000200, 0xc1000000, 0x2800e200, 0x00003800, 0x36262737, 0x1736013f, 0x07011f16, 
    0x26012f30, 0x010f2627, 0x1f161706, 0x16323301, 0x0614011d, 0x2622012b, 0x3634013d, 0x26341733, 0x0622012b, 0x1614011d, 0x3632013b, 0x0b095335, 
    0x130d1203, 0x110c0f10, 0x090b060f, 0x0b0e0907, 0x0701010f, 0x0503520e, 0x03700305, 0x68030505, 0x015a0102, 0x5a010202, 0x10800201, 0x07092414, 
    0x1607090a, 0x140b071f, 0x07060410, 0x080e0805, 0x0305180d, 0x05050355, 0x05035503, 0x03030114, 0x03013d01, 0x00000103, 0x00000100, 0xbf000000, 
    0x4900e700, 0x16370000, 0x23263436, 0x3f363735, 0x37023e01, 0x27333536, 0x15331507, 0x0f010e16, 0x010f0601, 0x2f323335, 0x3b060701, 0x27221501, 
    0x012f012e, 0x36323526, 0x06222634, 0x14331614, 0x011f1617, 0x1617011e, 0x22153133, 0x81161406, 0x050b0d0b, 0x01060606, 0x02090306, 0x25010e01, 
    0x0204010b, 0x06040204, 0x01020d06, 0x02011716, 0x04070d10, 0x02010103, 0x100e0c05, 0x02050b0f, 0x02010201, 0x0e0a0605, 0x1a0c0b06, 0x0b100d01, 
    0x02020128, 0x08030101, 0x2108080b, 0x0b022001, 0x01020209, 0x4a010201, 0x01252402, 0x05040566, 0x09080105, 0x0c0f0f0d, 0x080b0d12, 0x04040204, 
    0x0e060406, 0x000b110b, 0x00000300, 0xd2000000, 0x0f00d100, 0x2f001f00, 0x0e370000, 0x22012b01, 0x3e013d26, 0x32013b01, 0x14071516, 0x22012b06, 
    0x34013d26, 0x32333736, 0x14171516, 0x06012b06, 0x34353726, 0x32333736, 0x01921516, 0x04100404, 0x04040105, 0x41050410, 0x04100405, 0x10040404, 
    0x05810504, 0x05041004, 0x10040401, 0x03370504, 0x92030404, 0x03050503, 0x04040392, 0x04039203, 0x92030501, 0x05010403, 0x04039203, 0x00030501, 
    0x00000300, 0xc0000000, 0x1400e800, 0x41003000, 0x32370000, 0x011d021e, 0x22020e14, 0x013d022e, 0x17023e34, 0x1d020e22, 0x3b033e01, 0x16173201, 
    0x16171617, 0x35271617, 0x07022e34, 0x14020e22, 0x3e32021e, 0x022e3402, 0x11180d80, 0x18110a0a, 0x0a11181a, 0x0d18110a, 0x080d110a, 0x0f0a0f03, 
    0x05060205, 0x06070907, 0x06050304, 0x0a120d07, 0x080d110a, 0x14110d08, 0x08080d11, 0x0ae7110d, 0x4e0d1811, 0x0a11180d, 0x0d18110a, 0x11180d4e, 
    0x0e08120a, 0x041f0b13, 0x0104050d, 0x07040502, 0x07070404, 0x0e130b20, 0x0d084b08, 0x0d111411, 0x110d0808, 0x080d1114, 0x00000300, 0xc0000000, 
    0x1400e800, 0x41003000, 0x22370000, 0x013d022e, 0x32023e34, 0x011d021e, 0x27020e14, 0x3d023e32, 0x2b030e01, 0x26272201, 0x26272627, 0x15172627, 
    0x37021e14, 0x34023e32, 0x0e22022e, 0x021e1402, 0x11180d80, 0x18110a0a, 0x0a11181a, 0x0d18110a, 0x080d110a, 0x0f0a0f03, 0x05060205, 0x06070907, 
    0x06050304, 0x0a120d07, 0x080d110a, 0x14110d08, 0x08080d11, 0x0a19110d, 0x4e0d1811, 0x0a11180d, 0x0d18110a, 0x11180d4e, 0x0e08120a, 0x041f0b13, 
    0x0104050d, 0x07040502, 0x07070404, 0x0e130b20, 0x0d084b08, 0x0d111411, 0x110d0808, 0x080d1114, 0x00000500, 0xc0000000, 0x0f00e700, 0x2f001f00, 
    0x4f003f00, 0x23370000, 0x013d2622, 0x013b3634, 0x011d1632, 0x32270614, 0x34013d36, 0x22012b26, 0x14011d06, 0x32373316, 0x34013d36, 0x22012b26, 
    0x14011d06, 0x32173316, 0x34013d36, 0x22012b26, 0x14011d06, 0x32173316, 0x34013d36, 0x22012b26, 0x14011d06, 0x73b93316, 0x02040402, 0x04040373, 
    0x04040212, 0x04025402, 0x014d0204, 0x46010202, 0x02010102, 0x02020146, 0x01024601, 0x01460201, 0x46010202, 0x02010102, 0xc1020419, 0x03040403, 
    0x0f0402c1, 0x02a40303, 0xa4020404, 0x03500303, 0x02020801, 0x01080202, 0x02022003, 0x03030108, 0x02020801, 0x08020220, 0x01030301, 0x00020208, 
    0x00000500, 0xc1000000, 0x0f00e800, 0x2f001f00, 0x4f003f00, 0x33370000, 0x011d1632, 0x012b0614, 0x013d2622, 0x22173634, 0x14011d06, 0x32013b16, 
    0x34013d36, 0x22072326, 0x14011d06, 0x32013b16, 0x34013d36, 0x22272326, 0x14011d06, 0x32013b16, 0x34013d36, 0x22272326, 0x14011d06, 0x32013b16, 
    0x34013d36, 0x73472326, 0x02040402, 0x04040373, 0x04040212, 0x04025402, 0x014d0204, 0x46010202, 0x02010102, 0x02020146, 0x01024601, 0x01460201, 
    0x46010202, 0x02010102, 0xc10204e7, 0x03040403, 0x0f0402c1, 0x02a40303, 0xa4020404, 0x03500303, 0x02020801, 0x01080202, 0x02022003, 0x03030108, 
    0x02020801, 0x08020220, 0x01030301, 0x00020208, 0x00000100, 0xe0000000, 0x7100df00, 0x33370000, 0x013d3632, 0x011f3234, 0x013b1614, 0x013d3632, 
    0x31171626, 0x013b011e, 0x013d3632, 0x011f3234, 0x013b011e, 0x013d013e, 0x011f3634, 0x32013b16, 0x3b36013f, 0x3d363201, 0x2b263401, 0x010f0601, 
    0x1727010e, 0x012f012e, 0x012b012e, 0x011d0622, 0x012f2214, 0x012b012e, 0x17150622, 0x012f2214, 0x012b2634, 0x011d0626, 0x012f2614, 0x012b012e, 
    0x02020d20, 0x030c0101, 0x02020901, 0x010d0201, 0x01090103, 0x0a020203, 0x0a020301, 0x03030301, 0x07040306, 0x04090403, 0x02021804, 0x04180202, 
    0x0a040404, 0x08030203, 0x03010b02, 0x02020702, 0x010c0201, 0x01090103, 0x01010202, 0x0902030f, 0x07010201, 0x02020106, 0x02021f0d, 0x43040453, 
    0x02030301, 0x34022626, 0x01030301, 0x1503042c, 0x02010301, 0x01041302, 0x02030603, 0x02020205, 0x01030108, 0x02020301, 0x05010101, 0x03011403, 
    0x04130203, 0x02022b04, 0x042b0202, 0x02014304, 0x27010301, 0x2d2e0226, 0x00000202, 0x00000500, 0xdc000000, 0x0c00d000, 0x22001900, 0x34002b00, 
    0x22370000, 0x3634012e, 0x011e1737, 0x27010e14, 0x34013e32, 0x0e232726, 0x011e1401, 0x32161437, 0x22263436, 0x16143706, 0x26343632, 0x14070622, 
    0x34363216, 0x80062226, 0x19192a19, 0x19145d15, 0x15192a19, 0x10121523, 0x15121056, 0x0e090523, 0x090e0909, 0x090e0930, 0x60090e09, 0x09090e09, 
    0x1924090e, 0x0c2b322a, 0x322a0c01, 0x150f192a, 0x0b212923, 0x2329210b, 0x09071d15, 0x09090e09, 0x09090723, 0x0809090e, 0x0e090907, 0x00000909, 
    0x00000300, 0xd2000000, 0x1200d400, 0x27001b00, 0x06370000, 0x023e022e, 0x1617011e, 0x17060706, 0x012f0731, 0x26343632, 0x16140622, 0x23152337, 
    0x33153315, 0x23353335, 0x161e0e78, 0x1e150708, 0x0404161d, 0x3c010607, 0x11223611, 0x17221717, 0x10101917, 0x10101010, 0x15080562, 0x08161d1e, 
    0x0b0f1507, 0x34010b1d, 0x17093912, 0x22171722, 0x10104017, 0x00101010, 0x00000300, 0xd2000000, 0x1200d400, 0x1f001b00, 0x06370000, 0x023e022e, 
    0x1617011e, 0x17060706, 0x012f0731, 0x26343632, 0x16140622, 0x35331527, 0x161e0e78, 0x1e150708, 0x0404161d, 0x3c010607, 0x11223611, 0x17221717, 
    0x62300717, 0x1e150805, 0x0708161d, 0x1d0b0f15, 0x1234010b, 0x22170939, 0x17221717, 0x00101030, 0x10000000, 0x0100c600, 0x00000000, 0x09000100, 
    0x01000000, 0x00000000, 0x07000200, 0x01000900, 0x00000000, 0x09000300, 0x01001000, 0x00000000, 0x09000400, 0x01001900, 0x00000000, 0x0b000500, 
    0x01002200, 0x00000000, 0x09000600, 0x01002d00, 0x00000000, 0x2b000a00, 0x01003600, 0x00000000, 0x13000b00, 0x03006100, 0x09040100, 0x12000100, 
    0x03007400, 0x09040100, 0x0e000200, 0x03008600, 0x09040100, 0x12000300, 0x03009400, 0x09040100, 0x12000400, 0x0300a600, 0x09040100, 0x16000500, 
    0x0300b800, 0x09040100, 0x12000600, 0x0300ce00, 0x09040100, 0x56000a00, 0x0300e000, 0x09040100, 0x26000b00, 0x6f663601, 0x7561746e, 0x526f6964, 
    0x6c756765, 0x6f667261, 0x7561746e, 0x666f6964, 0x61746e6f, 0x6f696475, 0x73726556, 0x206e6f69, 0x66302e31, 0x61746e6f, 0x6f696475, 0x656e6547, 
    0x65746172, 0x79622064, 0x67767320, 0x66747432, 0x6f726620, 0x6f46206d, 0x6c65746e, 0x70206f6c, 0x656a6f72, 0x682e7463, 0x3a707474, 0x6f662f2f, 
    0x6c65746e, 0x632e6f6c, 0x66006d6f, 0x6e006f00, 0x61007400, 0x64007500, 0x6f006900, 0x65005200, 0x75006700, 0x61006c00, 0x66007200, 0x6e006f00, 
    0x61007400, 0x64007500, 0x6f006900, 0x6f006600, 0x74006e00, 0x75006100, 0x69006400, 0x56006f00, 0x72006500, 0x69007300, 0x6e006f00, 0x31002000, 
    0x30002e00, 0x6f006600, 0x74006e00, 0x75006100, 0x69006400, 0x47006f00, 0x6e006500, 0x72006500, 0x74006100, 0x64006500, 0x62002000, 0x20007900, 
    0x76007300, 0x32006700, 0x74007400, 0x20006600, 0x72006600, 0x6d006f00, 0x46002000, 0x6e006f00, 0x65007400, 0x6c006c00, 0x20006f00, 0x72007000, 
    0x6a006f00, 0x63006500, 0x2e007400, 0x74006800, 0x70007400, 0x2f003a00, 0x66002f00, 0x6e006f00, 0x65007400, 0x6c006c00, 0x2e006f00, 0x6f006300, 
    0x00006d00, 0x00000200, 0x00000000, 0x00000200, 0x00000000, 0x00000000, 0x00000000, 0x00000000, 0x00000000, 0x02019c00, 0x04010301, 0x06010501, 
    0x08010701, 0x0a010901, 0x0c010b01, 0x0e010d01, 0x10010f01, 0x12011101, 0x14011301, 0x16011501, 0x18011701, 0x1a011901, 0x1c011b01, 0x1e011d01, 
    0x20011f01, 0x22012101, 0x24012301, 0x26012501, 0x28012701, 0x2a012901, 0x2c012b01, 0x2e012d01, 0x30012f01, 0x32013101, 0x34013301, 0x36013501, 
    0x38013701, 0x3a013901, 0x3c013b01, 0x3e013d01, 0x40013f01, 0x42014101, 0x44014301, 0x46014501, 0x48014701, 0x4a014901, 0x4c014b01, 0x4e014d01, 
    0x50014f01, 0x52015101, 0x54015301, 0x56015501, 0x58015701, 0x5a015901, 0x5c015b01, 0x5e015d01, 0x60015f01, 0x62016101, 0x64016301, 0x66016501, 
    0x68016701, 0x6a016901, 0x6c016b01, 0x6e016d01, 0x70016f01, 0x72017101, 0x74017301, 0x76017501, 0x78017701, 0x7a017901, 0x7c017b01, 0x7e017d01, 
    0x80017f01, 0x82018101, 0x84018301, 0x86018501, 0x88018701, 0x8a018901, 0x8c018b01, 0x8e018d01, 0x90018f01, 0x92019101, 0x94019301, 0x96019501, 
    0x98019701, 0x9a019901, 0x9c019b01, 0x07009d01, 0x2d646166, 0x08524441, 0x2d646166, 0x52534441, 0x64616609, 0x4448412d, 0x66065253, 0x412d6461, 
    0x61661052, 0x72612d64, 0x6365726d, 0x6964726f, 0x660c676e, 0x612d6461, 0x68637072, 0x0b64726f, 0x2d646166, 0x64707261, 0x106e776f, 0x2d646166, 
    0x64707261, 0x616e776f, 0x7075646e, 0x6461660d, 0x7072612d, 0x6e776f64, 0x66107075, 0x612d6461, 0x6c707072, 0x726f7961, 0x0d726564, 0x2d646166, 
    0x72707261, 0x6f646e61, 0x6166096d, 0x72612d64, 0x0f707570, 0x2d646166, 0x75707261, 0x646e6170, 0x0d6e776f, 0x2d646166, 0x75707261, 0x776f6470, 
    0x61660f6e, 0x72612d64, 0x73776f72, 0x726f682d, 0x61660f7a, 0x72612d64, 0x73776f72, 0x7265762d, 0x61661174, 0x75612d64, 0x616d6f74, 0x6e6f6974, 
    0x1170322d, 0x2d646166, 0x6f747561, 0x6974616d, 0x332d6e6f, 0x61661170, 0x75612d64, 0x616d6f74, 0x6e6f6974, 0x0c70342d, 0x2d646166, 0x6b636162, 
    0x64726177, 0x6461660d, 0x756c622d, 0x6f6f7465, 0x660e6874, 0x632d6461, 0x74657261, 0x776f642d, 0x61660e6e, 0x61632d64, 0x2d746572, 0x7466656c, 
    0x6461660f, 0x7261632d, 0x722d7465, 0x74686769, 0x6461660c, 0x7261632d, 0x752d7465, 0x61660970, 0x6c632d64, 0x0865736f, 0x2d646166, 0x79706f63, 
    0x64616607, 0x7570632d, 0x6461660a, 0x7475632d, 0x11726574, 0x2d646166, 0x69676964, 0x2d6c6174, 0x6f6c6f63, 0x61660f6e, 0x69642d64, 0x61746967, 
    0x6f642d6c, 0x61660c74, 0x69642d64, 0x61746967, 0x660c306c, 0x642d6461, 0x74696769, 0x0c316c61, 0x2d646166, 0x69676964, 0x326c6174, 0x6461660c, 
    0x6769642d, 0x6c617469, 0x61660c33, 0x69642d64, 0x61746967, 0x660c346c, 0x642d6461, 0x74696769, 0x0c356c61, 0x2d646166, 0x69676964, 0x366c6174, 
    0x6461660c, 0x6769642d, 0x6c617469, 0x61660c37, 0x69642d64, 0x61746967, 0x660c386c, 0x642d6461, 0x74696769, 0x0a396c61, 0x2d646166, 0x6b736964, 
    0x660b6f69, 0x642d6461, 0x706d7572, 0x660d6461, 0x642d6461, 0x696c7075, 0x65746163, 0x6461660a, 0x6172652d, 0x08726573, 0x2d646166, 0x64776666, 
    0x64616613, 0x6c69662d, 0x2d726574, 0x646e6162, 0x73736170, 0x6461660f, 0x6c69662d, 0x2d726574, 0x6c6c6562, 0x64616611, 0x6c69662d, 0x2d726574, 
    0x61707962, 0x66137373, 0x662d6461, 0x65746c69, 0x69682d72, 0x61706867, 0x66127373, 0x662d6461, 0x65746c69, 0x6f6c2d72, 0x73617077, 0x61661073, 
    0x69662d64, 0x7265746c, 0x746f6e2d, 0x66176863, 0x662d6461, 0x65746c69, 0x65722d72, 0x69682d7a, 0x61706867, 0x66167373, 0x662d6461, 0x65746c69, 
    0x65722d72, 0x6f6c2d7a, 0x73617077, 0x61661673, 0x69662d64, 0x7265746c, 0x6568732d, 0x6e69766c, 0x69682d67, 0x64616616, 0x6c69662d, 0x2d726574, 
    0x6c656873, 0x676e6976, 0x0c6f6c2d, 0x2d646166, 0x646c6f66, 0x6b636162, 0x6461660b, 0x726f662d, 0x64726177, 0x6461660c, 0x652d682d, 0x6e617078, 
    0x61660c64, 0x61682d64, 0x6c636472, 0x66117069, 0x682d6461, 0x63647261, 0x6370696c, 0x65767275, 0x6461660e, 0x6165682d, 0x6f687064, 0x0c73656e, 
    0x2d646166, 0x6279656b, 0x6472616f, 0x64616608, 0x636f6c2d, 0x61660c6b, 0x6f6c2d64, 0x612d6f67, 0x66147861, 0x6c2d6461, 0x2d6f676f, 0x656c6261, 
    0x6c6e6f74, 0x0b6b6e69, 0x2d646166, 0x6f676f6c, 0x1175612d, 0x2d646166, 0x6f676f6c, 0x6475612d, 0x74696361, 0x61661179, 0x6f6c2d64, 0x612d6f67, 
    0x6f696475, 0x0f737562, 0x2d646166, 0x6f676f6c, 0x6275632d, 0x0b657361, 0x2d646166, 0x6f676f6c, 0x0d6c662d, 0x2d646166, 0x6f676f6c, 0x63756a2d, 
    0x61660f65, 0x6f6c2d64, 0x6c2d6f67, 0x70736461, 0x61660d61, 0x6f6c2d64, 0x6c2d6f67, 0x0c657669, 0x2d646166, 0x6f676f6c, 0x32766c2d, 0x64616611, 
    0x676f6c2d, 0x72702d6f, 0x6f6f746f, 0x6610736c, 0x6c2d6461, 0x2d6f676f, 0x6b636172, 0x0f747865, 0x2d646166, 0x6f676f6c, 0x6165722d, 0x0f726570, 
    0x2d646166, 0x6f676f6c, 0x6165722d, 0x0f6e6f73, 0x2d646166, 0x6f676f6c, 0x7765722d, 0x12657269, 0x2d646166, 0x6f676f6c, 0x7574732d, 0x6f6f6964, 
    0x6612656e, 0x6c2d6461, 0x2d6f676f, 0x63617274, 0x6f69746b, 0x61660c6e, 0x6f6c2d64, 0x762d6f67, 0x66117473, 0x6c2d6461, 0x2d6f676f, 0x65766177, 
    0x6d726f66, 0x64616608, 0x6f6f6c2d, 0x61660d70, 0x656d2d64, 0x6e6f7274, 0x0e656d6f, 0x2d646166, 0x7263696d, 0x6f68706f, 0x660c656e, 0x6d2d6461, 
    0x70696469, 0x0d67756c, 0x2d646166, 0x72646f6d, 0x6f646e61, 0x61660e6d, 0x6f6d2d64, 0x77617364, 0x6e776f64, 0x6461660c, 0x646f6d2d, 0x75776173, 
    0x61660970, 0x6f6d2d64, 0x0b687364, 0x2d646166, 0x73646f6d, 0x0d656e69, 0x2d646166, 0x73646f6d, 0x72617571, 0x61660a65, 0x6f6d2d64, 0x69727464, 
    0x6461660f, 0x646f6d2d, 0x72616c75, 0x67756c70, 0x64616608, 0x6e6f6d2d, 0x6166086f, 0x756d2d64, 0x66086574, 0x6e2d6461, 0x08747865, 0x2d646166, 
    0x6e65706f, 0x64616609, 0x7361702d, 0x66096574, 0x702d6461, 0x65737561, 0x64616607, 0x6e65702d, 0x64616609, 0x6168702d, 0x66086573, 0x702d6461, 
    0x0b79616c, 0x2d646166, 0x6e696f70, 0x0f726574, 0x2d646166, 0x65776f70, 0x69777372, 0x0c686374, 0x2d646166, 0x73657270, 0x612d7465, 0x6461660d, 
    0x6572702d, 0x2d746573, 0x660c6261, 0x702d6461, 0x65736572, 0x0d622d74, 0x2d646166, 0x73657270, 0x622d7465, 0x61660861, 0x72702d64, 0x660c7665, 
    0x702d6461, 0x68636e75, 0x0d6e692d, 0x2d646166, 0x636e7570, 0x756f2d68, 0x61660774, 0x61722d64, 0x6166106d, 0x61722d64, 0x6d6f646e, 0x6964312d, 
    0x66106563, 0x722d6461, 0x6f646e61, 0x64322d6d, 0x0a656369, 0x2d646166, 0x6f636572, 0x66086472, 0x722d6461, 0x0e6f6465, 0x2d646166, 0x65706572, 
    0x6f2d7461, 0x660a656e, 0x722d6461, 0x61657065, 0x61660774, 0x65722d64, 0x61661377, 0x6f722d64, 0x73646e75, 0x63746977, 0x666f2d68, 0x61661266, 
    0x6f722d64, 0x73646e75, 0x63746977, 0x6e6f2d68, 0x64616608, 0x7661732d, 0x61660a65, 0x61732d64, 0x73616576, 0x6461660c, 0x6963732d, 0x726f7373, 
    0x61660b73, 0x68732d64, 0x6c666675, 0x61661265, 0x6c732d64, 0x72656469, 0x756f722d, 0x312d646e, 0x64616612, 0x696c732d, 0x2d726564, 0x6e756f72, 
    0x12322d64, 0x2d646166, 0x64696c73, 0x722d7265, 0x646e756f, 0x6612332d, 0x732d6461, 0x6564696c, 0x6e616872, 0x2d656c64, 0x61661231, 0x6c732d64, 
    0x72656469, 0x646e6168, 0x322d656c, 0x6461660c, 0x666f732d, 0x696c6374, 0x61661170, 0x6f732d64, 0x6c637466, 0x75637069, 0x08657672, 0x2d646166, 
    0x6f6c6f73, 0x6461660b, 0x6570732d, 0x72656b61, 0x64616614, 0x7571732d, 0x73657261, 0x63746977, 0x666f2d68, 0x61661366, 0x71732d64, 0x65726175, 
    0x74697773, 0x6f2d6863, 0x61660a6e, 0x74732d64, 0x6f657265, 0x64616608, 0x6f74732d, 0x61660f70, 0x68742d64, 0x65646e75, 0x6c6f6272, 0x61660e74, 
    0x69742d64, 0x6573656d, 0x7463656c, 0x64616608, 0x646e752d, 0x61660a6f, 0x6e752d64, 0x6b636f6c, 0x64616607, 0x6273752d, 0x6461660c, 0x652d762d, 
    0x6e617078, 0x61661464, 0x72762d64, 0x646e756f, 0x74697773, 0x6f2d6863, 0x66136666, 0x762d6461, 0x6e756f72, 0x69777364, 0x2d686374, 0x66156e6f, 
    0x762d6461, 0x61757173, 0x77736572, 0x68637469, 0x66666f2d, 0x64616614, 0x7173762d, 0x65726175, 0x74697773, 0x6f2d6863, 0x61660c6e, 0x61772d64, 
    0x6f666576, 0x660b6d72, 0x782d6461, 0x6c70726c, 0x660a6775, 0x7a2d6461, 0x696d6f6f, 0x61660b6e, 0x6f7a2d64, 0x756f6d6f, 0x00000074, 
};

