// File: '/home/pr/Downloads/futura-extra-bold.ttf' (42064 bytes)
// Exported using binary_to_compressed_c.cpp
static const unsigned int futura_extra_bold_size = 42064;
static const unsigned int futura_extra_bold_data[42064/4] =
{
    0x00000100, 0x00011100, 0x10000400, 0x534f5047, 0x9ceee2d6, 0x5ca10000, 0x7c000000, 0x42555347, 0x8288d279, 0xd8a10000, 0x78020000, 0x322f534f, 
    0xc77d1d6e, 0x98010000, 0x60000000, 0x584d4456, 0x6779f471, 0x94050000, 0xe0050000, 0x70616d63, 0x1aa8cbd4, 0x740b0000, 0x3e060000, 0x20747663, 
    0x0d0b5501, 0x78130000, 0x22000000, 0x6d677066, 0x379c5906, 0xb4110000, 0x73010000, 0x70736167, 0x09001700, 0x4ca10000, 0x10000000, 0x66796c67, 
    0xc263f0f4, 0x9c130000, 0x50800000, 0x64616568, 0x1c15e0f6, 0x1c010000, 0x36000000, 0x61656868, 0xda057608, 0x54010000, 0x24000000, 0x78746d68, 
    0x0e2c0473, 0xf8010000, 0x9c030000, 0x61636f6c, 0x3654c033, 0xec930000, 0xd0010000, 0x7078616d, 0x1e02ff02, 0x78010000, 0x20000000, 0x656d616e, 
    0x91699ac0, 0xbc950000, 0x81090000, 0x74736f70, 0xb1d165af, 0x409f0000, 0x0c020000, 0x70657270, 0xc0330b9b, 0x28130000, 0x4e000000, 0x00000100, 
    0x83000100, 0xc3f50cb2, 0xf53c0f5f, 0xe8030900, 0x00000000, 0x63e81ec9, 0x00000000, 0x63e81ec9, 0xfcfe07ff, 0xf1037e06, 0x09000000, 0x00000200, 
    0x00000000, 0x00000100, 0x56ffee02, 0x95060000, 0x07ff07ff, 0x01007e06, 0x00000000, 0x00000000, 0x00000000, 0xe7000000, 0x00000100, 0x6400e700, 
    0x45000700, 0x01000400, 0x00000000, 0x00000a00, 0x73010002, 0x01000200, 0x49020200, 0x05009001, 0xbc020401, 0x00008a02, 0xbc028c00, 0x00008a02, 
    0x3200dd01, 0x0000fa00, 0x05050002, 0x02000005, 0x00800400, 0x0040af00, 0x00004800, 0x00000000, 0x59500000, 0x40005352, 0x02fb2000, 0x25ff2b03, 
    0xf1034d00, 0x00200401, 0x00401101, 0x13020000, 0x0000f202, 0x04002000, 0x0000a001, 0x00000000, 0x0000a001, 0x0000a001, 0x6b004003, 0x17007904, 
    0x2800c203, 0x3800ed01, 0x3700c201, 0x3700c201, 0x3d00ec01, 0x64002003, 0x0000a001, 0x4000e501, 0x3b00a001, 0x1200d802, 0x38004003, 0xba004003, 
    0x1a004003, 0x3e004003, 0x34004003, 0x64004003, 0x3a004003, 0x5b004003, 0x48004003, 0x39004003, 0x3b00a001, 0x0000a001, 0x64002003, 0x64002003, 
    0x64002003, 0x3100b902, 0x24002003, 0xfaff3703, 0x3c00e002, 0x23009002, 0x40003b03, 0x3a007002, 0x3e005a02, 0x20007b03, 0x3e003303, 0x40009301, 
    0xf2ff1102, 0x40003503, 0x3e004302, 0x1f003b04, 0x3a006803, 0x23008803, 0x3e00d802, 0x2e009c03, 0x3e00f502, 0x17009702, 0x0a005402, 0x3a002f03, 
    0xffff2e03, 0xfeff9f04, 0xfcff3f03, 0xf8ff0503, 0x02000303, 0x3c00d601, 0x1200d802, 0x3c00d601, 0x64002003, 0x0000f401, 0x3900ed01, 0x2000d002, 
    0x3200d002, 0x1e000202, 0x2200d002, 0x2200ba02, 0x0500ae01, 0x2100d202, 0x3200bb02, 0x36008801, 0x36008801, 0x3400e602, 0x39007501, 0x3800f303, 
    0x3200bf02, 0x2300ca02, 0x3300cc02, 0x2000cc02, 0x3100ef01, 0x09001502, 0x1500b101, 0x3100b902, 0xfaffae02, 0xf1ffb503, 0x0000e102, 0xeaff9202, 
    0x10005d02, 0x3700d601, 0x0801d802, 0x3700d601, 0x64002003, 0x5000ce01, 0xc9004003, 0x60004003, 0x07ff7f00, 0x16004003, 0x86004003, 0x63004003, 
    0x6b004003, 0x7500ed01, 0x36001403, 0x30003c02, 0x2f006001, 0x30006001, 0x05003603, 0x05002303, 0x0000f401, 0x5a004003, 0x6c004003, 0x4e00a001, 
    0x33004003, 0xe4004003, 0x3900ed01, 0x36001403, 0x36001403, 0x30003c02, 0x1200e803, 0x17009506, 0x2a00b902, 0x5200a401, 0x5200a401, 0x66005802, 
    0x4e003002, 0x7b005802, 0x5c003002, 0x7f00a401, 0x6a006c02, 0x5600e001, 0x5300a401, 0x85006c02, 0x6900a401, 0x65005802, 0x8200e803, 0xfcff2404, 
    0x0300a401, 0x1a008803, 0x2500a204, 0x0100a401, 0x20007404, 0x43008801, 0x2300ca02, 0x1d002004, 0x36000103, 0x64002003, 0x09002003, 0x1e000202, 
    0x64002003, 0x23009002, 0x09002003, 0x64002003, 0x2900b603, 0x4d00f401, 0x3100b902, 0x2e004003, 0xfaff3703, 0xfaff3703, 0xfaff3703, 0xfaff3703, 
    0xfaff3703, 0xfaff3703, 0x3a007002, 0x3a007002, 0x3a007002, 0x3a007002, 0x40009301, 0x05009301, 0xffff9301, 0x3c009301, 0x3a006803, 0x23008803, 
    0x23008803, 0x23008803, 0x23008803, 0x23008803, 0x3a002f03, 0x3a002f03, 0x3a002f03, 0x3a002f03, 0xf8ff0503, 0x2000d002, 0x2000d002, 0x2000d002, 
    0x2000d002, 0x2000d002, 0x2000d002, 0x2200ba02, 0x2200ba02, 0x2200ba02, 0x2200ba02, 0x43008801, 0xffff8801, 0xf9ff8801, 0x36008801, 0x3200bf02, 
    0x2300ca02, 0x2300ca02, 0x2300ca02, 0x2300ca02, 0x2300ca02, 0x3100b902, 0x3100b902, 0x3100b902, 0x3100b902, 0xeaff9202, 0x5000ce01, 0x70001403, 
    0x25008902, 0x1f00e901, 0x6400e004, 0x6400e004, 0x7c00f401, 0x64002003, 0x3e00d802, 0x0801d802, 0x04003b03, 0x6400e004, 0x64002003, 0x2300ca02, 
    0x3300cc02, 0x0700f401, 0x1700f401, 0x17009702, 0xf8ff0503, 0x02000303, 0x09001502, 0xeaff9202, 0x10005d02, 0x01000000, 0x01010100, 0x0c000101, 
    0xff08f800, 0x09000800, 0x0900fdff, 0xfdff0a00, 0x0b000a00, 0x0b00fdff, 0xfdff0c00, 0x0d000c00, 0x0d00fcff, 0xfcff0e00, 0x0f000e00, 0x0f00fcff, 
    0xfcff1000, 0x11001000, 0x1100fbff, 0xfbff1200, 0x13001200, 0x1300fbff, 0xfbff1400, 0x15001400, 0x1500faff, 0xfaff1600, 0x17001600, 0x1700faff, 
    0xfaff1800, 0x19001800, 0x1900f9ff, 0xf9ff1a00, 0x1b001a00, 0x1b00f9ff, 0xf8ff1c00, 0x1d001c00, 0x1d00f8ff, 0xf8ff1e00, 0x1f001e00, 0x1f00f8ff, 
    0xf7ff2000, 0x21002000, 0x2100f7ff, 0xf7ff2200, 0x23002200, 0x2300f7ff, 0xf6ff2400, 0x25002400, 0x2500f6ff, 0xf6ff2600, 0x27002600, 0x2700f6ff, 
    0xf5ff2800, 0x29002800, 0x2900f5ff, 0xf5ff2a00, 0x2b002a00, 0x2b00f5ff, 0xf4ff2c00, 0x2d002c00, 0x2d00f4ff, 0xf4ff2e00, 0x2f002e00, 0x2f00f4ff, 
    0xf3ff3000, 0x31003000, 0x3100f3ff, 0xf3ff3200, 0x33003200, 0x3300f3ff, 0xf2ff3400, 0x35003400, 0x3500f2ff, 0xf2ff3600, 0x37003600, 0x3700f1ff, 
    0xf1ff3800, 0x39003800, 0x3900f1ff, 0xf1ff3a00, 0x3b003a00, 0x3b00f0ff, 0xf0ff3c00, 0x3d003c00, 0x3d00f0ff, 0xf0ff3e00, 0x3f003e00, 0x3f00efff, 
    0xefff4000, 0x41004000, 0x4100efff, 0xefff4200, 0x43004200, 0x4300eeff, 0xeeff4400, 0x45004400, 0x4500eeff, 0xeeff4600, 0x47004600, 0x4700edff, 
    0xedff4800, 0x49004800, 0x4900edff, 0xedff4a00, 0x4b004a00, 0x4b00ecff, 0xecff4c00, 0x4d004c00, 0x4d00ecff, 0xebff4e00, 0x4f004e00, 0x4f00ebff, 
    0xebff5000, 0x51005000, 0x5100ebff, 0xeaff5200, 0x53005200, 0x5300eaff, 0xeaff5400, 0x55005400, 0x5500eaff, 0xe9ff5600, 0x57005600, 0x5700e9ff, 
    0xe9ff5800, 0x59005800, 0x5900e9ff, 0xe8ff5a00, 0x5b005a00, 0x5b00e8ff, 0xe8ff5c00, 0x5d005c00, 0x5d00e8ff, 0xe7ff5e00, 0x5f005e00, 0x5f00e7ff, 
    0xe7ff6000, 0x61006000, 0x6100e7ff, 0xe6ff6200, 0x63006200, 0x6300e6ff, 0xe6ff6400, 0x65006400, 0x6500e6ff, 0xe5ff6600, 0x67006600, 0x6700e5ff, 
    0xe5ff6800, 0x69006800, 0x6900e4ff, 0xe4ff6a00, 0x6b006a00, 0x6b00e4ff, 0xe4ff6c00, 0x6d006c00, 0x6d00e3ff, 0xe3ff6e00, 0x6f006e00, 0x6f00e3ff, 
    0xe3ff7000, 0x72007000, 0x7100e2ff, 0xe2ff7300, 0x74007200, 0x7300e2ff, 0xe2ff7500, 0x76007400, 0x7500e1ff, 0xe1ff7700, 0x78007600, 0x7700e1ff, 
    0xe1ff7900, 0x7a007800, 0x7900e0ff, 0xe0ff7b00, 0x7c007a00, 0x7b00e0ff, 0xe0ff7d00, 0x7e007c00, 0x7d00dfff, 0xdfff7f00, 0x80007e00, 0x7f00dfff, 
    0xdeff8100, 0x82008000, 0x8100deff, 0xdeff8300, 0x84008200, 0x8300deff, 0xddff8500, 0x86008400, 0x8500ddff, 0xddff8700, 0x88008600, 0x8700ddff, 
    0xdcff8900, 0x8a008800, 0x8900dcff, 0xdcff8b00, 0x8c008a00, 0x8b00dcff, 0xdbff8d00, 0x8e008c00, 0x8d00dbff, 0xdbff8f00, 0x90008e00, 0x8f00dbff, 
    0xdaff9100, 0x92009000, 0x9100daff, 0xdaff9300, 0x94009200, 0x9300daff, 0xd9ff9500, 0x96009400, 0x9500d9ff, 0xd9ff9700, 0x98009600, 0x9700d9ff, 
    0xd8ff9900, 0x9a009800, 0x9900d8ff, 0xd8ff9b00, 0x9c009a00, 0x9b00d7ff, 0xd7ff9d00, 0x9e009c00, 0x9d00d7ff, 0xd7ff9f00, 0xa0009e00, 0x9f00d6ff, 
    0xd6ffa100, 0xa200a000, 0xa100d6ff, 0xd6ffa300, 0xa400a200, 0xa300d5ff, 0xd5ffa500, 0xa600a400, 0xa500d5ff, 0xd5ffa700, 0xa800a600, 0xa700d4ff, 
    0xd4ffa900, 0xaa00a800, 0xa900d4ff, 0xd4ffab00, 0xac00aa00, 0xab00d3ff, 0xd3ffad00, 0xae00ac00, 0xad00d3ff, 0xd3ffaf00, 0xb000ae00, 0xaf00d2ff, 
    0xd2ffb100, 0xb200b000, 0xb100d2ff, 0xd1ffb300, 0xb400b200, 0xb300d1ff, 0xd1ffb500, 0xb600b400, 0xb500d1ff, 0xd0ffb700, 0xb800b600, 0xb700d0ff, 
    0xd0ffb900, 0xba00b800, 0xb900d0ff, 0xcfffbb00, 0xbc00ba00, 0xbb00cfff, 0xcfffbd00, 0xbe00bc00, 0xbd00cfff, 0xceffbf00, 0xc000be00, 0xbf00ceff, 
    0xceffc100, 0xc200c000, 0xc100ceff, 0xcdffc300, 0xc400c200, 0xc300cdff, 0xcdffc500, 0xc600c400, 0xc500cdff, 0xccffc700, 0xc800c600, 0xc700ccff, 
    0xccffc900, 0xca00c800, 0xc900ccff, 0xcbffcb00, 0xcc00ca00, 0xcb00cbff, 0xcbffcd00, 0xce00cc00, 0xcd00caff, 0xcaffcf00, 0xd000ce00, 0xcf00caff, 
    0xcaffd100, 0xd200d000, 0xd100c9ff, 0xc9ffd300, 0xd400d200, 0xd300c9ff, 0xc9ffd500, 0xd600d400, 0xd500c8ff, 0xc8ffd700, 0xd800d600, 0xd700c8ff, 
    0xc8ffd900, 0xda00d800, 0xd900c7ff, 0xc7ffdb00, 0xdc00da00, 0xdb00c7ff, 0xc7ffdd00, 0xde00dc00, 0xdd00c6ff, 0xc6ffdf00, 0xe000de00, 0xdf00c6ff, 
    0xc6ffe200, 0xe300e000, 0xe100c5ff, 0xc5ffe400, 0xe500e200, 0xe300c5ff, 0xc4ffe600, 0xe700e400, 0xe500c4ff, 0xc4ffe800, 0xe900e600, 0xe700c4ff, 
    0xc3ffea00, 0xeb00e800, 0xe900c3ff, 0xc3ffec00, 0xed00ea00, 0xeb00c3ff, 0xc2ffee00, 0xef00ec00, 0xed00c2ff, 0xc2fff000, 0xf100ee00, 0xef00c2ff, 
    0xc1fff200, 0xf300f000, 0xf100c1ff, 0xc1fff400, 0xf500f200, 0xf300c1ff, 0xc0fff600, 0xf700f400, 0xf500c0ff, 0xc0fff800, 0xf900f600, 0xf700c0ff, 
    0xbffffa00, 0xfb00f800, 0xf900bfff, 0xbffffc00, 0xfd00fa00, 0xfb00bfff, 0xbefffe00, 0xff00fc00, 0xfd00beff, 0xbeff0001, 0x0101fe00, 0xff00bdff, 
    0xbdff0201, 0x03000000, 0x03000000, 0x32040000, 0x00000100, 0x1c000000, 0x01000300, 0x26020000, 0x0a020600, 0x00000000, 0x01000001, 0x00000000, 
    0x00000000, 0x00000000, 0x01000000, 0x00000200, 0x00000000, 0x00000200, 0x00000000, 0x00000000, 0x00000000, 0x00000000, 0x00000000, 0x00000000, 
    0x00000000, 0x00000100, 0x03000000, 0xd100d000, 0x04009d00, 0x06000500, 0x08006700, 0x0a000900, 0x0c000b00, 0x0e000d00, 0x10000f00, 0x12001100, 
    0x14001300, 0x16001500, 0x18001700, 0x1a001900, 0x1c001b00, 0x1e001d00, 0x20001f00, 0x22002100, 0x24002300, 0x26002500, 0x28002700, 0x2a002900, 
    0x2c002b00, 0x2e002d00, 0x30002f00, 0x32003100, 0x34003300, 0x36003500, 0x38003700, 0x3a003900, 0x3c003b00, 0x3e003d00, 0x7b003f00, 0x42004100, 
    0x44004300, 0x46004500, 0x48004700, 0x4a004900, 0x4c004b00, 0x4e004d00, 0x50004f00, 0x52005100, 0x54005300, 0x56005500, 0x58005700, 0x5a005900, 
    0x5c005b00, 0x5e005d00, 0xa0000000, 0x9700a200, 0xac00a400, 0xb400af00, 0xba00b700, 0xb900b800, 0xbb00bc00, 0xbd009500, 0xbe00c000, 0xc100bf00, 
    0xc200c400, 0xc500c300, 0xc900c600, 0xc800c700, 0xcb00ca00, 0xcc00ce00, 0x6f00cd00, 0x60009b00, 0x65006100, 0x72007300, 0x94009200, 0x9a009800, 
    0x82007c00, 0x89000000, 0x00008b00, 0x00009600, 0x63000000, 0x00009c00, 0x00000000, 0x00000000, 0x8d008a00, 0x8e000000, 0x7a009000, 0x99005f00, 
    0x64000000, 0x00000000, 0x77006900, 0x03007800, 0xa300a100, 0x8c00b100, 0x6e009100, 0x68008800, 0x40007600, 0x93000700, 0xcf000000, 0x6200b600, 
    0x6a006600, 0x6c006b00, 0x70006d00, 0x74007100, 0x79007500, 0xa5009f00, 0xa6009e00, 0xa800a700, 0xaa00a900, 0xad00ab00, 0x0000ae00, 0xb200b000, 
    0xb500b300, 0x7d008f00, 0x7f007e00, 0x81008000, 0x84008300, 0x86008500, 0x04008700, 0x00000c02, 0x20003e00, 0x1e000400, 0x5f002700, 0x7e006000, 
    0x3101ff00, 0x53014201, 0x78016101, 0x92017e01, 0xc902c702, 0x7e03dd02, 0x1420bc03, 0x1e201a20, 0x26202220, 0x3a203020, 0x22214420, 0x15221222, 
    0x02fb1922, 0x0000ffff, 0x28002000, 0x61006000, 0x3101a000, 0x52014101, 0x78016001, 0x92017d01, 0xc902c602, 0x7e03d802, 0x1320bc03, 0x1c201820, 
    0x26202020, 0x39203020, 0x22214420, 0x15221222, 0x01fb1922, 0x0000ffff, 0x0000e0ff, 0x0000e0ff, 0x91ff5eff, 0x00000000, 0x00003eff, 0x0000d2fe, 
    0x0000b6fd, 0xe0fc9dfc, 0x00000000, 0x00000000, 0x49e052e0, 0x1ee031e0, 0xcade78df, 0x58de4dde, 0x01006b05, 0x00003e00, 0x00004a00, 0x00004800, 
    0x02010000, 0x00000401, 0x00000401, 0x00000401, 0x00000401, 0x0a010000, 0x10010c01, 0x00001401, 0x00000000, 0x00000000, 0x00000000, 0x00000000, 
    0x03000000, 0xd100d000, 0x04009d00, 0x06000500, 0x7b006700, 0x5f000300, 0x61006000, 0x63006600, 0x6500d900, 0x98008200, 0x69008a00, 0x0d009900, 
    0x7f009400, 0x96009b00, 0xe000df00, 0x9c007c00, 0x71007200, 0xd6008400, 0x77008d00, 0xdb00d500, 0x7a00d400, 0x9e00a100, 0xa3009f00, 0xa200a000, 
    0x97008900, 0xa400a700, 0xa600a500, 0xa800ab00, 0xaa00a900, 0xac00da00, 0xad00b000, 0xb100ae00, 0xd700af00, 0xb5008b00, 0xb300b200, 0xe200b400, 
    0x9200d800, 0xb700ba00, 0xbc00b800, 0xbb00b900, 0x95008e00, 0xbd00c000, 0xbf00be00, 0xc100c400, 0xc300c200, 0xc500dd00, 0xc600c900, 0xca00c700, 
    0x9300c800, 0xce009000, 0xcc00cb00, 0xe500cd00, 0xcf00de00, 0x91008c00, 0xe400e100, 0xe600e300, 0x87007d00, 0x81008000, 0x86008300, 0x85007e00, 
    0x88006e00, 0x07004000, 0x68007400, 0x75007600, 0x70006f00, 0x04007300, 0x00000c02, 0x20003e00, 0x1e000400, 0x5f002700, 0x7e006000, 0x3101ff00, 
    0x53014201, 0x78016101, 0x92017e01, 0xc902c702, 0x7e03dd02, 0x1420bc03, 0x1e201a20, 0x26202220, 0x3a203020, 0x22214420, 0x15221222, 0x02fb1922, 
    0x0000ffff, 0x28002000, 0x61006000, 0x3101a000, 0x52014101, 0x78016001, 0x92017d01, 0xc902c602, 0x7e03d802, 0x1320bc03, 0x1c201820, 0x26202020, 
    0x39203020, 0x22214420, 0x15221222, 0x01fb1922, 0x0000ffff, 0x0000e0ff, 0x0000e0ff, 0x91ff5eff, 0x00000000, 0x00003eff, 0x0000d2fe, 0x0000b6fd, 
    0xe0fc9dfc, 0x00000000, 0x00000000, 0x49e052e0, 0x1ee031e0, 0xcade78df, 0x58de4dde, 0x01006b05, 0x00003e00, 0x00004a00, 0x00004800, 0x02010000, 
    0x00000401, 0x00000401, 0x00000401, 0x00000401, 0x0a010000, 0x10010c01, 0x00001401, 0x00000000, 0x00000000, 0x00000000, 0x00000000, 0x03000000, 
    0xd100d000, 0x04009d00, 0x06000500, 0x7b006700, 0x5f000300, 0x61006000, 0x63006600, 0x6500d900, 0x98008200, 0x69008a00, 0x0d009900, 0x7f009400, 
    0x96009b00, 0xe000df00, 0x9c007c00, 0x71007200, 0xd6008400, 0x77008d00, 0xdb00d500, 0x7a00d400, 0x9e00a100, 0xa3009f00, 0xa200a000, 0x97008900, 
    0xa400a700, 0xa600a500, 0xa800ab00, 0xaa00a900, 0xac00da00, 0xad00b000, 0xb100ae00, 0xd700af00, 0xb5008b00, 0xb300b200, 0xe200b400, 0x9200d800, 
    0xb700ba00, 0xbc00b800, 0xbb00b900, 0x95008e00, 0xbd00c000, 0xbf00be00, 0xc100c400, 0xc300c200, 0xc500dd00, 0xc600c900, 0xca00c700, 0x9300c800, 
    0xce009000, 0xcc00cb00, 0xe500cd00, 0xcf00de00, 0x91008c00, 0xe400e100, 0xe600e300, 0x87007d00, 0x81008000, 0x86008300, 0x85007e00, 0x88006e00, 
    0x07004000, 0x68007400, 0x75007600, 0x70006f00, 0x00007300, 0x2c0000b8, 0x0900b84b, 0x01b15850, 0xb8598e01, 0xb885ff01, 0xb91d4400, 0x03000900, 
    0xb82d5e5f, 0x202c0100, 0x44694520, 0x2d6001b0, 0x2c0200b8, 0x2a0100b8, 0x00b82d21, 0x46202c03, 0x462503b0, 0x59235852, 0x8a208a20, 0x208a6449, 
    0x61682046, 0x2504b064, 0x61682046, 0x23585264, 0x2f598a65, 0x5300b020, 0xb0206958, 0x21585400, 0x1b5940b0, 0x00b02069, 0xb0215854, 0x59596540, 
    0x00b82d3a, 0x46202c04, 0x462504b0, 0x8a235852, 0x20462059, 0xb064616a, 0x20462504, 0x5264616a, 0x598a2358, 0xb82dfd2f, 0x4b2c0500, 0x2603b020, 
    0x58515850, 0x1b4480b0, 0x594440b0, 0x2021211b, 0x50c0b045, 0x44c0b058, 0x5959211b, 0x0600b82d, 0x4520202c, 0x01b04469, 0x45202060, 0x4418697d, 
    0x2d6001b0, 0x2c0700b8, 0x2a0600b8, 0x0800b82d, 0xb0204b2c, 0x58532603, 0xb01b40b0, 0x8a8a5900, 0x2603b020, 0x21235853, 0x8a8a80b0, 0x59238a1b, 
    0x2603b020, 0x21235853, 0x8ac000b8, 0x238a1b8a, 0x03b02059, 0x23585326, 0x0001b821, 0x8a1b8a8a, 0xb0205923, 0x58532603, 0x01b82123, 0x1b8a8a40, 
    0x2059238a, 0x260300b8, 0x03b05853, 0x01b84525, 0x23585080, 0x8001b821, 0xb01b2123, 0x23452503, 0x59212321, 0x4459211b, 0x0900b82d, 0x58534b2c, 
    0x211b4445, 0x002d5921, 0x2b0000b8, 0x0100ba00, 0x02000100, 0x00ba012b, 0x00010002, 0xbf012b02, 0x16000200, 0x10001200, 0x07000c00, 0x08000000, 
    0x00bf002b, 0x001b0001, 0x00100016, 0x0007000c, 0x2b080000, 0x0300ba00, 0x07000700, 0x0000b82b, 0x697d4520, 0x00004418, 0xce001400, 0x00000201, 
    0x25ff0c00, 0x32010200, 0xb8010700, 0x13020900, 0xf2020c00, 0x2b030c00, 0x00000800, 0x6b000100, 0xd5028dff, 0x3c006a03, 0x00bba900, 0x0002001e, 
    0x2b040020, 0x000e00bb, 0x00370002, 0x00bb2b04, 0x00020018, 0x2b04002c, 0x101e00b8, 0x000000b9, 0x00b8f402, 0x00b8101e, 0x00b8d001, 0x00b82f01, 
    0x00b8101e, 0x00b8d002, 0x00ba2f02, 0x002c0006, 0x39121118, 0x002400ba, 0x110e0037, 0x00b83912, 0x00b81020, 0x00b8d03c, 0xb8002f3c, 0x58450000, 
    0x2f0200b8, 0x0200b91b, 0x593e0d00, 0x450000b8, 0x3c00b858, 0x00b91b2f, 0x3e0d003c, 0x2700bb59, 0x1f000100, 0xbb2b0400, 0x01001300, 0x04003200, 
    0x0200b82b, 0x0900b910, 0xb9f40100, 0x01000100, 0x013130f4, 0x011e0733, 0x012e0717, 0x020e2223, 0x021e1415, 0x15031e17, 0x07020e14, 0x2e372317, 
    0x1e372701, 0x3e323301, 0x2e343502, 0x2e012f02, 0x3e343503, 0x50013702, 0x5e330aab, 0x5b244c2d, 0x13180c30, 0x1d1b130d, 0x4b63360a, 0x543e242c, 
    0x07a20731, 0x4d367841, 0x0c3f6a30, 0x0e12191e, 0x2b0a1814, 0x26425831, 0x2c4b3820, 0x04746a03, 0x1fbe181e, 0x120b0521, 0x07100f0e, 0x19060103, 
    0x33405233, 0x06294055, 0x2f027b7c, 0x3828c623, 0x10130a03, 0x050a110d, 0x1d080702, 0x34384d33, 0x0e26374c, 0x17000500, 0x6204f4ff, 0x0b000803, 
    0x2b001f00, 0x43003f00, 0x00bb9300, 0x00020031, 0x2b040029, 0x002300bb, 0x003b0002, 0x00bb2b04, 0x00020011, 0x2b040009, 0x000300bb, 0x001b0002, 
    0x00ba2b04, 0x001b0041, 0x39121131, 0x004300ba, 0x1131001b, 0xb8003912, 0x58450000, 0x2f0c00b8, 0x0c00b91b, 0x593e0d00, 0x450000b8, 0x3600b858, 
    0x00b91b2f, 0x3e030036, 0x2c00bb59, 0x20000100, 0xbb2b0400, 0x01000600, 0x04001600, 0x0c00b82b, 0x0000b910, 0xb8f40100, 0xb9103600, 0x01002600, 
    0x4300baf4, 0x26003600, 0x30391211, 0x06220131, 0x33161415, 0x34353632, 0x1e322726, 0x0e141502, 0x2e222302, 0x3e343502, 0x06220102, 0x33161415, 
    0x34353632, 0x1e322726, 0x0e141502, 0x2e222302, 0x3e343502, 0x01330302, 0x19070123, 0x19191717, 0x32191717, 0x28264157, 0x2f2f5742, 0x26284257, 
    0x9d025741, 0x19171719, 0x19171719, 0x26415732, 0x2f574228, 0x2842572f, 0x42574126, 0x8dfffd89, 0x15236802, 0x161f1f16, 0x18962315, 0x36354e33, 
    0x1919344f, 0x35364f34, 0xfe18334e, 0x16152300, 0x15161f1f, 0x33189623, 0x4f36354e, 0x34191934, 0x4e35364f, 0x74011833, 0x0000f8fc, 0x28000300, 
    0xb103f4ff, 0x0900fe02, 0x3d003100, 0x00b8aa00, 0x00b82f3e, 0x00b82f3f, 0x00b8103e, 0x00b8d012, 0x00b92f12, 0xf4020003, 0x103f00b8, 0xdc2400b8, 
    0x000900ba, 0x11240012, 0x00ba3912, 0x00120017, 0x39121103, 0x003b00b9, 0x00baf402, 0x00240029, 0x3912113b, 0x0000b800, 0x00b85845, 0xb91b2f1f, 
    0x0d001f00, 0x00b8593e, 0xb8584500, 0x1b2f3000, 0x003000b9, 0xb8593e03, 0x58450000, 0x2f0d00b8, 0x0d00b91b, 0x593e0300, 0x000600b9, 0x00baf401, 
    0x000d0009, 0x3912111f, 0x001700ba, 0x111f000d, 0x00ba3912, 0x000d0029, 0x3912111f, 0x101f00b8, 0x003200b9, 0x3130f401, 0x15010e01, 0x32331614, 
    0x0e173736, 0x2e222301, 0x3e343502, 0x012e3702, 0x023e3435, 0x021e3233, 0x020e1415, 0x013e1707, 0x17071737, 0x06220321, 0x17161415, 0x3435013e, 
    0x10550126, 0x151b291d, 0x39901221, 0x6c384570, 0x351f3456, 0x2a202544, 0x30635033, 0x3451622d, 0x1f362717, 0x1a372344, 0xfeae768f, 0x1b15b4c5, 
    0x23110e17, 0x0b230118, 0x1c1d151a, 0x268b080c, 0x5b391a1f, 0x2f3f2a40, 0x411e071d, 0x3350382e, 0x4e341a18, 0x313c2135, 0x17450925, 0x59a21f3c, 
    0x1d5a02a3, 0x08231014, 0x1115210a, 0x0000001b, 0x38000100, 0xb4017d01, 0x0300f202, 0x00bb2400, 0x00020002, 0x2b040000, 0x0000b800, 0x00b85845, 
    0xb91b2f01, 0x0d000100, 0x00b9593e, 0xf4010000, 0x011b3130, 0x79380321, 0x01b30301, 0xfe75017d, 0x0000008b, 0x37000100, 0x8b0125ff, 0x15004703, 
    0x00bb1e00, 0x00020005, 0x2b04000f, 0x0000b800, 0x00b85845, 0xb91b2f09, 0x05000900, 0x3130593e, 0x15030e01, 0x07171614, 0x35032e27, 0x3f023e34, 
    0x1b8b0101, 0x2e0b1826, 0x172ec136, 0x0e0e1a26, 0x2e17261a, 0x6829d702, 0x79307070, 0x606f52d7, 0x716f6b30, 0x6f713636, 0x0060306b, 0x37000100, 
    0x8b0125ff, 0x15004703, 0x00bb1e00, 0x00020006, 0x2b040010, 0x0000b800, 0x00b85845, 0xb91b2f0c, 0x05000c00, 0x3130593e, 0x031e1713, 0x020e1415, 
    0x3e27010f, 0x2e343501, 0x2ef82702, 0x0e1a2617, 0x17261a0e, 0x2e36c12e, 0x1b26180b, 0x30604703, 0x36716f6b, 0x6b6f7136, 0x526f6030, 0x703079d7, 
    0x00296870, 0x3d000100, 0xaf017c01, 0x1100f202, 0x00ba6e00, 0x00000011, 0x00bb2b03, 0x0002000e, 0x2b040003, 0x100000b8, 0xd00700b8, 0x101100b8, 
    0xd00900b8, 0x000a00ba, 0x110e0003, 0xb8003912, 0x58450000, 0x2f0800b8, 0x0800b91b, 0x593e0d00, 0x000000b9, 0x00baf401, 0x00080004, 0x39121100, 
    0x000a00ba, 0x11000008, 0x00ba3912, 0x0008000d, 0x39121100, 0x001000ba, 0x11000008, 0x31303912, 0x27073513, 0x17372737, 0x37153335, 0x07170717, 
    0x4dbf1527, 0x35545435, 0x35516a4d, 0x51354d4d, 0x2c597c01, 0x5a303356, 0x3268632d, 0x5f2a305a, 0x00005c2f, 0x64000100, 0xbc020000, 0x0b005802, 
    0x00bb4800, 0x00020001, 0x2b040000, 0x100100b8, 0xd00500b8, 0x100000b8, 0xd00700b8, 0x0000b800, 0x00b85845, 0xb91b2f06, 0x03000600, 0x00bb593e, 
    0x00010003, 0x2b040004, 0x100400b8, 0xd00800b8, 0x100300b8, 0xd00a00b8, 0x33013130, 0x23153315, 0x23352315, 0x2c013335, 0xc8c8c8c8, 0x5802c8c8, 
    0xc8c8c8c8, 0x000000c8, 0x00000100, 0x7c015aff, 0x0300cf00, 0xbb000d00, 0x01000100, 0x04000300, 0x1531302b, 0x79032113, 0xa6b30301, 0x8bfe7501, 
    0x40000100, 0xa501a500, 0x03008101, 0x00bb1700, 0x00020001, 0x2b040000, 0x0100bb00, 0x02000100, 0x302b0400, 0x15211331, 0x65014021, 0x81019bfe, 
    0x000000dc, 0x3b000100, 0x6501f4ff, 0x1300ef00, 0x00bb2400, 0x00020005, 0x2b04000f, 0x0000b800, 0x00b85845, 0xb91b2f0a, 0x03000a00, 0x00b9593e, 
    0xf4010000, 0x32373130, 0x1415021e, 0x2223020e, 0x3435022e, 0x1bd0023e, 0x1a1a2a36, 0x1b1b362a, 0x1a1a2a36, 0x11ef362a, 0x1e1e2f21, 0x11111f2e, 
    0x1e1e2e1f, 0x0011212f, 0x12000100, 0xc6026aff, 0x03002b03, 0xb8001400, 0x58450000, 0x2f0100b8, 0x0100b91b, 0x593e0f00, 0x01173130, 0x02120133, 
    0xe1fd9420, 0xfcc10396, 0x0000003f, 0x38000200, 0x0803f4ff, 0x1300fe02, 0x61002700, 0x2f2800b8, 0x2f2900b8, 0x102800b8, 0xd02300b8, 0x2f2300b8, 
    0x000500b9, 0x00b8f402, 0x00b81029, 0x00b9dc19, 0xf402000f, 0x0000b800, 0x00b85845, 0xb91b2f14, 0x0d001400, 0x00b8593e, 0xb8584500, 0x1b2f1e00, 
    0x001e00b9, 0xb8593e03, 0xb9101400, 0x01000000, 0x1e00b8f4, 0x0a00b910, 0x30f40100, 0x0e220131, 0x1e141502, 0x3e323302, 0x2e343502, 0x1e322702, 
    0x0e141502, 0x2e222302, 0x3e343502, 0x1fa00102, 0x09081526, 0x1d1d2616, 0x08091626, 0x551f2615, 0x2f305d86, 0x5757875b, 0x302f5b87, 0x1402855d, 
    0x17362f1f, 0x24333916, 0x16393324, 0x1f2f3617, 0x8c673bea, 0x6a915550, 0x916a3c3c, 0x678c5055, 0x0000003b, 0xba000100, 0x3e020000, 0x0500f202, 
    0x00bb3900, 0x00020002, 0x2b040003, 0x0000b800, 0x00b85845, 0xb91b2f01, 0x0d000100, 0x00b8593e, 0xb8584500, 0x1b2f0200, 0x000200b9, 0xb8593e03, 
    0xb9100100, 0x01000500, 0x133130f4, 0x11211125, 0x8401ba07, 0x0274f0fe, 0x0efd0ce6, 0x00080002, 0x1a000100, 0x07030000, 0x2200fe02, 0x00bb5900, 
    0x00020019, 0x2b040006, 0x100600b8, 0xd01e00b8, 0x2f1e00b8, 0x0000b800, 0x00b85845, 0xb91b2f14, 0x0d001400, 0x00b8593e, 0xb8584500, 0x1b2f0000, 
    0x000000b9, 0xb8593e03, 0xb9101400, 0x01000900, 0x1400b8f4, 0x0e00b910, 0xb8f40100, 0xb9100000, 0x01002100, 0x333130f4, 0x35033e01, 0x22232634, 
    0x2107020e, 0x3233033e, 0x1415021e, 0x1507020e, 0x1a15013f, 0x38122d01, 0x1a242735, 0x050d1a16, 0x07f4fe01, 0x557c532e, 0x395b743b, 0x325f4b2d, 
    0x0b019381, 0x3e3c3410, 0x11221a19, 0x5211221b, 0x22264e79, 0x39426343, 0x0f33485c, 0xe8091208, 0x3e000100, 0xf902f4ff, 0x3500fe02, 0x00bb7500, 
    0x0002002b, 0x2b040008, 0x002800ba, 0x112b0008, 0xb8003912, 0x58450000, 0x2f1f00b8, 0x1f00b91b, 0x593e0d00, 0x450000b8, 0x3000b858, 0x00b91b2f, 
    0x3e030030, 0x1000bb59, 0x0b000100, 0xb82b0400, 0xb9103000, 0x01000000, 0x3000b8f4, 0x0500b910, 0xb8f40100, 0xb9101f00, 0x01001600, 0x1f00b8f4, 
    0x1900b910, 0xbaf40100, 0x0b002800, 0x12111000, 0x01313039, 0x33021e06, 0x34353632, 0x06222326, 0x16173507, 0x26343536, 0x17062223, 0x33033e21, 
    0x15021e32, 0x15070614, 0x1415011e, 0x2223020e, 0x0127022e, 0x150b0152, 0x2e1c111e, 0x120a1c29, 0x22171609, 0x1b17171e, 0x06f2fe02, 0x41715737, 
    0x3d5d6d30, 0x413c2c31, 0x38786441, 0x3d627f45, 0x11080103, 0x280e171f, 0x02291d1d, 0x02029d02, 0x1b171721, 0x60471723, 0x3417193b, 0x502f3b52, 
    0x5f0f0613, 0x375c453c, 0x6a411c18, 0x0000004d, 0x34000200, 0x0c030000, 0x0a00f202, 0xa9001500, 0x2f1600b8, 0x2f1700b8, 0x101600b8, 0xd00000b8, 
    0x2f0000b8, 0x101700b8, 0xdc0700b8, 0xd00200b8, 0x100700b8, 0x000900b9, 0x00b8f402, 0x00b91000, 0xf402000c, 0x100900b8, 0xd00d00b8, 0x100900b8, 
    0xd01200b8, 0x2f1200b8, 0x0000b800, 0x00b85845, 0xb91b2f01, 0x0d000100, 0x00b8593e, 0xb8584500, 0x1b2f0700, 0x000700b9, 0xbb593e03, 0x01000300, 
    0x04000500, 0x0400bb2b, 0x06000100, 0xb82b0400, 0xb8100600, 0xb8d00900, 0xb8100500, 0xb8d00a00, 0xb8100300, 0xb8d00c00, 0xb82f0c00, 0xb8100400, 
    0xb8d00d00, 0x302f0d00, 0x21011331, 0x27153711, 0x05372117, 0x35371537, 0x27373634, 0x3407010e, 0x44013501, 0xfe07665f, 0x81fe0afc, 0x050785fa, 
    0x0c160806, 0x9d015501, 0xd4076afe, 0x08979708, 0x710704ca, 0x040f1f10, 0x000e2011, 0x64000100, 0xfa02f4ff, 0x2e00f202, 0x00bb6b00, 0x00020010, 
    0x2b040025, 0x0000b800, 0x00b85845, 0xb91b2f00, 0x0d000000, 0x00b8593e, 0xb8584500, 0x1b2f1500, 0x001500b9, 0xbb593e03, 0x01000b00, 0x04002a00, 
    0x0000b82b, 0x0100b910, 0xbaf40100, 0x2a000500, 0x12110b00, 0x1b00ba39, 0x00001500, 0xb8391211, 0xb9101500, 0x01002000, 0x2d00baf4, 0x00001500, 
    0x30391211, 0x21150131, 0x3307010e, 0x3233033e, 0x1415021e, 0x2223020e, 0x3727022e, 0x3233031e, 0x3435023e, 0x2223022e, 0x02130706, 0x04bdfecc, 
    0x09070a0a, 0x0e252420, 0x2a475d34, 0x3c806944, 0x4e55511e, 0x3a151e1b, 0x11173d3e, 0x231d292e, 0x33103331, 0x02423065, 0x2d16d3f2, 0x09100c14, 
    0x573e2103, 0x43674536, 0x16110921, 0x160bcc0d, 0x11070b12, 0x1d17161d, 0x11100611, 0x0000be01, 0x3a000200, 0x0603f4ff, 0x0f00f202, 0x78002800, 
    0x2f2900b8, 0x2f2a00b8, 0x102900b8, 0xd02400b8, 0x2f2400b8, 0x000000b9, 0x00b8f402, 0x00b8102a, 0x00b9dc1a, 0xf4020008, 0x001000ba, 0x1108001a, 
    0xb8003912, 0x58450000, 0x2f1000b8, 0x1000b91b, 0x593e0d00, 0x450000b8, 0x1100b858, 0x00b91b2f, 0x3e0b0011, 0x0000b859, 0x00b85845, 0xb91b2f1f, 
    0x03001f00, 0x00b9593e, 0xf4010003, 0x101000b8, 0x000b00b9, 0x3130f401, 0x33161401, 0x35023e32, 0x22232634, 0x0701020e, 0x33013e17, 0x15021e32, 
    0x23020e14, 0x35022e22, 0x013f3634, 0x29344201, 0x0f1a2213, 0x21132937, 0x88010e19, 0x251301f1, 0x3b533213, 0x80623b21, 0x65824745, 0xa938483c, 
    0x35282801, 0x1421170d, 0x1a103929, 0xd4b80122, 0x2b080306, 0x4b2f5b47, 0x2b284e72, 0x534c7751, 0x00ad3986, 0x5b000100, 0x37030000, 0x0a00f202, 
    0xb8003900, 0x58450000, 0x2f0100b8, 0x0100b91b, 0x593e0d00, 0x450000b8, 0x0300b858, 0x00b91b2f, 0x3e030003, 0x0100b859, 0x0000b910, 0xbaf40100, 
    0x01000900, 0x12110000, 0x13313039, 0x21012135, 0x37013e01, 0x025b0735, 0xfe53fedc, 0x071c01d1, 0x026e0b0e, 0x0efdf200, 0x190cdd01, 0x00090608, 
    0x48000300, 0xf802f4ff, 0x0b00fe02, 0x3d001700, 0x00b85d00, 0x00b82f3e, 0x00b82f3f, 0x00b8103e, 0x00b8d030, 0x00b92f30, 0xf4020003, 0x103f00b8, 
    0xdc2600b8, 0x000900b9, 0xb800f402, 0x58450000, 0x2f1800b8, 0x1800b91b, 0x593e0d00, 0x450000b8, 0x2b00b858, 0x00b91b2f, 0x3e03002b, 0x0600b959, 
    0xb8f40100, 0xb9101800, 0x01000c00, 0x013130f4, 0x14150622, 0x36323316, 0x03263435, 0x14150622, 0x36323316, 0x27263435, 0x15021e32, 0x15070614, 
    0x1415031e, 0x2223020e, 0x3435022e, 0x3537023e, 0x3435012e, 0xa001023e, 0x1f2b2e1c, 0x1c2e2b1f, 0x16222018, 0x18202216, 0x3e5f7033, 0x321e333d, 
    0x68451424, 0x78333378, 0x24144568, 0x3d331e32, 0x01705f3e, 0x201f283d, 0x1f202d2d, 0x22030128, 0x20201719, 0xbe221917, 0x3e573619, 0x070f4e35, 
    0x382b1f08, 0x3558421f, 0x58351515, 0x2b381f42, 0x0f07081f, 0x573e354e, 0x00001936, 0x39000200, 0x07030000, 0x0d00fe02, 0x85002900, 0x2f2a00b8, 
    0x2f2b00b8, 0x102a00b8, 0xd01800b8, 0x2f1800b8, 0x000000b9, 0x00b8f402, 0x00b8102b, 0x00b9dc22, 0xf4020008, 0x001200ba, 0x11220018, 0x00ba3912, 
    0x00180029, 0x39121100, 0x0000b800, 0x00b85845, 0xb91b2f1d, 0x0d001d00, 0x00b8593e, 0xb8584500, 0x1b2f2800, 0x002800b9, 0xb9593e03, 0x01000300, 
    0x1d00b8f4, 0x0b00b910, 0xbaf40100, 0x28001200, 0x12110300, 0x0300b839, 0x1300b910, 0x30f40100, 0x16140131, 0x023e3233, 0x23263435, 0x3e030622, 
    0x07353701, 0x35022e06, 0x33023e34, 0x15021e32, 0x0f020e14, 0x48012101, 0x20122835, 0x26320e18, 0x0b173825, 0x3b290e14, 0x3a23415d, 0x49437d61, 
    0x103d6786, 0xaf1c2d1f, 0xc90194fe, 0x180f3628, 0x37251221, 0x0ab8fe32, 0x02050513, 0x63492803, 0x4b6f4938, 0x764d2526, 0x41492a51, 0x00b81e3b, 
    0x3b000200, 0x6501f4ff, 0x13001f02, 0x53002700, 0x000500bb, 0x000f0002, 0x00b82b04, 0x00b81005, 0x00b8d019, 0x00b8100f, 0xb800d023, 0x58450000, 
    0x2f0000b8, 0x0000b91b, 0x593e0b00, 0x450000b8, 0x1e00b858, 0x00b91b2f, 0x3e03001e, 0x0000b859, 0x0a00b910, 0xb8f40100, 0xb9101e00, 0x01001400, 
    0x133130f4, 0x15021e32, 0x23020e14, 0x35022e22, 0x13023e34, 0x15021e32, 0x23020e14, 0x35022e22, 0xd0023e34, 0x1a2a361b, 0x1b362a1a, 0x1a2a361b, 
    0x1b362a1a, 0x1a2a361b, 0x1b362a1a, 0x1a2a361b, 0x02362a1a, 0x2f21111f, 0x1f2e1e1e, 0x2e1f1111, 0x212f1e1e, 0x11d0fe11, 0x1e1e2f21, 0x11111f2e, 
    0x1e1e2e1f, 0x0011212f, 0x00000200, 0x97015aff, 0x13001f02, 0x3c001700, 0x000500bb, 0x000f0002, 0x00ba2b04, 0x000f0016, 0x39121105, 0x0000b800, 
    0x00b85845, 0xb91b2f00, 0x0b000000, 0x00bb593e, 0x00010015, 0x2b040017, 0x100000b8, 0x000a00b9, 0x3130f401, 0x021e3201, 0x020e1415, 0x022e2223, 
    0x023e3435, 0x03211303, 0x361b0201, 0x2a1a1a2a, 0x361b1b36, 0x2a1a1a2a, 0x0179e736, 0x1f02b303, 0x1e2f2111, 0x111f2e1e, 0x1e2e1f11, 0x11212f1e, 
    0x75013bfd, 0x00008bfe, 0x64000100, 0xbc02fbff, 0x07005b02, 0x00ba4900, 0x00000002, 0x00ba2b03, 0x00000004, 0x39121102, 0x100200b8, 0xd00500b8, 
    0x0000b800, 0x00b85845, 0xb91b2f06, 0x03000600, 0x00b8593e, 0xb8584500, 0x1b2f0300, 0x000300b9, 0xba593e07, 0x06000400, 0x12110300, 0x13313039, 
    0x15051525, 0x64251505, 0xb4fe5802, 0xa8fd4c01, 0xd4b6a501, 0xd45b025b, 0x000000b6, 0x64000200, 0xbc020000, 0x03000002, 0x40000700, 0x000100ba, 
    0x2b030000, 0x100000b8, 0xd00400b8, 0x100100b8, 0xd00500b8, 0x0000b800, 0x00b85845, 0xb91b2f06, 0x03000600, 0x00bb593e, 0x00010001, 0x2b040002, 
    0x100600b8, 0x000400b9, 0x3130f401, 0x21152113, 0x21152115, 0xfd580264, 0xfd5802a8, 0xc80002a8, 0x0000c870, 0x64000100, 0xbc02fbff, 0x07005b02, 
    0x00ba3f00, 0x00020000, 0x00ba2b03, 0x00020004, 0x39121100, 0x100200b8, 0xd00500b8, 0x0000b800, 0x00b85845, 0xb91b2f01, 0x03000100, 0x00b8593e, 
    0xb8584500, 0x1b2f0400, 0x000400b9, 0x30593e07, 0x35052531, 0x35253525, 0xfdbc0205, 0xfe4c01a8, 0xb15802b4, 0x025bd4b6, 0x00b6d45b, 0x31000200, 
    0x8f02f4ff, 0x13002e03, 0x73003200, 0x000500bb, 0x000f0002, 0x00ba2b04, 0x00140020, 0x00bb2b03, 0x0002002b, 0x2b04001a, 0x0000b800, 0x00b85845, 
    0xb91b2f26, 0x0f002600, 0x00b8593e, 0xb8584500, 0x1b2f0a00, 0x000a00b9, 0xbb593e03, 0x01001700, 0x04003000, 0x0a00b82b, 0x0000b910, 0xbaf40100, 
    0x0a001400, 0x12112600, 0x2600b839, 0x1d00b910, 0xb8f40100, 0xb9102600, 0x01002000, 0x253130f4, 0x15021e32, 0x23020e14, 0x35022e22, 0x27023e34, 
    0x3233011e, 0x26343536, 0x07062223, 0x33033e21, 0x15021e32, 0x23020e14, 0x66012722, 0x1a2a361b, 0x1b362a1a, 0x1a2a361b, 0x41362a1a, 0x240d190d, 
    0x19171935, 0xfffe011a, 0x6c533202, 0x536e3f3b, 0x6f553330, 0xef282a3c, 0x1e2f2111, 0x111f2e1e, 0x1e2e1f11, 0x11212f1e, 0x290604f9, 0x291c1626, 
    0x47643e17, 0x66452426, 0x3e614342, 0x0000091e, 0x24000200, 0xfd02f1ff, 0x4a00fe02, 0x98005a00, 0x004b00ba, 0x2b030041, 0x003000ba, 0x2b03000a, 
    0x001400ba, 0x2b030025, 0x001d00ba, 0x1130000a, 0x00ba3912, 0x00250039, 0x39121130, 0x004800ba, 0x11300025, 0xb8003912, 0x58450000, 0x2f2a00b8, 
    0x2a00b91b, 0x593e0d00, 0x001900ba, 0x2b030020, 0x000500ba, 0x2b030036, 0x004600bb, 0x00560001, 0x00b82b04, 0x00b8102a, 0x00badc0f, 0x0020001d, 
    0x39121119, 0x003900ba, 0x11050036, 0x00b83912, 0x00b81036, 0x00bad03c, 0x00560048, 0x39121146, 0x004e00b9, 0x3130f401, 0x14010e01, 0x033e3716, 
    0x022e3637, 0x020e2223, 0x021e1415, 0x37363233, 0x23010e17, 0x35022e22, 0x33023e34, 0x1e171632, 0x06141501, 0x27010e07, 0x0e27012e, 0x2e222301, 
    0x3e343502, 0x17323302, 0x14053337, 0x3e323316, 0x26363702, 0x020e2223, 0x05023d02, 0x1f0d0b08, 0x0302131b, 0x39634726, 0x2849673f, 0x406d4f2c, 
    0x52185c3f, 0x51518735, 0x3b3d698d, 0x42508b68, 0x3d333277, 0x52241e20, 0x06231524, 0x212d3f14, 0x1d1c2e3d, 0x4f2f4b35, 0xfe5f0a2c, 0x172527c8, 
    0x020d1622, 0x15252805, 0x010f1a24, 0x14170935, 0x1e01010d, 0x3e203d2f, 0x2b1f3f5e, 0x44406c4c, 0x11274b6c, 0x281b410f, 0x548f683b, 0x3b698f54, 
    0x722d2d29, 0x276c3e47, 0x01022930, 0x23161721, 0x2643311d, 0x2842562d, 0x24d4343d, 0x271f1437, 0x14352b12, 0x00002920, 0xfaff0200, 0x3c030000, 
    0x0600f202, 0x40000e00, 0x0000b800, 0x00b85845, 0xb91b2f09, 0x0d000900, 0x00b8593e, 0xb8584500, 0x1b2f0700, 0x000700b9, 0xb8593e03, 0x58450000, 
    0x2f0b00b8, 0x0b00b91b, 0x593e0300, 0x000000bb, 0x000d0001, 0x31302b04, 0x012e2701, 0x03072327, 0x01210121, 0x01232721, 0x080620d1, 0x47320a04, 
    0x0601defe, 0x0d012f01, 0xcf19defe, 0x18851101, 0xfee61831, 0xfdf202ef, 0x00005e0e, 0x3c000300, 0xc5020000, 0x0c00f202, 0x2d001900, 0x00bb8e00, 
    0x00020018, 0x2b04001a, 0x002700bb, 0x00060002, 0x00bb2b04, 0x00020020, 0x2b040012, 0x101800b8, 0xd00000b8, 0x002400ba, 0x11270006, 0xb8003912, 
    0x58450000, 0x2f1a00b8, 0x1a00b91b, 0x593e0d00, 0x450000b8, 0x2c00b858, 0x00b91b2f, 0x3e03002c, 0x0000b859, 0x00b85845, 0xb91b2f0b, 0x07000b00, 
    0x00b8593e, 0x00b9102c, 0xf4010000, 0x100b00b8, 0x000d00b9, 0x00b8f401, 0x00b9101a, 0xf4010017, 0x002400ba, 0x110d000b, 0x31303912, 0x3e323325, 
    0x2e343502, 0x37012b02, 0x35023e32, 0x2b022e34, 0x21031501, 0x15021e32, 0x15070614, 0x1415011e, 0x2123020e, 0x111f3a01, 0x17162126, 0x1b102823, 
    0x191e0f19, 0x201b110f, 0x01fe130f, 0x536a373f, 0x3e323133, 0x634f3148, 0xb48bfe31, 0x171a0c02, 0x020b1918, 0x160b039f, 0x09151514, 0x22016c01, 
    0x41522e10, 0x06105632, 0x3a445916, 0x00153150, 0x23000100, 0x6d02f4ff, 0x2300fe02, 0x00bb5700, 0x00020008, 0x2b04001b, 0x0000b800, 0x00b85845, 
    0xb91b2f20, 0x0d002000, 0x00b8593e, 0xb8584500, 0x1b2f1600, 0x001600b9, 0xba593e03, 0x16000000, 0x12112000, 0x2000b839, 0x0300b910, 0xb8f40100, 
    0xb9101600, 0x01000d00, 0x1000baf4, 0x20001600, 0x30391211, 0x012e0131, 0x020e2223, 0x021e1415, 0x37363233, 0x23030e03, 0x35022e22, 0x33023e34, 
    0x02171632, 0x2f51216d, 0x1729361f, 0x1f372a19, 0x08214c30, 0x36373311, 0x688b5112, 0x906a3d3b, 0x2c5d2f53, 0x2d1fc001, 0x1f352817, 0x1727361f, 
    0xe6fe2026, 0x03080b08, 0x518b673b, 0x3e6b9152, 0x00000f10, 0x40000200, 0x16030000, 0x0a00f202, 0x59001700, 0x2f1800b8, 0x2f1900b8, 0xdc1100b8, 
    0x000600b9, 0x00b8f402, 0x00b81018, 0x00b8d00b, 0x00b92f0b, 0xf402000a, 0x0000b800, 0x00b85845, 0xb91b2f0b, 0x0d000b00, 0x00b8593e, 0xb8584500, 
    0x1b2f1600, 0x001600b9, 0xb9593e03, 0x01000000, 0x0b00b8f4, 0x0900b910, 0x30f40100, 0x32332531, 0x3435023e, 0x25012b26, 0x021e3221, 0x020e1415, 
    0x52012123, 0x2b3b2211, 0x114b5619, 0x1701eefe, 0x4578a35f, 0x538b6538, 0x10e2a5fe, 0x50253523, 0x5e2bec47, 0x87546893, 0x00003360, 0x3a000100, 
    0x3d020000, 0x0b00f202, 0x00bb5500, 0x00020003, 0x2b040000, 0x100300b8, 0xd00700b8, 0x0000b800, 0x00b85845, 0xb91b2f00, 0x0d000000, 0x00b8593e, 
    0xb8584500, 0x1b2f0a00, 0x000a00b9, 0xbb593e03, 0x01000500, 0x04000600, 0x0000b82b, 0x0200b910, 0xb8f40100, 0xb9100a00, 0x01000800, 0x133130f4, 
    0x15231521, 0x15231533, 0x3a211533, 0xd3e7fb01, 0xfdfdefd3, 0x48cef202, 0x00ce4ac4, 0x3e000100, 0x37020000, 0x0900f202, 0x00bb4b00, 0x00020003, 
    0x2b040000, 0x100300b8, 0xd00700b8, 0x0000b800, 0x00b85845, 0xb91b2f00, 0x0d000000, 0x00b8593e, 0xb8584500, 0x1b2f0800, 0x000800b9, 0xbb593e03, 
    0x01000500, 0x04000600, 0x0000b82b, 0x0200b910, 0x30f40100, 0x15211331, 0x15331523, 0x3e211123, 0xc9e5f901, 0x02ecfec9, 0xc44ed8f2, 0x0000f8fe, 
    0x20000100, 0x5b03f4ff, 0x2e00fe02, 0x00bb4d00, 0x00020022, 0x2b04000f, 0x0000b800, 0x00b85845, 0xb91b2f14, 0x0d001400, 0x00b8593e, 0xb8584500, 
    0x1b2f0a00, 0x000a00b9, 0xbb593e03, 0x01002e00, 0x04002d00, 0x1400b82b, 0x1d00b910, 0xb8f40100, 0xb9100a00, 0x01002700, 0x013130f4, 0x0e07030e, 
    0x2e222303, 0x3e343502, 0x1e323302, 0x2e051702, 0x0e222301, 0x1e141502, 0x3e323302, 0x35233702, 0x03015b03, 0x1e212511, 0x2c58534b, 0x41719856, 
    0x59997040, 0x54686f31, 0x1000ff16, 0x38252137, 0x24131427, 0x23102135, 0x7c05181f, 0x552ebc01, 0x21244b50, 0x34112232, 0x5c5b8e63, 0x18366692, 
    0x5e304931, 0x311d1d1d, 0x3a1f223f, 0x10081b2d, 0x00b21119, 0x3e000100, 0xf6020000, 0x0b00f202, 0x00b88500, 0x00b82f0c, 0x00b82f0d, 0x00b8100c, 
    0x00b8d000, 0x00b92f00, 0xf4020001, 0x100d00b8, 0xdc0500b8, 0x000400b9, 0x00b8f402, 0x00b8d007, 0x00b81001, 0xb800d009, 0x58450000, 0x2f0000b8, 
    0x0000b91b, 0x593e0d00, 0x450000b8, 0x0400b858, 0x00b91b2f, 0x3e0d0004, 0x0000b859, 0x00b85845, 0xb91b2f06, 0x03000600, 0x00b8593e, 0xb8584500, 
    0x1b2f0a00, 0x000a00b9, 0xbb593e03, 0x01000300, 0x04000800, 0x1331302b, 0x35331521, 0x11211121, 0x3e211123, 0x01a80801, 0xa8f8fe08, 0xf202f8fe, 
    0x0efdfefe, 0xfafe0601, 0x40000100, 0x52010000, 0x0300f202, 0x00bb2f00, 0x00020001, 0x2b040000, 0x0000b800, 0x00b85845, 0xb91b2f00, 0x0d000000, 
    0x00b8593e, 0xb8584500, 0x1b2f0200, 0x000200b9, 0x30593e03, 0x11211331, 0x12014021, 0xf202eefe, 0x00000efd, 0xf2ff0100, 0xd401f4ff, 0x1500f202, 
    0x00bb3f00, 0x00020001, 0x2b040014, 0x0000b800, 0x00b85845, 0xb91b2f00, 0x0d000000, 0x00b8593e, 0xb8584500, 0x1b2f0600, 0x000600b9, 0xba593e03, 
    0x06000a00, 0x12110000, 0x0f00b939, 0x30f40100, 0x14110131, 0x2223020e, 0x1e372726, 0x3e323303, 0x01113502, 0x5e4426d4, 0x2e783b39, 0x110c055d, 
    0x14101017, 0xf2020309, 0x5f3804fe, 0x242e2645, 0x161c0ee9, 0x1d18110f, 0x00c0010c, 0x40000100, 0x39030000, 0x1200f202, 0x00bb6d00, 0x00020002, 
    0x2b040000, 0x100200b8, 0xd01000b8, 0x0000b800, 0x00b85845, 0xb91b2f00, 0x0d000000, 0x00b8593e, 0xb8584500, 0x1b2f0700, 0x000700b9, 0xb8593e0d, 
    0x58450000, 0x2f0a00b8, 0x0a00b91b, 0x593e0300, 0x450000b8, 0x1100b858, 0x00b91b2f, 0x3e030011, 0x0300ba59, 0x00000a00, 0xba391211, 0x0a001000, 
    0x12110000, 0x13313039, 0x3e330321, 0x21013f01, 0x27210103, 0x2327012e, 0x01402113, 0x0506060b, 0x01840b16, 0x0501ec2b, 0x0c82c2fe, 0x0606051d, 
    0xf202f5fe, 0x2a17b9fe, 0x91fef214, 0x16e47dfe, 0xc4fe172b, 0x3e000100, 0x36020000, 0x0500f202, 0x00bb3500, 0x00020001, 0x2b040000, 0x0000b800, 
    0x00b85845, 0xb91b2f00, 0x0d000000, 0x00b8593e, 0xb8584500, 0x1b2f0400, 0x000400b9, 0xb9593e03, 0x01000200, 0x133130f4, 0x15331121, 0x12013e21, 
    0x0208fee6, 0xf200fef2, 0x1f000100, 0x1d040000, 0x1b00f202, 0xb8006200, 0x58450000, 0x2f0000b8, 0x0000b91b, 0x593e0d00, 0x450000b8, 0x0700b858, 
    0x00b91b2f, 0x3e0d0007, 0x0000b859, 0x00b85845, 0xb91b2f09, 0x03000900, 0x00b8593e, 0xb8584500, 0x1b2f1000, 0x001000b9, 0xb8593e03, 0x58450000, 
    0x2f1a00b8, 0x1a00b91b, 0x593e0300, 0x000c00ba, 0x11000009, 0x31303912, 0x33132113, 0x1337013e, 0x03211321, 0x07010e23, 0x2e032303, 0x0e232701, 
    0x21030701, 0x681a0199, 0x07080407, 0x7c170155, 0x0525f7fe, 0x6d060804, 0x090662a0, 0x03020902, 0xf7fe2002, 0x74fef202, 0x01183319, 0x010efd28, 
    0x1226139d, 0x3f01aefe, 0x17182e18, 0xbefe172d, 0x3a000100, 0x2e030000, 0x1100f202, 0x00b87b00, 0x00b82f12, 0x00b82f13, 0x00b81012, 0x00b8d011, 
    0x00b92f11, 0xf402000f, 0xd00100b8, 0x2f0100b8, 0x101300b8, 0xdc0800b8, 0x000700b9, 0x00b8f402, 0xb800d00a, 0x58450000, 0x2f0000b8, 0x0000b91b, 
    0x593e0d00, 0x450000b8, 0x0700b858, 0x00b91b2f, 0x3e0d0007, 0x0000b859, 0x00b85845, 0xb91b2f09, 0x03000900, 0x00b8593e, 0xb8584500, 0x1b2f1000, 
    0x001000b9, 0x30593e03, 0x13211331, 0x3d012e33, 0x21112101, 0x011e2303, 0x3a21011d, 0x08f60701, 0x06010f08, 0x08f1fafe, 0xfafe0a07, 0x5efef202, 
    0xe2306030, 0x8c010efd, 0xf5264a27, 0x23000200, 0x6503f4ff, 0x0f00fe02, 0x61002300, 0x2f2400b8, 0x2f2500b8, 0x102400b8, 0xd01f00b8, 0x2f1f00b8, 
    0x000500b9, 0x00b8f402, 0x00b81025, 0x00b9dc15, 0xf402000b, 0x0000b800, 0x00b85845, 0xb91b2f10, 0x0d001000, 0x00b8593e, 0xb8584500, 0x1b2f1a00, 
    0x001a00b9, 0xb8593e03, 0xb9101000, 0x01000000, 0x1a00b8f4, 0x0800b910, 0x30f40100, 0x0e220131, 0x16141502, 0x35363233, 0x27022e34, 0x15021e32, 
    0x23020e14, 0x35022e22, 0x01023e34, 0x243421c4, 0x3f3f4e14, 0x3424144e, 0x71985621, 0x98714242, 0x71985656, 0x98714242, 0x29170602, 0x50411e35, 
    0x351e4150, 0x38f81729, 0x5b599066, 0x3535648f, 0x595b8f64, 0x00386690, 0x3e000200, 0xcb020000, 0x0c00f202, 0x61001b00, 0x2f1c00b8, 0x2f1d00b8, 
    0xdc1300b8, 0x000600b9, 0x00b8f402, 0x00b8101c, 0x00b8d00d, 0x00b92f0d, 0xf402000c, 0xd01900b8, 0x0000b800, 0x00b85845, 0xb91b2f0d, 0x0d000d00, 
    0x00b8593e, 0xb8584500, 0x1b2f1a00, 0x001a00b9, 0xbb593e03, 0x01000100, 0x04001900, 0x0d00b82b, 0x0b00b910, 0x30f40100, 0x32330131, 0x3435023e, 
    0x012b022e, 0x1e322125, 0x0e141502, 0x15012b02, 0x1b460121, 0x121c2412, 0x11241d13, 0x01f8fe1a, 0x5270425b, 0x5d40232e, 0xf8fe8c39, 0x0f04a101, 
    0x1916171b, 0x22ce030c, 0x3a466845, 0xe323415c, 0x2e000200, 0x9803beff, 0x1500fe02, 0x97002d00, 0x2f2e00b8, 0x2f2f00b8, 0x102e00b8, 0xd02000b8, 
    0x2f2000b8, 0x102f00b8, 0xdc2a00b8, 0x000000ba, 0x112a0020, 0x00b93912, 0xf4020003, 0x102000b8, 0x000d00b9, 0x00baf402, 0x00200015, 0x3912112a, 
    0x0000b800, 0x00b85845, 0xb91b2f25, 0x0d002500, 0x00b8593e, 0xb8584500, 0x1b2f1b00, 0x001b00b9, 0xba593e03, 0x1b000000, 0x12112500, 0x2500b839, 
    0x0800b910, 0xb8f40100, 0xb9101b00, 0x01001200, 0x1500baf4, 0x25001b00, 0xba391211, 0x1b001600, 0x12111200, 0x01313039, 0x34353637, 0x2223022e, 
    0x1415020e, 0x3233021e, 0x07053736, 0x23010e27, 0x35022e22, 0x33023e34, 0x15021e32, 0x01070614, 0x1508aaa8, 0x211e3425, 0x13132434, 0x081e3223, 
    0xb101080f, 0x693035d7, 0x6c925634, 0x9771423d, 0x6f985a56, 0x0125203f, 0x1317202f, 0x1628361f, 0x1f342716, 0x1929361e, 0x5ad10201, 0x3811155c, 
    0x5a578e66, 0x35366691, 0x3f5c9165, 0x00003471, 0x3e000200, 0x03030000, 0x0c00f202, 0x92002200, 0x2f2300b8, 0x2f2400b8, 0xdc1300b8, 0x000600b9, 
    0x00b8f402, 0x00b81023, 0x00b8d00d, 0x00b92f0d, 0xf402000c, 0x001900ba, 0x11060013, 0x00b83912, 0x00b8d01f, 0x00b82f1f, 0x00b8100c, 0xb800d021, 
    0x58450000, 0x2f0d00b8, 0x0d00b91b, 0x593e0d00, 0x450000b8, 0x1d00b858, 0x00b91b2f, 0x3e03001d, 0x0000b859, 0x00b85845, 0xb91b2f21, 0x03002100, 
    0x00b8593e, 0x00b9100d, 0xf401000b, 0x001900ba, 0x110d001d, 0x00ba3912, 0x001d0020, 0x3912110d, 0x33013130, 0x35023e32, 0x2b022e34, 0x32212501, 
    0x1415021e, 0x1507020e, 0x011f011e, 0x15232721, 0x134a0121, 0x0f1a2011, 0x1220180e, 0x01f4fe15, 0x5672404b, 0x37241132, 0x0b180b26, 0x78c4fea4, 
    0x01f4fe05, 0x190d04a4, 0x0e191615, 0x3f1cce04, 0x3e2b4764, 0x060d202e, 0xf5111408, 0x0000f2f2, 0x17000100, 0x8002f4ff, 0x3700fe02, 0x00b87100, 
    0x00b82f38, 0x00b82f39, 0x00b81038, 0x00b8d014, 0x00b92f14, 0xf4020024, 0x000000ba, 0x11240014, 0x00b83912, 0x00b81039, 0x00b9dc2f, 0xf4020009, 
    0x0000b800, 0x00b85845, 0xb91b2f19, 0x0d001900, 0x00b8593e, 0xb8584500, 0x1b2f3400, 0x003400b9, 0xba593e03, 0x34000000, 0x12111900, 0x0400b939, 
    0xb8f40100, 0xb9101900, 0x01001f00, 0x133130f4, 0x33011e17, 0x35023e32, 0x2f022e34, 0x35032e01, 0x33023e34, 0x2e071732, 0x0e222301, 0x1e141502, 
    0x1e011f02, 0x0e141503, 0x26222302, 0x250e6b27, 0x190a3056, 0x120c0e15, 0x28370916, 0x381f3648, 0x823e755c, 0x4f234a6d, 0x1115092d, 0x13110b0c, 
    0x4a2b3e08, 0x5c381e35, 0x9a483d76, 0x0b0e0140, 0x0b04281d, 0x0f0d0d11, 0x0a020408, 0x44321f07, 0x4768432c, 0x18c14225, 0x0f090421, 0x080c0b0c, 
    0x0a0e0204, 0x30483422, 0x21446444, 0x00002025, 0x0a000100, 0x4a020000, 0x0700f202, 0x00bb4500, 0x00020004, 0x2b040005, 0x0000b800, 0x00b85845, 
    0xb91b2f00, 0x0d000000, 0x00b8593e, 0xb8584500, 0x1b2f0400, 0x000400b9, 0xb8593e03, 0xb9100000, 0x01000200, 0x0600b8f4, 0x0700b8d0, 0x0700b8d0, 
    0x1331302f, 0x11271521, 0x0a071121, 0xfe974002, 0xf20297ee, 0xfcfd07f5, 0x00070402, 0x3a000100, 0xf402f4ff, 0x1900f202, 0x00b86400, 0x00b82f1a, 
    0x00b82f1b, 0x00b8dc01, 0x00b8101a, 0x00b8d00b, 0x00b92f0b, 0xf402000e, 0x100100b8, 0x001800b9, 0xb800f402, 0x58450000, 0x2f0000b8, 0x0000b91b, 
    0x593e0d00, 0x450000b8, 0x0c00b858, 0x00b91b2f, 0x3e0d000c, 0x0000b859, 0x00b85845, 0xb91b2f06, 0x03000600, 0x00b9593e, 0xf4010013, 0x11013130, 
    0x23020e14, 0x35022e22, 0x14112111, 0x3233021e, 0x1135023e, 0x5b32f402, 0x814f4f81, 0x1201325b, 0x1b1f0e03, 0x030e1f1b, 0x42fef202, 0x264f7853, 
    0x53784f26, 0x5cfebe01, 0x121f2816, 0x16281f12, 0x0000a401, 0xffff0100, 0x2f030000, 0x0d00f202, 0xb8004000, 0x58450000, 0x2f0000b8, 0x0000b91b, 
    0x593e0d00, 0x450000b8, 0x0300b858, 0x00b91b2f, 0x3e0d0003, 0x0000b859, 0x00b85845, 0xb91b2f01, 0x03000100, 0x00ba593e, 0x00010009, 0x39121100, 
    0x01093130, 0x13210123, 0x3315011e, 0x13373634, 0xdcfe2f03, 0x01dcfee8, 0x0b08641e, 0x64080b06, 0x0efdf202, 0xa9fef202, 0x1d1d371c, 0x57011c37, 
    0xfeff0100, 0xa1040000, 0x1800f202, 0xb8006c00, 0x58450000, 0x2f0000b8, 0x0000b91b, 0x593e0d00, 0x450000b8, 0x0600b858, 0x00b91b2f, 0x3e0d0006, 
    0x0000b859, 0x00b85845, 0xb91b2f0d, 0x0d000d00, 0x00b8593e, 0xb8584500, 0x1b2f0f00, 0x000f00b9, 0xb8593e03, 0x58450000, 0x2f1600b8, 0x1600b91b, 
    0x593e0300, 0x000200ba, 0x1100000f, 0x00ba3912, 0x000f0009, 0x39121100, 0x13013130, 0x37013e33, 0x33133313, 0x1337013e, 0x03230121, 0x07010e23, 
    0x01012303, 0x04065f1a, 0xd250090a, 0x08030667, 0x1d014c08, 0x56eff6fe, 0x07050209, 0xf8fee94c, 0x3efef202, 0x01224623, 0x213efe37, 0x3d012044, 
    0x9a010efd, 0xfe1c391d, 0x00f202d8, 0xfcff0100, 0x43030000, 0x1700f202, 0xb8005100, 0x58450000, 0x2f0000b8, 0x0000b91b, 0x593e0d00, 0x450000b8, 
    0x0d00b858, 0x00b91b2f, 0x3e0d000d, 0x0000b859, 0x00b85845, 0xb91b2f02, 0x03000200, 0x00b8593e, 0xb8584500, 0x1b2f0a00, 0x000a00b9, 0xba593e03, 
    0x02001300, 0x12110000, 0x01313039, 0x27210103, 0x06232726, 0x0121010f, 0x1e172103, 0x3e331701, 0x03013f01, 0x0d01ec22, 0x0b56c8fe, 0x0e070805, 
    0x01c8fe54, 0x3501ed08, 0x050a0838, 0x080c0406, 0xfef20234, 0xa06ffe9f, 0x1a1a1915, 0x0191019a, 0x1f0f6b61, 0x0f1e1110, 0x0000006b, 0xf8ff0100, 
    0x0d030000, 0x0c00f202, 0x00bb4000, 0x00020009, 0x2b04000a, 0x0000b800, 0x00b85845, 0xb91b2f00, 0x0d000000, 0x00b8593e, 0xb8584500, 0x1b2f0600, 
    0x000600b9, 0xb8593e0d, 0x58450000, 0x2f0900b8, 0x0900b91b, 0x593e0300, 0x17013130, 0x3f013e33, 0x11012101, 0x01011121, 0x0608542e, 0x0136080b, 
    0xfefefe34, 0x02f9fef4, 0x2412c5f2, 0x53fe7e11, 0x4501bbfe, 0x0000ad01, 0x02000100, 0x01030000, 0x1200f202, 0xb8004700, 0x58450000, 0x2f0000b8, 
    0x0000b91b, 0x593e0d00, 0x450000b8, 0x0700b858, 0x00b91b2f, 0x3e030007, 0x0200b959, 0xb8f40100, 0xb8d00500, 0xb8d00600, 0xb9100000, 0x01001000, 
    0x0d00baf4, 0x10000000, 0x30391211, 0x17010931, 0x013b013e, 0x3e012115, 0x0e273701, 0x35012b01, 0xb8fe0103, 0x10201003, 0x0122fde4, 0x12220f10, 
    0x11201004, 0xfdf202cd, 0x020204f7, 0x19b901e9, 0x0403172b, 0x0000e405, 0x3c000100, 0x9a0165ff, 0x07002b03, 0x00bb2e00, 0x00020007, 0x2b040002, 
    0x0000b800, 0x00b85845, 0xb91b2f03, 0x0f000300, 0x00ba593e, 0x00010000, 0x00b82b03, 0x00b81003, 0x3130dc05, 0x11211505, 0x11231521, 0xa2fe9a01, 
    0x35835e01, 0x66c60366, 0x000006fd, 0x12000100, 0xc6020000, 0x03002b03, 0xb8002500, 0x58450000, 0x2f0100b8, 0x0100b91b, 0x593e0f00, 0x450000b8, 
    0x0000b858, 0x00b91b2f, 0x3e030000, 0x21313059, 0x02013301, 0x94e1fd31, 0x2b032002, 0x0000d5fc, 0x3c000100, 0x9a0165ff, 0x07002b03, 0x00bb2e00, 
    0x00020005, 0x2b040000, 0x0000b800, 0x00b85845, 0xb91b2f03, 0x0f000300, 0x00ba593e, 0x00060000, 0x00b82b03, 0x00b81003, 0x3130dc01, 0x35231117, 
    0x35211121, 0x5e0183bf, 0x0235a2fe, 0x3afc66fa, 0x00000066, 0x64000100, 0xbc02d400, 0x0700f202, 0x00ba2600, 0x00060001, 0x00ba2b03, 0x00060004, 
    0x39121101, 0x0000b800, 0x00b85845, 0xb91b2f00, 0x0d000000, 0x3130593e, 0x03231301, 0x13230323, 0xd0b20a02, 0xd05b025b, 0xfdf202b2, 0xfe1201e2, 
    0x001e02ee, 0x00000100, 0xf40183ff, 0x0300b5ff, 0xba000b00, 0x00000100, 0x302b0300, 0x21351531, 0x7df40115, 0x00003232, 0x39000100, 0xb5017d01, 
    0x0300f202, 0x00bb2400, 0x00020000, 0x2b040002, 0x0000b800, 0x00b85845, 0xb91b2f00, 0x0d000000, 0x00b9593e, 0xf4010001, 0x03013130, 0xb5011321, 
    0xb2fdfe79, 0x8bfef202, 0x00007501, 0x20000200, 0x9d02f4ff, 0x18001f02, 0xab002400, 0x2f2500b8, 0x2f2600b8, 0xdc1700b8, 0x000000b9, 0x00b8f402, 
    0x00b81025, 0x00b8d00b, 0x00b82f0b, 0x00b81000, 0x00b8d013, 0x00b82f13, 0x00b9100b, 0xf4020019, 0x100000b8, 0xd01f00b8, 0x0000b800, 0x00b85845, 
    0xb91b2f10, 0x0b001000, 0x00b8593e, 0xb8584500, 0x1b2f1500, 0x001500b9, 0xb8593e0b, 0x58450000, 0x2f0600b8, 0x0600b91b, 0x593e0300, 0x450000b8, 
    0x1700b858, 0x00b91b2f, 0x3e030017, 0x0600b859, 0x1c00b910, 0xbaf40100, 0x06000100, 0x12111c00, 0x1000b839, 0x2200b910, 0xbaf40100, 0x10001400, 
    0x12112200, 0x25313039, 0x23030e23, 0x35022e22, 0x33023e34, 0x33171632, 0x23113327, 0x33161403, 0x34353632, 0x06222326, 0x1206a801, 0x1b2d2622, 
    0x1d395436, 0x38573a1e, 0x061d4e30, 0x80fdfd08, 0x20252320, 0x241f1f26, 0x151e1346, 0x624f320c, 0x50643230, 0x3f272432, 0x0c01edfd, 0x1f312e20, 
    0x002c281f, 0x32000200, 0xae02f4ff, 0x17002b03, 0x9f002500, 0x2f2600b8, 0x2f2700b8, 0x102600b8, 0xd00000b8, 0x2f0000b8, 0x000100b9, 0x00b8f402, 
    0x00b8d004, 0x00b82f04, 0x00b81027, 0x00badc0c, 0x00000015, 0x39121101, 0x002300b9, 0xb800f402, 0x58450000, 0x2f0000b8, 0x0000b91b, 0x593e0f00, 
    0x450000b8, 0x0700b858, 0x00b91b2f, 0x3e0b0007, 0x0000b859, 0x00b85845, 0xb91b2f11, 0x03001100, 0x00b8593e, 0xb8584500, 0x1b2f1600, 0x001600b9, 
    0xb8593e03, 0xb9101100, 0x01001e00, 0x1500baf4, 0x1e001100, 0xb8391211, 0xb9100700, 0x01001800, 0x133130f4, 0x33071521, 0x3233013e, 0x1415021e, 
    0x2223020e, 0x17232726, 0x06220123, 0x33161415, 0x35023e32, 0x01322634, 0x1b090c02, 0x53382d58, 0x381c1b37, 0x59343652, 0xf2050620, 0x22203b01, 
    0x190f2022, 0x03260a11, 0x257fe02b, 0x6551332e, 0x4e613031, 0x4f293232, 0x1d2e5501, 0x170e2e1e, 0x2d1c0e1b, 0x1e000100, 0xd201f4ff, 0x1d001f02, 
    0x00bb5e00, 0x00020006, 0x2b040015, 0x0000b800, 0x00b85845, 0xb91b2f1a, 0x0b001a00, 0x00b8593e, 0xb8584500, 0x1b2f0000, 0x000000b9, 0xb8593e07, 
    0x58450000, 0x2f1000b8, 0x1000b91b, 0x593e0300, 0x101a00b8, 0x000300b9, 0x00b8f401, 0x00b91010, 0xf4010009, 0x000c00ba, 0x111a0010, 0x31303912, 
    0x23012e01, 0x14150622, 0x36323316, 0x010e0737, 0x022e2223, 0x023e3435, 0x17163233, 0x2f14d201, 0x2c2e231c, 0x172f1e20, 0x22421e0b, 0x2c4e6c41, 
    0x3c644929, 0x01275229, 0x2b1b112d, 0x192c2024, 0x0f0ada10, 0x43664624, 0x2b4c663b, 0x00000d0e, 0x22000200, 0x9e02f4ff, 0x17002b03, 0xa3002500, 
    0x2f2600b8, 0x2f2700b8, 0xdc1500b8, 0x001400b9, 0x00baf402, 0x00150001, 0x39121114, 0x102600b8, 0xd00900b8, 0x2f0900b8, 0x101400b8, 0xd01100b8, 
    0x2f1100b8, 0x100900b8, 0x001b00b9, 0xb800f402, 0x58450000, 0x2f1400b8, 0x1400b91b, 0x593e0f00, 0x450000b8, 0x0e00b858, 0x00b91b2f, 0x3e0b000e, 
    0x0000b859, 0x00b85845, 0xb91b2f04, 0x03000400, 0x00b8593e, 0xb8584500, 0x1b2f1600, 0x001600b9, 0xb8593e03, 0xb9100400, 0x01001e00, 0x0100baf4, 
    0x1e000400, 0xb8391211, 0xb9100e00, 0x01001800, 0x253130f4, 0x23010e23, 0x35022e22, 0x33023e34, 0x33171632, 0x11213527, 0x06220323, 0x33161415, 
    0x35023e32, 0xb1012634, 0x34592006, 0x1c385236, 0x3853371b, 0x091b582d, 0xf202010c, 0x2222204a, 0x11190f20, 0x294f260a, 0x614e3232, 0x51653130, 
    0x7f252e33, 0x01d5fce0, 0x1e1d2e55, 0x1b170e2e, 0x002d1c0e, 0x22000200, 0x9d02f4ff, 0x06001f02, 0x65002400, 0x000700bb, 0x001a0002, 0x00b82b04, 
    0x00b81007, 0xb800d006, 0x58450000, 0x2f1f00b8, 0x1f00b91b, 0x593e0b00, 0x450000b8, 0x1500b858, 0x00b91b2f, 0x3e030015, 0x1f00b859, 0x0300b910, 
    0xb8f40100, 0xb9101f00, 0x01000700, 0x0600b9f4, 0xb8f40100, 0xb9101500, 0x01000c00, 0x1500b8f4, 0x0f00b910, 0x30f40100, 0x26340131, 0x1d062223, 
    0x021e1401, 0x37363233, 0x23030e33, 0x35022e22, 0x33023e34, 0x07021e32, 0x1c239a01, 0x0d041d1d, 0x1c141418, 0x3e0dfb04, 0x3f2e5f53, 0x30355973, 
    0x473f7052, 0x052f597b, 0x2a1b4c01, 0x106e1c29, 0x19101a21, 0x2f463013, 0x65422116, 0x4a6a4245, 0x77532c28, 0x0000004b, 0x05000100, 0xa2010000, 
    0x19003303, 0x00bba900, 0x00020013, 0x2b040016, 0x101600b8, 0xd00000b8, 0x101300b8, 0xd00f00b8, 0x2f0f00b8, 0x0000b800, 0x00b85845, 0xb91b2f03, 
    0x0f000300, 0x00b8593e, 0xb8584500, 0x1b2f1100, 0x001100b9, 0xb8593e0b, 0x58450000, 0x2f1800b8, 0x1800b91b, 0x593e0b00, 0x450000b8, 0x1400b858, 
    0x00b91b2f, 0x3e030014, 0x0700ba59, 0x03001400, 0xb8391211, 0xb9100300, 0x01000a00, 0x1100b8f4, 0x1200b910, 0xb8f40100, 0xb8d01600, 0xb8d01700, 
    0xb92f1700, 0x01001900, 0x1000b8f4, 0x1000b8d0, 0x1700b82f, 0x1300b810, 0x1300b8d0, 0x1331302f, 0x32333634, 0x2e151716, 0x0e222301, 0x37011d02, 
    0x21112715, 0x17350711, 0x1d786e4b, 0x100a1d37, 0x0c151109, 0xfe535704, 0x024646fe, 0x077d7442, 0x0504cd05, 0x0d1a140c, 0x07cf0b14, 0x4b01b5fe, 
    0x0009cf07, 0x21000200, 0x9b02fcfe, 0x27001f02, 0x9e003300, 0x2f3400b8, 0x2f3500b8, 0xdc0000b8, 0x103400b8, 0xd01c00b8, 0x2f1c00b8, 0x002800b9, 
    0x00baf402, 0x001c000a, 0x39121128, 0x100000b8, 0x001200b9, 0x00b8f402, 0x00b8d010, 0x00b82f10, 0x00b81012, 0x00b8d024, 0x00b81012, 0xb800d026, 
    0x58450000, 0x2f2600b8, 0x2600b91b, 0x593e0b00, 0x450000b8, 0x2100b858, 0x00b91b2f, 0x3e0b0021, 0x0000b859, 0x00b85845, 0xb91b2f17, 0x03001700, 
    0x00bb593e, 0x0001000d, 0x2b040005, 0x101700b8, 0x002b00b9, 0x00b8f401, 0x00b91026, 0xf4010031, 0x14253130, 0x2223020e, 0x37012f26, 0x3233011e, 
    0x23013f36, 0x2223030e, 0x3435022e, 0x3233023e, 0x27331716, 0x16140133, 0x35363233, 0x22232634, 0x3b9b0206, 0x3e458162, 0x391a396d, 0x35306525, 
    0x0705053c, 0x2f2a220a, 0x3b553617, 0x553b1e1e, 0x1a4e3337, 0xfefa0707, 0x21222785, 0x20202320, 0x6e4e1f27, 0x15152146, 0x2120b309, 0x16363243, 
    0x320b1621, 0x3132634f, 0x2e315063, 0xf6fe4c2a, 0x1e2c2b20, 0x002c2f1e, 0x32000100, 0x8a020000, 0x1b002b03, 0x00b89500, 0x00b82f1c, 0x00b82f1d, 
    0x00b8101c, 0x00b8d000, 0x00b92f00, 0xf4020001, 0x000400ba, 0x11010000, 0x00b83912, 0x00b8101d, 0x00b9dc0f, 0xf4020010, 0x100100b8, 0xd01900b8, 
    0x0000b800, 0x00b85845, 0xb91b2f00, 0x0f000000, 0x00b8593e, 0xb8584500, 0x1b2f0900, 0x000900b9, 0xb8593e0b, 0x58450000, 0x2f0f00b8, 0x0f00b91b, 
    0x593e0300, 0x450000b8, 0x1a00b858, 0x00b91b2f, 0x3e03001a, 0x0900b859, 0x1600b910, 0xbaf40100, 0x09000400, 0x12111600, 0x13313039, 0x33071521, 
    0x3233033e, 0x1115021e, 0x2e341123, 0x06222302, 0x32211115, 0x040c0201, 0x2f292512, 0x2a45311c, 0x0902fc13, 0x131e0e10, 0x2b03fefe, 0x261593e0, 
    0x3b23101c, 0xbafe2c4f, 0x170a1201, 0x19260c12, 0x0000eefe, 0x36000200, 0x52010000, 0x0f003303, 0x54001300, 0x001100bb, 0x00100002, 0x00bb2b04, 
    0x00020003, 0x2b04000d, 0x0000b800, 0x00b85845, 0xb91b2f10, 0x0b001000, 0x00b8593e, 0xb8584500, 0x1b2f0000, 0x000000b9, 0xb8593e0f, 0x58450000, 
    0x2f1200b8, 0x1200b91b, 0x593e0300, 0x100000b8, 0x000800b9, 0x3130f401, 0x15163213, 0x23020e14, 0x35022e22, 0x21033634, 0x3dc42111, 0x33271851, 
    0x27331c1c, 0x01445118, 0x03fefe02, 0x213a4233, 0x0f0f1e2f, 0x3a212f1e, 0xfde0fe42, 0x000000ed, 0x36000200, 0x520125ff, 0x0f003303, 0x54001300, 
    0x001100bb, 0x00100002, 0x00bb2b04, 0x00020003, 0x2b04000d, 0x0000b800, 0x00b85845, 0xb91b2f10, 0x0b001000, 0x00b8593e, 0xb8584500, 0x1b2f0000, 
    0x000000b9, 0xb8593e0f, 0x58450000, 0x2f1200b8, 0x1200b91b, 0x593e0500, 0x100000b8, 0x000800b9, 0x3130f401, 0x15163213, 0x23020e14, 0x35022e22, 
    0x21033634, 0x3dc42111, 0x33271851, 0x27331c1c, 0x01445118, 0x03fefe02, 0x213a4233, 0x0f0f1e2f, 0x3a212f1e, 0xfde0fe42, 0x00000012, 0x34000100, 
    0xd8020000, 0x0d002b03, 0x00bb7700, 0x00020001, 0x2b040000, 0x100100b8, 0xd00b00b8, 0x0000b800, 0x00b85845, 0xb91b2f00, 0x0f000000, 0x00b8593e, 
    0xb8584500, 0x1b2f0500, 0x000500b9, 0xb8593e0b, 0x58450000, 0x2f0800b8, 0x0800b91b, 0x593e0300, 0x450000b8, 0x0c00b858, 0x00b91b2f, 0x3e03000c, 
    0x0300ba59, 0x00000800, 0xba391211, 0x08000600, 0x12110000, 0x0b00ba39, 0x00000800, 0x30391211, 0x11211331, 0x21013f33, 0x27211303, 0x34211523, 
    0x15060201, 0xc32d0150, 0x6cd0fecd, 0x03fefe06, 0x2d23fe2b, 0xfefcfe98, 0x00c3c3f1, 0x39000100, 0x3b010000, 0x03002b03, 0x00bb2f00, 0x00020001, 
    0x2b040000, 0x0000b800, 0x00b85845, 0xb91b2f00, 0x0f000000, 0x00b8593e, 0xb8584500, 0x1b2f0200, 0x000200b9, 0x30593e03, 0x11211331, 0x02013921, 
    0x2b03fefe, 0x0000d5fc, 0x38000100, 0xbc030000, 0x30001f02, 0x00b82701, 0x00b82f31, 0x00b8d02e, 0x00b92f2e, 0xf402002d, 0xd00100b8, 0x2f0100b8, 
    0x50000341, 0x01002100, 0x0003415d, 0x002100ef, 0x00b85d01, 0x00b8102e, 0x0341dc21, 0x21002000, 0x415d0100, 0x00b00003, 0x5d010021, 0x80000341, 
    0x01002100, 0x0003415d, 0x00140020, 0x03415d01, 0x1400ef00, 0xb85d0100, 0x41dc1400, 0x00500003, 0x5d010014, 0x80000341, 0x01001400, 0x0003415d, 
    0x001400b0, 0x00ba5d01, 0x0021000a, 0x39121114, 0x001300b9, 0x00b8f402, 0x00b91021, 0xf4020020, 0x102d00b8, 0xd03000b8, 0x2f3000b8, 0x0000b800, 
    0x00b85845, 0xb91b2f06, 0x0b000600, 0x00b8593e, 0xb8584500, 0x1b2f0d00, 0x000d00b9, 0xb8593e0b, 0x58450000, 0x2f2f00b8, 0x2f00b91b, 0x593e0b00, 
    0x450000b8, 0x1300b858, 0x00b91b2f, 0x3e030013, 0x0000b859, 0x00b85845, 0xb91b2f20, 0x03002000, 0x00b8593e, 0xb8584500, 0x1b2f2d00, 0x002d00b9, 
    0xb8593e03, 0xb9100d00, 0x01001a00, 0x0a00baf4, 0x1a000d00, 0xb8391211, 0x30d02700, 0x3e330131, 0x16323303, 0x013e3317, 0x021e3233, 0x11231115, 
    0x23022e34, 0x15020e22, 0x34112311, 0x2223022e, 0x1115020e, 0x01331123, 0x1f080824, 0x391a3029, 0x1706114e, 0x45303e4c, 0x01fa152d, 0x0e0e1007, 
    0xfa01070f, 0x0e100701, 0x01070f0e, 0xb501f4fa, 0x0f1b2818, 0x3938363b, 0x2b4d3b22, 0x0701b6fe, 0x0d15190c, 0x0c19150d, 0x0701f9fe, 0x0d15190c, 
    0x0c19150d, 0x1302f9fe, 0x32000100, 0x8d020000, 0x1c001f02, 0x00b89900, 0x00b82f1d, 0x00b82f1e, 0x00b8101d, 0x00b8d01a, 0x00b92f1a, 0xf4020019, 
    0x000100ba, 0x1119001a, 0x00b83912, 0x00b8101e, 0x00b9dc0c, 0xf402000d, 0x101900b8, 0xd01c00b8, 0x2f1c00b8, 0x0000b800, 0x00b85845, 0xb91b2f06, 
    0x0b000600, 0x00b8593e, 0xb8584500, 0x1b2f1b00, 0x001b00b9, 0xb8593e0b, 0x58450000, 0x2f0c00b8, 0x0c00b91b, 0x593e0300, 0x450000b8, 0x1900b858, 
    0x00b91b2f, 0x3e030019, 0x0600b859, 0x1300b910, 0xbaf40100, 0x06000100, 0x12111300, 0x01313039, 0x33033e33, 0x15021e32, 0x34112111, 0x2223022e, 
    0x1115020e, 0x01331121, 0x23130624, 0x311f2f27, 0xfe142d46, 0x120901fe, 0x08121010, 0xfcfefe01, 0x2316be01, 0x3b230e1a, 0xb9fe2c4e, 0x1a0c0301, 
    0x160f0f16, 0xfdfe0c1a, 0x00001302, 0x23000200, 0xa702f4ff, 0x0b001f02, 0x61001f00, 0x2f2000b8, 0x2f2100b8, 0x102000b8, 0xd01b00b8, 0x2f1b00b8, 
    0x000300b9, 0x00b8f402, 0x00b81021, 0x00b9dc11, 0xf4020009, 0x0000b800, 0x00b85845, 0xb91b2f0c, 0x0b000c00, 0x00b8593e, 0xb8584500, 0x1b2f1600, 
    0x001600b9, 0xb8593e03, 0xb9100c00, 0x01000000, 0x1600b8f4, 0x0600b910, 0x30f40100, 0x06220131, 0x33161415, 0x34353632, 0x1e322726, 0x0e141502, 
    0x2e222302, 0x3e343502, 0x20650102, 0x1e1e2a28, 0x4220282a, 0x36335875, 0x3e3e745a, 0x33365a74, 0x55017558, 0x2920202e, 0x2e202029, 0x6a4824ca, 
    0x45654246, 0x65452323, 0x486a4642, 0x00000024, 0x33000200, 0xac0225ff, 0x19001f02, 0x9c002700, 0x2f2800b8, 0x2f2900b8, 0xdc0900b8, 0x102800b8, 
    0xd01700b8, 0x2f1700b8, 0x001600b9, 0x00b8f402, 0x00b8d013, 0x00b82f13, 0x00b91009, 0xf4020025, 0x0000b800, 0x00b85845, 0xb91b2f04, 0x0b000400, 
    0x00b8593e, 0xb8584500, 0x1b2f1800, 0x001800b9, 0xb8593e0b, 0x58450000, 0x2f1600b8, 0x1600b91b, 0x593e0500, 0x450000b8, 0x0e00b858, 0x00b91b2f, 
    0x3e03000e, 0x0000b859, 0x00b85845, 0xb91b2f15, 0x03001500, 0x00b8593e, 0x00b91004, 0xf401001a, 0x101500b8, 0x002000b9, 0x3130f401, 0x013e3301, 
    0x021e3233, 0x020e1415, 0x022e2223, 0x15172327, 0x17331121, 0x14150622, 0x3e323316, 0x26343502, 0x16082101, 0x5338335d, 0x381d1b37, 0x2e163654, 
    0x070b232b, 0xf6fefe0c, 0x22222042, 0x11190f20, 0xbf01260a, 0x4d30322e, 0x642f3262, 0x160c3552, 0xcf55141f, 0x2ebeee02, 0x0e2e1e1d, 0x1c0e1b17, 
    0x0000002d, 0x20000200, 0x990225ff, 0x19001f02, 0x98002700, 0x2f2800b8, 0x2f2900b8, 0xdc0000b8, 0x000100b9, 0x00b8f402, 0x00b8d004, 0x00b82f04, 
    0x00b81028, 0x00b8d00e, 0x00b92f0e, 0xf402001d, 0x0000b800, 0x00b85845, 0xb91b2f13, 0x0b001300, 0x00b8593e, 0xb8584500, 0x1b2f1800, 0x001800b9, 
    0xb8593e0b, 0x58450000, 0x2f0000b8, 0x0000b91b, 0x593e0500, 0x450000b8, 0x0200b858, 0x00b91b2f, 0x3e030002, 0x0000b859, 0x00b85845, 0xb91b2f09, 
    0x03000900, 0x00b8593e, 0x00b91013, 0xf401001a, 0x100200b8, 0x002000b9, 0x3130f401, 0x37352105, 0x23030e23, 0x35022e22, 0x33023e34, 0x33171632, 
    0x22053327, 0x16141506, 0x023e3233, 0x02263435, 0x0cfefe99, 0x2b230b07, 0x5436162e, 0x371b1d38, 0x5d333853, 0xf6080816, 0x2220c7fe, 0x190f2022, 
    0xdb260a11, 0x1f1455cf, 0x52350c16, 0x62322f64, 0x2e32304d, 0x1d2ebf54, 0x170e2e1e, 0x2d1c0e1b, 0x31000100, 0xe7010000, 0x11002002, 0x00bb5c00, 
    0x00020007, 0x2b040008, 0x100700b8, 0xd00a00b8, 0x0000b800, 0x00b85845, 0xb91b2f11, 0x0b001100, 0x00b8593e, 0xb8584500, 0x1b2f0900, 0x000900b9, 
    0xb8593e0b, 0x58450000, 0x2f0700b8, 0x0700b91b, 0x593e0300, 0x101100b8, 0x000300b9, 0x00baf401, 0x0011000c, 0x39121103, 0x2e013130, 0x06222301, 
    0x1121011d, 0x3e330721, 0xe7011703, 0x33192214, 0x01fefe32, 0x11060602, 0x21332b24, 0x110c1901, 0x02cc3238, 0x211a4713, 0x00010613, 0x09000100, 
    0xfd01f4ff, 0x30001f02, 0x00bb3f00, 0x00020028, 0x2b040007, 0x0000b800, 0x00b85845, 0xb91b2f16, 0x0b001600, 0x00b8593e, 0xb8584500, 0x1b2f2d00, 
    0x002d00b9, 0xb9593e03, 0x01000400, 0x1600b8f4, 0x1d00b910, 0x30f40100, 0x1e173731, 0x36323301, 0x022e3435, 0x35032e27, 0x33023e34, 0x07171632, 
    0x2223012e, 0x16141506, 0x15031e17, 0x23020e14, 0x4b272622, 0x21481b10, 0x100a190d, 0x3c200812, 0x482d1c2e, 0x70322b58, 0x3e193f2c, 0x25190c20, 
    0x2e3d221b, 0x5c492f1a, 0x3a7a3f2d, 0x20110acf, 0x0c0b0f0e, 0x04010306, 0x26332313, 0x152d4632, 0x12931815, 0x140e0a1a, 0x13060509, 0x34283623, 
    0x22162f4a, 0x00000019, 0x15000100, 0xae010000, 0x0b00be02, 0x00bb7200, 0x00020004, 0x2b040005, 0x100400b8, 0xd00000b8, 0x100500b8, 0xd00900b8, 
    0x0000b800, 0x00b85845, 0xb91b2f04, 0x03000400, 0x00bb593e, 0x00010000, 0x2b040002, 0x000100bb, 0x00030001, 0x00b82b04, 0x00b81002, 0x00b8d006, 
    0x00b82f06, 0x00b81003, 0x00b8d007, 0x00b82f07, 0x00b81000, 0x00b8d008, 0x00b82f08, 0x00b81001, 0x00b8d009, 0x31302f09, 0x27153701, 0x07112111, 
    0x21351735, 0x56565801, 0x3f3ffcfe, 0x0c020401, 0xfe05cb04, 0x054a01b6, 0x00b204cb, 0x31000100, 0x8902f4ff, 0x19001302, 0x00b86400, 0x00b82f1a, 
    0x00b82f1b, 0x00b8101a, 0x00b8d018, 0x00b92f18, 0xf4020001, 0x101b00b8, 0xdc0e00b8, 0x000b00b9, 0xb800f402, 0x58450000, 0x2f0000b8, 0x0000b91b, 
    0x593e0b00, 0x450000b8, 0x0c00b858, 0x00b91b2f, 0x3e0b000c, 0x0000b859, 0x00b85845, 0xb91b2f13, 0x03001300, 0x00b9593e, 0xf4010006, 0x11013130, 
    0x33021e14, 0x35023e32, 0x14112111, 0x2223020e, 0x1135022e, 0x09023101, 0x11101011, 0x00010209, 0x3a6c5432, 0x32546c3a, 0xeefe1302, 0x0b12170c, 
    0x0c17120b, 0xd4fe1201, 0x1d3b5c3f, 0x3f5c3b1d, 0x00002c01, 0xfaff0100, 0xb4020000, 0x08001302, 0xb8003600, 0x58450000, 0x2f0000b8, 0x0000b91b, 
    0x593e0b00, 0x450000b8, 0x0400b858, 0x00b91b2f, 0x3e0b0004, 0x0000b859, 0x00b85845, 0xb91b2f06, 0x03000600, 0x3130593e, 0x3f331701, 0x23032101, 
    0x450f0103, 0x01370d07, 0xe9eae715, 0x41fb1302, 0x02edfdba, 0x00000013, 0xf1ff0100, 0xc4030000, 0x12001302, 0xb8006200, 0x58450000, 0x2f0000b8, 
    0x0000b91b, 0x593e0b00, 0x450000b8, 0x0400b858, 0x00b91b2f, 0x3e0b0004, 0x0000b859, 0x00b85845, 0xb91b2f09, 0x0b000900, 0x00b8593e, 0xb8584500, 
    0x1b2f0b00, 0x000b00b9, 0xb8593e03, 0x58450000, 0x2f1000b8, 0x1000b91b, 0x593e0300, 0x000700ba, 0x1100000b, 0x31303912, 0x3f331301, 0x33133301, 
    0x0321013f, 0x0f232723, 0x01032301, 0x0d083d01, 0x0645a933, 0x0f012e0d, 0x073ad0da, 0xd7d3310d, 0xd9fe1302, 0xd9fecf58, 0xedfdcf58, 0x02b438ec, 
    0x00000013, 0x00000100, 0xe0020000, 0x11001302, 0xb8005b00, 0x58450000, 0x2f0000b8, 0x0000b91b, 0x593e0b00, 0x450000b8, 0x0500b858, 0x00b91b2f, 
    0x3e0b0005, 0x0000b859, 0x00b85845, 0xb91b2f08, 0x03000800, 0x00b8593e, 0xb8584500, 0x1b2f0e00, 0x000e00b9, 0xba593e03, 0x08000300, 0x12110000, 
    0x0c00ba39, 0x00000800, 0x30391211, 0x011f0131, 0x21013f33, 0x2f211307, 0x010f2301, 0x01271321, 0x0511213e, 0x28012014, 0xd1fed8c9, 0x1005122a, 
    0xdfc9fe29, 0x421302c9, 0xff422d2d, 0x2a4becfe, 0x14014b2a, 0x000000ff, 0xeaff0100, 0xa80225ff, 0x0a001302, 0xb8003600, 0x58450000, 0x2f0000b8, 
    0x0000b91b, 0x593e0b00, 0x450000b8, 0x0500b858, 0x00b91b2f, 0x3e0b0005, 0x0000b859, 0x00b85845, 0xb91b2f07, 0x05000700, 0x3130593e, 0x33011f01, 
    0x0121013f, 0x01031321, 0x070f3b00, 0x0f013b0d, 0xf0feacfe, 0x1302e389, 0xd05151d0, 0x100112fd, 0x0000de01, 0x10000100, 0x4d020000, 0x0f001302, 
    0xb8003d00, 0x58450000, 0x2f0d00b8, 0x0d00b91b, 0x593e0b00, 0x450000b8, 0x0500b858, 0x00b91b2f, 0x3e030005, 0x0200b959, 0xb8f40100, 0xb8d00400, 
    0xb9100d00, 0x01000a00, 0x0c00b8f4, 0x013130d0, 0x33371507, 0x3f352115, 0x23073501, 0x01152135, 0x933537af, 0x359dd0fd, 0x23027d3b, 0x06430b01, 
    0xee24c806, 0xc807043c, 0x0000001e, 0x37000100, 0x9f0125ff, 0x2f002b03, 0x00bb6700, 0x00020012, 0x2b040005, 0x001800ba, 0x11120005, 0x00b83912, 
    0x00b81012, 0x00b8d01d, 0x00b81005, 0xb800d029, 0x58450000, 0x2f0900b8, 0x0900b91b, 0x593e0f00, 0x450000b8, 0x2500b858, 0x00b91b2f, 0x3e050025, 
    0x0900b859, 0x0b00b910, 0xbaf40100, 0x25001800, 0x12110900, 0x2500b839, 0x2300b910, 0x30f40100, 0x033e1331, 0x3634013d, 0x2315013b, 0x1d020e22, 
    0x020e1401, 0x031e1507, 0x1e14011d, 0x15013b02, 0x3d262223, 0x022e3401, 0x190c3727, 0x576a0d14, 0x13111961, 0x1b120109, 0x23101023, 0x0901121b, 
    0x61191113, 0x140d6a57, 0x66010c19, 0x1d150f06, 0x4851cf16, 0x16110b8c, 0x2e20a60a, 0x020a1922, 0x2f22180b, 0x150ba620, 0x498c0b12, 0x1e16ce52, 
    0x00060f15, 0x08010100, 0xd0012aff, 0x03001203, 0x00bb1500, 0x00020001, 0x2b040000, 0x0100ba00, 0x03000200, 0x0131302b, 0x01231133, 0x03c8c808, 
    0x0018fc12, 0x37000100, 0x9f0125ff, 0x2f002b03, 0x00bb6300, 0x00020006, 0x2b040011, 0x001800ba, 0x11060011, 0x00b83912, 0x00b81011, 0x00b8d01d, 
    0x00b81006, 0xb800d029, 0x58450000, 0x2f2500b8, 0x2500b91b, 0x593e0f00, 0x450000b8, 0x0900b858, 0x00b91b2f, 0x3e050009, 0x0b00b959, 0xbaf40100, 
    0x09001800, 0x12112500, 0x2500b839, 0x2300b910, 0x30f40100, 0x030e2531, 0x0614011d, 0x3335012b, 0x3d023e32, 0x023e3401, 0x032e3537, 0x2e34013d, 
    0x35012b02, 0x1d163233, 0x021e1401, 0x0c9f0117, 0x6a0d1419, 0x11196157, 0x12010913, 0x1111221b, 0x01121b22, 0x19111309, 0x0d6a5761, 0xec0c1914, 
    0x1e150f06, 0x4952ce16, 0x15120b8c, 0x2f20a60b, 0x020b1822, 0x2e22190a, 0x160aa620, 0x488c0b11, 0x1d16cf51, 0x00060f15, 0x64000100, 0xbc029500, 
    0x2100c401, 0x00ba3300, 0x00110000, 0xbb002b03, 0x01001600, 0x04000500, 0x1000ba2b, 0x16000500, 0xb8391211, 0xb9100500, 0x01001c00, 0x2100baf4, 
    0x16000500, 0x30391211, 0x030e0131, 0x27262223, 0x2223012e, 0x2707020e, 0x3233033e, 0x011e1716, 0x023e3233, 0x08bc0237, 0x1c3b3326, 0x1b1e4725, 
    0x15091831, 0x6a051114, 0x3a312207, 0x1d451f1f, 0x0b1e3117, 0x06121518, 0x370f3801, 0x17222835, 0x130c1715, 0x147c0c17, 0x241e2c32, 0x12200e12, 
    0x000d1f1a, 0x50000200, 0x7a0125ff, 0x13006002, 0x3a001700, 0x001400bb, 0x00150002, 0x00bb2b04, 0x00020005, 0x2b04000f, 0x0000b800, 0x00b85845, 
    0xb91b2f14, 0x05001400, 0x00bb593e, 0x00010000, 0x2b04000a, 0x101400b8, 0xdc1600b8, 0x32133130, 0x1415021e, 0x2223020e, 0x3435022e, 0x2113023e, 
    0x1be52111, 0x1a1a2a36, 0x1b1b362a, 0x1a1a2a36, 0xfe9f362a, 0x020801f8, 0x2f211160, 0x1f2e1e1e, 0x2e1f1111, 0x212f1e1e, 0x02c5fc11, 0x00000003, 
    0xc9000100, 0x77020e00, 0x2100f202, 0x00ba3c00, 0x00140012, 0x00bb2b03, 0x00020007, 0x2b040019, 0x101400b8, 0xd01e00b8, 0x101200b8, 0xd02000b8, 
    0x0000b800, 0x00b85845, 0xb91b2f1f, 0x0d001f00, 0x00b9593e, 0xf4010004, 0x17013130, 0x2223012e, 0x16141506, 0x37363233, 0x07010e07, 0x2e372317, 
    0x3e343503, 0x33273702, 0x06710207, 0x201d2d17, 0x19222a2c, 0x1d031335, 0x55051e3a, 0x3d583606, 0x573f2321, 0x05540533, 0x11d37c02, 0x22212717, 
    0xd311182a, 0x6d020e08, 0x472d046d, 0x5c34365e, 0x61072d46, 0x00000061, 0x60000100, 0xe102f1ff, 0x4400fe02, 0x00bab200, 0x000e001e, 0x00bb2b03, 
    0x0002001c, 0x2b040003, 0x002400ba, 0x111c0003, 0x00ba3912, 0x00030041, 0x3912111c, 0x0000b800, 0x00b85845, 0xb91b2f08, 0x0d000800, 0x00b8593e, 
    0xb8584500, 0x1b2f3100, 0x003100b9, 0xb8593e03, 0x58450000, 0x2f3c00b8, 0x3c00b91b, 0x593e0300, 0x001d00bb, 0x001f0001, 0x00bb2b04, 0x0001001e, 
    0x2b040020, 0x100800b8, 0x001100b9, 0x00baf401, 0x00310024, 0x39121108, 0x103100b8, 0x002800b9, 0x00b8f401, 0x00b81020, 0x00b8d041, 0x00b82f41, 
    0x00b8101f, 0x00b8d042, 0x00b8101e, 0x00b8d043, 0x00b8101d, 0x3130d044, 0x35012e01, 0x33023e34, 0x15021e32, 0x23263407, 0x15020e22, 0x1e171614, 
    0x37011d01, 0x0e072715, 0x1e170701, 0x36323301, 0x030e1737, 0x2f262223, 0x23012e01, 0x010f0622, 0x3f013e27, 0x17350701, 0x05041201, 0x32594428, 
    0x233c5230, 0x0d1e0eaa, 0x03050c12, 0x95050202, 0x0e04039a, 0x2613200e, 0x15331b14, 0x3936184a, 0x41191b3a, 0x150e3b18, 0x1b341e0e, 0x4d263a18, 
    0x5f601e2a, 0x2914d601, 0x36503515, 0x4a30171b, 0x27192233, 0x0a17120c, 0x0e0c170c, 0x08130e1e, 0x1b0f098d, 0x07091828, 0x89111509, 0x0c151b0e, 
    0x0410070b, 0x090b1203, 0x0520119a, 0x088d085c, 0x07ff0100, 0x78010000, 0x0300f202, 0x00ba2d00, 0x00030001, 0xb8002b03, 0x58450000, 0x2f0000b8, 
    0x0000b91b, 0x593e0d00, 0x450000b8, 0x0200b858, 0x00b91b2f, 0x3e030002, 0x01313059, 0x01230133, 0xfefd6c0c, 0xfdf2026f, 0x0000000e, 0x16000100, 
    0x2b030000, 0x1c00f202, 0x00bb8400, 0x00020000, 0x2b040001, 0x100100b8, 0xd00500b8, 0x100000b8, 0xd01800b8, 0x0000b800, 0x00b85845, 0xb91b2f0b, 
    0x0d000b00, 0x00b8593e, 0xb8584500, 0x1b2f1200, 0x001200b9, 0xb8593e0d, 0x58450000, 0x2f0000b8, 0x0000b91b, 0x593e0300, 0x000500bb, 0x00020001, 
    0x00bb2b04, 0x0001000a, 0x2b040007, 0x100a00b8, 0xd01400b8, 0x100700b8, 0xd01600b8, 0x100500b8, 0xd01900b8, 0x100200b8, 0xd01b00b8, 0x01293130, 
    0x33352335, 0x35232735, 0x17212733, 0x3f013e33, 0x33072101, 0x15072315, 0x02231533, 0xcbf4fe29, 0x5eb417cb, 0x5436019a, 0x080b0608, 0x98340136, 
    0xc616b05c, 0x258c94c6, 0xc5fc8c25, 0x7e112412, 0x25258cfc, 0x0000008c, 0x86000100, 0xc40269ff, 0x2b003e03, 0x00ba9000, 0x001f0009, 0x00ba2b03, 
    0x001f0013, 0x39121109, 0x001400ba, 0x1109001f, 0x00ba3912, 0x001f0028, 0x39121109, 0x002900ba, 0x1109001f, 0xb8003912, 0x58450000, 0x2f1400b8, 
    0x1400b91b, 0x593e0b00, 0x450000b8, 0x2a00b858, 0x00b91b2f, 0x3e0b002a, 0x0000b859, 0x00b85845, 0xb91b2f13, 0x0b001300, 0x00bb593e, 0x00010021, 
    0x2b04001c, 0x101400b8, 0x001500b9, 0x00b8f401, 0x00b91014, 0xf4010016, 0xd02800b8, 0x101500b8, 0xd02900b8, 0x3e013130, 0x16323303, 0x2e07011f, 
    0x0e222301, 0x37010f02, 0x0e032707, 0x26222303, 0x32173727, 0x013e3736, 0x3707013f, 0x06710117, 0x2b44311f, 0x08223f25, 0x0b140720, 0x040b1211, 
    0x21500402, 0x2c0b284c, 0x13476949, 0x0d211226, 0x18102111, 0x4523050c, 0x7a024420, 0x21364726, 0xbb030e10, 0x150d0c09, 0x08190c1a, 0x00ff08bb, 
    0x1c3d6247, 0x01cf0403, 0x270d0807, 0xbb08d01a, 0x00000007, 0x63000200, 0xdd0236ff, 0x4700fe02, 0x6c005500, 0x002800bb, 0x00170002, 0x00bb2b04, 
    0x0002003d, 0x2b040006, 0x005200bb, 0x00110002, 0x00bb2b04, 0x00020000, 0x2b040047, 0x001400ba, 0x11280017, 0x00b83912, 0x00b8103d, 0xb800d021, 
    0x58450000, 0x2f1c00b8, 0x1c00b91b, 0x593e0d00, 0x000000bb, 0x00420001, 0x00b82b04, 0x00b9101c, 0xf4010021, 0x101c00b8, 0x002500b9, 0x3130f401, 
    0x33160625, 0x34353632, 0x012f022e, 0x3435032e, 0x012e3736, 0x023e3435, 0x021e3233, 0x26362317, 0x15062223, 0x1f021e14, 0x15031e01, 0x07020e14, 
    0x1415031e, 0x2223020e, 0x2537022e, 0x3435013e, 0x0e012f26, 0x16141501, 0x01500117, 0x2a18202e, 0x0a18150f, 0x38452273, 0x12323f24, 0x58482d13, 
    0x445a332c, 0x01b4032a, 0x23161f26, 0x0b1b1811, 0x2d3a1f78, 0x261a0e1b, 0x0b120c18, 0x5c482c06, 0x48623831, 0x77010229, 0x0e160b08, 0x1d0f06d8, 
    0x22231f0e, 0x140d1c16, 0x30040a0f, 0x3d2b200e, 0x1652392b, 0x321d3016, 0x1a162f48, 0x1f375135, 0x0e181726, 0x040a0e14, 0x291d0d31, 0x2d1f2739, 
    0x0f0f1e24, 0x141f1b1b, 0x18334e37, 0x3d58391b, 0x0a190fae, 0x66070f11, 0x120e1d0c, 0x00000710, 0x6b000200, 0xd4025800, 0x0b00be02, 0x3f002f00, 
    0x2f3000b8, 0x2f3100b8, 0x103000b8, 0xd00f00b8, 0x2f0f00b8, 0x000300b9, 0x00b8f402, 0x00b81031, 0x00b9dc21, 0xf4020009, 0x0600bb00, 0x2a000100, 
    0xbb2b0400, 0x01001800, 0x04000000, 0x0131302b, 0x14150622, 0x36323316, 0x01263435, 0x3435012e, 0x37273736, 0x33013e17, 0x37171632, 0x011e0717, 
    0x07061415, 0x0e270717, 0x26222301, 0x01270727, 0x474637a3, 0x46473636, 0x1b19d6fe, 0x41451a1a, 0x325d2147, 0x471e5931, 0x1f194040, 0x3e441a20, 
    0x325a2047, 0x46225b34, 0x48040241, 0x3f3f3837, 0xfe483738, 0x315720dc, 0x47205c31, 0x1d194642, 0x4146191d, 0x325c2243, 0x461e5a31, 0x1d1b4443, 
    0x41441d1c, 0x75000100, 0x78017d01, 0x0300f202, 0x00bb2400, 0x00020002, 0x2b040001, 0x0000b800, 0x00b85845, 0xb91b2f01, 0x0d000100, 0x00b9593e, 
    0xf4010000, 0x03133130, 0x289d0321, 0x01280301, 0xfe75017d, 0x0000008b, 0x36000200, 0xde027d01, 0x0300f202, 0x4b000700, 0x000400bb, 0x00060002, 
    0x00bb2b04, 0x00020000, 0x2b040002, 0x0000b800, 0x00b85845, 0xb91b2f00, 0x0d000000, 0x00b8593e, 0xb8584500, 0x1b2f0400, 0x000400b9, 0xb8593e0d, 
    0xb9100000, 0x01000100, 0x0500b8f4, 0x0600b8d0, 0x013130d0, 0x21132103, 0x01132103, 0xfdfe79b2, 0x79f601b2, 0x02b2fdfe, 0x018bfef2, 0x018bfe75, 
    0x00000075, 0x30000200, 0x0c022700, 0x0500f701, 0x41000b00, 0x000900bb, 0x00070002, 0x00bb2b04, 0x00020003, 0x2b040001, 0x0000b800, 0x00b85845, 
    0xb91b2f03, 0x09000300, 0x00b8593e, 0xb8584500, 0x1b2f0900, 0x000900b9, 0xba593e09, 0x00000200, 0x302b0300, 0x37272531, 0x05170717, 0x07173727, 
    0xa1ac0117, 0x6d6d60a1, 0xa1a1c5fe, 0x276d6d60, 0x9e46e4ec, 0xe4ec41ab, 0x00ab9e46, 0x2f000100, 0x30012700, 0x0500f701, 0x00bb2600, 0x00020003, 
    0x2b040001, 0x0000b800, 0x00b85845, 0xb91b2f03, 0x09000300, 0x00ba593e, 0x00000002, 0x31302b03, 0x17372737, 0xa1d01707, 0x6d6d60a1, 0x46e4ec27, 
    0x0000ab9e, 0x30000100, 0x31012700, 0x0500f701, 0x00bb2600, 0x00020004, 0x2b040002, 0x0000b800, 0x00b85845, 0xb91b2f02, 0x09000200, 0x00ba593e, 
    0x00050003, 0x31302b03, 0x3727013f, 0x6d300717, 0xa1a1606d, 0x469eab68, 0x0000ece4, 0x05000300, 0x00030000, 0x19003303, 0x2d002900, 0x00bbfa00, 
    0x00020013, 0x2b040016, 0x002b00bb, 0x002a0002, 0x00bb2b04, 0x0002001d, 0x2b040027, 0x101600b8, 0xd00000b8, 0x000700ba, 0x111d0016, 0x00b83912, 
    0x00b81013, 0x00b8d00f, 0xb8002f0f, 0x58450000, 0x2f0300b8, 0x0300b91b, 0x593e0f00, 0x450000b8, 0x1a00b858, 0x00b91b2f, 0x3e0f001a, 0x0000b859, 
    0x00b85845, 0xb91b2f11, 0x0b001100, 0x00b8593e, 0xb8584500, 0x1b2f1800, 0x001800b9, 0xb8593e0b, 0x58450000, 0x2f2a00b8, 0x2a00b91b, 0x593e0b00, 
    0x450000b8, 0x1400b858, 0x00b91b2f, 0x3e030014, 0x0000b859, 0x00b85845, 0xb91b2f2c, 0x03002c00, 0x00b8593e, 0x00b9101a, 0xf4010022, 0x000700ba, 
    0x1122001a, 0x00b83912, 0x00b91011, 0xf4010012, 0xd01600b8, 0xd01700b8, 0x2f1700b8, 0x001900b9, 0x00b8f401, 0x00b8d010, 0x00b82f10, 0x00b81017, 
    0x00b8d013, 0x31302f13, 0x33363413, 0x15171632, 0x2223012e, 0x011d020e, 0x11271537, 0x35071121, 0x16320117, 0x020e1415, 0x022e2223, 0x03363435, 
    0x4b211121, 0x371d786e, 0x09100a1d, 0x040c1511, 0xfefe5357, 0x27024646, 0x2718513d, 0x331c1c33, 0x44511827, 0xfefe0201, 0x7d744202, 0x04cd0507, 
    0x1a140c05, 0xcf0b140d, 0x01b5fe07, 0x09cf074b, 0x3a422901, 0x0f1e2f21, 0x212f1e0f, 0xe0fe423a, 0x0000edfd, 0x05000200, 0xe9020000, 0x19003303, 
    0xfa001d00, 0x2f1e00b8, 0x2f1f00b8, 0x101e00b8, 0xd01600b8, 0x2f1600b8, 0xd00000b8, 0x101f00b8, 0xdc1b00b8, 0x000700ba, 0x111b0016, 0x00b83912, 
    0x00b91016, 0xf4020013, 0xd00f00b8, 0x2f0f00b8, 0x101b00b8, 0x001a00b9, 0xb800f402, 0x58450000, 0x2f0600b8, 0x0600b91b, 0x593e0f00, 0x450000b8, 
    0x1a00b858, 0x00b91b2f, 0x3e0f001a, 0x0000b859, 0x00b85845, 0xb91b2f03, 0x0f000300, 0x00b8593e, 0xb8584500, 0x1b2f1100, 0x001100b9, 0xb8593e0b, 
    0x58450000, 0x2f1800b8, 0x1800b91b, 0x593e0b00, 0x450000b8, 0x1400b858, 0x00b91b2f, 0x3e030014, 0x0000b859, 0x00b85845, 0xb91b2f1c, 0x03001c00, 
    0x00b8593e, 0x00b91006, 0xf401000a, 0x101100b8, 0x001200b9, 0x00b8f401, 0x00b8d016, 0x00b8d017, 0x00b92f17, 0xf4010019, 0xd01000b8, 0x2f1000b8, 
    0x101700b8, 0xd01300b8, 0x2f1300b8, 0x34133130, 0x16323336, 0x012e1517, 0x020e2223, 0x1537011d, 0x11211127, 0x01173507, 0x4b211121, 0x371d786e, 
    0x09100a1d, 0x040c1511, 0xfefe5357, 0x9c014646, 0xfefe0201, 0x7d744202, 0x04cd0507, 0x1a140c05, 0xcf0b140d, 0x01b5fe07, 0x09cf074b, 0xd5fc2101, 
    0x00000100, 0xf401a500, 0x03008101, 0xbb000d00, 0x01000100, 0x04000200, 0x1131302b, 0x01211521, 0x010cfef4, 0x0000dc81, 0x5a000100, 0xe60269ff, 
    0x0b00f202, 0x00bb6200, 0x00020009, 0x2b040000, 0x100000b8, 0xd00300b8, 0x100900b8, 0xd00500b8, 0x0000b800, 0x00b85845, 0xb91b2f04, 0x0d000400, 
    0x00b8593e, 0xb8584500, 0x1b2f0000, 0x000000b9, 0xb8593e07, 0x58450000, 0x2f0800b8, 0x0800b91b, 0x593e0700, 0x100000b8, 0x000200b9, 0x00b8f401, 
    0x00b8d006, 0x3130d007, 0x33352301, 0x33153335, 0x23112315, 0xd4d42e01, 0xe4d4d4e4, 0xfac53301, 0x36fec5fa, 0x6c000100, 0xd40269ff, 0x1300f202, 
    0x00bb7200, 0x00020011, 0x2b040000, 0x100000b8, 0xd00300b8, 0x100000b8, 0xd00700b8, 0x101100b8, 0xd00900b8, 0x101100b8, 0xd00d00b8, 0x0000b800, 
    0x00b85845, 0xb91b2f08, 0x0d000800, 0x00bb593e, 0x00010003, 0x2b040000, 0x000700bb, 0x00040001, 0x00b82b04, 0x00b81007, 0x00b8d00a, 0x00b81004, 
    0x00b8d00c, 0x00b81003, 0x00b8d00e, 0x00b81000, 0x3130d010, 0x33352325, 0x33352335, 0x33153335, 0x33152315, 0x23112315, 0xc2c22e01, 0xc2e4c2c2, 
    0xe4c2c2c2, 0xa671a681, 0x71a6b4b4, 0x00e8fea6, 0x4e000100, 0x5201aa00, 0x1300ae01, 0x00bb1700, 0x00020005, 0x2b04000f, 0x0000bb00, 0x0a000100, 
    0x302b0400, 0x1e321331, 0x0e141502, 0x2e222302, 0x3e343502, 0x2f1bd002, 0x23151523, 0x2f1b1b2f, 0x23151523, 0x15ae012f, 0x1b1b2f23, 0x1515232f, 
    0x1b1b2f23, 0x0015232f, 0x33000100, 0x090325ff, 0x1300f202, 0x00b86c00, 0x00b82f14, 0x00b82f15, 0x00b9dc03, 0xf4020004, 0x101400b8, 0xd00800b8, 
    0x2f0800b8, 0x000700b9, 0xb800f402, 0x58450000, 0x2f0000b8, 0x0000b91b, 0x593e0d00, 0x450000b8, 0x0300b858, 0x00b91b2f, 0x3e050003, 0x0000b859, 
    0x00b85845, 0xb91b2f07, 0x05000700, 0x00b8593e, 0x00b91000, 0xf4010001, 0xd00500b8, 0xd00600b8, 0x15013130, 0x11231123, 0x11231123, 0x2627032e, 
    0x0333023e, 0x36be4209, 0x3d4c28be, 0x22050428, 0x023b6245, 0xf1fcbef2, 0xf1fc0f03, 0x2204c201, 0x3e33523a, 0x002d4f6c, 0xe4000100, 0x5d02bd00, 
    0x13003602, 0x00bb1700, 0x00020005, 0x2b04000f, 0x0000bb00, 0x0a000100, 0x302b0400, 0x1e320131, 0x0e141502, 0x2e222302, 0x3e343502, 0x28a10102, 
    0x1c1c3345, 0x29284533, 0x1d1d3245, 0x36024532, 0x2745331e, 0x1e334427, 0x2744331e, 0x1e334527, 0x39000100, 0xb5015aff, 0x0300cf00, 0x00bb1700, 
    0x00020002, 0x2b040000, 0x0100bb00, 0x03000100, 0x302b0400, 0x21131731, 0x01793903, 0x01a6b303, 0x008bfe75, 0x36000200, 0xde025aff, 0x0300cf00, 
    0x31000700, 0x000600bb, 0x00040002, 0x00bb2b04, 0x00020002, 0x2b040000, 0x0600bb00, 0x00000100, 0xb82b0400, 0xb8100600, 0xb8d00200, 0xb8100000, 
    0x30d00400, 0x21130531, 0x21132103, 0x79620103, 0xfeb30301, 0x0301790b, 0x7501a6b3, 0x75018bfe, 0x00008bfe, 0x36000200, 0xde027d01, 0x0300f202, 
    0x4b000700, 0x000600bb, 0x00040002, 0x00bb2b04, 0x00020002, 0x2b040000, 0x0000b800, 0x00b85845, 0xb91b2f01, 0x0d000100, 0x00b8593e, 0xb8584500, 
    0x1b2f0500, 0x000500b9, 0xb8593e0d, 0xb9100100, 0x01000000, 0x0400b8f4, 0x0700b8d0, 0x013130d0, 0x21032113, 0x01032113, 0x03017962, 0x790bfeb3, 
    0x01b30301, 0xfe75017d, 0xfe75018b, 0x0000008b, 0x30000200, 0x0c022700, 0x0500f701, 0x41000b00, 0x000a00bb, 0x00080002, 0x00bb2b04, 0x00020004, 
    0x2b040002, 0x0000b800, 0x00b85845, 0xb91b2f02, 0x09000200, 0x00b8593e, 0xb8584500, 0x1b2f0800, 0x000800b9, 0xba593e09, 0x05000300, 0x302b0300, 
    0x27013f31, 0x3f071737, 0x17372701, 0x6d6d3007, 0x7ba1a160, 0xa1606d6d, 0x9eab68a1, 0x41ece446, 0xe4469eab, 0x000000ec, 0x12000300, 0xd603f4ff, 
    0x1300ef00, 0x3b002700, 0x00b8d000, 0x00b82f3c, 0x00b8d00f, 0x00b92f0f, 0xf4020005, 0x1f000341, 0x01002300, 0x0003415d, 0x002300df, 0x00b85d01, 
    0x00b8100f, 0x0341dc23, 0x23007f00, 0x415d0100, 0x004f0003, 0x5d010023, 0xaf000341, 0x01002300, 0x1900b95d, 0x41f40200, 0x007f0003, 0x5d010037, 
    0x1f000341, 0x01003700, 0x2300b85d, 0x3700b810, 0x000341dc, 0x0037004f, 0x03415d01, 0x3700af00, 0x415d0100, 0x00df0003, 0x5d010037, 0x002d00b9, 
    0xb800f402, 0x58450000, 0x2f0a00b8, 0x0a00b91b, 0x593e0300, 0x450000b8, 0x1e00b858, 0x00b91b2f, 0x3e03001e, 0x0000b859, 0x00b85845, 0xb91b2f32, 
    0x03003200, 0x00b8593e, 0x00b9100a, 0xf4010000, 0xd01400b8, 0xd02800b8, 0x32373130, 0x1415021e, 0x2223020e, 0x3435022e, 0x3221023e, 0x1415021e, 
    0x2223020e, 0x3435022e, 0x3221023e, 0x1415021e, 0x2223020e, 0x3435022e, 0x1ba7023e, 0x1a1a2a36, 0x1b1b362a, 0x1a1a2a36, 0x6801362a, 0x1a2a361b, 
    0x1b362a1a, 0x1a2a361b, 0x01362a1a, 0x2a361b68, 0x362a1a1a, 0x2a361b1b, 0x362a1a1a, 0x2f2111ef, 0x1f2e1e1e, 0x2e1f1111, 0x212f1e1e, 0x2f211111, 
    0x1f2e1e1e, 0x2e1f1111, 0x212f1e1e, 0x2f211111, 0x1f2e1e1e, 0x2e1f1111, 0x212f1e1e, 0x00000011, 0x17000700, 0x7e06f4ff, 0x0b000803, 0x2b001f00, 
    0x4b003f00, 0x63005f00, 0x00bbd000, 0x00020011, 0x2b040009, 0x000300bb, 0x001b0002, 0x00bb2b04, 0x00020051, 0x2b040049, 0x004300bb, 0x005b0002, 
    0x00bb2b04, 0x00020031, 0x2b040029, 0x002300bb, 0x003b0002, 0x00ba2b04, 0x003b0061, 0x39121111, 0x006300ba, 0x1111003b, 0xb8003912, 0x58450000, 
    0x2f2c00b8, 0x2c00b91b, 0x593e0d00, 0x450000b8, 0x1600b858, 0x00b91b2f, 0x3e030016, 0x0000b859, 0x00b85845, 0xb91b2f56, 0x03005600, 0x00bb593e, 
    0x0001000c, 0x2b040000, 0x002600bb, 0x00360001, 0x00b82b04, 0x00b91016, 0xf4010006, 0x102c00b8, 0x002000b9, 0x00b8f401, 0x00b81000, 0x00b8d040, 
    0x00b81006, 0x00b8d046, 0x00b8100c, 0x00bad04c, 0x00160063, 0x39121106, 0x22253130, 0x16141506, 0x35363233, 0x32272634, 0x1415021e, 0x2223020e, 
    0x3435022e, 0x2225023e, 0x16141506, 0x35363233, 0x32272634, 0x1415021e, 0x2223020e, 0x3435022e, 0x2201023e, 0x16141506, 0x35363233, 0x32272634, 
    0x1415021e, 0x2223020e, 0x3435022e, 0x3303023e, 0x8e052301, 0x19171719, 0x19171719, 0x26415732, 0x2f574228, 0x2842572f, 0xfb574126, 0x171719ab, 
    0x17171919, 0x41573219, 0x57422826, 0x42572f2f, 0x57412628, 0x17199d02, 0x17191917, 0x57321917, 0x42282641, 0x572f2f57, 0x41262842, 0xfd894257, 
    0x23fe8dff, 0x1f1f1615, 0x96231516, 0x354e3318, 0x19344f36, 0x364f3419, 0x18334e35, 0x161523d4, 0x15161f1f, 0x33189623, 0x4f36354e, 0x34191934, 
    0x4e35364f, 0x00fe1833, 0x1f161523, 0x2315161f, 0x4e331896, 0x344f3635, 0x4f341919, 0x334e3536, 0xfc740118, 0x000000f8, 0x2a000200, 0x880223ff, 
    0x13006002, 0x58003200, 0x000500bb, 0x000f0002, 0x00ba2b04, 0x00200014, 0x00bb2b03, 0x0002001a, 0x2b04002b, 0x0000b800, 0x00b85845, 0xb91b2f26, 
    0x05002600, 0x00bb593e, 0x00010000, 0x2b04000a, 0x003000bb, 0x00170001, 0x00b82b04, 0x00b91026, 0xf401001d, 0x102600b8, 0x002000b9, 0x3130f401, 
    0x021e3201, 0x020e1415, 0x022e2223, 0x023e3435, 0x23012e13, 0x14150622, 0x36323316, 0x030e2137, 0x022e2223, 0x023e3435, 0x01173233, 0x2a361b57, 
    0x362a1a1a, 0x2a361b1b, 0x362a1a1a, 0x0d190d73, 0x17193524, 0x01011a19, 0x53320201, 0x6e3f3b6c, 0x55333053, 0x29293c6f, 0x21116002, 0x2e1e1e2f, 
    0x1f11111f, 0x2f1e1e2e, 0x09fe1121, 0x26290604, 0x17291c16, 0x2647643e, 0x42664524, 0x1e3e6143, 0x00000009, 0x52000100, 0x52012f02, 0x03001203, 
    0x00bb1700, 0x00020001, 0x2b040003, 0x0000bb00, 0x02000100, 0x302b0400, 0x07171331, 0x5b83cf27, 0xa51203a5, 0x0000903e, 0x52000100, 0x52012f02, 
    0x03001203, 0x00bb1700, 0x00020000, 0x2b040002, 0x0300bb00, 0x01000100, 0x302b0400, 0x27070131, 0xa5520137, 0xbf02835b, 0x00a53e90, 0x66000100, 
    0xf3013902, 0x05001203, 0x00bb1700, 0x00020002, 0x2b040000, 0x0100bb00, 0x03000100, 0x302b0400, 0x17371331, 0x66072707, 0x962fc5c8, 0x739f0298, 
    0x49496673, 0x4e000100, 0xe2014402, 0x1e00e602, 0x00bb2100, 0x0002000f, 0x2b040000, 0x0b00bb00, 0x14000100, 0xbb2b0400, 0x01000500, 0x04001b00, 
    0x1331302b, 0x3233033e, 0x011e1716, 0x37363233, 0x23030e17, 0x012f2622, 0x2223012e, 0x0b4e0706, 0x1829241d, 0x0c111e14, 0x16140f1d, 0x1a0a5b07, 
    0x10182921, 0x072d0e1a, 0x16130815, 0x137e0207, 0x0c121d25, 0x2010070a, 0x2813320e, 0x06071420, 0x20090314, 0x0000000e, 0x7b000100, 0xde016002, 
    0x0300c202, 0x00bb1500, 0x00020001, 0x2b040000, 0x0100ba00, 0x03000200, 0x1331302b, 0x7b211521, 0x9dfe6301, 0x0062c202, 0x5c000100, 0xd5014602, 
    0x1500f402, 0x00bb3900, 0x0002000b, 0x2b040015, 0x0000b800, 0x00b85845, 0xb91b2f00, 0x0d000000, 0x00b8593e, 0xb8584500, 0x1b2f0a00, 0x000a00b9, 
    0xbb593e0d, 0x01000500, 0x04001000, 0x1331302b, 0x3233031e, 0x3337023e, 0x2223030e, 0xaa27022e, 0x211e1806, 0x1e221011, 0x024f0618, 0x25433320, 
    0x20324225, 0x12f40203, 0x05050e17, 0x2412170e, 0x191b2f40, 0x0027402e, 0x7f000100, 0x25014402, 0x0b00ea02, 0x00bb1700, 0x00020003, 0x2b040009, 
    0x0000bb00, 0x06000100, 0x302b0400, 0x16321331, 0x23061415, 0x34352622, 0x3023d236, 0x30232330, 0x30ea0230, 0x30302323, 0x00302323, 0x6a000200, 
    0x03024402, 0x0b00ea02, 0x41001700, 0x2f1800b8, 0x2f1900b8, 0xdc0300b8, 0x000900b9, 0x00b8f402, 0x00b81018, 0x00b8d015, 0x00b92f15, 0xf402000f, 
    0x0000bb00, 0x06000100, 0xb82b0400, 0xb8100000, 0xb8d00c00, 0xb8100600, 0x30d01200, 0x16320131, 0x23061415, 0x34352622, 0x16322336, 0x23061415, 
    0x34352622, 0x23b00136, 0x23233030, 0x23d03030, 0x23233030, 0xea023030, 0x30232330, 0x30232330, 0x30232330, 0x30232330, 0x56000200, 0x8a013902, 
    0x0b001f03, 0x37001f00, 0x2f2000b8, 0x2f2100b8, 0x102000b8, 0xd01b00b8, 0x2f1b00b8, 0xdc0300b8, 0x102100b8, 0xdc1100b8, 0xdc0900b8, 0x0600ba00, 
    0x03001600, 0x0c00ba2b, 0x03000000, 0x1331302b, 0x14150622, 0x36323316, 0x27263435, 0x15021e32, 0x23020e14, 0x35022e22, 0xf0023e34, 0x15262615, 
    0x15262615, 0x1b2c371c, 0x1b372c1c, 0x1c2c371b, 0x02372c1b, 0x181813d7, 0x18181313, 0x1b0c4813, 0x2b21202d, 0x1b0b0b1b, 0x2d20212b, 0x00000c1b, 
    0x53000100, 0x520107ff, 0x0300f1ff, 0x00bb1700, 0x00020002, 0x2b040000, 0x0100bb00, 0x03000100, 0x302b0400, 0x17371731, 0x609f5307, 0x5292a19a, 
    0x00000098, 0x85000200, 0xe7013702, 0x03000a03, 0x31000700, 0x000000bb, 0x00060002, 0x00ba2b04, 0x00060004, 0x39121100, 0x0000bb00, 0x01000100, 
    0xb82b0400, 0xb8100000, 0xb8d00400, 0xb8100100, 0x30d00500, 0x23070131, 0x23072337, 0x38e70137, 0x383d1766, 0x0a031766, 0xd3d3d3d3, 0x69000100, 
    0x3b0121ff, 0x1b00f1ff, 0x00ba2c00, 0x00160006, 0xb8002b03, 0x58450000, 0x2f1100b8, 0x1100b91b, 0x593e0500, 0x000000b9, 0x00baf401, 0x0011000d, 
    0x39121100, 0x15053130, 0x1415030e, 0x36323316, 0x0e071737, 0x2e222301, 0x3e343502, 0x12013702, 0x0f151808, 0x18121421, 0x101a020c, 0x27141429, 
    0x1b11121e, 0x020f1121, 0x16120e04, 0x0d13160b, 0x0b60020d, 0x22180d0d, 0x1c231516, 0x00000817, 0x65000100, 0xf3013902, 0x05001003, 0x00bb1700, 
    0x00020002, 0x2b040004, 0x0100bb00, 0x03000100, 0x302b0400, 0x17370131, 0x01372707, 0xc730972c, 0xc90230c7, 0x73736447, 0x00000064, 0x82000100, 
    0x6603a500, 0x03008101, 0x00ba1500, 0x00000001, 0xbb002b03, 0x01000100, 0x04000200, 0x1331302b, 0x82211521, 0x1cfde402, 0x00dc8101, 0xfcff0200, 
    0x1d040000, 0x0f00f202, 0x70001900, 0x0000b800, 0x00b85845, 0xb91b2f04, 0x0d000400, 0x00b8593e, 0xb8584500, 0x1b2f0200, 0x000200b9, 0xb8593e03, 
    0x58450000, 0x2f0e00b8, 0x0e00b91b, 0x593e0300, 0x001000bb, 0x00000001, 0x00b82b04, 0x00b91004, 0xf4010006, 0x101000b8, 0xd00a00b8, 0x2f0a00b8, 
    0x000900b9, 0x00b8f401, 0x00b9100e, 0xf401000c, 0x100400b8, 0x001400b9, 0x3130f401, 0x21072325, 0x23172101, 0x23173317, 0x21173317, 0x012e2703, 
    0x010e2327, 0x0102010f, 0xe0fe18cd, 0x12020701, 0xe218e146, 0xe219df45, 0x48fefd48, 0x0204052a, 0x06060208, 0x02606025, 0xc448cef2, 0x1101ce4a, 
    0x1325139a, 0x8e162a17, 0x03000200, 0xa101af01, 0x1500fe02, 0xb5002100, 0x2f2200b8, 0x2f2300b8, 0xdc0000b8, 0x000200b9, 0x00b8f402, 0x00b81022, 
    0x00b8d00b, 0x00b82f0b, 0x00b81002, 0x00b8d012, 0x00b82f12, 0x00b81002, 0x00b8d014, 0x00b82f14, 0x00b9100b, 0xf4020016, 0x100200b8, 0xd01c00b8, 
    0x0000b800, 0x00b85845, 0xb91b2f10, 0x0d001000, 0x00b8593e, 0xb8584500, 0x1b2f1400, 0x001400b9, 0xb8593e0d, 0x58450000, 0x2f0600b8, 0x0600b91b, 
    0x593e0900, 0x450000b8, 0x0000b858, 0x00b91b2f, 0x3e090000, 0x0600b859, 0x1900b910, 0xbaf40100, 0x06000300, 0x12111900, 0x1400b839, 0x1200b810, 
    0x1400b8dc, 0x1f00b910, 0x30f40100, 0x37230131, 0x23010e23, 0x35022e22, 0x33023e34, 0x27331732, 0x16140733, 0x35363233, 0x22232634, 0xa4a10106, 
    0x2f170405, 0x25372323, 0x38261413, 0x04244025, 0x16f7a405, 0x191a1414, 0x01171414, 0x1a1728b8, 0x1d3b2f1e, 0x1f303d1e, 0x119e262f, 0x13111c1b, 
    0x00001a17, 0x1a000300, 0x6e03beff, 0x1a003403, 0x2c002200, 0x00b8e800, 0x00b82f2d, 0x00b82f2e, 0x00b8102d, 0x00b8d003, 0x00b82f03, 0x00b8102e, 
    0x00badc11, 0x0003001b, 0x39121111, 0x002000b9, 0x00baf402, 0x00030022, 0x39121111, 0x002300ba, 0x11110003, 0x00b83912, 0x00b91003, 0xf402002a, 
    0x002c00ba, 0x11110003, 0xb8003912, 0x58450000, 0x2f0c00b8, 0x0c00b91b, 0x593e0f00, 0x450000b8, 0x0800b858, 0x00b91b2f, 0x3e0d0008, 0x0000b859, 
    0x00b85845, 0xb91b2f0d, 0x0d000d00, 0x00b8593e, 0xb8584500, 0x1b2f1600, 0x001600b9, 0xb8593e03, 0x58450000, 0x2f1a00b8, 0x1a00b91b, 0x593e0300, 
    0x001b00ba, 0x110c0016, 0x00b83912, 0x00b91016, 0xf401001d, 0x002200ba, 0x110c0016, 0x00ba3912, 0x00160023, 0x3912110c, 0x100800b8, 0x002500b9, 
    0x00baf401, 0x0016002c, 0x3912110c, 0x2e373130, 0x3e343501, 0x16323302, 0x07173717, 0x1415011e, 0x2223020e, 0x25270727, 0x36323316, 0x012f3435, 
    0x0e222326, 0x17141502, 0x4237308a, 0x45569871, 0x3e76337e, 0x42393274, 0x8e569871, 0x013e746a, 0x3f271f64, 0x1a3c134e, 0x24342124, 0x316d0e14, 
    0x90595485, 0x21243866, 0x337a367b, 0x8f5b5387, 0x7a443564, 0x5011fb3a, 0x3a222941, 0x3529170e, 0x001f231e, 0x25000200, 0x6a04f4ff, 0x2200fe02, 
    0x8d003200, 0x002300bb, 0x000b0002, 0xb8002b04, 0x58450000, 0x2f1700b8, 0x1700b91b, 0x593e0d00, 0x450000b8, 0x1000b858, 0x00b91b2f, 0x3e0d0010, 
    0x0000b859, 0x00b85845, 0xb91b2f06, 0x03000600, 0x00b8593e, 0xb8584500, 0x1b2f2100, 0x002100b9, 0xbb593e03, 0x01001c00, 0x04001d00, 0x0600b82b, 
    0x2800b910, 0xbaf40100, 0x06000100, 0x12112800, 0x1700b839, 0x1900b910, 0xb8f40100, 0xb9102100, 0x01001f00, 0x1000b8f4, 0x2e00b910, 0x30f40100, 
    0x0e232531, 0x2e222303, 0x3e343502, 0x1e323302, 0x35331702, 0x15231521, 0x15231533, 0x01211533, 0x33021e14, 0x34353632, 0x0e222326, 0x02670202, 
    0x433d3513, 0x5a7f4e20, 0x805b3131, 0x3d44214e, 0x01021133, 0xd5d5e9fa, 0xfefdfdf2, 0x322516da, 0x4847421d, 0x24322042, 0x281b5f13, 0x6d420d1b, 
    0x8c49498c, 0x1d0e436e, 0xce691e2c, 0xce4ac448, 0x321c7501, 0x40521625, 0x2a184c41, 0x00000036, 0x01000200, 0xa301af01, 0x0b00fe02, 0x61001f00, 
    0x2f2000b8, 0x2f2100b8, 0x102000b8, 0xd01b00b8, 0x2f1b00b8, 0x000300b9, 0x00b8f402, 0x00b81021, 0x00b9dc11, 0xf4020009, 0x0000b800, 0x00b85845, 
    0xb91b2f0c, 0x0d000c00, 0x00b8593e, 0xb8584500, 0x1b2f1600, 0x001600b9, 0xb8593e09, 0xb9100c00, 0x01000000, 0x1600b8f4, 0x0600b910, 0x30f40100, 
    0x06221331, 0x33161415, 0x34353632, 0x1e322726, 0x0e141502, 0x2e222302, 0x3e343502, 0x1a15d202, 0x1b14141b, 0x4c2b151a, 0x3a232139, 0x4b29284c, 
    0x3921233a, 0x1a82024c, 0x17171214, 0x7c1a1412, 0x2a402b16, 0x152a3d28, 0x283d2a15, 0x162b402a, 0x20000300, 0x5704f4ff, 0x3a001f02, 0x55004e00, 
    0x00bbc900, 0x0002004a, 0x2b040019, 0x002900ba, 0x114a0019, 0xb8003912, 0x58450000, 0x2f2d00b8, 0x2d00b91b, 0x593e0b00, 0x450000b8, 0x3500b858, 
    0x00b91b2f, 0x3e0b0035, 0x0000b859, 0x00b85845, 0xb91b2f0e, 0x03000e00, 0x00b8593e, 0xb8584500, 0x1b2f1400, 0x001400b9, 0xb8593e03, 0xb9103500, 
    0x01000000, 0x0e00b8f4, 0x0500b910, 0xb8f40100, 0xb9100e00, 0x01000800, 0x0000b8f4, 0x4500b810, 0x4500b8d0, 0x1e00b92f, 0xb8f40100, 0xb9102d00, 
    0x01002600, 0x2900baf4, 0x00003500, 0xb8391211, 0xb8104500, 0xb8d03a00, 0xb82f3a00, 0xb9101400, 0x01003b00, 0x3500b8f4, 0x5200b910, 0xb8f40100, 
    0xb9100000, 0x01005500, 0x253130f4, 0x33021e14, 0x33373632, 0x2223030e, 0x010e2726, 0x022e2223, 0x023e3435, 0x17163233, 0x23022e36, 0x35070622, 
    0x3233013e, 0x3e17021e, 0x1e323301, 0x32050702, 0x3435023e, 0x2223022e, 0x1415020e, 0x3425021e, 0x06222326, 0x04db0215, 0x1414180d, 0x0dfb041c, 
    0x2e5f533e, 0x372d8a45, 0x5a2a4685, 0x4329304a, 0x4d292d56, 0x24150226, 0x7b40182f, 0x407c3e3c, 0x363c4224, 0x47723418, 0x2f597b47, 0x0e16fd05, 
    0x1e1c282a, 0x0d092627, 0x12151f22, 0xfa011f1c, 0x1d1d1c23, 0x1a2110e0, 0x30131910, 0x2c172f47, 0x142e2c2e, 0x3432462b, 0x0e122b46, 0x17261d0c, 
    0x7f141f09, 0x14071711, 0x2d301e24, 0x4a76532c, 0x170e0566, 0x0b120f12, 0x150c0303, 0x0b151112, 0x2a1ad404, 0x00001b29, 0x43000100, 0x45010000, 
    0x03001302, 0x00bb2f00, 0x00020001, 0x2b040000, 0x0000b800, 0x00b85845, 0xb91b2f00, 0x0b000000, 0x00b8593e, 0xb8584500, 0x1b2f0200, 0x000200b9, 
    0x30593e03, 0x11211331, 0x02014321, 0x1302fefe, 0x0000edfd, 0x23000200, 0xa702c5ff, 0x0b004e02, 0x8f002600, 0x2f2700b8, 0x2f2800b8, 0x102700b8, 
    0xd00f00b8, 0x2f0f00b8, 0x000300b9, 0x00b8f402, 0x00b81028, 0x00b9dc1c, 0xf4020009, 0x100f00b8, 0xd02600b8, 0x2f2600b8, 0x0000b800, 0x00b85845, 
    0xb91b2f14, 0x0b001400, 0x00b8593e, 0xb8584500, 0x1b2f1800, 0x001800b9, 0xb8593e0b, 0x58450000, 0x2f2100b8, 0x2100b91b, 0x593e0300, 0x450000b8, 
    0x2600b858, 0x00b91b2f, 0x3e030026, 0x1400b859, 0x0000b910, 0xb8f40100, 0xb9102100, 0x01000600, 0x013130f4, 0x14150622, 0x36323316, 0x01263435, 
    0x3435012e, 0x3233023e, 0x07173717, 0x1415011e, 0x2223020e, 0x27072726, 0x28206501, 0x2a1e1e2a, 0x26f1fe28, 0x7558332d, 0x544d6442, 0x2e294c32, 
    0x3e745a36, 0x55275c31, 0x2e550133, 0x29292020, 0xfe2e2020, 0x3c5f21f2, 0x24486a46, 0x4f305728, 0x42426723, 0x15234565, 0x00315915, 0x1d000300, 
    0x0304f4ff, 0x0b001f02, 0x3e003700, 0x00bba500, 0x00020003, 0x2b040025, 0x0000b800, 0x00b85845, 0xb91b2f2a, 0x0b002a00, 0x00b8593e, 0xb8584500, 
    0x1b2f3200, 0x003200b9, 0xb8593e0b, 0x58450000, 0x2f1a00b8, 0x1a00b91b, 0x593e0300, 0x450000b8, 0x2000b858, 0x00b91b2f, 0x3e030020, 0x2a00b859, 
    0x0000b910, 0xb8f40100, 0xb9102000, 0x01000600, 0x3200b8f4, 0x0c00b910, 0xb8f40100, 0xb9101a00, 0x01001100, 0x1a00b8f4, 0x1400b910, 0xb8f40100, 
    0xb8100000, 0xb8d03800, 0xb82f3800, 0xb9103200, 0x01003b00, 0x3800b8f4, 0x3e00b810, 0x3e00b8d0, 0x0131302f, 0x14150622, 0x36323316, 0x05263435, 
    0x33021e14, 0x33373632, 0x2e23030e, 0x010e2701, 0x022e2223, 0x023e3435, 0x021e3233, 0x33013e17, 0x07021e32, 0x23263427, 0x01150622, 0x2a28205f, 
    0x282a1e1e, 0x0d040801, 0x1c141418, 0x3e0dfb04, 0x352e5f53, 0x732a2366, 0x4d663936, 0x6d522f2e, 0x3638173f, 0x61281030, 0x57784429, 0x23fe052f, 
    0x011d1d1c, 0x20202d54, 0x20202828, 0x2110742d, 0x1319101a, 0x172f4730, 0x23252103, 0x63482926, 0x4a69403b, 0x1c130929, 0x2c242612, 0x6e4a7653, 
    0x1b292a1a, 0x36000100, 0xc1020000, 0x31003303, 0x00bb8400, 0x00020000, 0x2b040001, 0x000c00bb, 0x00290002, 0x00ba2b04, 0x00290011, 0x3912110c, 
    0x102900b8, 0x001600b9, 0x00b8f402, 0x00b81029, 0x00b8d022, 0xb8002f22, 0x58450000, 0x2f0700b8, 0x0700b91b, 0x593e0f00, 0x450000b8, 0x0000b858, 
    0x00b91b2f, 0x3e030000, 0x0000b859, 0x00b85845, 0xb91b2f1b, 0x03001b00, 0x00ba593e, 0x00000011, 0x39121107, 0x001d00b9, 0x00b8f401, 0x00b91007, 
    0xf401002c, 0x01293130, 0x023e3411, 0x021e3233, 0x020e1415, 0x15031e07, 0x2b020e14, 0x023e3501, 0x26343534, 0x36323523, 0x23263435, 0x15020e22, 
    0xfefe3801, 0x57764820, 0x32506532, 0x181d1105, 0x0e213425, 0x3d694c2c, 0x0d1f1f2b, 0x2a1a2625, 0x1c1b2020, 0x0502010c, 0x254b724c, 0x374e3217, 
    0x20262b1b, 0x3a2e0c0f, 0x5a3e2444, 0x03901c3a, 0x132f2a20, 0x1b8e2920, 0x18161c1a, 0x00122924, 0x64000300, 0xbc02a3ff, 0x1300b502, 0x2b002700, 
    0x00bb4c00, 0x00020005, 0x2b04000f, 0x100500b8, 0xd01900b8, 0x100f00b8, 0xd02300b8, 0x0000b800, 0x00b85845, 0xb91b2f1e, 0x09001e00, 0x00bb593e, 
    0x00010000, 0x2b04000a, 0x002900bb, 0x002a0001, 0x00b82b04, 0x00b9101e, 0xf4010014, 0x32253130, 0x1415021e, 0x2223020e, 0x3435022e, 0x3213023e, 
    0x1415021e, 0x2223020e, 0x3435022e, 0x2101023e, 0xa0012115, 0x15232f1b, 0x1b2f2315, 0x15232f1b, 0x1b2f2315, 0x15232f1b, 0x1b2f2315, 0x15232f1b, 
    0xfe2f2315, 0xfd5802df, 0x2315a7a8, 0x2f1b1b2f, 0x23151523, 0x2f1b1b2f, 0x0e021523, 0x1b2f2315, 0x15232f1b, 0x1b2f2315, 0x15232f1b, 0x00c8dbfe, 
    0x09000400, 0x1703f1ff, 0x0c00fe02, 0x2e001a00, 0x78004200, 0x001700ba, 0x2b030005, 0x003e00ba, 0x2b030020, 0x002a00ba, 0x2b030034, 0x001100ba, 
    0x2b030012, 0x101100b8, 0xd00b00b8, 0x000d00ba, 0x113e0034, 0x00ba3912, 0x0034001a, 0x3912113e, 0x0000b800, 0x00b85845, 0xb91b2f39, 0x0d003900, 
    0x00ba593e, 0x002f001b, 0x00ba2b03, 0x000a0014, 0x00ba2b03, 0x000f0000, 0x00b82b03, 0x00b8100f, 0x00b8d01a, 0x00b81039, 0x3130dc25, 0x023e3201, 
    0x022e3435, 0x0515012b, 0x15232723, 0x32331123, 0x06141516, 0x3e320307, 0x2e343502, 0x0e222302, 0x1e141502, 0x2e221702, 0x3e343502, 0x1e323302, 
    0x0e141502, 0x10a10102, 0x0d0d161d, 0x5d101d16, 0x5b650201, 0x42c65642, 0x53273549, 0x2b4d6a3f, 0x3f6a4d2b, 0x2a4d6a40, 0x406a4d2a, 0x3d6a8e52, 
    0x528e6a3d, 0x3d6a8f51, 0x018f6a3d, 0x110901a7, 0x070f0d11, 0xadfb5001, 0x359901ad, 0x04363548, 0x4c29fefe, 0x6b41416b, 0x4b29294b, 0x6b41416b, 
    0x3d66294c, 0x51518f6a, 0x3d3d6a8e, 0x51518e6a, 0x003d6a8f, 0x1e000200, 0xd20107ff, 0x03001f02, 0x6f002100, 0x000a00bb, 0x00190002, 0xb8002b04, 
    0x58450000, 0x2f1e00b8, 0x1e00b91b, 0x593e0b00, 0x450000b8, 0x0100b858, 0x00b91b2f, 0x3e030001, 0x0000b859, 0x00b85845, 0xb91b2f14, 0x03001400, 
    0x00b8593e, 0xb8584500, 0x1b2f0400, 0x000400b9, 0xb8593e07, 0xb9101e00, 0x01000700, 0x1400b8f4, 0x0d00b910, 0xbaf40100, 0x01001000, 0x12111e00, 
    0x17313039, 0x13071737, 0x2223012e, 0x16141506, 0x37363233, 0x23010e07, 0x35022e22, 0x33023e34, 0x82171632, 0xeb9a609f, 0x231c2f14, 0x1e202c2e, 
    0x1e0b172f, 0x6c412242, 0x49292c4e, 0x52293c64, 0x5292a127, 0x11260298, 0x20242b1b, 0xda10192c, 0x46240f0a, 0x663b4366, 0x0d0e2b4c, 0x64000200, 
    0xbc020000, 0x03009102, 0x52000f00, 0x000500bb, 0x00040002, 0x00b82b04, 0x00b81005, 0x00b8d009, 0x00b81004, 0xb800d00b, 0x58450000, 0x2f0200b8, 
    0x0200b91b, 0x593e0300, 0x000700bb, 0x00080001, 0x00b82b04, 0x00b91002, 0xf4010000, 0x100800b8, 0xd00c00b8, 0x100700b8, 0xd00e00b8, 0x21373130, 
    0x33132115, 0x23153315, 0x23352315, 0x02643335, 0xc8a8fd58, 0xc8c8c8c8, 0xc8c8c8c8, 0xc8659102, 0x00c86565, 0x23000200, 0x6d0207ff, 0x0300fe02, 
    0x68002700, 0x000c00bb, 0x001f0002, 0xb8002b04, 0x58450000, 0x2f2400b8, 0x2400b91b, 0x593e0d00, 0x450000b8, 0x0100b858, 0x00b91b2f, 0x3e030001, 
    0x0000b859, 0x00b85845, 0xb91b2f1a, 0x03001a00, 0x00ba593e, 0x00010004, 0x39121124, 0x102400b8, 0x000700b9, 0x00b8f401, 0x00b9101a, 0xf4010011, 
    0x001400ba, 0x11240001, 0x31303912, 0x07173717, 0x23012e01, 0x15020e22, 0x33021e14, 0x03373632, 0x2223030e, 0x3435022e, 0x3233023e, 0x9fc91716, 
    0x3f019a60, 0x1f2f5121, 0x19172936, 0x301f372a, 0x1108214c, 0x12363733, 0x3b688b51, 0x53906a3d, 0xa12c5d2f, 0x02985292, 0x172d1fb9, 0x1f1f3528, 
    0x26172736, 0x08e6fe20, 0x3b03080b, 0x52518b67, 0x103e6b91, 0x0000000f, 0x09000300, 0x1703f1ff, 0x2300fe02, 0x4b003700, 0x00ba4c00, 0x001b0008, 
    0x00ba2b03, 0x00290047, 0x00ba2b03, 0x003d0033, 0xb8002b03, 0x58450000, 0x2f4200b8, 0x4200b91b, 0x593e0d00, 0x002400ba, 0x2b030038, 0x000d00ba, 
    0x2b030016, 0x002000ba, 0x2b030003, 0x104200b8, 0xdc2e00b8, 0x2e013130, 0x0e222301, 0x1e141502, 0x36323302, 0x030e3337, 0x022e2223, 0x023e3435, 
    0x17163233, 0x023e3203, 0x022e3435, 0x020e2223, 0x021e1415, 0x022e2217, 0x023e3435, 0x021e3233, 0x020e1415, 0x3206fa01, 0x1b2a1d25, 0x2b1c0f0d, 
    0x0235231c, 0x3121045d, 0x4f31223f, 0x381d1f39, 0x6547324f, 0x6a3fc70d, 0x4d2b2b4d, 0x6a403f6a, 0x4d2a2a4d, 0x8e52406a, 0x6a3d3d6a, 0x8f51528e, 
    0x6a3d3d6a, 0x24c9018f, 0x35281822, 0x2a351c1d, 0x2424261a, 0x23152738, 0x312f523d, 0x4f223c53, 0x298efe45, 0x41416b4c, 0x29294b6b, 0x41416b4b, 
    0x66294c6b, 0x518f6a3d, 0x3d6a8e51, 0x518e6a3d, 0x3d6a8f51, 0x64000100, 0xbc028d00, 0x05000002, 0x00bb1700, 0x00020002, 0x2b040003, 0x0100bb00, 
    0x04000100, 0x302b0400, 0x11211331, 0x64213523, 0xfec85802, 0xfe000270, 0x0000ab8d, 0x29000200, 0x8d035401, 0x0f00f202, 0x72001700, 0x001200ba, 
    0x2b030013, 0x000000ba, 0x2b030001, 0x000800ba, 0x2b030009, 0x000300ba, 0x11000013, 0x00ba3912, 0x0013000d, 0x39121100, 0x0000b800, 0x00b85845, 
    0xb91b2f0a, 0x0d000a00, 0x00b8593e, 0xb8584500, 0x1b2f0e00, 0x000e00b9, 0xb8593e0d, 0x58450000, 0x2f1600b8, 0x1600b91b, 0x593e0d00, 0x100a00b8, 
    0xdc1000b8, 0xd01400b8, 0xd01500b8, 0x23013130, 0x23032311, 0x23112303, 0x33173311, 0x23053337, 0x23112311, 0x8d032135, 0x3c710262, 0x9e620271, 
    0x9e540254, 0x7870f3fd, 0x0157016f, 0xfe3c0154, 0xfe3c01c4, 0xef9e01c4, 0xc4fe62ef, 0x00623c01, 0x4d000200, 0xa7019901, 0x0b00f202, 0x48001f00, 
    0x2f2000b8, 0x2f2100b8, 0x102000b8, 0xd01b00b8, 0x2f1b00b8, 0xdc0300b8, 0x102100b8, 0xdc1100b8, 0xdc0900b8, 0x0000b800, 0x00b85845, 0xb91b2f0c, 
    0x0d000c00, 0x00ba593e, 0x00160006, 0x00b82b03, 0x00b8100c, 0x3130dc00, 0x17062213, 0x32331614, 0x26343536, 0x021e3227, 0x020e1415, 0x022e2223, 
    0x023e2635, 0x012b1ff9, 0x2b20202a, 0x3f23202c, 0x301c1c30, 0x3e24233f, 0x1a011a2f, 0x90023f2f, 0x2c1f1e2c, 0x2c1e1f2c, 0x3f301b62, 0x2e3f2324, 
    0x3f2e1b1b, 0x303f2423, 0x0000001b, 0x31000100, 0x890225ff, 0x19001002, 0x00b85c00, 0x00b82f1a, 0x00b82f1b, 0x00b8101a, 0x00b8d018, 0x00b92f18, 
    0xf4020017, 0xd00000b8, 0x101b00b8, 0xdc0e00b8, 0x000b00b9, 0xb800f402, 0xb82f0000, 0xb82f0c00, 0x58450000, 0x2f1700b8, 0x1700b91b, 0x593e0500, 
    0x000600bb, 0x00130001, 0x00ba2b04, 0x00130016, 0x39121106, 0x11013130, 0x33021e14, 0x35023e32, 0x14112111, 0x2223020e, 0x21172726, 0x02310111, 
    0x10101109, 0x01020911, 0x604e3200, 0x1234222e, 0x0200ff1e, 0x0ceefe10, 0x0b0b1217, 0x010c1712, 0x3fd4fe12, 0x0d1d3b5c, 0xeb02df06, 0x2e000200, 
    0x12030000, 0x03002103, 0x57001f00, 0x0e00bb00, 0x0f000100, 0xbb2b0400, 0x01000600, 0x04000200, 0x0e00b82b, 0x0000b810, 0x0600b8d0, 0x0900b810, 
    0x0200b8d0, 0x0b00b810, 0x0f00b8d0, 0x1300b810, 0x0f00b8d0, 0x1700b810, 0x0e00b8d0, 0x1900b810, 0x0200b8d0, 0x1b00b810, 0x0600b8d0, 0x1d00b810, 
    0x013130d0, 0x13233733, 0x33373307, 0x23153307, 0x23153307, 0x23372307, 0x23372307, 0x23373335, 0x01373335, 0x8c238955, 0x34883450, 0x846c358e, 
    0x2c9f7e20, 0x2c882d8f, 0x987a2c8f, 0x359d8120, 0x018a3b01, 0xe0e0e05c, 0xbf7c8a7c, 0x7cbfbfbf, 0x00e07c8a, 0xfaffffff, 0x3c030000, 0x2602f103, 
    0x00002100, 0x7c000700, 0xdf00ca00, 0xfaffffff, 0x3c030000, 0x2602f103, 0x00002100, 0x7d000700, 0xdf007000, 0xfaffffff, 0x3c030000, 0x2602c903, 
    0x00002100, 0x82000700, 0xdf006600, 0xfaffffff, 0x3c030000, 0x2602f103, 0x00002100, 0x7b000700, 0xdf00ca00, 0xfaffffff, 0x3c030000, 0x2602e703, 
    0x00002100, 0x83000700, 0xc800ac00, 0xfaffffff, 0x3c030000, 0x2602c503, 0x00002100, 0x7e000700, 0xdf008400, 0x3a00ffff, 0x3d020000, 0x2602f103, 
    0x00002500, 0x7c000700, 0xdf006600, 0x3a00ffff, 0x3d020000, 0x2602f103, 0x00002500, 0x7d000700, 0xdf000c00, 0x3a00ffff, 0x3d020000, 0x2602c903, 
    0x00002500, 0x82000700, 0xdf000200, 0x3a00ffff, 0x3d020000, 0x2602f103, 0x00002500, 0x7b000700, 0xdf006600, 0x4000ffff, 0x59010000, 0x2602f103, 
    0x00002900, 0x7c000700, 0xdf000700, 0x0500ffff, 0x92010000, 0x2602f103, 0x00002900, 0x7d000700, 0xdf009fff, 0xffffffff, 0x98010000, 0x2602c903, 
    0x00002900, 0x82000700, 0xdf0095ff, 0x3c00ffff, 0x52010000, 0x2602f103, 0x00002900, 0x7b000700, 0xdf00eaff, 0x3a00ffff, 0x2e030000, 0x2602c503, 
    0x00002e00, 0x7e000700, 0xdf009c00, 0x2300ffff, 0x6503f4ff, 0x2602f103, 0x00002f00, 0x7c000700, 0xdf00f200, 0x2300ffff, 0x6503f4ff, 0x2602f103, 
    0x00002f00, 0x7d000700, 0xdf009800, 0x2300ffff, 0x6503f4ff, 0x2602c903, 0x00002f00, 0x82000700, 0xdf008e00, 0x2300ffff, 0x6503f4ff, 0x2602f103, 
    0x00002f00, 0x7b000700, 0xdf00f200, 0x2300ffff, 0x6503f4ff, 0x2602c503, 0x00002f00, 0x7e000700, 0xdf00ac00, 0x3a00ffff, 0xf402f4ff, 0x2602f103, 
    0x00003500, 0x7c000700, 0xdf00da00, 0x3a00ffff, 0xf402f4ff, 0x2602f103, 0x00003500, 0x7d000700, 0xdf006c00, 0x3a00ffff, 0xf402f4ff, 0x2602c903, 
    0x00003500, 0x82000700, 0xdf006200, 0x3a00ffff, 0xf402f4ff, 0x2602f103, 0x00003500, 0x7b000700, 0xdf00b200, 0xf8ffffff, 0x0d030000, 0x2602c903, 
    0x00003900, 0x82000700, 0xdf005700, 0x2000ffff, 0x9d02f4ff, 0x26021203, 0x00004100, 0x7c000700, 0x0000aa00, 0x2000ffff, 0x9d02f4ff, 0x26021203, 
    0x00004100, 0x7d000600, 0x00000046, 0x2000ffff, 0x9d02f4ff, 0x2602ea02, 0x00004100, 0x82000600, 0x0000003e, 0x2000ffff, 0x9d02f4ff, 0x26021203, 
    0x00004100, 0x7b000700, 0x00009600, 0x2000ffff, 0x9d02f4ff, 0x26021f03, 0x00004100, 0x83000700, 0x00008400, 0x2000ffff, 0x9d02f4ff, 0x2602e602, 
    0x00004100, 0x7e000600, 0x0000005c, 0x2200ffff, 0x9d02f4ff, 0x26021203, 0x00004500, 0x7c000700, 0x00008b00, 0x2200ffff, 0x9d02f4ff, 0x26021203, 
    0x00004500, 0x7d000600, 0x00000031, 0x2200ffff, 0x9d02f4ff, 0x2602ea02, 0x00004500, 0x82000600, 0x00000027, 0x2200ffff, 0x9d02f4ff, 0x26021203, 
    0x00004500, 0x7b000700, 0x00008b00, 0x4300ffff, 0x53010000, 0x26021203, 0x00008f00, 0x7c000600, 0x00000001, 0xffffffff, 0x8c010000, 0x26021203, 
    0x00008f00, 0x7d000600, 0x00000099, 0xf9ffffff, 0x92010000, 0x2602ea02, 0x00008f00, 0x82000600, 0x0000008f, 0x3600ffff, 0x45010000, 0x26021203, 
    0x00008f00, 0x7b000600, 0x000000e4, 0x3200ffff, 0x8d020000, 0x2602e602, 0x00004e00, 0x7e000600, 0x00000048, 0x2300ffff, 0xa702f4ff, 0x26021203, 
    0x00004f00, 0x7c000700, 0x0000a200, 0x2300ffff, 0xa702f4ff, 0x26021203, 0x00004f00, 0x7d000600, 0x00000039, 0x2300ffff, 0xa702f4ff, 0x2602ea02, 
    0x00004f00, 0x82000600, 0x0000002f, 0x2300ffff, 0xa702f4ff, 0x26021203, 0x00004f00, 0x7b000700, 0x00008400, 0x2300ffff, 0xa702f4ff, 0x2602e602, 
    0x00004f00, 0x7e000600, 0x0000004d, 0x3100ffff, 0x8902f4ff, 0x26021203, 0x00005500, 0x7c000700, 0x00009f00, 0x3100ffff, 0x8902f4ff, 0x26021203, 
    0x00005500, 0x7d000600, 0x00000031, 0x3100ffff, 0x8902f4ff, 0x2602ea02, 0x00005500, 0x82000600, 0x00000027, 0x3100ffff, 0x8902f4ff, 0x26021203, 
    0x00005500, 0x7b000600, 0x00000077, 0xeaffffff, 0xa80225ff, 0x2602ea02, 0x00005900, 0x82000600, 0x00000022, 0x50000200, 0x7a01f4ff, 0x13002303, 
    0x3a001700, 0x001700bb, 0x00140002, 0x00bb2b04, 0x00020005, 0x2b04000f, 0x0000b800, 0x00b85845, 0xb91b2f0a, 0x03000a00, 0x00ba593e, 0x00140015, 
    0x00b82b03, 0x00b9100a, 0xf4010000, 0x32373130, 0x1415021e, 0x2223020e, 0x3435022e, 0x1127023e, 0x1be51121, 0x1a1a2a36, 0x1b1b362a, 0x1a1a2a36, 
    0x0169362a, 0x2111ef08, 0x2e1e1e2f, 0x1f11111f, 0x2f1e1e2e, 0x02311121, 0x00fdfd03, 0x70000200, 0xa4027d01, 0x0300f202, 0x57000700, 0x000600ba, 
    0x2b030001, 0x100100b8, 0x000200b9, 0x00b8f402, 0x00b91006, 0xf4020005, 0x0000b800, 0x00b85845, 0xb91b2f01, 0x0d000100, 0x00b8593e, 0xb8584500, 
    0x1b2f0500, 0x000500b9, 0xb8593e0d, 0xb9100100, 0x01000000, 0x0300b8f4, 0x0400b8d0, 0x0700b8d0, 0x133130d0, 0x33032103, 0x98032103, 0x28030128, 
    0x0301287e, 0x017d0128, 0x018bfe75, 0x008bfe75, 0x25000100, 0x76020000, 0x0d00f202, 0x00bb6d00, 0x0002000a, 0x2b040000, 0x100000b8, 0xd00300b8, 
    0x100a00b8, 0xd00500b8, 0x0000b800, 0x00b85845, 0xb91b2f04, 0x0d000400, 0x00b8593e, 0xb8584500, 0x1b2f0c00, 0x000c00b9, 0xba593e03, 0x0c000000, 
    0x12110400, 0x0a00b939, 0xbaf40100, 0x0c000100, 0x12110a00, 0x0600ba39, 0x04000c00, 0xba391211, 0x0c000700, 0x12110400, 0x13313039, 0x11373507, 
    0x15371521, 0x15331507, 0x5b5b8021, 0x78781201, 0x010afee4, 0x44a34608, 0x5b954901, 0xf2c85ba3, 0x1f000100, 0xca010000, 0x0b002b03, 0x00bb6e00, 
    0x00020009, 0x2b040003, 0x100300b8, 0xd00000b8, 0x100900b8, 0xd00500b8, 0x0000b800, 0x00b85845, 0xb91b2f04, 0x0f000400, 0x00b8593e, 0xb8584500, 
    0x1b2f0a00, 0x000a00b9, 0xb8593e03, 0x58450000, 0x2f0000b8, 0x0000b91b, 0x593e0700, 0x000100ba, 0x1104000a, 0x00ba3912, 0x000a0006, 0x39121104, 
    0x000700ba, 0x1104000a, 0x31303912, 0x37350713, 0x37152111, 0x21110715, 0x01525271, 0xfe575702, 0x3d2b01fe, 0x7b013c86, 0x40863fdf, 0x00003bfe, 
    0x64000400, 0x7c040000, 0x3300fe02, 0x42003700, 0x30014c00, 0x002900bb, 0x000c0002, 0x00bb2b04, 0x00020038, 0x2b04003a, 0x002600ba, 0x1129000c, 
    0x00ba3912, 0x003a0035, 0x39121138, 0x003700ba, 0x1129000c, 0x00b83912, 0x00b81038, 0x00bad03e, 0x000c0044, 0x39121138, 0x103a00b8, 0xd04500b8, 
    0x004900ba, 0x1138003a, 0xb8003912, 0x58450000, 0x2f3400b8, 0x3400b91b, 0x593e0d00, 0x450000b8, 0x1d00b858, 0x00b91b2f, 0x3e0d001d, 0x0000b859, 
    0x00b85845, 0xb91b2f36, 0x03003600, 0x00b8593e, 0xb8584500, 0x1b2f3800, 0x003800b9, 0xb8593e03, 0x58450000, 0x2f2e00b8, 0x2e00b91b, 0x593e0700, 
    0x004500bb, 0x00410001, 0x00bb2b04, 0x00010040, 0x2b040042, 0x000e00ba, 0x2b030009, 0x102e00b8, 0x000000b9, 0x00b8f401, 0x00b9102e, 0xf4010003, 
    0x101d00b8, 0x001400b9, 0x00b8f401, 0x00b9101d, 0xf4010017, 0x002600ba, 0x110e0009, 0x00ba3912, 0x001d0035, 0x39121114, 0x104100b8, 0xd03a00b8, 
    0x2f3a00b8, 0x104200b8, 0xd03b00b8, 0x2f3b00b8, 0x104500b8, 0xd03f00b8, 0x004900ba, 0x1100002e, 0x31303912, 0x33160601, 0x34353632, 0x06222326, 
    0x16173507, 0x26343536, 0x17062223, 0x33033e23, 0x15021e32, 0x15070614, 0x1415011e, 0x2223020e, 0x0127022e, 0x21230133, 0x35073723, 0x37153337, 
    0x15012f15, 0x37343537, 0x07010e27, 0x1d011701, 0x1b1e1217, 0x060c0612, 0x14160f0e, 0x02120f0e, 0x382404b0, 0x471f2a4a, 0x1c20283c, 0x412a2b26, 
    0x522d244f, 0x02022740, 0xfefd6df8, 0xa9e70270, 0xd3c8f907, 0x56f3433e, 0x0e050408, 0x14d10108, 0x1111181f, 0x5e010119, 0x0e140201, 0x0e15100e, 
    0x0f233a2b, 0x24311f0e, 0x040b301c, 0x29243909, 0x110e2138, 0x012f3f27, 0x5b0efd21, 0xf3f77705, 0x74057f04, 0x12440402, 0x130a0213, 0x00000008, 
    0x64000400, 0x7c040000, 0x0300f602, 0x18000e00, 0x0a011e00, 0x2f1f00b8, 0x2f2000b8, 0x101f00b8, 0xd01c00b8, 0x2f1c00b8, 0x102000b8, 0xdc0400b8, 
    0x000100ba, 0x1104001c, 0x00b83912, 0x00b9101c, 0xf402001b, 0x000300ba, 0x111b001c, 0x00b83912, 0x00b91004, 0xf4020006, 0x100400b8, 0xd00a00b8, 
    0x001000ba, 0x1104001c, 0x00b83912, 0x00b81006, 0x00b8d011, 0x00b81006, 0x00b8d015, 0xb8002f15, 0x58450000, 0x2f0000b8, 0x0000b91b, 0x593e0d00, 
    0x450000b8, 0x1900b858, 0x00b91b2f, 0x3e0d0019, 0x0000b859, 0x00b85845, 0xb91b2f02, 0x03000200, 0x00b8593e, 0xb8584500, 0x1b2f0400, 0x000400b9, 
    0xb8593e03, 0x58450000, 0x2f1b00b8, 0x1b00b91b, 0x593e0700, 0x001100bb, 0x000d0001, 0x00bb2b04, 0x0001000c, 0x2b04000e, 0x100d00b8, 0xd00600b8, 
    0x2f0600b8, 0x100e00b8, 0xd00700b8, 0x2f0700b8, 0x101100b8, 0xd00b00b8, 0x001500ba, 0x11000002, 0x00b83912, 0x00b91019, 0xf401001d, 0x33013130, 
    0x23212301, 0x37350737, 0x15371533, 0x3715012f, 0x27373435, 0x0107010e, 0x11231137, 0x6d220307, 0x0370fefd, 0xf907a921, 0x433ed3c8, 0x040856f3, 
    0xfc080e05, 0x4bb1fcdf, 0x0efdf202, 0xf777055b, 0x057f04f3, 0x44040274, 0x0a021312, 0xd8010813, 0x013cfe07, 0x00000533, 0x7c000100, 0x78013201, 
    0x0500f602, 0x00bb3900, 0x00020002, 0x2b040003, 0x0000b800, 0x00b85845, 0xb91b2f00, 0x0d000000, 0x00b8593e, 0xb8584500, 0x1b2f0200, 0x000200b9, 
    0xb8593e07, 0xb9100000, 0x01000400, 0x133130f4, 0x11231137, 0xb1fc7c07, 0x07ef024b, 0x33013cfe, 0x00000005, 0x64000100, 0xbc020000, 0x0b005802, 
    0x00ba4f00, 0x00000004, 0xb8002b03, 0x58450000, 0x2f0700b8, 0x0700b91b, 0x593e0300, 0x450000b8, 0x0900b858, 0x00b91b2f, 0x3e030009, 0x0000b859, 
    0x00b85845, 0xb91b2f05, 0x07000500, 0x00b8593e, 0xb8584500, 0x1b2f0b00, 0x000b00b9, 0x30593e07, 0x17371331, 0x17071737, 0x27072707, 0x9e8e6437, 
    0x9e9e8d9f, 0x8e9e9f8d, 0x8dcb019f, 0x9f8d9f9f, 0x9f9f8d9f, 0x00009f8d, 0x3e000200, 0xcb020000, 0x1000f202, 0x71001d00, 0x2f1e00b8, 0x2f1f00b8, 
    0x101e00b8, 0xd00e00b8, 0x2f0e00b8, 0x000d00b9, 0x00b8f402, 0x00b8d000, 0x00b8101f, 0x00b8dc06, 0x00b8100d, 0x00b8d011, 0x00b91006, 0xf4020017, 
    0x0000b800, 0x00b85845, 0xb91b2f0f, 0x0d000f00, 0x00b8593e, 0xb8584500, 0x1b2f0d00, 0x000d00b9, 0xbb593e03, 0x01001200, 0x04000c00, 0x0000bb2b, 
    0x1d000100, 0x302b0400, 0x32330131, 0x1415021e, 0x012b020e, 0x21112115, 0x3e323311, 0x2e343502, 0x01012b02, 0x70425346, 0x40232e52, 0xfe8c395d, 
    0x1b0801f8, 0x121c2412, 0x11241d13, 0x228e021a, 0x3a466845, 0x7f23415c, 0x4bfef202, 0x171b0f04, 0x030c1916, 0x08010200, 0xd001a7ff, 0x03009502, 
    0x31000700, 0x000100bb, 0x00000002, 0x00b82b04, 0x00b81000, 0x00b8d004, 0x00b81001, 0xbb00d005, 0x01000500, 0x04000600, 0x0100bb2b, 0x02000100, 
    0x302b0400, 0x15330131, 0x15331523, 0xc8080123, 0x02c8c8c8, 0xfafafa95, 0x04000200, 0x16030000, 0x0e00f202, 0x93001f00, 0x2f2000b8, 0x2f2100b8, 
    0x102000b8, 0xd00f00b8, 0x2f0f00b8, 0x000300b9, 0x00b8f402, 0x00b8d000, 0x00b81021, 0x00b9dc19, 0xf402000a, 0x100f00b8, 0xd01200b8, 0x100300b8, 
    0xd01400b8, 0x2f1400b8, 0x0000b800, 0x00b85845, 0xb91b2f13, 0x0d001300, 0x00b8593e, 0xb8584500, 0x1b2f1e00, 0x001e00b9, 0xbb593e03, 0x01000100, 
    0x04000200, 0x1e00b82b, 0x0400b910, 0xb8f40100, 0xb9101300, 0x01000d00, 0x0200b8f4, 0x0f00b810, 0x0100b8d0, 0x1100b810, 0x013130d0, 0x15231533, 
    0x023e3233, 0x2b263435, 0x35230501, 0x32211133, 0x1415021e, 0x2123020e, 0x46465201, 0x2b3b2211, 0x114b5619, 0x3c3ceefe, 0xa35f1701, 0x65384578, 
    0xa5fe538b, 0x5e6bab01, 0x25352310, 0x6bc64750, 0x5e2b4701, 0x87546893, 0x00003360, 0x64000300, 0x7c040000, 0x0300f602, 0x2a002400, 0x00b8ef00, 
    0x00b82f2b, 0x00b82f2c, 0x00b8102b, 0x00b8d028, 0x00b82f28, 0x00b8102c, 0x00b8dc1a, 0x00b8d022, 0x00ba2f22, 0x00280001, 0x39121122, 0x102800b8, 
    0x002700b9, 0x00baf402, 0x00280003, 0x39121127, 0x101a00b8, 0x000900b9, 0x00b8f402, 0x00b8d01f, 0x00ba2f1f, 0x001a0020, 0x39121109, 0x002400ba, 
    0x11220028, 0xb8003912, 0x58450000, 0x2f0000b8, 0x0000b91b, 0x593e0d00, 0x450000b8, 0x2500b858, 0x00b91b2f, 0x3e0d0025, 0x0000b859, 0x00b85845, 
    0xb91b2f1a, 0x07001a00, 0x00b8593e, 0xb8584500, 0x1b2f2700, 0x002700b9, 0xb8593e07, 0x58450000, 0x2f0200b8, 0x0200b91b, 0x593e0300, 0x450000b8, 
    0x2300b858, 0x00b91b2f, 0x3e030023, 0x1500bb59, 0x11000100, 0xb82b0400, 0xb9102300, 0x01002100, 0x2500b8f4, 0x2900b910, 0x30f40100, 0x01330131, 
    0x033e2523, 0x23263435, 0x15020e22, 0x33013e23, 0x15021e32, 0x07020e14, 0x15013f15, 0x11370121, 0x03071123, 0xfefd6c07, 0x0b57026f, 0x17192325, 
    0x09110e11, 0x670aae04, 0x3c4b266f, 0x3e301e25, 0xfe5f5420, 0xfccffd19, 0xf2024bb1, 0x09a10efd, 0x0f26241f, 0x110a150f, 0x5c630a14, 0x273c2914, 
    0x1f2b3722, 0x060b0509, 0x07ef028c, 0x33013cfe, 0x00000005, 0x64000100, 0xbc02c800, 0x03009001, 0x00ba1500, 0x00000001, 0xbb002b03, 0x01000100, 
    0x04000200, 0x1331302b, 0x64211521, 0xa8fd5802, 0x00c89001, 0x23000200, 0xa702f4ff, 0x0b003603, 0xf1003400, 0x2f3500b8, 0x2f3600b8, 0x103500b8, 
    0xd02300b8, 0x2f2300b8, 0x000300b9, 0x00b8f402, 0x00b81036, 0x00b9dc19, 0xf4020009, 0x001300ba, 0x11090019, 0x00ba3912, 0x00190014, 0x39121109, 
    0x002b00ba, 0x11190023, 0x00ba3912, 0x00230030, 0x39121103, 0x003100ba, 0x11030023, 0x00ba3912, 0x00230034, 0x39121103, 0x0000b800, 0x00b85845, 
    0xb91b2f11, 0x0d001100, 0x00b8593e, 0xb8584500, 0x1b2f1300, 0x001300b9, 0xb8593e0d, 0x58450000, 0x2f2800b8, 0x2800b91b, 0x593e0b00, 0x450000b8, 
    0x1e00b858, 0x00b91b2f, 0x3e03001e, 0x2800b859, 0x0000b910, 0xb8f40100, 0xb9101e00, 0x01000600, 0x1400baf4, 0x11001e00, 0xba391211, 0x28002b00, 
    0x12110000, 0x3000ba39, 0x11001e00, 0xba391211, 0x1e003100, 0x12111100, 0x3400ba39, 0x11001e00, 0x30391211, 0x06220131, 0x33161415, 0x34353632, 
    0x031e0326, 0x07173717, 0x1415031e, 0x2223020e, 0x3435022e, 0x3233023e, 0x012e1716, 0x37270727, 0x0127012e, 0x2a282065, 0x282a1e1e, 0x161a1160, 
    0x3d7c0f17, 0x2b53486f, 0x755b390b, 0x5d71343c, 0x624d303d, 0x0c292033, 0x8311361a, 0x2c16753d, 0x2e550118, 0x29292020, 0x012e2020, 0x0e0f09e1, 
    0x403f0a10, 0x63723d39, 0x7a531f54, 0x421f2650, 0x63424a69, 0x03092242, 0x430e3220, 0x1b103b40, 0x0000000e, 0x33000200, 0xac0225ff, 0x1a002b03, 
    0xba002800, 0x2f2900b8, 0x2f2a00b8, 0x102900b8, 0xd00000b8, 0x2f0000b8, 0x000100b9, 0x00b8f402, 0x00b8d004, 0x00b82f04, 0x00b8102a, 0x00b8dc0c, 
    0x00b81001, 0x00b8d016, 0x00b82f16, 0x00b81001, 0x00b8d018, 0x00b9100c, 0xf4020026, 0x0000b800, 0x00b85845, 0xb91b2f00, 0x0f000000, 0x00b8593e, 
    0xb8584500, 0x1b2f0700, 0x000700b9, 0xb8593e0b, 0x58450000, 0x2f1900b8, 0x1900b91b, 0x593e0500, 0x450000b8, 0x1100b858, 0x00b91b2f, 0x3e030011, 
    0x0000b859, 0x00b85845, 0xb91b2f18, 0x03001800, 0x00b8593e, 0x00b91007, 0xf401001b, 0x000400b9, 0x00b8f401, 0x00b91018, 0xf4010021, 0x21133130, 
    0x3e330715, 0x1e323301, 0x0e141502, 0x2e222302, 0x17232702, 0x22012115, 0x16141506, 0x023e3233, 0x33263435, 0x090e0201, 0x38335b11, 0x1d1b3753, 
    0x16365438, 0x0b232b2e, 0xfefe0c07, 0x22203801, 0x190f2022, 0x03260a11, 0x2e7fed2b, 0x624d3032, 0x52642f32, 0x1f160c35, 0x02cf5514, 0x1e1d2e30, 
    0x1b170e2e, 0x002d1c0e, 0x07000100, 0xee013201, 0x2000fe02, 0x00bb6f00, 0x00020016, 0x2b040005, 0x100500b8, 0xd01b00b8, 0x2f1b00b8, 0x001c00ba, 
    0x11160005, 0x00b83912, 0x00b81016, 0x00b8d01e, 0xb8002f1e, 0x58450000, 0x2f1100b8, 0x1100b91b, 0x593e0d00, 0x450000b8, 0x1f00b858, 0x00b91b2f, 
    0x3e07001f, 0x1100b859, 0x0800b910, 0xb8f40100, 0xb9101100, 0x01000d00, 0x1f00b8f4, 0x1d00b910, 0x30f40100, 0x033e1331, 0x23263435, 0x15020e22, 
    0x33013e23, 0x15021e32, 0x07020e14, 0x15013f15, 0x250bcb21, 0x11171923, 0x0409110e, 0x6f670aae, 0x253c4b26, 0x203e301e, 0x19fe5f54, 0x1f09d301, 
    0x0f0f2624, 0x14110a15, 0x145c630a, 0x22273c29, 0x091f2b37, 0x8c060b05, 0x17000100, 0xdd012b01, 0x3300fe02, 0x00bb7300, 0x00020029, 0x2b04000c, 
    0x002600ba, 0x1129000c, 0xb8003912, 0x58450000, 0x2f1d00b8, 0x1d00b91b, 0x593e0d00, 0x450000b8, 0x2e00b858, 0x00b91b2f, 0x3e07002e, 0x0e00ba59, 
    0x03000900, 0x2e00b82b, 0x0000b910, 0xb8f40100, 0xb9102e00, 0x01000300, 0x1d00b8f4, 0x1400b910, 0xb8f40100, 0xb9101d00, 0x01001700, 0x2600baf4, 
    0x0e000900, 0x30391211, 0x16061331, 0x35363233, 0x22232634, 0x17350706, 0x34353616, 0x06222326, 0x033e2317, 0x021e3233, 0x07061415, 0x15011e15, 
    0x23020e14, 0x27022e22, 0x171d01ca, 0x121b1e12, 0x0e060c06, 0x0e14160f, 0xb002120f, 0x4a382404, 0x3c471f2a, 0x261c2028, 0x4f412a2b, 0x40522d24, 
    0xd1010227, 0x11181f14, 0x01011911, 0x1402015e, 0x15100e0e, 0x233a2b0e, 0x311f0e0f, 0x0b301c24, 0x24390904, 0x0e213829, 0x2f3f2711, 0x1700ffff, 
    0x8002f4ff, 0x2602ef03, 0x00003300, 0x87000700, 0xdf002000, 0xf8ffffff, 0x0d030000, 0x2602f103, 0x00003900, 0x7c000700, 0xdf00c500, 0x0200ffff, 
    0x01030000, 0x2602ef03, 0x00003a00, 0x87000700, 0xdf006500, 0x0900ffff, 0xfd01f4ff, 0x26021003, 0x00005300, 0x87000600, 0x000000e0, 0xeaffffff, 
    0xa80225ff, 0x26021203, 0x00005900, 0x7c000700, 0x00008b00, 0x1000ffff, 0x4d020000, 0x26021003, 0x00005a00, 0x87000600, 0x00000003, 0x00000000, 
    0x00000000, 0xac000000, 0x0a025801, 0x60022c02, 0xec029402, 0x3a032603, 0x86035403, 0x0c04a003, 0x9a043a04, 0xa0052205, 0x94061a06, 0x5007ca06, 
    0x3608d207, 0xb8087e08, 0x2009ec08, 0x6e0aa209, 0x3a0bb00a, 0xf00b9c0b, 0x6a0c300c, 0x2e0dd40c, 0x980d540d, 0x1e0ef40d, 0xe00e820e, 0xa20f460f, 
    0xb2103210, 0x70113a11, 0x0a12cc11, 0xc8127012, 0x4e130613, 0x9a137813, 0xec13c413, 0x2014fe13, 0x3415ac14, 0x1c169215, 0x04178616, 0x14189e17, 
    0xb0186218, 0x2e190819, 0x801a061a, 0x6c1be21a, 0x401cf21b, 0xf81ca61c, 0x861d541d, 0x2e1edc1d, 0xa01e641e, 0x2c1f141f, 0xec1f9e1f, 0x86203220, 
    0x68214221, 0x6422d621, 0x7c231223, 0xdc239e23, 0x3c241824, 0x24256024, 0xe625d225, 0x82262c26, 0x0627ae26, 0x4c273227, 0xba277c27, 0xb228f627, 
    0x1c2aa629, 0x502a362a, 0xae2a6c2a, 0x062bc62a, 0x6e2b282b, 0xd42bba2b, 0x422c002c, 0x782c602c, 0x6c2dde2c, 0xb22e242e, 0xee2f122f, 0x98301430, 
    0xca314431, 0xcc323232, 0x7c333833, 0x7c34ee33, 0xfa349834, 0xa8355035, 0x10360436, 0x28361c36, 0x40363436, 0x58364c36, 0x70366436, 0x88367c36, 
    0xa0369436, 0xb836ac36, 0xd036c436, 0xe836dc36, 0x0037f436, 0x18370c37, 0x30372437, 0x48373c37, 0x60375437, 0x78376c37, 0x90378437, 0xa8379c37, 
    0xc037b437, 0xd837cc37, 0xf037e437, 0x0838fc37, 0x20381438, 0x38382c38, 0x50384438, 0xa0385c38, 0x3239e238, 0x8a3a8239, 0x743b463b, 0x1c3cb63b, 
    0xc03c463c, 0x943d7c3d, 0xf63e5c3e, 0xe03f5e3f, 0xf83fec3f, 0x10400440, 0x28401c40, 0x12000000, 0x0100de00, 0x00000000, 0x99000000, 0x01000000, 
    0x00000000, 0x06000100, 0x01009900, 0x00000000, 0x04000200, 0x01009f00, 0x00000000, 0x3f000300, 0x0100a300, 0x00000000, 0x11000400, 0x0100e200, 
    0x00000000, 0x0f000500, 0x0100f300, 0x00000000, 0x10000600, 0x01000201, 0x00000000, 0x1a000800, 0x01001201, 0x00000000, 0xb5010a00, 0x03002c01, 
    0x09040100, 0x32010000, 0x0300e102, 0x09040100, 0x0c000100, 0x03001304, 0x09040100, 0x08000200, 0x03001f04, 0x09040100, 0x7e000300, 0x03002704, 
    0x09040100, 0x22000400, 0x0300a504, 0x09040100, 0x1e000500, 0x0300c704, 0x09040100, 0x20000600, 0x0300e504, 0x09040100, 0x34000800, 0x03000505, 
    0x09040100, 0x6a030a00, 0x6f433905, 0x69727970, 0x20746867, 0x20296328, 0x37383931, 0x3931202c, 0x202c3139, 0x33393931, 0x6f644120, 0x53206562, 
    0x65747379, 0x4920736d, 0x726f636e, 0x61726f70, 0x2e646574, 0x6c412020, 0x6952206c, 0x73746867, 0x73655220, 0x65767265, 0x75462e64, 0x61727574, 
    0x20736920, 0x65722061, 0x74736967, 0x64657265, 0x61727420, 0x616d6564, 0x6f206b72, 0x75462066, 0x6369646e, 0x206e6f69, 0x6f706954, 0x66617267, 
    0x20616369, 0x6675654e, 0x6c6c6976, 0x2e532065, 0x462e4120, 0x72757475, 0x6c6f4261, 0x61725464, 0x7954736e, 0x50206570, 0x28206f72, 0x296e6957, 
    0x7475463b, 0x20617275, 0x72747845, 0x6f422061, 0x303b646c, 0x302e3130, 0x313b3230, 0x33302f32, 0x2030312f, 0x333a3232, 0x37303a33, 0x75747546, 
    0x45206172, 0x61727478, 0x6c6f4220, 0x72655664, 0x6e6f6973, 0x31303020, 0x3230302e, 0x75747546, 0x452d6172, 0x61727478, 0x646c6f42, 0x626f6441, 
    0x79532065, 0x6d657473, 0x6e492073, 0x70726f63, 0x7461726f, 0x43206465, 0x7279706f, 0x74686769, 0x29632820, 0x38393120, 0x31202c37, 0x2c313939, 
    0x39393120, 0x75462033, 0x6369646e, 0x206e6f69, 0x6f706954, 0x66617267, 0x20616369, 0x6675654e, 0x6c6c6976, 0x2e532065, 0x202e4120, 0x69685420, 
    0x65722073, 0x64726f63, 0x74616d20, 0x61697265, 0x6e61206c, 0x68742064, 0x61642065, 0x72206174, 0x726f6365, 0x20646564, 0x72656874, 0x206e6f65, 
    0x74207369, 0x70206568, 0x65706f72, 0x20797472, 0x2020666f, 0x646e7546, 0x6f696369, 0x6954206e, 0x72676f70, 0x63696661, 0x654e2061, 0x69766675, 
    0x20656c6c, 0x41202e53, 0x6e61202e, 0x64412064, 0x2065626f, 0x74737953, 0x20736d65, 0x6f636e49, 0x726f7072, 0x64657461, 0x6f20202c, 0x74692072, 
    0x696c2073, 0x736e6563, 0x2c73726f, 0x646e6120, 0x79616d20, 0x746f6e20, 0x20656220, 0x72706572, 0x6375646f, 0x202c6465, 0x64657375, 0x6964202c, 
    0x616c7073, 0x2c646579, 0x646f6d20, 0x65696669, 0x20202c64, 0x63736964, 0x65736f6c, 0x726f2064, 0x61727420, 0x6566736e, 0x64657272, 0x206e6920, 
    0x20796e61, 0x6e6e616d, 0x77207265, 0x6f687469, 0x74207475, 0x65206568, 0x65727078, 0x77207373, 0x74746972, 0x20206e65, 0x72707061, 0x6c61766f, 
    0x20666f20, 0x646e7546, 0x6f696369, 0x6954206e, 0x72676f70, 0x63696661, 0x654e2061, 0x69766675, 0x20656c6c, 0x41202e53, 0x6e61202e, 0x64412064, 
    0x2065626f, 0x74737953, 0x20736d65, 0x636e4920, 0x6f70726f, 0x65746172, 0x00202e64, 0x006f0043, 0x00790070, 0x00690072, 0x00680067, 0x00200074, 
    0x00630028, 0x00200029, 0x00390031, 0x00370038, 0x0020002c, 0x00390031, 0x00310039, 0x0020002c, 0x00390031, 0x00330039, 0x00410020, 0x006f0064, 
    0x00650062, 0x00530020, 0x00730079, 0x00650074, 0x0073006d, 0x00490020, 0x0063006e, 0x0072006f, 0x006f0070, 0x00610072, 0x00650074, 0x002e0064, 
    0x00200020, 0x006c0041, 0x0020006c, 0x00690052, 0x00680067, 0x00730074, 0x00520020, 0x00730065, 0x00720065, 0x00650076, 0x002e0064, 0x00750046, 
    0x00750074, 0x00610072, 0x00690020, 0x00200073, 0x00200061, 0x00650072, 0x00690067, 0x00740073, 0x00720065, 0x00640065, 0x00740020, 0x00610072, 
    0x00650064, 0x0061006d, 0x006b0072, 0x006f0020, 0x00200066, 0x00750046, 0x0064006e, 0x00630069, 0x006f0069, 0x0020006e, 0x00690054, 0x006f0070, 
    0x00720067, 0x00660061, 0x00630069, 0x00200061, 0x0065004e, 0x00660075, 0x00690076, 0x006c006c, 0x00200065, 0x002e0053, 0x00410020, 0x0046002e, 
    0x00740075, 0x00720075, 0x00420061, 0x006c006f, 0x00540064, 0x00610072, 0x0073006e, 0x00790054, 0x00650070, 0x00500020, 0x006f0072, 0x00280020, 
    0x00690057, 0x0029006e, 0x0046003b, 0x00740075, 0x00720075, 0x00200061, 0x00780045, 0x00720074, 0x00200061, 0x006f0042, 0x0064006c, 0x0030003b, 
    0x00310030, 0x0030002e, 0x00320030, 0x0031003b, 0x002f0032, 0x00330030, 0x0031002f, 0x00200030, 0x00320032, 0x0033003a, 0x003a0033, 0x00370030, 
    0x00750046, 0x00750074, 0x00610072, 0x00450020, 0x00740078, 0x00610072, 0x00420020, 0x006c006f, 0x00560064, 0x00720065, 0x00690073, 0x006e006f, 
    0x00300020, 0x00310030, 0x0030002e, 0x00320030, 0x00750046, 0x00750074, 0x00610072, 0x0045002d, 0x00740078, 0x00610072, 0x006f0042, 0x0064006c, 
    0x00640041, 0x0062006f, 0x00200065, 0x00790053, 0x00740073, 0x006d0065, 0x00200073, 0x006e0049, 0x006f0063, 0x00700072, 0x0072006f, 0x00740061, 
    0x00640065, 0x00430020, 0x0070006f, 0x00720079, 0x00670069, 0x00740068, 0x00280020, 0x00290063, 0x00310020, 0x00380039, 0x002c0037, 0x00310020, 
    0x00390039, 0x002c0031, 0x00310020, 0x00390039, 0x00200033, 0x00750046, 0x0064006e, 0x00630069, 0x006f0069, 0x0020006e, 0x00690054, 0x006f0070, 
    0x00720067, 0x00660061, 0x00630069, 0x00200061, 0x0065004e, 0x00660075, 0x00690076, 0x006c006c, 0x00200065, 0x002e0053, 0x00410020, 0x0020002e, 
    0x00540020, 0x00690068, 0x00200073, 0x00650072, 0x006f0063, 0x00640072, 0x006d0020, 0x00740061, 0x00720065, 0x00610069, 0x0020006c, 0x006e0061, 
    0x00200064, 0x00680074, 0x00200065, 0x00610064, 0x00610074, 0x00720020, 0x00630065, 0x0072006f, 0x00650064, 0x00200064, 0x00680074, 0x00720065, 
    0x006f0065, 0x0020006e, 0x00730069, 0x00740020, 0x00650068, 0x00700020, 0x006f0072, 0x00650070, 0x00740072, 0x00200079, 0x0066006f, 0x00200020, 
    0x00750046, 0x0064006e, 0x00630069, 0x006f0069, 0x0020006e, 0x00690054, 0x006f0070, 0x00720067, 0x00660061, 0x00630069, 0x00200061, 0x0065004e, 
    0x00660075, 0x00690076, 0x006c006c, 0x00200065, 0x002e0053, 0x00410020, 0x0020002e, 0x006e0061, 0x00200064, 0x00640041, 0x0062006f, 0x00200065, 
    0x00790053, 0x00740073, 0x006d0065, 0x00200073, 0x006e0049, 0x006f0063, 0x00700072, 0x0072006f, 0x00740061, 0x00640065, 0x0020002c, 0x006f0020, 
    0x00200072, 0x00740069, 0x00200073, 0x0069006c, 0x00650063, 0x0073006e, 0x0072006f, 0x002c0073, 0x00610020, 0x0064006e, 0x006d0020, 0x00790061, 
    0x006e0020, 0x0074006f, 0x00620020, 0x00200065, 0x00650072, 0x00720070, 0x0064006f, 0x00630075, 0x00640065, 0x0020002c, 0x00730075, 0x00640065, 
    0x0020002c, 0x00690064, 0x00700073, 0x0061006c, 0x00650079, 0x002c0064, 0x006d0020, 0x0064006f, 0x00660069, 0x00650069, 0x002c0064, 0x00200020, 
    0x00690064, 0x00630073, 0x006f006c, 0x00650073, 0x00200064, 0x0072006f, 0x00740020, 0x00610072, 0x0073006e, 0x00650066, 0x00720072, 0x00640065, 
    0x00690020, 0x0020006e, 0x006e0061, 0x00200079, 0x0061006d, 0x006e006e, 0x00720065, 0x00770020, 0x00740069, 0x006f0068, 0x00740075, 0x00740020, 
    0x00650068, 0x00650020, 0x00700078, 0x00650072, 0x00730073, 0x00770020, 0x00690072, 0x00740074, 0x006e0065, 0x00200020, 0x00700061, 0x00720070, 
    0x0076006f, 0x006c0061, 0x006f0020, 0x00200066, 0x00750046, 0x0064006e, 0x00630069, 0x006f0069, 0x0020006e, 0x00690054, 0x006f0070, 0x00720067, 
    0x00660061, 0x00630069, 0x00200061, 0x0065004e, 0x00660075, 0x00690076, 0x006c006c, 0x00200065, 0x002e0053, 0x00410020, 0x0020002e, 0x006e0061, 
    0x00200064, 0x00640041, 0x0062006f, 0x00200065, 0x00790053, 0x00740073, 0x006d0065, 0x00200073, 0x00490020, 0x0063006e, 0x0072006f, 0x006f0070, 
    0x00610072, 0x00650074, 0x002e0064, 0x00000020, 0x00000200, 0x00000000, 0x3200b5ff, 0x00000000, 0x00000000, 0x00000000, 0x00000000, 0x00000000, 
    0x0000e700, 0x02000201, 0x07000300, 0x09000800, 0x0b00b700, 0x0d000c00, 0x0f000e00, 0x11001000, 0x13001200, 0x15001400, 0x17001600, 0x19001800, 
    0x1b001a00, 0x1d001c00, 0x1f001e00, 0x21002000, 0x23002200, 0x25002400, 0x27002600, 0x29002800, 0x2b002a00, 0x2d002c00, 0x2f002e00, 0x31003000, 
    0x33003200, 0x35003400, 0x37003600, 0x39003800, 0x3b003a00, 0x3d003c00, 0x3f003e00, 0x41004000, 0xb6004200, 0x45004400, 0x47004600, 0x49004800, 
    0x4b004a00, 0x4d004c00, 0x4f004e00, 0x51005000, 0x53005200, 0x55005400, 0x57005600, 0x59005800, 0x5b005a00, 0x5d005c00, 0x5f005e00, 0x61006000, 
    0x8400a300, 0xbc008500, 0xa6009600, 0xbd008600, 0xb4000a00, 0xbe00a900, 0xc000bf00, 0xb200c100, 0xc2008200, 0x88000301, 0xc4008700, 0xb500c500, 
    0xab00aa00, 0xa200c600, 0x8d004300, 0xd900d800, 0xdb000401, 0x8e00dc00, 0xde00dd00, 0xe000df00, 0xb300e100, 0x9d009000, 0xb0009100, 0xa0009e00, 
    0xa100d700, 0x8900b100, 0x8a00b800, 0x93006f00, 0x8b006400, 0x8c00a400, 0x97008300, 0xc9000600, 0x6200c700, 0x6300ad00, 0x6500ae00, 0xca00c800, 
    0xcc00cb00, 0xce00cd00, 0x6600cf00, 0xd100d000, 0xd3006700, 0xd400af00, 0x6800d500, 0xbb00d600, 0x6b006900, 0x6a006c00, 0x6d006e00, 0x72007000, 
    0x71007300, 0x76007400, 0x75007700, 0x79007800, 0x7c007b00, 0x7d007a00, 0x80007e00, 0x7f008100, 0x0400ba00, 0xe2000500, 0xf600e300, 0xf100f500, 
    0xed00f000, 0xe900e800, 0xef00f400, 0xee00ea00, 0xf300f200, 0xeb00e400, 0xe500e600, 0xe700ec00, 0x756e2e05, 0x700e6c6c, 0x6f697265, 0x6e656364, 
    0x65726574, 0x616d0664, 0x6e6f7263, 0x03000000, 0x02000800, 0x01001000, 0x0300ffff, 0x00000100, 0x1e000a00, 0x01002c00, 0x6e74616c, 0x04000800, 
    0x00000000, 0x0100ffff, 0x01000000, 0x70737063, 0x00000800, 0x00000100, 0x04000100, 0x00000100, 0x08000100, 0x0a000100, 0x07000500, 0x02000e00, 
    0x21000900, 0x00003a00, 0x89008900, 0x8b001a00, 0x1b008c00, 0x97009700, 0x9e001d00, 0x1e00b600, 0xd200d200, 0xd8003700, 0x3800d800, 0xda00da00, 
    0xe1003900, 0x3a00e300, 0x00000100, 0x30000a00, 0x01006400, 0x6e74616c, 0x0a000800, 0x52540100, 0x1600204b, 0xffff0000, 0x00000300, 0x03000100, 
    0xffff0000, 0x02000100, 0x72660400, 0x1a006361, 0x6167696c, 0x696c2000, 0x28006167, 0x6e64726f, 0x00002e00, 0x00000100, 0x02000000, 0x02000100, 
    0x01000000, 0x00000200, 0x03000100, 0x10000700, 0x28002000, 0x3e003000, 0x4e004600, 0x00000600, 0x46000500, 0x70005c00, 0x98008400, 0x00000400, 
    0x9c000100, 0x00000400, 0xa6000100, 0x00000600, 0xb0000400, 0xd400c200, 0x0400e800, 0x01000000, 0x0400ee00, 0x01000000, 0x01004c01, 0x01000000, 
    0x03006201, 0x04000000, 0x6a016401, 0x64016401, 0x01000000, 0x04000000, 0x00000300, 0x4e010300, 0x4e015401, 0x01000000, 0x05000000, 0x00000300, 
    0x48010300, 0x4e014001, 0x01000000, 0x04000000, 0x00000300, 0x34010300, 0x40012c01, 0x01000000, 0x04000000, 0x00000300, 0x32010300, 0x26011801, 
    0x01000000, 0x04000000, 0x24010100, 0x08000100, 0x04000100, 0x02006c00, 0x01004900, 0x01001201, 0x01000800, 0x6d000400, 0x4c000200, 0x01000300, 
    0x01000601, 0x00001001, 0x00000100, 0x03000600, 0xf4000100, 0x04010100, 0x01000000, 0x06000000, 0x02000300, 0xe200f800, 0xec000100, 0x01000000, 
    0x06000000, 0x02000300, 0xce00e400, 0xde000100, 0x01000000, 0x06000000, 0xd6000100, 0x0c000300, 0x50002600, 0x06000200, 0x79001000, 0x0f000400, 
    0x10001000, 0x04007900, 0x10006200, 0x04001000, 0x12000a00, 0x22001a00, 0x0300db00, 0x12000f00, 0x0300d500, 0x14000f00, 0x0300db00, 0x12006200, 
    0x0300d500, 0x14006200, 0x06000200, 0xd4000e00, 0x0f000300, 0xd4001400, 0x62000300, 0x01001400, 0x01002800, 0x02000800, 0x0e000600, 0x03000500, 
    0x10000f00, 0x03000500, 0x10006200, 0x5c000200, 0x8a000200, 0x01008d00, 0x10000100, 0x02000100, 0x62000f00, 0x01000100, 0x01001100, 0x14000100, 
    0x01000100, 0x01001200, 0x13000100, 0x01000100, 0x02004600, 0x10000100, 0x00001900, 0x01000100, 0x01004100, 0x4f000100, 0x01000100, 0x01000e00, 
    0x10000300, 0x13001100, 0x02000100, 0x4f004100, 
};

