// File: 'MaterialIcons-Regular.ttf' (128180 bytes)
// Exported using binary_to_compressed_c.cpp
static const unsigned int MaterialIcons_Regular_ttf_size = 128180;
static const unsigned int MaterialIcons_Regular_ttf_data[128180/4] =
{
    0x00000100, 0x80000f00, 0x70000300, 0x46454447, 0x53000004, 0x088b0100, 0x24000000, 0x534f5047, 0x9cef18e0, 0x2c8b0100, 0x36000000, 0x42555347, 
    0x51a9d2e4, 0x648b0100, 0x50690000, 0x322f534f, 0x6322730a, 0x78010000, 0x60000000, 0x70616d63, 0xe031f0f1, 0x78090000, 0x02060000, 0x20747663, 
    0x44011100, 0x7c0f0000, 0x04000000, 0x70736167, 0x0300ffff, 0x008b0100, 0x08000000, 0x66796c67, 0x04ec7d44, 0x1c170000, 0x48720100, 0x64616568, 
    0x668bda06, 0xfc000000, 0x36000000, 0x61656868, 0x04020104, 0x34010000, 0x24000000, 0x78746d68, 0x4669e66a, 0xd8010000, 0xa0070000, 0x61636f6c, 
    0x8596293b, 0x800f0000, 0x9c070000, 0x7078616d, 0xe1002704, 0x58010000, 0x20000000, 0x656d616e, 0xe4350f1c, 0x64890100, 0x7a010000, 0x74736f70, 
    0x320086ff, 0xe08a0100, 0x20000000, 0x00000100, 0xd0020100, 0x8822bf4f, 0xf53c0f5f, 0x00020900, 0x00000000, 0xcaa3ded2, 0x00000000, 0xcda3ded2, 
    0xfeff0000, 0x04020002, 0x08000000, 0x00000200, 0x00000000, 0x00000100, 0x00000002, 0x00020000, 0x00000000, 0x01000002, 0x00000000, 0x00000000, 
    0x00000000, 0x03000000, 0x00000100, 0xb000cd03, 0x00001800, 0x02000000, 0x01000000, 0x00000100, 0x2e004000, 0x00000000, 0x00020400, 0x05009001, 
    0x4c010000, 0x00006601, 0x4c014700, 0x00006601, 0x1900f500, 0x00008400, 0x03050002, 0x00000000, 0x00000000, 0x00120100, 0x00040000, 0x00000000, 
    0x00000000, 0x80000000, 0xffff3000, 0x00000002, 0x00020000, 0x00000000, 0x00000100, 0x00000000, 0x00000000, 0x2b002000, 0x11000002, 0x00000000, 
    0x00000002, 0x00000000, 0x00000000, 0x00000000, 0x00000000, 0x00000000, 0x00000000, 0x00000000, 0x00000000, 0x00000000, 0x00000000, 0x00000000, 
    0x00000000, 0x00000000, 0x00000000, 0x00000000, 0x00000000, 0x00000000, 0x00000000, 0x2b000000, 0x15002b00, 0x2b004000, 0x40004000, 0x40005500, 
    0x35005500, 0x40002b00, 0x55004000, 0x6b006b00, 0x2b004000, 0x2b002b00, 0x15002b00, 0x80002b00, 0x2b002b00, 0x2b00ab00, 0x2b002b00, 0x40002b00, 
    0x15002b00, 0x40004000, 0x55005500, 0x80008000, 0x80002b00, 0x2b002b00, 0x40002b00, 0x6b002b00, 0x40009500, 0x2b004000, 0x22004000, 0x55001500, 
    0x55005500, 0x55005500, 0x15005500, 0x2b001500, 0x2b002b00, 0x15005500, 0x2b001500, 0x15002b00, 0x2c001500, 0x2b004000, 0x15001500, 0x15001500, 
    0x40002b00, 0x2b001500, 0x00004000, 0x77005500, 0x6b004000, 0x2b005500, 0x2b004000, 0x40002b00, 0x2b005500, 0x6b002b00, 0x40004000, 0x6b002b00, 
    0x2b002b00, 0x33002b00, 0x2b004000, 0x00000000, 0x5b000000, 0x6b001500, 0x6b001500, 0x2b002b00, 0x15000000, 0x55004000, 0x3e002b00, 0x15001500, 
    0x00002b00, 0x40000000, 0x6b005500, 0x2b004000, 0x40002b00, 0x2b000000, 0x2b006b00, 0x40002b00, 0x2b004000, 0x6b004000, 0x3d005500, 0x2b004000, 
    0x2b002b00, 0x6b002100, 0x2b002b00, 0x00004000, 0x40004000, 0x2b004000, 0x6b004000, 0x2b002b00, 0x40004000, 0x15002b00, 0x2b002b00, 0x2b002b00, 
    0x2b002b00, 0x2b002b00, 0x95009500, 0x95009500, 0x6b009500, 0x55004000, 0x0f004000, 0x0f000f00, 0x2b000f00, 0x00005500, 0x15001500, 0x15001500, 
    0x15001500, 0x2b004000, 0x2b000800, 0x40002b00, 0x6b001500, 0x01001500, 0x15005500, 0x2b002b00, 0x2b003300, 0x08001500, 0x08000900, 0x66002b00, 
    0x2b000000, 0x87009500, 0x40004000, 0x00004000, 0x40004000, 0x40004000, 0x40004000, 0x40004000, 0x40004000, 0x40004000, 0x2b009500, 0x55000000, 
    0x40000000, 0x80004000, 0x35002000, 0x55002b00, 0x40006b00, 0x6b004000, 0x6b005500, 0x40008000, 0x55002b00, 0x40002b00, 0x40002b00, 0x2b007700, 
    0x6b004000, 0x40005500, 0x55005500, 0x55005500, 0x55005700, 0x4b001500, 0x55002b00, 0x2b003500, 0x2b006b00, 0x2b000000, 0x00000000, 0x00000000, 
    0x6b000000, 0x2b006b00, 0x2b002b00, 0x15002b00, 0x00001500, 0x15001500, 0x80002b00, 0x40002b00, 0x2b004000, 0xab008000, 0x8000b700, 0x80004000, 
    0x2b002b00, 0x6b001500, 0x00000000, 0x00000000, 0x55004000, 0x6b006b00, 0x00000000, 0x40004000, 0x55004000, 0x6b006b00, 0x15005500, 0x2b004000, 
    0x15001500, 0x40005500, 0x15002b00, 0x2b001500, 0x40002b00, 0x80006b00, 0x40002b00, 0x35003500, 0x6b002b00, 0x0f008000, 0x0f000f00, 0x40000f00, 
    0x2b002b00, 0x6b002b00, 0x2b006b00, 0x40004000, 0x40002b00, 0x40004000, 0x00002b00, 0x40004000, 0x40001500, 0x40004000, 0x40004000, 0x6b004000, 
    0x2b005500, 0x40004000, 0x55002b00, 0x55002b00, 0xa8002b00, 0x15001500, 0x15001500, 0x15001500, 0x15001500, 0x15001500, 0x40001500, 0x00004000, 
    0x15002b00, 0x2c001500, 0x15003100, 0x2b004000, 0x40009500, 0x55004000, 0x2b000000, 0x40001e00, 0x15001500, 0x40002a00, 0x40002b00, 0x40001500, 
    0x2b004000, 0x15004000, 0x40004000, 0x40004000, 0x2b004000, 0x2b002b00, 0x6b008000, 0xab002b00, 0x4000b700, 0x2b001500, 0x55002b00, 0x40002b00, 
    0x2b005500, 0x2b002b00, 0x15004000, 0x57001200, 0x40005500, 0x18001500, 0x2b002b00, 0x40002b00, 0x00002b00, 0x40005900, 0x2b002500, 0x40002b00, 
    0x40004000, 0x00000000, 0x15001500, 0x15002b00, 0x15001500, 0x4c001500, 0x2b000000, 0x2b000000, 0x15004000, 0x2b004000, 0x55000000, 0x25004000, 
    0x55005500, 0x80005500, 0x15002b00, 0x2b004000, 0x2b002b00, 0x40002b00, 0x40002b00, 0x40002b00, 0x55004000, 0x40001500, 0x55001500, 0x40004000, 
    0x2b005500, 0x40008000, 0x40004000, 0x2b002b00, 0x3a002b00, 0x15002b00, 0x40004000, 0x15004000, 0x6b006000, 0x2b006b00, 0x40003a00, 0x15004000, 
    0x3e005500, 0x6b006b00, 0x6b004000, 0x40004000, 0x40005500, 0x55002b00, 0x2b006b00, 0x55005500, 0x2b009500, 0x55009500, 0x49002b00, 0xb700ab00, 
    0x80006b00, 0x6b008000, 0x40006b00, 0xd5005500, 0x9e005600, 0x55009e00, 0x55006b00, 0x80005500, 0x6b007700, 0x2b004000, 0x2b002b00, 0x40004000, 
    0x40004000, 0x2b002b00, 0x15000000, 0x40004000, 0x40004000, 0x40000000, 0x55005500, 0x2b002b00, 0x3d005500, 0x6b004000, 0x40002b00, 0x2b000000, 
    0x2a001500, 0x15002000, 0x40002b00, 0x2b004000, 0x2b005500, 0x15001500, 0x80001500, 0x15005500, 0x15005500, 0x55004000, 0x2b001500, 0x2b00d500, 
    0x55002b00, 0x2b002b00, 0x2b004000, 0x00001500, 0x2b004000, 0x55002b00, 0x55005500, 0x55002b00, 0x2b004000, 0x15001500, 0x15005500, 0x55005500, 
    0x2b004000, 0x40001500, 0x2b005500, 0x2b002b00, 0x2b002b00, 0x40004000, 0x2b002b00, 0x2b002b00, 0x01002b00, 0x2b004000, 0x40004000, 0x15002b00, 
    0x2b002b00, 0x2b002300, 0x2b002b00, 0x40001500, 0x40004000, 0x40004000, 0x40004000, 0x00005500, 0x6b005500, 0x55006b00, 0x15000e00, 0x2b002b00, 
    0x55001500, 0x2b002b00, 0x6b004000, 0x40005500, 0x09004900, 0x40004000, 0x2b002b00, 0x2b002b00, 0x2b002b00, 0x55005500, 0x40004000, 0x2b006b00, 
    0x2b002b00, 0x15002b00, 0x80002b00, 0x55008000, 0x2b002b00, 0x55001500, 0x40004000, 0x40002b00, 0x55004000, 0x55005500, 0x2b002b00, 0x40005500, 
    0x15004000, 0x2b002b00, 0x40002b00, 0x6b000000, 0x00005500, 0x00004000, 0x0b001500, 0x2b004000, 0x2b002b00, 0x2b004000, 0x15001500, 0x2b006b00, 
    0x2d004000, 0x00004000, 0x80006b00, 0x11001500, 0x15001500, 0x6b001500, 0x15001500, 0x55004000, 0x6b005a00, 0x15002b00, 0x15001500, 0x34002b00, 
    0x40002b00, 0x2b005500, 0x6b004000, 0x15002b00, 0x15001500, 0x15005500, 0x00001500, 0x40004000, 0x2b001500, 0x2b001500, 0x2b004000, 0x6b006b00, 
    0x2b004000, 0x2b005500, 0x2b005500, 0x55005500, 0x55005500, 0x2b005500, 0x15001500, 0x2b002b00, 0x2b002b00, 0x6b002b00, 0x2b002b00, 0x40004000, 
    0x15004000, 0x35002b00, 0x80002700, 0x40006b00, 0x5a002b00, 0x3e002b00, 0x6b001500, 0x00001500, 0x6b006500, 0x40002b00, 0x2b002b00, 0x40004000, 
    0x55000000, 0xab002b00, 0x40001500, 0x15005500, 0x2b004000, 0x40001500, 0x00002b00, 0x00005500, 0x2b006b00, 0x00001500, 0x2b003f00, 0x15004000, 
    0x2b002b00, 0x55005500, 0x55002b00, 0x2b002b00, 0x2b002b00, 0x00002b00, 0x05000000, 0x03000000, 0x2c000000, 0x0a000000, 0x1c020000, 0x00000100, 
    0xfc040000, 0x01000300, 0x2c000000, 0x0a000300, 0x1c020000, 0xf0010400, 0x78000000, 0x05004000, 0x39003800, 0x7a005f00, 0x19e003e0, 0x24e021e0, 
    0x31e02ce0, 0x53e039e0, 0xbce071e0, 0xc4e0bfe0, 0x6de1e5e0, 0x9ce195e1, 0xc8e1c3e1, 0xdbe1d0e1, 0x64e2e2e1, 0xc9e2c4e2, 0x08e3cce2, 0x38e318e3, 
    0xeee3e0e3, 0x2ee413e4, 0x36e53ce4, 0xdde572e5, 0x45e620e6, 0xdde6c5e6, 0xe1e6dfe6, 0x01e8e9e7, 0x15e80ee8, 0x51e83ae8, 0xb6e873e8, 0x00e9cee8, 
    0x0fe906e9, 0x4ceb2be9, 0x0000ffff, 0x5f003000, 0x00e06100, 0x1be019e0, 0x28e023e0, 0x33e02ee0, 0x55e03be0, 0xbee0afe0, 0xc6e0c3e0, 0x90e145e1, 
    0xa3e19ce1, 0xcde1c8e1, 0xe0e1d8e1, 0xbce226e2, 0xcce2c6e2, 0x0ae307e3, 0x9de31ae3, 0xf1e3e2e3, 0x30e415e4, 0x39e52de5, 0x0ee6c3e5, 0xc4e623e6, 
    0xdfe6dde6, 0xe9e7e1e6, 0x0be8eee7, 0x34e811e8, 0x53e84de8, 0xb8e875e8, 0x02e9d0e8, 0x11e908e9, 0xffff3beb, 0xaeffd3ff, 0x2820adff, 0x12201320, 
    0x0e201120, 0x0c200d20, 0x0a200b20, 0xcc1fcd1f, 0xc81fc91f, 0x471f691f, 0x3b1f411f, 0x331f371f, 0x281f2c1f, 0x8e1ee51e, 0x8b1e8d1e, 0x501e511e, 
    0xeb1d4f1e, 0xe81dea1d, 0xe61de71d, 0xf41cf61c, 0x741ca41c, 0xf41b721c, 0xdc1bdd1b, 0xd41adb1b, 0xc71ad01a, 0xa71ac51a, 0x941a951a, 0x921a931a, 
    0x901a911a, 0x8e1a8f1a, 0x01007f18, 0x00000000, 0x00000000, 0x00000000, 0x00000000, 0x00000000, 0x00000000, 0x00000000, 0x00000000, 0x00000000, 
    0x00000000, 0x00000000, 0x00000000, 0x00000000, 0x00000000, 0x00000000, 0x00000000, 0x00000000, 0x00000000, 0x00000000, 0x00000000, 0x00000000, 
    0x00000000, 0x00000000, 0x00000000, 0x00000000, 0x00000000, 0x00000000, 0x00000000, 0x00000000, 0x00000000, 0x00000c00, 0xe0020000, 0x00000000, 
    0x3c000000, 0x30000000, 0x39000000, 0x03000000, 0x5f000000, 0x5f000000, 0x0d000000, 0x61000000, 0x7a000000, 0x0e000000, 0x00e00000, 0x03e00000, 
    0x28000000, 0x19e00000, 0x19e00000, 0x2c000000, 0x1be00000, 0x21e00000, 0x2d000000, 0x23e00000, 0x24e00000, 0x34000000, 0x28e00000, 0x2ce00000, 
    0x36000000, 0x2ee00000, 0x31e00000, 0x3b000000, 0x33e00000, 0x39e00000, 0x3f000000, 0x3be00000, 0x53e00000, 0x46000000, 0x55e00000, 0x71e00000, 
    0x5f000000, 0xafe00000, 0xbce00000, 0x7c000000, 0xbee00000, 0xbfe00000, 0x8a000000, 0xc3e00000, 0xc4e00000, 0x8c000000, 0xc6e00000, 0xe5e00000, 
    0x8e000000, 0x45e10000, 0x6de10000, 0xae000000, 0x90e10000, 0x95e10000, 0xd7000000, 0x9ce10000, 0x9ce10000, 0xdd000000, 0xa3e10000, 0xc3e10000, 
    0xde000000, 0xc8e10000, 0xc8e10000, 0xff000000, 0xcde10000, 0xd0e10000, 0x00010000, 0xd8e10000, 0xdbe10000, 0x04010000, 0xe0e10000, 0xe2e10000, 
    0x08010000, 0x26e20000, 0x64e20000, 0x0b010000, 0xbce20000, 0xc4e20000, 0x4a010000, 0xc6e20000, 0xc9e20000, 0x53010000, 0xcce20000, 0xcce20000, 
    0x57010000, 0x07e30000, 0x08e30000, 0x58010000, 0x0ae30000, 0x18e30000, 0x5a010000, 0x1ae30000, 0x38e30000, 0x69010000, 0x9de30000, 0xe0e30000, 
    0x88010000, 0xe2e30000, 0xeee30000, 0xcc010000, 0xf1e30000, 0x13e40000, 0xd9010000, 0x15e40000, 0x2ee40000, 0xfc010000, 0x30e40000, 0x3ce40000, 
    0x16020000, 0x2de50000, 0x36e50000, 0x23020000, 0x39e50000, 0x72e50000, 0x2d020000, 0xc3e50000, 0xdde50000, 0x67020000, 0x0ee60000, 0x20e60000, 
    0x82020000, 0x23e60000, 0x45e60000, 0x95020000, 0xc4e60000, 0xc5e60000, 0xb8020000, 0xdde60000, 0xdde60000, 0xba020000, 0xdfe60000, 0xdfe60000, 
    0xbb020000, 0xe1e60000, 0xe1e60000, 0xbc020000, 0xe9e70000, 0xe9e70000, 0xbd020000, 0xeee70000, 0x01e80000, 0xbe020000, 0x0be80000, 0x0ee80000, 
    0xd2020000, 0x11e80000, 0x15e80000, 0xd6020000, 0x34e80000, 0x3ae80000, 0xdb020000, 0x4de80000, 0x51e80000, 0xe2020000, 0x53e80000, 0x73e80000, 
    0xe7020000, 0x75e80000, 0xb6e80000, 0x08030000, 0xb8e80000, 0xcee80000, 0x4a030000, 0xd0e80000, 0x00e90000, 0x61030000, 0x02e90000, 0x06e90000, 
    0x92030000, 0x08e90000, 0x0fe90000, 0x97030000, 0x11e90000, 0x2be90000, 0x9f030000, 0x3beb0000, 0x4ceb0000, 0xba030000, 0xfdff1000, 0xfdff1000, 
    0xcc030000, 0x06010000, 0x00010000, 0x00000000, 0x02010000, 0x02000000, 0x00000000, 0x00000000, 0x00000000, 0x01000000, 0x00000000, 0x00000000, 
    0x00000000, 0x00000000, 0x04030000, 0x08070605, 0x0c0b0a09, 0x00000000, 0x00000000, 0x00000000, 0x00000000, 0x00000000, 0x00000000, 0x00000000, 
    0x00000000, 0x00000000, 0x0e000d00, 0x1211100f, 0x16151413, 0x1a191817, 0x1e1d1c1b, 0x2221201f, 0x26252423, 0x00000027, 0x00000000, 0x00000000, 
    0x00000000, 0x00000000, 0x00000000, 0x00000000, 0x00000000, 0x00000000, 0x00000000, 0x00000000, 0x00000000, 0x00000000, 0x00000000, 0x00000000, 
    0x00000000, 0x00000000, 0x00000000, 0x00000000, 0x00000000, 0x00000000, 0x00000000, 0x00000000, 0x00000000, 0x00000000, 0x00000000, 0x00000000, 
    0x00000000, 0x00000000, 0x00000000, 0x00000000, 0x00000000, 0x00000000, 0x00000000, 0x44011100, 0x29000000, 0x29002900, 0x39003100, 0x49004100, 
    0x59005100, 0x69006100, 0x79007100, 0x89008100, 0x99009100, 0xa900a100, 0xb900b100, 0xc900c100, 0xd900d100, 0xe900e100, 0xf900f100, 0x09010101, 
    0x19011101, 0x29012101, 0x39013101, 0x49014101, 0x6e015101, 0xad019501, 0x0c02e401, 0xa8025502, 0xea02c002, 0x0d03fc02, 0x84033303, 0xf903ca03, 
    0x60042404, 0xc5049e04, 0x3605fc04, 0xa2057105, 0xde05cb05, 0x2306fb05, 0x46062f06, 0x8e066806, 0xf006c506, 0x65072607, 0xaa078307, 0xf007cb07, 
    0x15080208, 0x5b084d08, 0xd9088c08, 0x28090709, 0x66095009, 0xb4097609, 0x090adc09, 0x730a450a, 0x0d0b9e0a, 0x210cc00b, 0x460d900c, 0xdf0da90d, 
    0x7b0e300e, 0xcc0e9a0e, 0x010fdd0e, 0x630f350f, 0xc10f870f, 0x3610ef0f, 0x9a105910, 0xdf10bc10, 0x29110711, 0x76114811, 0xef119911, 0x4d121b12, 
    0x7b126012, 0xa4129112, 0xec12c112, 0x34130613, 0xbe137113, 0x59143414, 0x9d148414, 0x1415d214, 0x75154d15, 0xbd15a315, 0x0316e015, 0x91162f16, 
    0x1b17da16, 0x98176017, 0xdd17bb17, 0x22180018, 0x7c185218, 0xda18b318, 0x59191119, 0x0d1a9319, 0x741a3a1a, 0xca1a9f1a, 0x1e1b091b, 0x5a1b461b, 
    0xa21b831b, 0xff1bcc1b, 0x571c2e1c, 0xa01c711c, 0x2b1df11c, 0x6c1d4a1d, 0x991d851d, 0x0e1eaa1d, 0x6b1e371e, 0xb51e901e, 0xde1ed11e, 0x171ff51e, 
    0x491f2b1f, 0x971f6c1f, 0x1b200a20, 0x51203320, 0x9b206d20, 0x0021ce20, 0x6e213421, 0xca219d21, 0x3222fe21, 0x92225922, 0xe422bf22, 0x36230f23, 
    0x76235623, 0xda23b623, 0x38240d24, 0x9e247124, 0xf824d124, 0x4c251c25, 0xb9258925, 0x3426f825, 0xaf266526, 0x2a27f926, 0x5d275027, 0xb6277327, 
    0x1b28fd27, 0xa9286228, 0x4e290929, 0xb5297829, 0xdb29c229, 0x122afe29, 0x3a2a2b2a, 0xac2a892a, 0x122bd62a, 0xa02b502b, 0x122cd82b, 0x9d2c372c, 
    0x3c2d182d, 0xf62da02d, 0x8f2e5e2e, 0x2a2ff42e, 0xf72f912f, 0x42301c30, 0x8f306830, 0xdd30ba30, 0x3b311631, 0x82315931, 0xc131ac31, 0x2332e831, 
    0x8c325f32, 0xc032a532, 0xff32dd32, 0x41332133, 0x84335833, 0xd233b233, 0x3e340e34, 0x96347234, 0xcc34b134, 0x0135eb34, 0x62351335, 0x9a357935, 
    0xdc35b135, 0x26361436, 0x9c367636, 0xd936c736, 0x3337f536, 0x77374537, 0xc3379837, 0x1638ed37, 0x94385a38, 0xd538be38, 0x0939eb38, 0x61392e39, 
    0xc6398c39, 0x303a0b3a, 0x843a593a, 0xf13aca3a, 0x3c3b173b, 0xbd3b653b, 0xdf3bce3b, 0xff3bef3b, 0x2a3c143c, 0x9e3c863c, 0xe43cb93c, 0x263d093d, 
    0x823d5b3d, 0xee3dcd3d, 0x433e163e, 0xb23e733e, 0x283ffd3e, 0x873f4b3f, 0xe83fa93f, 0x55403140, 0xac407e40, 0xfc40d440, 0x45411f41, 0xb1416341, 
    0x2742f041, 0x7d425042, 0xac429142, 0xd5434243, 0xa745b344, 0xd245b845, 0x1c46ec45, 0x67464346, 0xc8469a46, 0x2f47ef46, 0xa4476547, 0x2548db47, 
    0xac486348, 0x2a49dd48, 0x83495249, 0xe849ad49, 0x2d4a094a, 0x744a524a, 0xb94a954a, 0x0e4bec4a, 0x5c4b3a4b, 0x994b804b, 0xcb4bac4b, 0x174c014c, 
    0x674c494c, 0xeb4cac4c, 0x6d4d244d, 0xf54dbc4d, 0x794e324e, 0x014fc74e, 0xb04f614f, 0x30500950, 0xad506e50, 0xf250df50, 0x83512351, 0x2752e451, 
    0x67524952, 0xc2527852, 0x83532453, 0x3154e153, 0xb4547754, 0x0455dc54, 0x9d557955, 0x0b56d655, 0x5b561e56, 0xbe56ac56, 0x1c57f756, 0x75574457, 
    0xd357af57, 0x35580758, 0x9f587858, 0xd558b858, 0x1c590b59, 0x7a592d59, 0xbb599e59, 0x1f5aee59, 0x765a525a, 0xd75aa15a, 0x635b085b, 0xc95b9d5b, 
    0x375cfd5b, 0x995c705c, 0x0a5dca5c, 0x675d385d, 0xd35da35d, 0x7b5efc5d, 0x2c5ffa5e, 0xbd5f775f, 0x2060eb5f, 0x7f606660, 0xd660b560, 0x53610e61, 
    0xa7618361, 0x6c620762, 0xc8629362, 0x5d631063, 0xe1639f63, 0x49641a64, 0x9a646e64, 0x3d65f664, 0xcf658065, 0x3d660e66, 0xb0667c66, 0xf966d566, 
    0x48671767, 0xb2676a67, 0x0968ec67, 0xa0683068, 0xfc68cf68, 0x9d695269, 0x086adf69, 0x726a2c6a, 0xca6a916a, 0x346b0a6b, 0x7b6b536b, 0xcc6ba76b, 
    0x2b6c066c, 0x876c5a6c, 0xfb6cbd6c, 0x776d426d, 0xd96d9d6d, 0x166eeb6d, 0x6c6e3e6e, 0xce6e996e, 0x056ff26e, 0x9d6f686f, 0xfa6fc86f, 0x3f700b70, 
    0x99707070, 0x1671e570, 0xae716771, 0x3472ec71, 0x81726c72, 0xa4728d72, 0xc572b072, 0xfb72ea72, 0x1d730c73, 0x48733773, 0x7d735973, 0xbb73a273, 
    0x0a74e373, 0x4d743174, 0x7d746874, 0xa9749374, 0xd574be74, 0x2c75ec74, 0x8f756575, 0xe175b875, 0x59762476, 0xcd769776, 0x1d77fb76, 0x97775a77, 
    0x1878e277, 0xac785a78, 0x2479eb78, 0x74794e79, 0xc4799e79, 0x377af379, 0x9e7a727a, 0x1e7bdb7a, 0x7b7b577b, 0x087ce07b, 0x547c347c, 0xb27c857c, 
    0x297de37c, 0xa27d677d, 0x047ed67d, 0x4c7e2c7e, 0xb17e8a7e, 0x337fed7e, 0xa97f6a7f, 0xef7fd87f, 0x26800680, 0x7a805080, 0xb780a480, 0x68811281, 
    0xe581a081, 0x66822a82, 0xcc82a282, 0x3d83ff82, 0xb1837a83, 0x2c84e783, 0xc0846484, 0x0685dc84, 0x58853a85, 0xc1858485, 0x1586dc85, 0x88864786, 
    0x0187c086, 0x87874d87, 0xd187ad87, 0x1688ee87, 0x4e882d88, 0xe2887588, 0x29890389, 0x91896089, 0x0a8ab989, 0x778a3e8a, 0xfe8ac98a, 0x8e8b698b, 
    0xed8bc18b, 0x728c2d8c, 0xe58cac8c, 0x558d1d8d, 0xae8d848d, 0xe88dd18d, 0x558e078e, 0xae8e7f8e, 0xdc8ec18e, 0x318f0e8f, 0x768f4c8f, 0xb48f938f, 
    0x2590df8f, 0x56903690, 0xb9908690, 0x1c91dd90, 0x7a915891, 0xe491be91, 0x4d921892, 0xf492ab92, 0x22930b93, 0x8a935693, 0xe893ba93, 0x2194fc93, 
    0x70943694, 0xb6948e94, 0x0195e394, 0x3d951b95, 0xcc95a195, 0x3096f695, 0xad966d96, 0x1397ef96, 0x6e974197, 0xc6979997, 0x2a980098, 0xa7986d98, 
    0x48991b99, 0xb0997c99, 0x029ae499, 0x499a2c9a, 0x9f9a709a, 0xf19ac69a, 0x929b339b, 0xd89baa9b, 0x279c009c, 0xb39c519c, 0x5a9d2b9d, 0xc09d8e9d, 
    0x2e9e029e, 0xca9e6a9e, 0x549f2a9f, 0xe69fac9f, 0x59a023a0, 0xd5a099a0, 0x37a1ffa0, 0xafa16da1, 0x0ea2eba1, 0x54a230a2, 0xa7a272a2, 0xd9a2c0a2, 
    0x2ca3fda2, 0xb6a351a3, 0x24a4f6a3, 0x98a452a4, 0xf3a4c2a4, 0x6ca521a5, 0xbea5a6a5, 0xe7a5cfa5, 0x1da6fea5, 0x6ca63ca6, 0x9fa686a6, 0xe1a6b9a6, 
    0x2ba701a7, 0x6fa752a7, 0xc6a782a7, 0x45a8f2a7, 0xd2a8a4a8, 0x3da912a9, 0x82a96fa9, 0xf6a9bba9, 0x4eaa16aa, 0xb9aa7eaa, 0x0babe3aa, 0x54ab35ab, 
    0xa6ab84ab, 0xf7abc7ab, 0x02ad3bac, 0x62ad26ad, 0xdbad8bad, 0x66ae1bae, 0xbaae80ae, 0x19afebae, 0x7aaf5aaf, 0xdfafbfaf, 0x71b04eb0, 0xf3b0a6b0, 
    0x7cb132b1, 0xc8b1aeb1, 0x3fb206b2, 0xffb2b8b2, 0x70b339b3, 0xe4b3a3b3, 0x69b42bb4, 0xd7b49bb4, 0xa6b52bb5, 0x1cb6eab5, 0x6db645b6, 0x10b7dcb6, 
    0xe6b7c1b7, 0x88b839b8, 0x24b9b4b8, 0x11000200, 0x99000000, 0x03005501, 0x2e000700, 0x2f0001b1, 0x0407b23c, 0xb132ed00, 0x3cdc0506, 0x000203b2, 
    0xb10032ed, 0x3c2f0003, 0x000405b2, 0x07b232ed, 0x3cfc0106, 0x000201b2, 0x113332ed, 0x33271133, 0x88112311, 0x01666677, 0x11abfe55, 0x01003301, 
    0x00000000, 0x00000000, 0x00000000, 0x01000031, 0x00000000, 0x00000000, 0x00000000, 0x01000031, 0x00000000, 0x00000000, 0x00000000, 0x01000031, 
    0x00000000, 0x00000000, 0x00000000, 0x01000031, 0x00000000, 0x00000000, 0x00000000, 0x01000031, 0x00000000, 0x00000000, 0x00000000, 0x01000031, 
    0x00000000, 0x00000000, 0x00000000, 0x01000031, 0x00000000, 0x00000000, 0x00000000, 0x01000031, 0x00000000, 0x00000000, 0x00000000, 0x01000031, 
    0x00000000, 0x00000000, 0x00000000, 0x01000031, 0x00000000, 0x00000000, 0x00000000, 0x01000031, 0x00000000, 0x00000000, 0x00000000, 0x01000031, 
    0x00000000, 0x00000000, 0x00000000, 0x01000031, 0x00000000, 0x00000000, 0x00000000, 0x01000031, 0x00000000, 0x00000000, 0x00000000, 0x01000031, 
    0x00000000, 0x00000000, 0x00000000, 0x01000031, 0x00000000, 0x00000000, 0x00000000, 0x01000031, 0x00000000, 0x00000000, 0x00000000, 0x01000031, 
    0x00000000, 0x00000000, 0x00000000, 0x01000031, 0x00000000, 0x00000000, 0x00000000, 0x01000031, 0x00000000, 0x00000000, 0x00000000, 0x01000031, 
    0x00000000, 0x00000000, 0x00000000, 0x01000031, 0x00000000, 0x00000000, 0x00000000, 0x01000031, 0x00000000, 0x00000000, 0x00000000, 0x01000031, 
    0x00000000, 0x00000000, 0x00000000, 0x01000031, 0x00000000, 0x00000000, 0x00000000, 0x01000031, 0x00000000, 0x00000000, 0x00000000, 0x01000031, 
    0x00000000, 0x00000000, 0x00000000, 0x01000031, 0x00000000, 0x00000000, 0x00000000, 0x01000031, 0x00000000, 0x00000000, 0x00000000, 0x01000031, 
    0x00000000, 0x00000000, 0x00000000, 0x01000031, 0x00000000, 0x00000000, 0x00000000, 0x01000031, 0x00000000, 0x00000000, 0x00000000, 0x01000031, 
    0x00000000, 0x00000000, 0x00000000, 0x01000031, 0x00000000, 0x00000000, 0x00000000, 0x01000031, 0x00000000, 0x00000000, 0x00000000, 0x01000031, 
    0x00000000, 0x00000000, 0x00000000, 0x03000031, 0x2b002b00, 0xd501d501, 0x07000300, 0x00000f00, 0x15233525, 0x15233517, 0x14163202, 0x34262206, 
    0x2a2a1501, 0x7db0432a, 0xeb7db07d, 0x2b568080, 0x7d40012b, 0xb07d7db0, 0x2b000400, 0xd5012b00, 0x0700d501, 0x13000f00, 0x00001700, 0x34363236, 
    0x14062226, 0x14163212, 0x34262206, 0x23153337, 0x23153315, 0x65658cba, 0xb053658c, 0x7db07d7d, 0x2a2a2ac0, 0x8c65552a, 0x018c6565, 0x7db07d1b, 
    0x8013b07d, 0x03002b2b, 0x40001500, 0xd501eb01, 0x07000300, 0x00000a00, 0x15233525, 0x15233517, 0x01131307, 0x2a2a2a15, 0xd5ebebd6, 0x2b555656, 
    0x9501402b, 0x03006bfe, 0x15004000, 0xd501c001, 0x1f000b00, 0x00002500, 0x35233525, 0x15231523, 0x35331533, 0x21151717, 0x34353735, 0x34353736, 
    0x15163236, 0x15161615, 0x06143307, 0x55012622, 0x40402a40, 0xfe2d7e2a, 0x31402d80, 0x31141c14, 0x1954bd40, 0x2bea1922, 0x402b4040, 0x172d5140, 
    0x337c2d17, 0x0e0f0b51, 0x0f0e1414, 0xd533510b, 0x001a1a11, 0x2b000300, 0xd5012b00, 0x0700d501, 0x17000f00, 0x32120000, 0x22061416, 0x32063426, 
    0x22263436, 0x32361406, 0x22061416, 0x12f73426, 0x0c120c0c, 0x38385013, 0xb0083850, 0x7db07d7d, 0x120c1501, 0x69120c0c, 0x38385038, 0xb07dfd50, 
    0x00b07d7d, 0x40000400, 0xc0014000, 0x0700c001, 0x2a000f00, 0x00003200, 0x32363436, 0x22061416, 0x22061436, 0x32363426, 0x16323327, 0x26220614, 
    0x35373435, 0x06270717, 0x32161415, 0x26343536, 0x14231527, 0x16323634, 0x80220614, 0x0d0d120c, 0x120cf412, 0x89120d0d, 0x70705015, 0x914d70a0, 
    0x5721741e, 0x364a577c, 0x0c120c2a, 0x12f7120c, 0x0c120c0c, 0x0c0c121e, 0x70ab0c12, 0x507070a0, 0x91013960, 0x3529731e, 0x3e57573e, 0x29085438, 
    0x0d0d12df, 0x03000c12, 0x55004000, 0xab01c001, 0x2f001700, 0x00003f00, 0x26343501, 0x06222323, 0x16141515, 0x36323333, 0x15233535, 0x15333523, 
    0x26343523, 0x06222323, 0x16141515, 0x36323333, 0x15233535, 0x15333523, 0x15163237, 0x23061411, 0x35262221, 0x33363411, 0x090c8001, 0x0d0d0940, 
    0x0c094009, 0x752b2b20, 0x0940090d, 0x40090c0c, 0x2b200d09, 0x1a11ca2b, 0xd6fe111a, 0x12191912, 0x09161501, 0x56090c0c, 0x090c0c09, 0x0b400b16, 
    0x0c0c0916, 0x0c095609, 0x0b16090c, 0x1a960b40, 0x1100ff11, 0x01111a1a, 0x001a1100, 0x55000300, 0xab015500, 0x0300ab01, 0x0b000700, 0x33010000, 
    0x35212315, 0x11331533, 0x55011133, 0x00ff5656, 0x01562a56, 0xababeb40, 0xaafe5601, 0x40000200, 0xc0014000, 0x0b00c001, 0x00001b00, 0x15233501, 
    0x35233533, 0x35233533, 0x15163237, 0x23061411, 0x35262221, 0x33363411, 0x80804001, 0xaa555555, 0x111a1a11, 0x1a11d6fe, 0x4001111a, 0x2b2bd62b, 
    0x1a802b2a, 0x11d6fe11, 0x01111a1a, 0x001a112a, 0x55000200, 0xcb018000, 0x02008001, 0x00000500, 0x23071701, 0x15011711, 0xb6c0b6b6, 0x80808001, 
    0x00800001, 0x35000200, 0xab018000, 0x02008001, 0x00000500, 0x23113713, 0xb6f53727, 0x01b6b6c0, 0x00ff8000, 0x04008080, 0x2b002b00, 0xd501d501, 
    0x09000400, 0x13000e00, 0x33010000, 0x07272315, 0x23151737, 0x23071703, 0x27072535, 0x60013335, 0x60407575, 0x20804040, 0x01754040, 0x80404015, 
    0x40804001, 0x75404060, 0x40401501, 0x40402080, 0x03000075, 0x2b004000, 0xe601c001, 0x0f000700, 0x00003500, 0x32363412, 0x22061416, 0x17140627, 
    0x37342607, 0x35363213, 0x23061433, 0x27262722, 0x27262726, 0x36343526, 0x23151632, 0x06222634, 0x16171415, 0x16171617, 0x20f51617, 0x2c1f1f2c, 
    0x1e383872, 0x11e64545, 0x23322b19, 0x12290f14, 0x14291d07, 0x567e5717, 0x3e5a3d2b, 0x28240e11, 0x08170d0b, 0x1f2c2a01, 0xbd1f2c1f, 0x1e38a038, 
    0xfe45c245, 0x23111a6f, 0x37150732, 0x251e1616, 0x563f2a29, 0x3e2d3f56, 0x1f202d3e, 0x221e1b1b, 0x00040c26, 0x40000400, 0xc0015500, 0x0300ab01, 
    0x23001700, 0x00003300, 0x15333525, 0x26343517, 0x06222323, 0x16141515, 0x33153333, 0x36323335, 0x15233507, 0x15233523, 0x15333533, 0x15163237, 
    0x23061411, 0x35262221, 0x33363411, 0x202b3501, 0x0940090c, 0x10090d0d, 0x0c091020, 0x202b2095, 0x11ca2b20, 0xfe111a1a, 0x191912d6, 0x4040e012, 
    0x0c09560b, 0x0956090c, 0x0c20200c, 0x3535800c, 0xeb2b2b80, 0x00ff111a, 0x111a1a11, 0x1a110001, 0x55000200, 0xab011500, 0x0e00eb01, 0x00001d00, 
    0x07173525, 0x35262235, 0x06173734, 0x13161415, 0x14151632, 0x35362707, 0x15232634, 0x00013727, 0x65465555, 0x4b0f1f1b, 0x1b654635, 0x354b0f1f, 
    0x40805555, 0x65405655, 0x1f293246, 0x4b35211b, 0x46652b01, 0x1b1f2932, 0x404b3521, 0x02005655, 0x40006b00, 0xd5019501, 0x1b000f00, 0x33010000, 
    0x15070614, 0x26263523, 0x16143335, 0x22063632, 0x34353526, 0x15163236, 0x71011415, 0x2a354b24, 0x43244b35, 0x3457435c, 0x26342626, 0x51361501, 
    0x08464608, 0x3d2f3651, 0x1a26113d, 0x26261a80, 0x001a801a, 0x6b000300, 0x95014000, 0x0f00d501, 0x28001c00, 0x33010000, 0x15070614, 0x26263523, 
    0x16143335, 0x15273632, 0x32331614, 0x34373536, 0x16062226, 0x35352622, 0x16323634, 0x01141515, 0x354b2471, 0x244b352a, 0x8b435c43, 0x0f0a0b0f, 
    0x10141001, 0x26263434, 0x15012634, 0x46085136, 0x36510846, 0xb13d3d2f, 0x0e0f0a84, 0x0f0b840b, 0x1a26cd0f, 0x26261a80, 0x001a801a, 0x40000300, 
    0xc0014000, 0x1900d501, 0x27002100, 0x01130000, 0x07062707, 0x26352315, 0x14333526, 0x37323316, 0x22230627, 0x27353526, 0x34352705, 0x15163236, 
    0x27071417, 0x015b3536, 0x16591b65, 0x4b352a21, 0x192e4324, 0x06082318, 0x0180261a, 0x34268000, 0x1a135526, 0xfec00109, 0x0e591b9b, 0x08464605, 
    0x3d2f3651, 0x2602230b, 0x9380101a, 0x261a047f, 0x25801a26, 0x17141b21, 0x2b000100, 0xd5015500, 0x1800ab01, 0x33010000, 0x23061411, 0x35262221, 
    0x33363411, 0x27331733, 0x27331733, 0x01331733, 0x11195580, 0x1911aafe, 0x2a161119, 0x2b2a2a40, 0x2b2b2b40, 0xfeab0140, 0x1a1a11d5, 0x11000111, 
    0x5656561a, 0x03005656, 0x2b002b00, 0xd501d501, 0x1b000b00, 0x00002400, 0x35233501, 0x15231523, 0x35331533, 0x15163237, 0x23061411, 0x35262221, 
    0x33363411, 0x15211107, 0x35262221, 0x55950111, 0x2b55552b, 0x1919116b, 0x1100ff11, 0x56111a1a, 0xd5fe2b01, 0x15011911, 0x2b55552b, 0x19c05555, 
    0x1100ff11, 0x01111a1a, 0x55191100, 0x192ad5fe, 0x002b0111, 0x2b000500, 0xd5012b00, 0x0300d501, 0x0b000700, 0x24001b00, 0x35010000, 0x35171523, 
    0x35371523, 0x32371523, 0x14111516, 0x22212306, 0x34113526, 0x11073336, 0x22211521, 0x01113526, 0x8080d595, 0x11ebd5d5, 0xff111919, 0x1a1a1100, 
    0x2b015611, 0x1911d5fe, 0x2a2a6b01, 0x552b2bab, 0x19c02b2b, 0x1100ff11, 0x01111a1a, 0x55191100, 0x192ad5fe, 0x002b0111, 0x2b000300, 0xd5012b00, 
    0x0800d501, 0x26001600, 0x11130000, 0x22211521, 0x05113526, 0x26152335, 0x14062223, 0x35363216, 0x16323735, 0x06141115, 0x26222123, 0x36341135, 
    0x2b015533, 0x1911d5fe, 0x0e555501, 0x20201612, 0x116b1f2c, 0xff111919, 0x1a1a1100, 0xfe800111, 0x11192ad5, 0x2a152b01, 0x2c200b75, 0x76161f1f, 
    0xff11196a, 0x1a1a1100, 0x11000111, 0x03000019, 0x21001500, 0xdf01eb01, 0x07000300, 0x00001b00, 0x15233525, 0x15233517, 0x07170725, 0x27072707, 
    0x37273727, 0x17373727, 0x07171737, 0x2a2a1501, 0x3400012a, 0x49284d07, 0x074d2849, 0x4d073434, 0x28494928, 0x80eb074d, 0x2b2b5680, 0x114f3b6b, 
    0x431f1f44, 0x3c3b4f12, 0x1f44114e, 0x4f11441f, 0x2b000300, 0xd5012b00, 0x0700d501, 0x17000f00, 0x36250000, 0x23263435, 0x32130722, 0x15062737, 
    0x32021614, 0x22061416, 0x87013426, 0x3c466524, 0x2d3c692d, 0x126524f0, 0xb07d7db0, 0x3c2d977d, 0xfe246546, 0x2df024ce, 0x0165463c, 0x7db07d80, 
    0x0200b07d, 0x6b008000, 0x95018001, 0x07000300, 0x33010000, 0x11232311, 0x2b011133, 0x55ab5555, 0xd6fe9501, 0xd6fe2a01, 0x2b000300, 0xd5012b00, 
    0x0300d501, 0x0f000700, 0x35250000, 0x35231523, 0x32021523, 0x22061416, 0x40013426, 0x182b2a2b, 0xb07d7db0, 0xaaaaab7d, 0x2a01aaaa, 0x7d7db07d, 
    0x040000b0, 0x2b002b00, 0xd501d501, 0x0b000300, 0x17001300, 0x35250000, 0x32061533, 0x22263436, 0x32121406, 0x22061416, 0x35173426, 0x15011533, 
    0x658c862b, 0x53658c65, 0xb07d7db0, 0xab2b957d, 0x6556aaaa, 0x8c65658c, 0xb07d1b01, 0xadb07d7d, 0x0100aaaa, 0x6b00ab00, 0x95019501, 0x00000200, 
    0xab071713, 0x9501eaea, 0x02009595, 0x2b002b00, 0xd501d501, 0x0a000200, 0x37370000, 0x16322627, 0x26220614, 0x8080d534, 0x7d7db02d, 0x60a07db0, 
    0xb07d7560, 0x00b07d7d, 0x2b000300, 0xd5012b00, 0x0700d501, 0x12000f00, 0x32360000, 0x22263436, 0x32121406, 0x22061416, 0x35173426, 0x658cba17, 
    0x53658c65, 0xb07d7db0, 0x5580aa7d, 0x65658c65, 0x7d1b018c, 0xb07d7db0, 0x0060c0b8, 0x2b000400, 0xd5015500, 0x03008001, 0x13000f00, 0x00001700, 
    0x15333537, 0x23153337, 0x23352315, 0x33353335, 0x35211527, 0x35211505, 0x55abaa2b, 0x55552b55, 0x00ff552b, 0x00ff0001, 0x2a2a2aab, 0x2a56562a, 
    0x2b2b5556, 0x002b2b55, 0x2b000300, 0xd5012b00, 0x0b00d501, 0x24001b00, 0x35010000, 0x15233523, 0x15331523, 0x32373533, 0x14111516, 0x22212306, 
    0x34113526, 0x11073336, 0x22211521, 0x01113526, 0x552b5595, 0x116b2b55, 0xff111919, 0x1a1a1100, 0x2b015611, 0x1911d5fe, 0x552b1501, 0x55552b55, 
    0xff1119c0, 0x1a1a1100, 0x11000111, 0xd5fe5519, 0x0111192a, 0x0400002b, 0x55004000, 0x8001d501, 0x11000d00, 0x19001500, 0x33010000, 0x14152315, 
    0x34262206, 0x17323336, 0x15333505, 0x35211537, 0x35211525, 0x406a6b01, 0x26263426, 0xfe0e081a, 0xff55abd5, 0xff000100, 0x2b800100, 0x26261ac0, 
    0x26042634, 0x2b802a2a, 0x2b2b552b, 0x2b000300, 0xd5012b00, 0x0700eb01, 0x21000f00, 0x35010000, 0x35211521, 0x32041533, 0x22263436, 0x25031406, 
    0x32330717, 0x14111516, 0x22212306, 0x34113526, 0xaafeab01, 0xfe2b0001, 0x262634fb, 0x01102634, 0xfab00e0e, 0x12181812, 0x1812aafe, 0x55550001, 
    0x26ab2b2b, 0x34262634, 0x246e0201, 0xff121947, 0x19191100, 0x1e000111, 0x15000500, 0xeb016b00, 0x07009501, 0x1f000f00, 0x27002300, 0x35250000, 
    0x06222634, 0x22361515, 0x32161406, 0x32373436, 0x14111516, 0x22212306, 0x34113526, 0x11013336, 0x33131133, 0x0b012311, 0x73423c42, 0x261d1d26, 
    0x0c09501d, 0x00ff090c, 0x090d0d09, 0x2b2a4001, 0x10952b2b, 0x161a1a16, 0x261dc610, 0x57261d1d, 0x00ff090c, 0x090c0c09, 0x0c090001, 0x2a01d6fe, 
    0x2a01d6fe, 0x0200d6fe, 0x2b004000, 0xd501c001, 0x11000800, 0x35250000, 0x15211533, 0x35153727, 0x21352315, 0x35071735, 0xff2a6b01, 0x2a555500, 
    0x55550001, 0x40805695, 0xd6405555, 0x55408056, 0x03004055, 0x2b004000, 0xd501c001, 0x0f000600, 0x00001800, 0x23352325, 0x17333735, 0x21153335, 
    0x15372715, 0x35231535, 0x07173521, 0x20150135, 0x56152b20, 0x5500ff2a, 0x00012a55, 0x55c05555, 0x56ab1516, 0x55554080, 0x8056d640, 0x40555540, 
    0x55000100, 0xab014000, 0x1300eb01, 0x32010000, 0x06141516, 0x33352622, 0x36321614, 0x15232634, 0x00013727, 0x8c656447, 0x6a4b2b65, 0x6b354b4b, 
    0x6495016b, 0x64644746, 0x4b4b3547, 0x6b564b6a, 0x0300006b, 0x55005500, 0xab01ab01, 0x0d000600, 0x00001100, 0x15371725, 0x37273723, 0x01271533, 
    0x07070127, 0x3c013727, 0x2c762c43, 0x2c761743, 0x011ef4fe, 0x6f1e7f0c, 0x2c43e21e, 0xe7432c76, 0xf4fe2c76, 0x430c011e, 0x001e6f1e, 0x80000200, 
    0x80018000, 0x03008001, 0x00000600, 0x23113301, 0x01171123, 0xd52b2b55, 0xff8001b5, 0x80000100, 0x80000200, 0x80018000, 0x02008001, 0x00000600, 
    0x01113713, 0xcb231133, 0x2b00ffb5, 0x8000012b, 0x000100ff, 0x050000ff, 0x2b002b00, 0xd801d501, 0x11000900, 0x1d001900, 0x00002100, 0x15333513, 
    0x23153307, 0x32063735, 0x22263436, 0x32361406, 0x22061416, 0x07253426, 0x07073727, 0x80c03727, 0x4d804d4d, 0x57577c4b, 0xa045577c, 0x70a07070, 
    0x621b9501, 0x1b62cb1b, 0x2b150162, 0x272b5a26, 0x7c58c059, 0xfe7c5757, 0x71719e71, 0x53214c9e, 0x20522020, 0x01000052, 0x80008000, 0x80018001, 
    0x00000300, 0x21112113, 0xff000180, 0xff800100, 0x05000000, 0x55002b00, 0xab01d501, 0x07000300, 0x0f000b00, 0x00001f00, 0x15233525, 0x15233517, 
    0x15233523, 0x35331535, 0x15163225, 0x23061411, 0x35262221, 0x33363411, 0xd6d6ab01, 0x56d62a56, 0x19110001, 0xaafe1119, 0x11191911, 0x552b2bd5, 
    0x2b2b2b2b, 0xab2b2b80, 0x00ff111a, 0x111a1a11, 0x1a110001, 0x2b000500, 0xd5015500, 0x0700ab01, 0x18001000, 0x31002100, 0x32120000, 0x22061416, 
    0x36173426, 0x16072734, 0x26071415, 0x26343632, 0x07140622, 0x37343526, 0x17140627, 0x15163201, 0x23061411, 0x35262221, 0x33363411, 0x1a1a22ef, 
    0x32a41a22, 0x25261f32, 0x3232467e, 0x26053246, 0x32321e25, 0x19112401, 0xaafe1119, 0x11191911, 0x221a2b01, 0x8a221a1a, 0x1f328e32, 0x25363426, 
    0x32463206, 0x26374632, 0x1e253634, 0x01328e32, 0xff111a24, 0x1a1a1100, 0x11000111, 0x0300001a, 0x2b002b00, 0xd501d501, 0x12000200, 0x00001b00, 
    0x37273725, 0x11151632, 0x21230614, 0x11352622, 0x07333634, 0x21152111, 0x11352622, 0x80800001, 0x191911ab, 0x1100ff11, 0x56111a1a, 0xd5fe2b01, 
    0x60cb1911, 0x11194a60, 0x1a1100ff, 0x0001111a, 0xfe551911, 0x11192ad5, 0x01002b01, 0x80004000, 0x8001c001, 0x00001300, 0x27153701, 0x23061415, 
    0x35262221, 0x33363435, 0x15163221, 0x55556b01, 0x00ff090d, 0x090c0c09, 0x0d090001, 0xea552001, 0x0c094b55, 0x09d6090c, 0x00090c0c, 0x2b000200, 
    0xc0014000, 0x0f00d501, 0x00001700, 0x27070113, 0x22212306, 0x34353526, 0x27333336, 0x33271505, 0x15151632, 0x1b7a0146, 0xff060644, 0x0c0c0900, 
    0x013a1009, 0x0984ef95, 0xfed5010d, 0x04441b86, 0x09d6090c, 0xe4453a0c, 0x4b090cef, 0x6b000200, 0x8b015500, 0x0500ab01, 0x00000900, 0x11373313, 
    0x14242327, 0x556b3507, 0x01556b6b, 0x40013620, 0x6baafe6b, 0xac1b767b, 0x95000100, 0x55015500, 0x0500ab01, 0x33130000, 0x23271137, 0x6a6a5695, 
    0x6b400156, 0x006baafe, 0x40000400, 0xc0014000, 0x0200c001, 0x1e001200, 0x00002400, 0x27271501, 0x06270701, 0x37363507, 0x23271527, 0x05273335, 
    0x35272634, 0x14151616, 0x27362707, 0x35270714, 0x2d000116, 0x1b650178, 0x1929252c, 0x556b5b17, 0x55016565, 0x54412f3b, 0x350b2016, 0x01353401, 
    0x422d5aab, 0x2c1b9bfe, 0x072c0a1d, 0x6b905b12, 0x33a56580, 0x0e2c0e4e, 0x29304469, 0x091d1b21, 0x1a2f3404, 0x40000300, 0xc0014500, 0x0b00bb01, 
    0x15000f00, 0x16010000, 0x07061416, 0x34363635, 0x14162726, 0x33073507, 0x23271137, 0x54412b01, 0x3b2f4154, 0x35352f3b, 0x6b6b55eb, 0x0ebb0155, 
    0x0e698869, 0x664e0e2c, 0x78530e4e, 0x6b16ac1a, 0x006baafe, 0x2b000400, 0xd5015500, 0x0300ab01, 0x0b000700, 0x00001b00, 0x15233525, 0x15233527, 
    0x15233517, 0x15163201, 0x23061411, 0x35262221, 0x33363411, 0x1556ab01, 0x01ebebeb, 0x19191156, 0x11aafe11, 0x80111919, 0x556bc0c0, 0x55556b55, 
    0x111a2b01, 0x1a1100ff, 0x0001111a, 0x04001a11, 0x40004000, 0xc001c001, 0x0d000300, 0x29001900, 0x35250000, 0x15271533, 0x35363233, 0x23263435, 
    0x15233507, 0x15233523, 0x15333533, 0x15163213, 0x23061411, 0x35262221, 0x33363411, 0x4b2b3501, 0x0c0c0956, 0x2b208009, 0xca2b2020, 0x111a1a11, 
    0x1912d6fe, 0x40e01219, 0x0c806040, 0x0c095609, 0x35358080, 0x012b2b80, 0xfe111a00, 0x1a1a11d6, 0x112a0111, 0x0500001a, 0x31002200, 0xcf01d201, 
    0x0c000900, 0x17001400, 0x00001a00, 0x23153325, 0x35233735, 0x33051533, 0x17332727, 0x07232723, 0x07331723, 0x01372313, 0x7eb68250, 0x9cfeb17d, 
    0x23112a53, 0x6d142760, 0x63b92714, 0x32653332, 0xb71b22a8, 0x6f821b22, 0x3434f42e, 0x6c013223, 0x02000032, 0x2b001500, 0xc001eb01, 0x1a001700, 
    0x32010000, 0x14111516, 0x35232306, 0x11211133, 0x22231533, 0x34113526, 0x37133336, 0x11c00117, 0x55111a1a, 0x5580fe55, 0x1a1a1155, 0x80804011, 
    0x111ac001, 0x191100ff, 0xff00012a, 0x11192a00, 0x1a110001, 0x80806bfe, 0x55000400, 0xab014000, 0x1300eb01, 0x3b003400, 0x00004f00, 0x32331425, 
    0x35363737, 0x26342635, 0x07072223, 0x16151506, 0x07071437, 0x06222306, 0x26272223, 0x35262726, 0x37373435, 0x36323336, 0x1e173233, 0x15161702, 
    0x07352307, 0x07333735, 0x35333634, 0x22350717, 0x32161406, 0x14333536, 0x01262206, 0x02050a1a, 0x09020204, 0x04030302, 0x02280303, 0x02040706, 
    0x04090209, 0x09020602, 0x04060702, 0x09020902, 0x04070204, 0x14590204, 0x94032615, 0x6b6b4764, 0x684c4c34, 0x8c652b4c, 0x0207bc65, 0x2b020405, 
    0x03050404, 0x2b020404, 0x040d1304, 0x0202060d, 0x05010401, 0x040d0f19, 0x0202060d, 0x0c020401, 0x46350b06, 0x1b0c0f06, 0x6b566446, 0x6a4b566b, 
    0x47354b4b, 0x04006464, 0x40005500, 0xeb01ab01, 0x27001300, 0x89004700, 0x34370000, 0x17353336, 0x06223507, 0x36321614, 0x06143335, 0x14372622, 
    0x37373233, 0x26353536, 0x22232634, 0x15060707, 0x14371615, 0x23060707, 0x22230622, 0x26272627, 0x37343535, 0x32333637, 0x17323336, 0x1617021e, 
    0x35322315, 0x23342635, 0x15220623, 0x36342315, 0x33363233, 0x15161732, 0x14150615, 0x16072223, 0x14151617, 0x07060607, 0x06222306, 0x26272223, 
    0x35262726, 0x14161533, 0x32363333, 0x34263535, 0x55352323, 0x6b6b4764, 0x684c4c34, 0x8c652b4c, 0x050ac765, 0x02020402, 0x03030209, 0x2a020204, 
    0x04070602, 0x07020902, 0x03040210, 0x04070603, 0x09020802, 0x04070204, 0x0f710204, 0x020b0402, 0x070b1604, 0x0c010801, 0x0402080c, 0x02090502, 
    0x04010204, 0x02070401, 0x02080209, 0x09020801, 0x0b040212, 0x04020402, 0x6446eb0d, 0x566b6b56, 0x4b4b6a4b, 0x64644735, 0x05020718, 0x042b0204, 
    0x04030504, 0x042b0204, 0x0d040d13, 0x01080206, 0x0f08090c, 0x060d060b, 0x04010202, 0x0b060c02, 0x0402040d, 0x08040402, 0x0406020f, 0x0204070f, 
    0x03050504, 0x02090508, 0x04010601, 0x02010202, 0x04100501, 0x04020402, 0x0f04020b, 0x55000200, 0xab014000, 0x3200eb01, 0x00004600, 0x07150637, 
    0x15333723, 0x35320723, 0x33353634, 0x16173233, 0x15161716, 0x06060714, 0x22230607, 0x27262627, 0x14333526, 0x37373233, 0x27353536, 0x27232627, 
    0x35333634, 0x22350717, 0x32161406, 0x14333536, 0xfa262206, 0x050d0207, 0x02022533, 0x08040403, 0x01060103, 0x04010209, 0x090f0802, 0x02070102, 
    0x040d1109, 0x02020502, 0xa9020405, 0x6b6b4764, 0x684c4c34, 0x8c652b4c, 0x0103de65, 0x130f2f03, 0x01010102, 0x01040103, 0x02090e09, 0x08020801, 
    0x01020102, 0x020a0e05, 0x0d020404, 0x0d020504, 0x6b566446, 0x6a4b566b, 0x47354b4b, 0x04006464, 0x40005500, 0xeb01ab01, 0x34001300, 0x4f003b00, 
    0x14250000, 0x37373233, 0x26353536, 0x22232634, 0x15060707, 0x14371615, 0x23060707, 0x22230622, 0x27262627, 0x34353526, 0x33363737, 0x32333632, 
    0x17021e17, 0x23071516, 0x37350735, 0x16323733, 0x22061415, 0x14333526, 0x34363216, 0x27152326, 0x0a1a0137, 0x02040205, 0x03020902, 0x03030403, 
    0x0706022a, 0x02090204, 0x06020409, 0x07020902, 0x09020406, 0x02040902, 0x02040407, 0x2615145b, 0x64471703, 0x2b658c65, 0x4c4c684c, 0xbc6b6b34, 
    0x04050207, 0x04042b02, 0x04040305, 0x13042b02, 0x060d040d, 0x04010202, 0x0f190501, 0x060d040d, 0x04010202, 0x0b060c02, 0x0f064635, 0x46648f0c, 
    0x47646447, 0x6a4b4b35, 0x6b6b564b, 0x55000400, 0xab014000, 0x1500eb01, 0x77003500, 0x00008b00, 0x32331425, 0x35363737, 0x35263435, 0x22232634, 
    0x15060707, 0x14371615, 0x23060707, 0x22230622, 0x26272627, 0x37343535, 0x32333637, 0x17323336, 0x1617021e, 0x35322315, 0x23342635, 0x15220623, 
    0x36342315, 0x33363233, 0x15161732, 0x14150615, 0x16072223, 0x14151617, 0x07060607, 0x06222306, 0x26272223, 0x35262726, 0x14161533, 0x32363333, 
    0x34263535, 0x37352323, 0x14151632, 0x35262206, 0x32161433, 0x23263436, 0x01372715, 0x02040b1e, 0x08020204, 0x04030402, 0x02280202, 0x02040706, 
    0x10070209, 0x03030402, 0x02040706, 0x04090208, 0x04040702, 0x020f7102, 0x04020b04, 0x01070b16, 0x0c0c0108, 0x02040208, 0x04020905, 0x01040102, 
    0x09020704, 0x01020802, 0x12090208, 0x020b0402, 0x0d040204, 0x65644733, 0x4c2b658c, 0x344c4c68, 0x07bc6b6b, 0x02040502, 0x0104012b, 0x04030502, 
    0x042b0204, 0x0d040d13, 0x01080206, 0x0f08090c, 0x060d060b, 0x04010202, 0x0b060c02, 0x0402040d, 0x08040402, 0x0406020f, 0x0204070f, 0x03050504, 
    0x02090508, 0x04010601, 0x02010202, 0x04100501, 0x04020402, 0x0f04020b, 0x474664b5, 0x35476464, 0x4b6a4b4b, 0x006b6b56, 0x55000200, 0xab014000, 
    0x3400eb01, 0x00004800, 0x07150637, 0x15333723, 0x35320723, 0x33353634, 0x16173233, 0x15161716, 0x030e0714, 0x22230607, 0x27262627, 0x14333526, 
    0x37373233, 0x27353536, 0x35232627, 0x14151632, 0x35262206, 0x32161433, 0x23263436, 0xfc372715, 0x050f0207, 0x02022533, 0x08040403, 0x01060103, 
    0x04010209, 0x02010504, 0x0102090b, 0x11090207, 0x0502040d, 0x04050202, 0x65644702, 0x4c2b658c, 0x344c4c68, 0x03de6b6b, 0x0f2f0301, 0x01010213, 
    0x04010301, 0x090e0901, 0x04080102, 0x02020103, 0x05010201, 0x04020a0e, 0x040d0204, 0x64b70205, 0x64644746, 0x4b4b3547, 0x6b564b6a, 0x0300006b, 
    0x40001500, 0xc001eb01, 0x0f000b00, 0x00002300, 0x15231501, 0x35233523, 0x15333533, 0x11211117, 0x15163201, 0x23061403, 0x35231523, 0x35262223, 
    0x33363411, 0x2a405501, 0xab2a4040, 0x800180fe, 0x19011a11, 0x6baa6b11, 0x12191912, 0x402b2b01, 0x40402b40, 0xff000196, 0x192b0100, 0x1100ff12, 
    0x192b2b19, 0x12000111, 0x06000019, 0x40001500, 0xc001eb01, 0x14000d00, 0x2e001e00, 0x36003200, 0x35010000, 0x23232634, 0x33353315, 0x36273317, 
    0x07233707, 0x27172327, 0x23263435, 0x32331523, 0x16322536, 0x06141115, 0x26222123, 0x36341135, 0x15331733, 0x15332523, 0x12c00123, 0x19204b0e, 
    0x13132012, 0x162026b3, 0x42252015, 0x4b4b0d13, 0x1501130d, 0x12191912, 0x191280fe, 0x2b201219, 0x2b15012b, 0x150b012b, 0x2b80120e, 0x36092d2b, 
    0x80494980, 0x120e4020, 0x19ee1280, 0x11d6fe12, 0x01111a1a, 0xa019122a, 0x00154040, 0x2b000400, 0xd5015500, 0x1100ab01, 0x27001d00, 0x00003700, 
    0x15233525, 0x15233523, 0x15233523, 0x33331614, 0x35273632, 0x35331523, 0x35333523, 0x35073523, 0x23271523, 0x17353315, 0x15163225, 0x23061411, 
    0x35262221, 0x33363411, 0x181ab501, 0x0d1b181b, 0x0c095509, 0x35555595, 0x1a363535, 0x371a1a36, 0x18120f01, 0xaafe1218, 0x12181812, 0x4b606bd5, 
    0x096b604b, 0x1b590c0c, 0x1b171b80, 0x4b806518, 0x4b4b804b, 0xff1219eb, 0x19191200, 0x12000112, 0x04000019, 0x6b002b00, 0x9501d501, 0x06000200, 
    0x0e000a00, 0x17250000, 0x21352507, 0x21153715, 0x21150535, 0x6a6b0135, 0x01c0fe6a, 0x96fe5515, 0x96fe6a01, 0x554040eb, 0x2ad52b2b, 0x2b2b552a, 
    0x2b000500, 0xd5019500, 0x04006b01, 0x18001400, 0x20001c00, 0x27370000, 0x37072707, 0x23061415, 0x35262223, 0x33363435, 0x17163233, 0x35153335, 
    0x17352315, 0xe0333523, 0x251b2530, 0x80111ab5, 0x11191911, 0x2b1a1180, 0xaaaaaaaa, 0x3040c0aa, 0x80803020, 0x111a1a11, 0x1a1a1180, 0xd62b2bbc, 
    0x2a802b2b, 0x55000100, 0xab015500, 0x0700ab01, 0x34360000, 0x14163236, 0x65552206, 0x8c65658c, 0x65658cba, 0x0200658c, 0x55001500, 0xab01eb01, 
    0x13000b00, 0x16010000, 0x07061416, 0x34363635, 0x34042726, 0x14163236, 0x6b012206, 0x38484838, 0x262f2f26, 0x8c65aafe, 0x018c6565, 0x765c0ea5, 
    0x0d2c0e5c, 0x0d425442, 0x65658cbf, 0x0300658c, 0x40001500, 0xc001eb01, 0x11000d00, 0x00002100, 0x33363436, 0x33351732, 0x14152315, 0x11172206, 
    0x32011121, 0x14111516, 0x22212306, 0x34113526, 0x26ab3336, 0x6b0e071a, 0xef342640, 0x800180fe, 0x111a1a11, 0x1a1180fe, 0x34a6111a, 0x2b840426, 
    0x15251a96, 0xd6fe2a01, 0x111a5501, 0x1a11d6fe, 0x2a01111a, 0x04001a11, 0x2b002b00, 0xd501d501, 0x12000200, 0x1a001600, 0x27250000, 0x14152515, 
    0x22212306, 0x34353526, 0x32213336, 0x21152716, 0x35210535, 0x80550121, 0x11190001, 0x1911aafe, 0x56011119, 0xff551911, 0xfe2b0100, 0xab5601aa, 
    0xab9b8b45, 0x11191911, 0x1a1a11ab, 0x802a2ac4, 0x0400002b, 0x55002b00, 0x8001eb01, 0x09000500, 0x11000d00, 0x17010000, 0x17372707, 0x15333525, 
    0x35211537, 0x35211505, 0x9520cb01, 0xfe412061, 0xff56aad5, 0xff000100, 0x200b0100, 0x40206096, 0xd52a2a16, 0x2b552b2b, 0x0300002b, 0x20001500, 
    0xc0010002, 0x11000500, 0x00002800, 0x37270725, 0x33273727, 0x23152315, 0x33352335, 0x32373335, 0x23151516, 0x21112135, 0x23152315, 0x26222335, 
    0x36341135, 0x60000233, 0x20404020, 0x2a40408b, 0xab2a4040, 0xfe2b1a11, 0x2b400180, 0x19126baa, 0x60801219, 0x20404020, 0x40402b4b, 0x1955402b, 
    0xffaaaa12, 0x2b2b2a00, 0x00011119, 0x03001912, 0x40001500, 0xc001eb01, 0x07000300, 0x00001b00, 0x35231501, 0x11211105, 0x15163201, 0x23061403, 
    0x35231523, 0x35262223, 0x33363411, 0x01aa5501, 0x0180fe15, 0x011a1180, 0xaa6b1119, 0x1919126b, 0x2b2b0112, 0x0001962b, 0x2b0100ff, 0x00ff1219, 
    0x2b2b1911, 0x00011119, 0x06001912, 0x2c002c00, 0xd401d501, 0x11000b00, 0x1d001700, 0x27002300, 0x14000000, 0x36350706, 0x27263436, 0x37031635, 
    0x26151716, 0x07171627, 0x06372726, 0x37362307, 0x27070637, 0x17173736, 0xd5010706, 0x563f516e, 0xee513f56, 0x3f2f251e, 0x1e1c0655, 0x1c4d0629, 
    0x29062b06, 0x1e252f90, 0x3f2b3f33, 0x5201413f, 0x2b087aa4, 0x61806108, 0xfe082b08, 0x061c1e8f, 0x2fb9062b, 0x3f331f24, 0x3f2f257e, 0x1c062233, 
    0xa506291e, 0x00312f2f, 0x40000200, 0xc0015500, 0x0300ab01, 0x00001300, 0x15213525, 0x15163201, 0x23061411, 0x35262221, 0x33363411, 0xd6fe9501, 
    0x19122a01, 0xd6fe111a, 0x12191912, 0x01d5d580, 0xff111a2b, 0x1a1a1100, 0x11000111, 0x0500001a, 0x55002b00, 0xab01d501, 0x0d000900, 0x29001900, 
    0x00002d00, 0x15233525, 0x33152327, 0x35231735, 0x35271523, 0x23232634, 0x33353315, 0x32373632, 0x14111516, 0x22212306, 0x34113526, 0x33173336, 
    0xab012315, 0x1b1b351b, 0x2b208636, 0x204b0e12, 0xeb120e2b, 0x12181812, 0x1812aafe, 0x2b201218, 0x4b80c02b, 0x4b4b804b, 0x154b8080, 0x2b80120e, 
    0x1219ad13, 0x191200ff, 0x00011219, 0x158b1912, 0x15000200, 0xeb014000, 0x0300c001, 0x00001300, 0x15233525, 0x15163213, 0x23061411, 0x35262221, 
    0x33363411, 0xc0c0c001, 0x111a1a11, 0x1a1180fe, 0x806b111a, 0x1a550180, 0x11d6fe11, 0x01111a1a, 0x001a112a, 0x15000200, 0xeb014000, 0x0300c001, 
    0x00001300, 0x15213525, 0x15163201, 0x23061411, 0x35262221, 0x33363411, 0x80fec001, 0x1a118001, 0x80fe111a, 0x111a1a11, 0x0140406b, 0xfe111a55, 
    0x1a1a11d6, 0x112a0111, 0x0300001a, 0x40001500, 0xc001eb01, 0x07000300, 0x00001700, 0x15233501, 0x15233517, 0x15163225, 0x23061411, 0x35262221, 
    0x33363411, 0xc0c00001, 0x118001c0, 0xfe111a1a, 0x1a1a1180, 0x2a6b0111, 0x2b2b562a, 0xfe111aab, 0x1a1a11d6, 0x112a0111, 0x0200001a, 0x40001500, 
    0xc001eb01, 0x13000300, 0x35010000, 0x32251523, 0x14111516, 0x22212306, 0x34113526, 0x00013336, 0x118001c0, 0xfe111a1a, 0x1a1a1180, 0x95000111, 
    0x111ac095, 0x1a11d6fe, 0x2a01111a, 0x02001a11, 0x55002b00, 0xab01d501, 0x10000200, 0x15010000, 0x14153733, 0x22052306, 0x34113526, 0x01213336, 
    0x19207540, 0x11aafe11, 0x01111919, 0x768b0100, 0x1911ab16, 0x01111a01, 0x001a1100, 0x40000200, 0xc0018000, 0x0b008001, 0x00001f00, 0x35233525, 
    0x15231523, 0x35331533, 0x27153737, 0x23061415, 0x35262221, 0x33363435, 0x15163221, 0x2b402b01, 0x802b4040, 0x090d5555, 0x0c0900ff, 0x0001090c, 
    0x2aeb0d09, 0x402a4040, 0xea553540, 0x0c094b55, 0x09d6090c, 0x00090c0c, 0x15000200, 0xeb014000, 0x0300c001, 0x00001300, 0x15213525, 0x15163201, 
    0x23061411, 0x35262221, 0x33363411, 0x80fec001, 0x1a118001, 0x80fe111a, 0x111a1a11, 0x01eaeaab, 0xfe111a15, 0x1a1a11d6, 0x112a0111, 0x0c00001a, 
    0x40002b00, 0xc001d501, 0x07000300, 0x17001300, 0x1f001b00, 0x27002300, 0x2f002b00, 0x39003300, 0x15250000, 0x15373523, 0x35173523, 0x15331523, 
    0x15331523, 0x35031523, 0x35171523, 0x35171523, 0x35171523, 0x35031523, 0x35171523, 0x35171523, 0x35171523, 0x33131523, 0x33112111, 0x2b2b8001, 
    0x2bab562b, 0x2b2b2b2b, 0x2a2a2a2a, 0x2b2a2a2a, 0x2b2b2b2b, 0xab2b2b2b, 0xd556fed5, 0x552b2bc0, 0xd5aa2a2a, 0x2b2b2a2b, 0x2a00012a, 0x2b2b562a, 
    0x552b2b55, 0x00012a2a, 0x2b562a2a, 0x2b2b552b, 0x012a2a55, 0x01d5fe00, 0x01000080, 0x40004000, 0xc001c001, 0x00001c00, 0x37171613, 0x33161736, 
    0x15151632, 0x22230614, 0x36343526, 0x16323333, 0x16171415, 0x5d308d07, 0x240c0a2f, 0x0c0c0928, 0x0cd59609, 0x0c094b09, 0x0109040c, 0x2f305d1a, 
    0x0c0c050a, 0x0c094b09, 0x0c0996d5, 0x2428090c, 0x0100090d, 0xae000000, 0x6b010002, 0x00001e00, 0x15072201, 0x07060714, 0x27272206, 0x36373426, 
    0x14161720, 0x22060707, 0x26272627, 0x01263535, 0x0c2e3400, 0x12061920, 0x06063506, 0x69220169, 0x06350606, 0x20190612, 0x4001320c, 0x050f420f, 
    0x0606180f, 0x06120635, 0x12066464, 0x06063506, 0x0e050f18, 0x01001042, 0x55005500, 0x95019501, 0x00000800, 0x23153313, 0x37270735, 0x2ad5c023, 
    0x8df81ef8, 0x8dd59501, 0x00f81ef8, 0x77000200, 0x89014d00, 0x0800b501, 0x00000c00, 0x23173713, 0x37270715, 0x37271335, 0x6060a017, 0x741e804b, 
    0x491e4980, 0x60605501, 0x731e8088, 0x48f8fe77, 0x0100481e, 0x8d004000, 0x6b01c001, 0x00000a00, 0x27071701, 0x33352315, 0x01172315, 0x95c01ea2, 
    0x7762ab2b, 0xc01e6b01, 0x2bab6295, 0x01000077, 0x6b006b00, 0xab01ab01, 0x00000800, 0x15330701, 0x15333523, 0xf8ab0137, 0xf82ad58d, 0x2af88d01, 
    0x00f88dd5, 0x55000200, 0xab015500, 0x0800ab01, 0x00000f00, 0x15170713, 0x07273523, 0x15333335, 0x37270727, 0x2a7131d5, 0x80d63165, 0x3e1e3e31, 
    0x7131ab01, 0x3165a2b4, 0x3e318080, 0x04003e1e, 0x2b002b00, 0xd501d501, 0x07000300, 0x19000b00, 0x35010000, 0x35171521, 0x15351523, 0x32373521, 
    0x14111516, 0x07212306, 0x33363411, 0x00ff8001, 0x0001abab, 0x1919112b, 0x55d5fe11, 0x55011119, 0x2b802b2b, 0x2b2b6b2b, 0xff111995, 0x551a1100, 
    0x19118001, 0x40000300, 0xc0019500, 0x03006b01, 0x0b000700, 0x21130000, 0x35072115, 0x35251521, 0x01951521, 0x55d5fe2b, 0x00ff2b01, 0x6b012a01, 
    0x2b2bab2b, 0x002a2a56, 0x2b000400, 0xd5012b00, 0x0300d501, 0x0b000700, 0x00001900, 0x15213501, 0x15213505, 0x15213505, 0x21271125, 0x11352622, 
    0x21333634, 0x80011632, 0x000100ff, 0x000100ff, 0x550100ff, 0x11d5fe55, 0x01111919, 0x01191156, 0x402b2b55, 0x2b402b2b, 0x80fed62b, 0x01111a55, 
    0x19191100, 0x2b000500, 0xd5010000, 0x07000002, 0x1f000f00, 0x27002300, 0x35250000, 0x06222634, 0x22361515, 0x32161406, 0x32373436, 0x14111516, 
    0x22212306, 0x34113526, 0x35113336, 0x15111521, 0x6b013521, 0x7f494449, 0x281c1c28, 0x19117b1c, 0xaafe1119, 0x11191911, 0xaafe5601, 0x1e182095, 
    0xdb20181e, 0x1c1c281c, 0x111a5728, 0x1a1100ff, 0x0001111a, 0x55fe1a11, 0x00022b2b, 0x05002b2b, 0x40004000, 0xc001c001, 0x20001c00, 0x32002600, 
    0x00003600, 0x15163225, 0x23061415, 0x34352622, 0x32333336, 0x17141516, 0x16070716, 0x17363717, 0x23353716, 0x15332715, 0x27231523, 0x33352315, 
    0x33352335, 0x37152315, 0x01352315, 0x0c0c09ab, 0x0cd59609, 0x0c094b09, 0x2f09040c, 0x092f5e2f, 0x1628240d, 0x152b4015, 0x2b2b4040, 0x16562b40, 
    0x4b090cb5, 0x96d50c09, 0x090c0c09, 0x090d2428, 0x2f315c2f, 0xe00c0409, 0x402b1616, 0x1640402b, 0x16154015, 0x006b6b2b, 0x55000a00, 0xab011500, 
    0x0700eb01, 0x17000f00, 0x27001f00, 0x37002f00, 0x47003f00, 0x00004f00, 0x14163212, 0x34262206, 0x14163216, 0x34262206, 0x14163236, 0x34262206, 
    0x14163216, 0x34262206, 0x14163226, 0x34262206, 0x34262236, 0x14163236, 0x14163204, 0x34262206, 0x14163236, 0x34262206, 0x14163236, 0x34262206, 
    0x14163212, 0x34262206, 0x1a1a22ef, 0x221a1a22, 0x1a221a1a, 0x1a1a229a, 0x221a1a22, 0x1a221a1a, 0x1a1a2266, 0x22bc1a22, 0x1a221a1a, 0x1a22c4fe, 
    0x1a1a221a, 0x221a1a22, 0x1a221a1a, 0x9a1a221a, 0x221a1a22, 0x1aeb011a, 0x221a1a22, 0x1a221a66, 0x1a1a221a, 0x221a1a22, 0x1a221a66, 0x1a1a221a, 
    0x221a1a22, 0x1a221ac4, 0x1ac4221a, 0x221a1a22, 0x1a221a9a, 0x1a9a221a, 0x221a1a22, 0x221a9afe, 0x00221a1a, 0x2b000200, 0xd5015500, 0x0500ab01, 
    0x00001500, 0x27073501, 0x32371715, 0x14111516, 0x22212306, 0x34113526, 0xab013336, 0xabababab, 0x11191911, 0x1911aafe, 0x55011119, 0x2b6b6b2b, 
    0x111ac06a, 0x1a1100ff, 0x0001111a, 0x02001a11, 0x2b002b00, 0xd501d501, 0x1a000d00, 0x14010000, 0x07232306, 0x33363411, 0x15163221, 0x15163217, 
    0x22232711, 0x21353526, 0x0d6b0135, 0x0c55d509, 0x09150109, 0x0c09550d, 0x0c09eb55, 0x00011501, 0x01560c09, 0x0c0c092b, 0x090c4009, 0x0c55c0fe, 
    0x00c02b09, 0x6b000200, 0x95014000, 0x0600c001, 0x00000d00, 0x27073325, 0x27333533, 0x23152317, 0x55012335, 0x40555540, 0x4055952a, 0x5595402a, 
    0x55959655, 0x03009696, 0x20004000, 0xd001c001, 0x0f000800, 0x00001d00, 0x37270701, 0x07161617, 0x27351527, 0x16141506, 0x27071717, 0x27222306, 
    0x27372626, 0x00010037, 0x794f1e31, 0x9b161226, 0xed4c1a66, 0x2f3a1b07, 0x2e32473c, 0x1b3b2907, 0x93012b01, 0x794f1e30, 0x9a2f6b26, 0x226667d3, 
    0x1b4c342b, 0x263a1b08, 0x32832f32, 0xd5fe1b3b, 0x40000300, 0xc0011500, 0x1500d501, 0x2c001900, 0x36010000, 0x22263435, 0x34331506, 0x14163236, 
    0x15060707, 0x37343315, 0x15233507, 0x15163213, 0x23061411, 0x23270723, 0x11352622, 0x01333634, 0x46321441, 0x221a2a32, 0x191a0d1a, 0x2a19192a, 
    0x1a1a11aa, 0x40405511, 0x19191255, 0x14250112, 0x3333231c, 0x1a1a1123, 0x1b1b0d22, 0x1b220b21, 0x012b2b92, 0xfe111955, 0x401a11d5, 0x01111a40, 
    0x0019112b, 0x2b000200, 0xab012b00, 0x1300d501, 0x00002300, 0x07171613, 0x07060627, 0x35042e07, 0x37273734, 0x07223717, 0x32333627, 0x07141516, 
    0x34353627, 0x446dfa26, 0x2410481b, 0x14060a0a, 0x04202734, 0x08b21b44, 0x2c451017, 0x24573e40, 0x011f114d, 0x1b446c0b, 0x0b2e1847, 0x4517070b, 
    0x0b1f5241, 0xb21b4416, 0x2e441267, 0x45303e57, 0x16180f4e, 0x0200001f, 0x2b006b00, 0xd5019501, 0x18000700, 0x32120000, 0x22263436, 0x32261406, 
    0x0e141516, 0x2e070702, 0xea343504, 0x2c1f1f2c, 0x577c091f, 0x0f2b2c1f, 0x34140610, 0x0b012027, 0x1f1f2c1f, 0x3e57ab2c, 0x3d46501f, 0x17071112, 
    0x1f524145, 0x0400003e, 0x2b002b00, 0xd501d501, 0x07000300, 0x19000b00, 0x35010000, 0x35051521, 0x35051521, 0x32011521, 0x14111516, 0x07212306, 
    0x33363411, 0x00ff8001, 0x00ff0001, 0x00ff0001, 0x19112b01, 0xd5fe1119, 0x01111955, 0x402b2b55, 0x2b402b2b, 0x1900012b, 0x1100ff11, 0x8001551a, 
    0x01001911, 0x2b002b00, 0xd501d501, 0x00000d00, 0x15163201, 0x23061411, 0x34110721, 0xab013336, 0x11191911, 0x1955d5fe, 0x19d50111, 0x1100ff11, 
    0x8001551a, 0x02001911, 0x2b002b00, 0xd501d501, 0x12000400, 0x11250000, 0x01371121, 0x11151632, 0x21230614, 0x36341107, 0xfeab0133, 0x2b012baa, 
    0x11191911, 0x1955d5fe, 0x0001ab11, 0x012bd5fe, 0xff11192a, 0x551a1100, 0x19118001, 0x33000200, 0xc3011d00, 0x0b00c001, 0x00001200, 0x27070113, 
    0x22232306, 0x27353526, 0x37271525, 0x4e163233, 0x281c7501, 0x11d6080c, 0x62013819, 0x119632f2, 0xfead0119, 0x06291c8c, 0x38ef111a, 0x32f2f903, 
    0x0100001a, 0x40004000, 0xc001c001, 0x00001c00, 0x37171613, 0x33161736, 0x15151632, 0x22230614, 0x36343526, 0x16323333, 0x16171415, 0x5d308d07, 
    0x240c0a2f, 0x0c0c0928, 0x0cd59609, 0x0c094b09, 0x0109040c, 0x2f305d1a, 0x0c0c050a, 0x0c094b09, 0x0c0996d5, 0x2428090c, 0x0300090d, 0x35002b00, 
    0xd501d501, 0x32002200, 0x00004200, 0x07011713, 0x22072327, 0x27373526, 0x17141506, 0x35262607, 0x06273734, 0x17161415, 0x35262607, 0x17273734, 
    0x36270722, 0x15163233, 0x36270714, 0x17263435, 0x34353627, 0x07222326, 0x32333627, 0x46141516, 0x1b650115, 0x110401a0, 0x0922011a, 0x231d152a, 
    0x2e211e14, 0x39311527, 0x2bd52c2c, 0x3d321f25, 0x201f7d58, 0x23316515, 0x09233201, 0x1a162304, 0xcb014b35, 0x1b9bfe16, 0x111a01a1, 0x14122204, 
    0x11251931, 0x1f26233b, 0x2e362e1f, 0x1c25174f, 0x394a3a63, 0x1f14052d, 0x3d587d1f, 0x29271f32, 0x23db6546, 0x32230904, 0x4b092301, 0x04001a35, 
    0x40000000, 0xc0010002, 0x17000f00, 0x2f001f00, 0x26250000, 0x37333734, 0x06070627, 0x17161714, 0x35072737, 0x06222634, 0x22121515, 0x32161406, 
    0x32373436, 0x14111516, 0x22212306, 0x34113526, 0x7d013336, 0x20230808, 0x060f2c2a, 0x2a2c0f06, 0x50587520, 0x26349a58, 0xea263426, 0x111a1a11, 
    0x1a1156fe, 0x15d5111a, 0x2b2a152c, 0x2c153421, 0x2b213415, 0x1d15552a, 0x151d2525, 0x34260001, 0x66342626, 0xd6fe111a, 0x111a1a11, 0x1a112a01, 
    0x00000500, 0x00024000, 0x0300c001, 0x13000b00, 0x29002300, 0x35010000, 0x35151523, 0x06222634, 0x22121515, 0x32161406, 0x32373436, 0x14111516, 
    0x22212306, 0x34113526, 0x07053336, 0x37173527, 0x58aad501, 0x349a5850, 0x26342626, 0x1a1a11ea, 0x1156fe11, 0x01111a1a, 0x40404095, 0x80000140, 
    0x1d158080, 0x151d2525, 0x34260001, 0x66342626, 0xd6fe111a, 0x111a1a11, 0x1a112a01, 0x162a2a6b, 0x04002b2b, 0x43000000, 0xd5010002, 0x08000400, 
    0x2a000c00, 0x26130000, 0x37173727, 0x17352315, 0x17372707, 0x07071416, 0x26272206, 0x35352627, 0x15072226, 0x07060714, 0x27272206, 0x36373426, 
    0x024a8920, 0x2a6e4c1e, 0x4c1e4cd8, 0x35060655, 0x1c061206, 0x682e0c1d, 0x19200c2e, 0x35061206, 0x01690606, 0x4a2f0122, 0x884c1f01, 0x4b5b6a6a, 
    0x06fd4c1e, 0x06350612, 0x050e1a06, 0x0f0f420e, 0x0f050f42, 0x35060618, 0x64061206, 0x5b000400, 0xa5012b00, 0x0300eb01, 0x1b001300, 0x00002300, 
    0x15233525, 0x15163237, 0x23061415, 0x35262223, 0x33363435, 0x07173226, 0x27072226, 0x17323617, 0x07222607, 0x7d804001, 0x0a0e0e0a, 0x0e0e0a7a, 
    0x45c0230a, 0x389e381e, 0x7e2c3a1e, 0x5a1f1f2c, 0xabab551f, 0xcf0a0ed5, 0x0a0e0e0a, 0xc00f0acf, 0x38381e45, 0x2c2c3d1e, 0x001f1f1e, 0x15000200, 
    0xeb016b00, 0x03009501, 0x00001300, 0x21152101, 0x33363425, 0x15163221, 0x23061415, 0x35262221, 0xd6fe9501, 0x81fe2a01, 0x80011119, 0x111a1a11, 
    0x1a1180fe, 0xd6d66b01, 0x11191911, 0x191911d6, 0x02000011, 0x15006b00, 0xeb019501, 0x13000300, 0x11250000, 0x32131123, 0x14111516, 0x22232306, 
    0x34113526, 0x6b013336, 0x1911d6d6, 0x11d61119, 0x6b111919, 0xd6fe2a01, 0x11197f01, 0x1a1180fe, 0x8001111a, 0x02001a11, 0x6b001500, 0x9501eb01, 
    0x13000300, 0x21010000, 0x34252115, 0x32213336, 0x14151516, 0x22212306, 0x95013526, 0x2a01d6fe, 0x111981fe, 0x1a118001, 0x80fe111a, 0x6b011a11, 
    0x1911d6d6, 0x11d61119, 0x00111919, 0x6b000200, 0x95011500, 0x0300eb01, 0x00001300, 0x11231125, 0x15163213, 0x23061411, 0x35262223, 0x33363411, 
    0xd6d66b01, 0x11191911, 0x191911d6, 0x2a016b11, 0x7f01d6fe, 0x80fe1119, 0x111a1a11, 0x1a118001, 0x2b000100, 0xd5016b00, 0x2100ab01, 0x17010000, 
    0x06141523, 0x35352622, 0x06222634, 0x07331515, 0x34353327, 0x15163236, 0x32161415, 0x23353536, 0x40558001, 0x1a324632, 0x55401a22, 0x46324055, 
    0x1a221a32, 0x56ab0140, 0x32322395, 0x1a119523, 0x5595111a, 0x33239555, 0x11952333, 0x95111a1a, 0x2b000400, 0xd5012b00, 0x0300d501, 0x0b000700, 
    0x00001900, 0x15233501, 0x15233523, 0x15233523, 0x15163225, 0x23061411, 0x34110721, 0x6b013336, 0x2b2a2b2b, 0x1116012b, 0xfe111919, 0x111955d5, 
    0x2b2b1501, 0x2b2b2b2b, 0xff1119c0, 0x551a1100, 0x19118001, 0x00000300, 0x00029500, 0x07008001, 0x23000f00, 0x32240000, 0x22263436, 0x32061406, 
    0x22263436, 0x32241406, 0x23061416, 0x34262221, 0x15163236, 0x26330714, 0x6c013435, 0x3e2b2b3e, 0x2c3eea2c, 0x012b3e2c, 0x4444622f, 0x31eafe31, 
    0x45624444, 0xc01b601b, 0x2b2b3e2c, 0x3e2c2c3e, 0x943e2b2b, 0x45456244, 0x31444462, 0x2b20202b, 0x02000031, 0x80001500, 0x8001eb01, 0x19000700, 
    0x32360000, 0x22263436, 0x33371406, 0x23152315, 0x06062335, 0x34262223, 0x16323336, 0x1a1a2284, 0xdda31922, 0x0d5d552b, 0x4b352a42, 0x422a354b, 
    0x1a221ad5, 0x563c221a, 0x2f265555, 0x2f4b6a4b, 0x40000200, 0xc0011500, 0x1700eb01, 0x00002300, 0x15163201, 0x23061411, 0x35262223, 0x33153335, 
    0x23152311, 0x33363435, 0x07170717, 0x37270727, 0x37173727, 0x1a119501, 0x11d5111a, 0xd5d52b1a, 0x55111a2b, 0x55155555, 0x55551556, 0x01555615, 
    0xfe111aeb, 0x1a1a1180, 0x012b4011, 0x11402b56, 0x56559a1a, 0x15555515, 0x55155556, 0x03000055, 0x15005500, 0xeb01c001, 0x1d000700, 0x00003500, 
    0x26343513, 0x15150622, 0x15163233, 0x23061415, 0x35262223, 0x33363435, 0x32363435, 0x32371516, 0x14111516, 0x22232306, 0x33353526, 0x23113315, 
    0x34352315, 0x13cb3336, 0x0a5b131a, 0x750b1110, 0x0a10100a, 0xaf242e25, 0x111a1a11, 0x2b1a11d5, 0x1a2bd5d5, 0x20150111, 0x0c10100c, 0x4b0b1020, 
    0x0b11100a, 0x200f0a4b, 0x16202016, 0xfe111ab6, 0x1a1a1180, 0x012b4011, 0x11402b56, 0x0400001a, 0x15002b00, 0xeb01d501, 0x13000300, 0x22001a00, 
    0x11250000, 0x32131123, 0x14111516, 0x22232306, 0x34113526, 0x16053336, 0x36270714, 0x14163727, 0x34362707, 0xd62b0127, 0x191911d6, 0x1911d611, 
    0x2b011119, 0x12151414, 0x28284212, 0x551d1d16, 0xaafe5601, 0x111a9601, 0x1a1180fe, 0x8001111a, 0x15bc1a11, 0x19161334, 0x6b264218, 0x4f1f1625, 
    0x0300001c, 0x15003e00, 0xeb01c001, 0x1f001700, 0x00005400, 0x15163201, 0x23061411, 0x35262223, 0x33153335, 0x23152311, 0x33363435, 0x34363202, 
    0x14062226, 0x07161737, 0x27230607, 0x06070706, 0x26222323, 0x27262737, 0x27270607, 0x35373734, 0x37372627, 0x36173336, 0x33363737, 0x17153233, 
    0x36371716, 0x07141717, 0x11950107, 0xd5111a1a, 0xd52b1a11, 0x111a2bd5, 0x19192226, 0x177c1a22, 0x02150204, 0x050e1c04, 0x2b010505, 0x04010302, 
    0x021e0e05, 0x18021505, 0x15020418, 0x0d1b0502, 0x01050407, 0x0505062b, 0x04021c0e, 0x01170215, 0xfe111aeb, 0x1a1a1180, 0x012b4011, 0x11402b56, 
    0x1aeafe1a, 0x221a1a22, 0x02041306, 0x090b0225, 0x04051b02, 0x09021b01, 0x24050209, 0x16110404, 0x25020411, 0x02090b02, 0x1b05051b, 0x01090902, 
    0x02042404, 0x03000011, 0x40001500, 0xc001eb01, 0x0a000600, 0x00001a00, 0x17372313, 0x17231523, 0x01112111, 0x11151632, 0x21230614, 0x11352622, 
    0xd5333634, 0x2a55552a, 0x80feeb56, 0x19128001, 0x80fe1219, 0x12191912, 0x55550001, 0x2c014155, 0x5601d4fe, 0xd6fe1219, 0x12191912, 0x19122a01, 
    0x15000200, 0xeb013500, 0x0900a001, 0x00002600, 0x23263525, 0x36150722, 0x32033233, 0x06141117, 0x26272223, 0x26072223, 0x22072223, 0x26222306, 
    0x33361135, 0x01361732, 0x412a21c0, 0x27413434, 0x072a4c27, 0x29020304, 0x2b34413d, 0x0130364a, 0x07040103, 0x2b4a4b2b, 0x0af6752b, 0x0120f520, 
    0xc9fe2020, 0x16010704, 0x01172020, 0x39010406, 0x00202020, 0x2b000300, 0xd5015500, 0x0200ab01, 0x17000700, 0x37010000, 0x07350121, 0x32011527, 
    0x14111516, 0x22212306, 0x34113526, 0x00013336, 0x01aafeab, 0x01abab56, 0x19191156, 0x11aafe11, 0x01111919, 0x00ff6b15, 0xd56a6ad5, 0x111a2b01, 
    0x1a1100ff, 0x0001111a, 0x02001a11, 0x55000000, 0xab010002, 0x1b000700, 0x37250000, 0x07061527, 0x33173336, 0x33352115, 0x35352622, 0x21333634, 
    0x15151632, 0x15010614, 0x17695656, 0x5596552b, 0x125500fe, 0x01121818, 0x19191156, 0x2e5050cb, 0x7a3a6e0f, 0x12192b2b, 0x191912d5, 0x1a11d512, 
    0x00000400, 0x00021b00, 0x0400db01, 0x21001200, 0x00002500, 0x27373637, 0x07012706, 0x33352127, 0x35352622, 0x01273734, 0x37270714, 0x22061527, 
    0x32212707, 0x33031516, 0x1d952315, 0x6e202231, 0x3a1ba501, 0x12557dfe, 0x01210e18, 0x227616bd, 0x02070256, 0x11110170, 0x113b1019, 0x220c28c0, 
    0x5bfee41f, 0x192b3a1b, 0x0c13d611, 0x19eafe21, 0x4f20760c, 0x6f01012d, 0x00ff1218, 0x0100002b, 0x8d004000, 0x6b01c001, 0x00000a00, 0x37173713, 
    0x15333523, 0x40073523, 0x6277a21e, 0x01952bab, 0x77a21e4d, 0x9562ab2b, 0x55000300, 0xa1015500, 0x0700a101, 0x19000f00, 0x32130000, 0x34231516, 
    0x32352326, 0x34231516, 0x34152326, 0x14163236, 0x26222306, 0x3d7c5855, 0xc3893e59, 0x1b719f3c, 0x131b1a28, 0x29011b14, 0x593e587c, 0x7189c3b5, 
    0x1b13e19f, 0x1b1b281a, 0x6b000100, 0x95016b00, 0x0b009501, 0x23250000, 0x23352315, 0x33353335, 0x95013315, 0x80802a80, 0x80eb802a, 0x80802a80, 
    0x40000200, 0xc0014000, 0x0b00c001, 0x00001b00, 0x35233525, 0x15231523, 0x35331533, 0x15163237, 0x23061411, 0x35262221, 0x33363411, 0x2a566b01, 
    0x802a5656, 0x111a1a11, 0x1912d6fe, 0x2aeb1219, 0x562a5656, 0x111ad556, 0x1a11d6fe, 0x2a01111a, 0x02001a11, 0x2b002b00, 0xd501d501, 0x13000b00, 
    0x35250000, 0x15233523, 0x15331523, 0x32263533, 0x22061416, 0x6b013426, 0x56562a56, 0x7db06d2a, 0xeb7db07d, 0x2a56562a, 0x7dea5656, 0xb07d7db0, 
    0x2b000300, 0xd5012b00, 0x0700d501, 0x1b000f00, 0x32360000, 0x22263436, 0x32121406, 0x22061416, 0x15373426, 0x15231533, 0x35233523, 0x8cba3533, 
    0x658c6565, 0x7d7db053, 0x56ea7db0, 0x56562a56, 0x658c6555, 0x1b018c65, 0x7d7db07d, 0x2a5613b0, 0x562a5656, 0x40000300, 0xc0014000, 0x0300c001, 
    0x1e000a00, 0x21130000, 0x37132127, 0x15233523, 0x15162523, 0x23061411, 0x35262221, 0x37373411, 0x32213336, 0x26016d17, 0x8100ff14, 0x4a564a75, 
    0x1a0a2b01, 0x11d6fe11, 0x0a1d0a1a, 0x0f00010f, 0x1695010a, 0x2b75e0fe, 0x0f0c902b, 0x1a11f6fe, 0x0a01111a, 0x0c240c0f, 0x0200000c, 0x40000000, 
    0xc0010002, 0x1a000b00, 0x27250000, 0x27072737, 0x17071707, 0x32131737, 0x14111516, 0x22212306, 0x36372727, 0x4c950133, 0x4d4c1e4c, 0x1e4d4d1e, 
    0x115e4c4d, 0xfe111a1a, 0x730e14c0, 0xb3140e73, 0x4d1e4d4d, 0x4d4d1e4d, 0x014d4d1e, 0xfe111a2b, 0x131a11d6, 0x0013adad, 0x2b000300, 0xd5012b00, 
    0x0700d501, 0x17000f00, 0x32250000, 0x27343536, 0x14271607, 0x23263717, 0x32360622, 0x22061416, 0x00013426, 0xf0246546, 0xf0246f2d, 0x65463c2d, 
    0x7d7db053, 0x65557db0, 0xf02d3c46, 0x2d3cab24, 0x8f6524f0, 0x7d7db07d, 0x010000b0, 0x6b006b00, 0x95019501, 0x00000b00, 0x07170701, 0x37270727, 
    0x37173727, 0x77779501, 0x1e77771e, 0x771e7777, 0x77770177, 0x77771e77, 0x1e77771e, 0x03007777, 0x15002b00, 0xeb01c001, 0x13000300, 0x00001c00, 
    0x11231125, 0x15163213, 0x23061411, 0x35262223, 0x33363411, 0x11211537, 0x36341123, 0xea950133, 0x1a1a11ea, 0x1a11ea11, 0xffaa111a, 0x11192a00, 
    0xfe2b0140, 0x195501d5, 0x11d5fe11, 0x01111a1a, 0x5619112b, 0x01d5fe2b, 0x001a112b, 0x2b000500, 0xd5012b00, 0x0400d501, 0x10000800, 0x35001800, 
    0x33010000, 0x06270715, 0x06223432, 0x26343632, 0x36140622, 0x26343632, 0x17140622, 0x27231501, 0x14151607, 0x34262206, 0x17323336, 0x23062737, 
    0x36342622, 0x14151632, 0x95409501, 0x1616202b, 0x1a1a2286, 0x221a1a22, 0x1a221a1a, 0x40070179, 0x32073295, 0x23323246, 0x32320f14, 0x3223140f, 
    0x01324632, 0x2b9615c0, 0x19b6164b, 0x24191924, 0x192419e7, 0xfe112419, 0x329515f8, 0x3223140f, 0x07324632, 0x32073232, 0x23323246, 0x03000014, 
    0x2b004000, 0x0002c001, 0x0f000700, 0x00002500, 0x15231125, 0x11233523, 0x14062212, 0x34363216, 0x15163237, 0x23061411, 0x35262221, 0x33363411, 
    0x32363633, 0x95011716, 0x9e2ad62a, 0x120c0c12, 0x1a11800c, 0xd6fe111a, 0x111a1a11, 0x2a200759, 0x01550720, 0xfe404056, 0x0c8001aa, 0x120c0c12, 
    0xfe11190c, 0x191911aa, 0x11560111, 0x18181319, 0x02000013, 0x40004000, 0xc001c001, 0x0e000900, 0x07010000, 0x32363727, 0x14161717, 0x07173705, 
    0x27ba0123, 0x12062750, 0xfe063206, 0xec50ec80, 0x276a0150, 0x06062750, 0xe0120632, 0x00ec50ec, 0x2b000200, 0xd5015500, 0x0300eb01, 0x00001200, 
    0x07273725, 0x06141505, 0x26222123, 0x37343535, 0x01161737, 0xb0b0b000, 0x11198501, 0x1911aafe, 0x14c1c114, 0x67676eeb, 0x1a11d504, 0x19d5111a, 
    0x0c71710c, 0x40000300, 0xc0018000, 0x03008001, 0x0b000700, 0x35370000, 0x21251521, 0x35172115, 0x01801533, 0x01c0fe00, 0x9580fe80, 0x2a2aeb56, 
    0x2bd52b95, 0x0100002b, 0x40006b00, 0xab01ab01, 0x00000900, 0x23153301, 0x23152327, 0x33013311, 0x78089678, 0x8001c02a, 0x01952ad5, 0x0100006b, 
    0x55005500, 0xab01ab01, 0x00000600, 0x07173501, 0x01352335, 0xababab00, 0xab565501, 0x00aa56ab, 0x3d000200, 0xc0014000, 0x0800c001, 0x00004500, 
    0x37363225, 0x14150606, 0x36272716, 0x32333637, 0x07141516, 0x16060706, 0x36373233, 0x32333637, 0x15331716, 0x23060623, 0x34352622, 0x042e3736, 
    0x0e072223, 0x26060702, 0x033e3435, 0x26273637, 0x1c0e2801, 0x0a201e04, 0x080a25c0, 0x23131f1b, 0x060b1c1c, 0x0f090805, 0x39301b16, 0x3503292a, 
    0x213e0634, 0x373c281c, 0x07050101, 0x3b1c0a0e, 0x0b180d11, 0x120b3223, 0x11010f10, 0x2574070b, 0x0d260826, 0x24f90907, 0x1e1b080c, 0x27281e1f, 
    0x12181124, 0x373c2416, 0x3e453522, 0x48211b27, 0x0d06080a, 0x15490506, 0x0b03140f, 0x240f2430, 0x01161b22, 0x0003041c, 0x40000200, 0xc0014000, 
    0x0900c001, 0x00001900, 0x15213525, 0x32161433, 0x32133536, 0x14111516, 0x22212306, 0x34113526, 0x95013336, 0x2656d5fe, 0x11552634, 0xfe111a1a, 
    0x181812d5, 0xd5d5c012, 0x1a26261a, 0x12190001, 0x1a11d6fe, 0x2a011219, 0x03001912, 0x95002b00, 0x6b01d501, 0x13000f00, 0x00002300, 0x14163201, 
    0x35232306, 0x34363233, 0x35232326, 0x15333507, 0x33161424, 0x22231533, 0x33363426, 0x22231533, 0x3e2c6b01, 0x56562c3e, 0x1b27271b, 0xfeaa6a56, 
    0x561b27fe, 0x3e3e2c56, 0x1b56562c, 0x583f6b01, 0x3627293f, 0x2a802927, 0x2736302a, 0x3f583f29, 0x02000029, 0x55002b00, 0xab01d501, 0x15000500, 
    0x35010000, 0x17152707, 0x15163237, 0x23061411, 0x35262221, 0x33363411, 0xababab01, 0x1911abab, 0xaafe1119, 0x11191911, 0x6b2b5501, 0xc06a2b6b, 
    0x00ff111a, 0x111a1a11, 0x1a110001, 0x2b000200, 0xd5015500, 0x0500ab01, 0x00001500, 0x27073501, 0x32371715, 0x14111516, 0x22212306, 0x34113526, 
    0xab013336, 0xabababab, 0x11191911, 0x1911aafe, 0x55011119, 0x2b6b6b2b, 0x111ac06a, 0x1a1100ff, 0x0001111a, 0x01001a11, 0xab002100, 0x6b01d501, 
    0x00000e00, 0x23153701, 0x22232637, 0x36270706, 0x01323336, 0x4ec04c89, 0x59383e30, 0x75163211, 0x1e015549, 0x284dc04d, 0x44103441, 0x01000056, 
    0xeb006b00, 0x15019501, 0x00000300, 0x21352125, 0xd6fe9501, 0x2aeb2a01, 0x2b000200, 0xd5012b00, 0x0300d501, 0x00000b00, 0x15233525, 0x14163236, 
    0x34262206, 0x13d66b01, 0xb07d7db0, 0x2a2aeb7d, 0x7db07dea, 0x0300b07d, 0x2b002b00, 0xd501d501, 0x0f000700, 0x00001300, 0x34363236, 0x14062226, 
    0x14163212, 0x34262206, 0x23153317, 0x65658cba, 0xb053658c, 0x7db07d7d, 0x55d6d66a, 0x65658c65, 0x7d1b018c, 0xb07d7db0, 0x01002a43, 0x55004000, 
    0x9501c001, 0x00000800, 0x17161613, 0x27152326, 0x7168d537, 0x959e4d12, 0x0f400195, 0x576d5b81, 0x02009595, 0x55000000, 0x95010002, 0x0e000800, 
    0x16010000, 0x23261716, 0x07372715, 0x27151707, 0x68150137, 0x9e4d1271, 0x55809595, 0x01959555, 0x5b810f40, 0x9595576d, 0x40555540, 0x03009595, 
    0x40004000, 0xc001c001, 0x0b000300, 0x00001300, 0x15233525, 0x34363216, 0x14062226, 0x07151713, 0x37352723, 0x0a2a1501, 0x16111116, 0x70706c11, 
    0xeb7070a0, 0x115c8080, 0x16101016, 0xa0702001, 0x70a07070, 0x40000300, 0xc0014000, 0x0300c001, 0x19000b00, 0x35010000, 0x32161523, 0x22263436, 
    0x17131406, 0x23061411, 0x35262221, 0x33363411, 0x7bd54001, 0x34262634, 0x1a55ab26, 0x12d6fe11, 0x01121919, 0xd5555540, 0x26263426, 0x552f0134, 
    0x1a1100ff, 0x2a01111a, 0x12001a11, 0x40004000, 0xc001c001, 0x07000300, 0x0f000b00, 0x17001300, 0x20001c00, 0x28002400, 0x31002c00, 0x3a003600, 
    0x42003e00, 0x4b004600, 0x15130000, 0x35073533, 0x35031533, 0x35031533, 0x35371533, 0x35271533, 0x35031533, 0x27061433, 0x07153335, 0x03153335, 
    0x03352315, 0x15153335, 0x33352622, 0x15163201, 0x23152723, 0x33350735, 0x33351315, 0x33352715, 0x36342715, 0x80c01533, 0x2b2bd6ab, 0x2b2a2b2b, 
    0x2b2b2b2b, 0xd52b111a, 0x552b552a, 0x2b1a112b, 0x1a112a01, 0xab2a802b, 0x802b2a2b, 0x111a2b2b, 0x80804001, 0x01d6d6ab, 0xfe2b2b00, 0x552b2bab, 
    0x2bab2b2b, 0x2b00ff2b, 0x2aab1a11, 0x2b2bab2a, 0x2b2b8001, 0x2b2bd5fe, 0x01111a55, 0x2b111a55, 0x2b802b2b, 0x2b00ff2b, 0x2a2aab2b, 0x2b1a11aa, 
    0x2b000100, 0xeb014000, 0x0500c001, 0x35370000, 0x05352525, 0xfe40012b, 0x40c001c0, 0x952b2b95, 0x030000c0, 0x80004000, 0x8001c001, 0x07000300, 
    0x00000b00, 0x15213537, 0x21152125, 0x15333515, 0xff000140, 0xfe800100, 0x2aeb8080, 0xd52b952a, 0x03002b2b, 0x6b006b00, 0xab019501, 0x0a000200, 
    0x00000e00, 0x07330701, 0x33372307, 0x07272317, 0x01211521, 0x5d502800, 0x20652c14, 0xca142c65, 0xd6fe2a01, 0x266b8001, 0x2febeb2f, 0x01002a5a, 
    0xab002b00, 0x6b01df01, 0x00000e00, 0x17163201, 0x23262607, 0x23170722, 0x01361735, 0x1774490b, 0x38591132, 0xc04e303e, 0x55013f4c, 0x34104456, 
    0xc04d2841, 0x0300374d, 0x2b002b00, 0xd501d501, 0x17000700, 0x00001a00, 0x23033325, 0x33373303, 0x15163213, 0x23061411, 0x35262221, 0x33363411, 
    0x01173717, 0x286d2d54, 0x78182d6d, 0x1919116f, 0x11aafe11, 0x7f111919, 0x01752c2c, 0x40eafe16, 0x11192001, 0x1911aafe, 0x56011119, 0x76f51911, 
    0x03000076, 0x40004000, 0xc001c001, 0x10000600, 0x00002000, 0x33270701, 0x17153335, 0x33152135, 0x36321614, 0x16321335, 0x06141115, 0x26222123, 
    0x36341135, 0x55550133, 0x6a562a55, 0x2656d5fe, 0x11552634, 0xfe111a1a, 0x181812d5, 0x562b0112, 0x6b404056, 0x261ad5d5, 0x00011a26, 0xd6fe111a, 
    0x12191a11, 0x19122a01, 0x40000300, 0xc0014000, 0x0300c001, 0x1e000a00, 0x21130000, 0x07172127, 0x35331533, 0x15163733, 0x23061411, 0x35262221, 
    0x37373411, 0x32213336, 0x26016d17, 0x8100ff14, 0x4a564a75, 0x111a0a41, 0x1912d6fe, 0x0f0a1d0a, 0x0a0f0001, 0x76169501, 0xd12b2b75, 0xf6fe100c, 
    0x111a1a11, 0x0c100a01, 0x000c0c23, 0x2b000300, 0xd5012b00, 0x0500c001, 0x23000900, 0x37370000, 0x07170727, 0x35331511, 0x15163235, 0x16323315, 
    0x06141515, 0x26222123, 0x36343535, 0x34353333, 0x55eb3336, 0x40401655, 0x56191156, 0x11191911, 0x1911aafe, 0x19561119, 0x55567511, 0x01404015, 
    0x2b2a2a0a, 0x1a2a1219, 0x1911eb11, 0x11eb1119, 0x1a112a1a, 0x15000200, 0xeb016b00, 0x11009501, 0x00002700, 0x15163201, 0x15060615, 0x34352115, 
    0x34352726, 0x32043336, 0x14151516, 0x22212306, 0x34353526, 0x15163236, 0x34352115, 0x1a118001, 0x00ff1813, 0x111a1318, 0x1a222f01, 0x80fe111a, 
    0x221a1a11, 0x012a011a, 0x2e111995, 0x2c152007, 0x0720152c, 0x6a19112e, 0x116b111a, 0x6b111919, 0x111a1a11, 0x00114040, 0x2b000500, 0xd5015500, 
    0x0700ab01, 0x15001100, 0x1d001900, 0x15010000, 0x37333521, 0x35031733, 0x06141533, 0x26222323, 0x23153325, 0x23153335, 0x23153315, 0x00ff2b01, 
    0x16551540, 0x1119d5ab, 0x011a1180, 0x95808000, 0x01555595, 0x162a2a95, 0xd5ebfe16, 0x1a1a11d5, 0x2a802b91, 0x04002b80, 0x55002b00, 0x9501d501, 
    0x16001200, 0x1e001a00, 0x34360000, 0x15333336, 0x14062223, 0x35333316, 0x23350717, 0x15333722, 0x15333523, 0x15333523, 0x39512b23, 0x38284b4b, 
    0x400b2838, 0xaf390b40, 0xaaaaaaaa, 0x72d2aaaa, 0x50382a51, 0x40402a38, 0xa02b2b2b, 0x002aa02b, 0x2b000500, 0xd5012b00, 0x0700d801, 0x15000f00, 
    0x1d001900, 0x32360000, 0x22263436, 0x32361406, 0x22061416, 0x15373426, 0x35270717, 0x37270727, 0x37270705, 0x57577cc2, 0xa045577c, 0x70a07070, 
    0x651055cb, 0x621b6243, 0x621b4801, 0x7c58551b, 0xfe7c5757, 0x71719e71, 0x32701b9e, 0x63803c1a, 0x52522052, 0x00205321, 0x2b000500, 0xd5012b00, 
    0x0700da01, 0x15000f00, 0x1d001900, 0x32360000, 0x22263436, 0x32361406, 0x22061416, 0x15373426, 0x35270717, 0x37270727, 0x37270705, 0x57577cc2, 
    0xa045577c, 0x70a07070, 0x641155cb, 0x621b6342, 0x631b4801, 0x7c58551c, 0xfe7c5757, 0x7070a070, 0x33711aa0, 0x62803e1a, 0x51512051, 0x00205420, 
    0x2b000300, 0xd5012b00, 0x0500d501, 0x15000d00, 0x15010000, 0x35270717, 0x34363202, 0x14062226, 0x14163212, 0x34262206, 0x10600b01, 0x658c3170, 
    0x53658c65, 0xb07d7db0, 0x706b017d, 0x80441b39, 0x8c65eafe, 0x018c6565, 0x7db07d1b, 0x0500b07d, 0x2b002b00, 0xd801d501, 0x13000b00, 0x1f001b00, 
    0x00002300, 0x15331501, 0x35231523, 0x35333523, 0x34363206, 0x14062226, 0x14163236, 0x34262206, 0x37270725, 0x37270707, 0x40401501, 0x2940402a, 
    0x7c57577c, 0x70a04557, 0x0170a070, 0x1b621b95, 0x621b62cb, 0x2b404001, 0x402b4040, 0x577c58eb, 0x71fe7c57, 0x9e71719e, 0x2053214c, 0x52205220, 
    0x2b000200, 0xc0012b00, 0x0f00d501, 0x00001a00, 0x07013713, 0x15171527, 0x37350727, 0x37350735, 0x27151737, 0x36343527, 0x40151632, 0x1b50011b, 
    0x4a4b2b7b, 0x6b7faa2a, 0x13a744ab, 0x9001131a, 0x1bb0fe1b, 0x20204f7a, 0x20201515, 0x502a3575, 0x152a6b1b, 0x130d4ea7, 0x02000d13, 0x2b002b00, 
    0xd501c001, 0x15000000, 0x17130000, 0x15171527, 0x37350727, 0x37350735, 0x32363435, 0x17151516, 0x2babe7d9, 0xaa2a4a4b, 0x131a13aa, 0x954001ab, 
    0x20207535, 0x20201515, 0x6b2a3575, 0x13130d75, 0x006b750d, 0x95000300, 0x6b012b00, 0x0300d501, 0x1b000700, 0x35250000, 0x35171523, 0x32131523, 
    0x14111516, 0x22232306, 0x34113526, 0x35333336, 0x15011533, 0x632a2a2a, 0x0c11110c, 0x11110c9c, 0xd556230c, 0x2b556b6b, 0x112b012b, 0x0cb9fe0c, 
    0x010c1010, 0x2a110c47, 0x0200002a, 0x2b009500, 0xd5016b01, 0x19000500, 0x37370000, 0x33073523, 0x15163237, 0x23061411, 0x35262223, 0x33363411, 
    0x15333533, 0x552b55eb, 0x110c632b, 0x0c9c0c11, 0x230c1111, 0x76a05556, 0x0c11e0a0, 0x100cb9fe, 0x47010c10, 0x2a2a110c, 0x95000100, 0x6b012b00, 
    0x1300d501, 0x32010000, 0x14111516, 0x22232306, 0x34113526, 0x35333336, 0x4e011533, 0x0c11110c, 0x11110c9c, 0x0156230c, 0xfe0c11ab, 0x10100cb9, 
    0x0c47010c, 0x002a2a11, 0x95000100, 0x6b012b00, 0x1300d501, 0x32010000, 0x14111516, 0x22232306, 0x34113526, 0x35333336, 0x4e011533, 0x0c11110c, 
    0x11110c9c, 0x0156230c, 0xfe0c11ab, 0x10100cb9, 0x0c47010c, 0x002a2a11, 0x95000300, 0x6b012b00, 0x1400d501, 0x2c001800, 0x36250000, 0x22263435, 
    0x34331506, 0x14163236, 0x15060707, 0x07373433, 0x13152335, 0x11151632, 0x23230614, 0x11352622, 0x33333634, 0x01153335, 0x34260f31, 0x1c122026, 
    0x14140912, 0x280f1222, 0x11110c62, 0x110c9c0c, 0x56230c11, 0x1a150ff1, 0x0d1a2626, 0x091a1313, 0x10171414, 0x29296112, 0x0c112a01, 0x100cb9fe, 
    0x47010c10, 0x2a2a110c, 0x6b000300, 0x7a012b00, 0x0200d501, 0x13000500, 0x27250000, 0x37151115, 0x07170733, 0x27073523, 0x17372737, 0x3d013335, 
    0x5c3d2828, 0x62157a5c, 0x1e77771e, 0x29a41562, 0x51080151, 0x795c5c29, 0x771e62a2, 0xa2621e77, 0x40000500, 0xc0012b00, 0x0300d501, 0x09000600, 
    0x1b001700, 0x17010000, 0x27072707, 0x37151115, 0x07170733, 0x27073523, 0x17372737, 0x07073335, 0x95013727, 0x2e2a2b2b, 0x5c3d2828, 0x62157a5c, 
    0x1e77771e, 0x2a6b1562, 0x2b012b2b, 0x5c2b2b2b, 0x08015129, 0x5c5c2951, 0x1e62a279, 0x621e7777, 0x2b2bd5a2, 0x0300002b, 0x2b005500, 0xd501ab01, 
    0x0d000200, 0x00001600, 0x27273725, 0x07270701, 0x27073523, 0x15172737, 0x17333527, 0x01372707, 0xa2282815, 0x311e3801, 0x1e62155c, 0x2ac08d77, 
    0x1e417a15, 0x29287c22, 0x1ec8fede, 0x62a25b31, 0x098d771e, 0x796b2b45, 0x00231e41, 0x40000500, 0xc0012b00, 0x0200d501, 0x13000500, 0x21001b00, 
    0x27250000, 0x37151115, 0x07170733, 0x27073523, 0x17372737, 0x16173335, 0x36270714, 0x37072734, 0x07141516, 0x28281301, 0x7a5c5c3c, 0x771e6215, 
    0x15621e77, 0x19211fcc, 0x31561515, 0x29a40a0a, 0x51080151, 0x795c5c29, 0x771e62a2, 0xa2621e77, 0x347a3264, 0x2a582a19, 0x18193156, 0x03001919, 
    0x0f000f00, 0xf101f101, 0x17000700, 0x00001a00, 0x23273325, 0x33373307, 0x15071737, 0x23270723, 0x35372735, 0x33173733, 0x01173707, 0x2a452931, 
    0x440f2945, 0x64464689, 0x46644747, 0x47476446, 0x1919c464, 0x2ac0c0ab, 0x64474772, 0x47644646, 0x46466447, 0x004e4eb9, 0x0f000300, 0xf1010f00, 
    0x0700f101, 0x1f000f00, 0x32120000, 0x22061416, 0x32163426, 0x22263436, 0x17251406, 0x07231507, 0x27352327, 0x37333537, 0x46dd3317, 0x32463232, 
    0x4b4b6a20, 0x2b014b6a, 0x47644646, 0x46466447, 0x64474764, 0x46325501, 0xa3463232, 0x4b4b6a4b, 0x47477c6a, 0x64464664, 0x46644747, 0x02000046, 
    0x0f000f00, 0xf101f101, 0x17000700, 0x32360000, 0x22263436, 0x15051406, 0x23270723, 0x35372735, 0x33173733, 0x6acb1715, 0x4b6a4b4b, 0x47642b01, 
    0x46466447, 0x64474764, 0x6a4b8046, 0x126a4b4b, 0x64464664, 0x46644747, 0x00476446, 0x0f000200, 0xf1010f00, 0x0500f101, 0x00001500, 0x34363225, 
    0x15172326, 0x23270723, 0x35372735, 0x33173733, 0x00011715, 0x354b4b35, 0x474764ab, 0x64464664, 0x46644747, 0x4b6a4b80, 0x464664c7, 0x64474764, 
    0x47644646, 0x2b000200, 0xd5012b00, 0x1100d401, 0x00001d00, 0x17373225, 0x26222306, 0x37363435, 0x15060615, 0x16131614, 0x07141516, 0x34353627, 
    0x00012726, 0x40382c48, 0x6f7d586c, 0x574a3651, 0x126f5153, 0x364a0a38, 0x5721386b, 0x7953587d, 0x54084008, 0x01573e38, 0x53790869, 0x1c212730, 
    0x0854381a, 0x55000400, 0xab011500, 0x0d00eb01, 0x19001300, 0x00002700, 0x15333525, 0x23230614, 0x35352622, 0x07371533, 0x07173727, 0x27372717, 
    0x15251737, 0x36343523, 0x16321733, 0x35231515, 0x192a6b01, 0x1911d611, 0x621e402a, 0xb7431e62, 0x1e43431e, 0x2aeafe62, 0x11d61119, 0x2a6b2a19, 
    0x1a1a1155, 0x512a5511, 0x1e62621e, 0x441e6244, 0x95621e44, 0x1a11552a, 0x55111901, 0x0300002a, 0x55000000, 0xab010002, 0x13000300, 0x00002000, 
    0x15233525, 0x15163237, 0x23061415, 0x35262223, 0x33363435, 0x15331525, 0x35333521, 0x21333634, 0x55d50115, 0x0c0c096b, 0x0d098009, 0xeafe090d, 
    0x2bd5fed6, 0x80011119, 0xc0969695, 0x09d5090c, 0xd5090d0d, 0xeb2b0c09, 0x11eb4040, 0x06002b1a, 0x40001500, 0xc001eb01, 0x07000300, 0x0f000b00, 
    0x27001300, 0x15130000, 0x15373523, 0x15053523, 0x15373523, 0x11053523, 0x32011121, 0x14031516, 0x15232306, 0x22233523, 0x34113526, 0x2a953336, 
    0x2a012a2a, 0x01eaeaea, 0x0180fe15, 0x011a1180, 0xaa6b1119, 0x1a1a116b, 0x2b000111, 0x2a2a552b, 0x552b2b55, 0x01c02a2a, 0x0100ff00, 0xff111a2b, 
    0x2b191100, 0x0111192b, 0x001a1100, 0x15000300, 0xeb011500, 0x0700eb01, 0x27001f00, 0x32360000, 0x22263436, 0x33251406, 0x06062315, 0x35231507, 
    0x23272626, 0x36363335, 0x15333537, 0x32061616, 0x22061416, 0x7cc23426, 0x577c5757, 0x2c2c5401, 0x2a436007, 0x2c076043, 0x4360072c, 0xdb60432a, 
    0x46323246, 0x7c576b32, 0x537c5757, 0x0760432a, 0x60072c2c, 0x60432a43, 0x072c2c07, 0x46320360, 0x00463232, 0x15000200, 0xeb011500, 0x0700eb01, 
    0x00001f00, 0x34363236, 0x14062226, 0x23153325, 0x15070606, 0x26263523, 0x33352327, 0x35373636, 0x16161533, 0x57577cc2, 0x5401577c, 0x60072c2c, 
    0x60432a43, 0x072c2c07, 0x432a4360, 0x7c576b60, 0x537c5757, 0x0760432a, 0x60072c2c, 0x60432a43, 0x072c2c07, 0x03000060, 0x15001500, 0xeb01eb01, 
    0x19000700, 0x00002f00, 0x15062725, 0x32331614, 0x07013703, 0x15070627, 0x26263523, 0x33352327, 0x33053736, 0x07062315, 0x34353627, 0x07222326, 
    0x35373627, 0x16161533, 0x1fd15b01, 0xf2323e57, 0x1b65011b, 0x2a372d2c, 0x2c076043, 0x0125062c, 0x052c2c53, 0x570b2010, 0x201b1e3e, 0x432a251f, 
    0x29d18a60, 0x01573e32, 0x9bfe1b3a, 0x06252c1b, 0x60072c2c, 0x2d372a43, 0x1d272a64, 0x3e1e1b20, 0x10200b57, 0x072c2c05, 0x03000060, 0x15001500, 
    0xeb01eb01, 0x19000700, 0x00002f00, 0x15062725, 0x32331614, 0x07013703, 0x15070627, 0x26263523, 0x33352327, 0x33053736, 0x07062315, 0x34353627, 
    0x07222326, 0x35373627, 0x16161533, 0x1fd15b01, 0xf2323e57, 0x1b65011b, 0x2a372d2c, 0x2c076043, 0x0125062c, 0x052c2c53, 0x570b2010, 0x201b1e3e, 
    0x432a251f, 0x29d18a60, 0x01573e32, 0x9bfe1b3a, 0x06252c1b, 0x60072c2c, 0x2d372a43, 0x1d272a64, 0x3e1e1b20, 0x10200b57, 0x072c2c05, 0x02000060, 
    0x15001500, 0xeb01eb01, 0x1f000700, 0x32360000, 0x22263436, 0x33251406, 0x06062315, 0x35231507, 0x23272626, 0x36363335, 0x15333537, 0x7cc21616, 
    0x577c5757, 0x2c2c5401, 0x2a436007, 0x2c076043, 0x4360072c, 0x6b60432a, 0x57577c57, 0x432a537c, 0x2c2c0760, 0x2a436007, 0x2c076043, 0x0060072c, 
    0x40000500, 0xc0012b00, 0x0300d501, 0x0b000700, 0x13000f00, 0x33010000, 0x11072315, 0x35251133, 0x11171533, 0x11271133, 0x95011133, 0x2b552b2b, 
    0x802bd5fe, 0x012b802a, 0x0155562b, 0x5500ff00, 0x01aa5656, 0x5556feaa, 0x00ff0001, 0x2b000100, 0xd5012b00, 0x0200d501, 0x21250000, 0xfed50101, 
    0x2baa0156, 0x0100aa01, 0x36000800, 0xc001f801, 0x00000900, 0x27071701, 0x36273730, 0xb4011732, 0x01b5b501, 0x79fe7944, 0xe0011701, 0x555401e0, 
    0x03000055, 0x2b002b00, 0xd501d501, 0x1c001800, 0x00002c00, 0x11211101, 0x15231533, 0x15233533, 0x06141516, 0x34352622, 0x36343537, 0x21111333, 
    0x16320111, 0x06141115, 0x26222123, 0x36341135, 0xff800133, 0xaa2a5500, 0x221a1640, 0x1119161a, 0x01aafe96, 0x19191156, 0x11aafe11, 0x01111919, 
    0x0100ff80, 0xaaaa2b00, 0x11190c30, 0x19111a1a, 0x1a11300c, 0x5601d5fe, 0x8001aafe, 0xaafe1119, 0x11191911, 0x19115601, 0x2b000600, 0xd5012b00, 
    0x0800d501, 0x1a001100, 0x27002200, 0x00003000, 0x15331537, 0x35262223, 0x33350535, 0x23061415, 0x32133523, 0x23151516, 0x16352335, 0x26220614, 
    0x07323634, 0x21173717, 0x35231503, 0x33333634, 0x96965515, 0x80011911, 0x9611192a, 0x2a191196, 0x1a135696, 0x831a1313, 0xff402b40, 0x192a2b00, 
    0x96eb9611, 0x9611192a, 0x11969696, 0x80012a19, 0x96961119, 0x131a7d2a, 0x80131a13, 0x0155394f, 0x1196962b, 0x02002a19, 0x40004000, 0xdc01dc01, 
    0x11000d00, 0x17010000, 0x23153307, 0x15273335, 0x15333523, 0x15333503, 0x79796301, 0x784eab5d, 0xabababab, 0x7879dc01, 0x4e78abab, 0xddfe5dab, 
    0x0400abab, 0x6b001500, 0x9501eb01, 0x1d000700, 0x31002100, 0x15130000, 0x26343533, 0x22070622, 0x34353526, 0x34353336, 0x15163236, 0x15163215, 
    0x23061415, 0x15213517, 0x15163201, 0x23061415, 0x35262221, 0x33363435, 0x160f34e6, 0x0c09110f, 0x2419090c, 0x0c0c0919, 0xd6fe6a09, 0x1a115501, 
    0x80fe111a, 0x111a1a11, 0x16162b01, 0x8a0f0f0a, 0x0940090c, 0x1911160c, 0x0c161218, 0x0c094009, 0x01d6d616, 0xd6111900, 0x11191911, 0x001911d6, 
    0x6b000400, 0x95011500, 0x0300eb01, 0x1b001300, 0x00003100, 0x11231125, 0x15163213, 0x23061411, 0x35262223, 0x33363411, 0x35331517, 0x06222634, 
    0x35262207, 0x33363435, 0x32363435, 0x32151516, 0x14151516, 0x6b012306, 0x1911d6d6, 0x11d61119, 0x51111919, 0x0f160f34, 0x0c0c0911, 0x19241909, 
    0x090c0c09, 0xfe2a016b, 0x1a8001d6, 0x1180fe11, 0x01111a1a, 0xc01a1180, 0x0f0a1616, 0x090c8a0f, 0x160c0940, 0x12181911, 0x40090c16, 0x04000c09, 
    0x15001500, 0x0002fa01, 0x1d000700, 0x3f002700, 0x15010000, 0x26343533, 0x22070622, 0x34353526, 0x34353336, 0x15163236, 0x15163215, 0x23061415, 
    0x07173705, 0x33272622, 0x16251616, 0x06070714, 0x26012722, 0x36373734, 0x07171732, 0x37170727, 0x66013727, 0x161e1549, 0x0c0c0911, 0x1f2c2009, 
    0x090c0c09, 0x511cf5fe, 0x0893640e, 0x01450620, 0x880a0a70, 0xff0a1a09, 0x870a0a00, 0x340a1b09, 0xf2792d1e, 0x011e2f78, 0x0f0b0bcb, 0x0c9a1515, 
    0x0c095609, 0x1f1f160b, 0x090c0b16, 0xf50c0956, 0x8801511c, 0x8c613b63, 0x870a1b09, 0x00010a0a, 0x880a1a09, 0x1e340a0a, 0x79f2782c, 0x04001e2f, 
    0x00000100, 0x0002ff01, 0x0d000900, 0x27001d00, 0x37370000, 0x26220717, 0x16163327, 0x07013717, 0x14160137, 0x22060707, 0x34260127, 0x32363737, 
    0x37270717, 0x23171632, 0x1da02626, 0x93640e51, 0x44062008, 0x00ff88d1, 0x01019e88, 0x09880a0a, 0xfffe0a1a, 0x09880a0a, 0x511d901a, 0x0893640e, 
    0x36440620, 0x8801511c, 0x13603c63, 0x88000188, 0x09fffe9f, 0x0a880a1a, 0x0901010a, 0x0a880a1a, 0x01511c1b, 0x603c6388, 0x55000400, 0xab012b00, 
    0x0300d501, 0x0b000700, 0x00001900, 0x15233501, 0x15233523, 0x15233523, 0x15163237, 0x23061411, 0x35262221, 0x80013713, 0x152b152b, 0x1a11ab2b, 
    0x00ff111a, 0x7f011a11, 0x56565501, 0x56565656, 0xfe111980, 0x191911aa, 0x80000111, 0x15000300, 0xeb014000, 0x0300c001, 0x26001300, 0x11250000, 
    0x32011121, 0x14111516, 0x22212306, 0x34113526, 0x22133336, 0x36343526, 0x33363337, 0x33171632, 0x06141632, 0xfec00123, 0x11800180, 0xfe111a1a, 
    0x1a1a1180, 0x261a8011, 0x15041821, 0x042a1c2e, 0x1f1f1601, 0x2c016a16, 0x5601d4fe, 0xd6fe111a, 0x111a1a11, 0x1a112a01, 0x1a26ebfe, 0x2b022419, 
    0x2c1f1b25, 0x0100001f, 0x2b002b00, 0xd501d501, 0x00000200, 0x2b110137, 0x012baa01, 0x0056feaa, 0x2b000300, 0xd5012b00, 0x0400d501, 0x0c000800, 
    0x01370000, 0x33112315, 0x27153335, 0x2b153335, 0x2b55aa01, 0x2b2a2a2a, 0xfe80aa01, 0x552a2ad6, 0x0200abab, 0x1d003300, 0xc001c301, 0x12000b00, 
    0x01130000, 0x23062707, 0x35262223, 0x15252735, 0x32333727, 0x75014e16, 0x080c281c, 0x381911d6, 0x32f26201, 0x01191196, 0x1c8cfead, 0x111a0629, 
    0xf90338ef, 0x001a32f2, 0x2b000200, 0xd5012b00, 0x0200d501, 0x00000500, 0x01211101, 0xd5012101, 0x800156fe, 0x1901e7fe, 0x56fed501, 0xe7fe4301, 
    0x15000200, 0xd5011500, 0x0600eb01, 0x00000900, 0x27070113, 0x25273721, 0x01662711, 0xfe2a1b6f, 0x0187bd85, 0xa001b775, 0x2b1b90fe, 0xfe6688bd, 
    0x0100b791, 0x36000800, 0xc001f801, 0x00000400, 0x32360325, 0xf8000117, 0x3679fe79, 0x55553501, 0x09000300, 0x00022b00, 0x1b00c001, 0x39002300, 
    0x15250000, 0x3e370307, 0x061e3207, 0x26071717, 0x17062223, 0x22263435, 0x33151506, 0x15151632, 0x23230614, 0x35352622, 0x35333634, 0x16323634, 
    0x4b4b0115, 0x0d0606f7, 0x24201916, 0x2d2e2d27, 0x19202427, 0x06060d16, 0x2d10062c, 0x1a138a3d, 0x0d085613, 0x086b080d, 0x1e080d0d, 0x38cb1f2e, 
    0x0536015e, 0x0c0e0904, 0x050a0b0f, 0x0f0b0a05, 0x04090e0c, 0x3d023805, 0x130d204d, 0x0e200d13, 0x0d085508, 0x0855080d, 0x1e17200e, 0x0200161f, 
    0x36000800, 0xe101f801, 0x10000a00, 0x16130000, 0x27071700, 0x37360307, 0x27070527, 0x46323336, 0x481b010c, 0xf853471b, 0x012b2d21, 0x2ddd74cd, 
    0xe1017f2c, 0x4ae6fe0c, 0x0167471b, 0x2c141b35, 0x0adc915b, 0x2b000600, 0xd5015500, 0x0300ab01, 0x0b000700, 0x13000f00, 0x00001700, 0x35331513, 
    0x15213507, 0x15233525, 0x21152127, 0x35331517, 0x15213507, 0x01552b55, 0x2babfeaa, 0xfeaa012a, 0x552b2a56, 0x1501aa01, 0x56402a2a, 0x2a2a9656, 
    0x2ac05640, 0x5656402a, 0x66000100, 0x95012600, 0x2c00eb01, 0x33010000, 0x14152315, 0x15232306, 0x06141516, 0x34352622, 0x22233537, 0x26353526, 
    0x32363435, 0x07141516, 0x23353315, 0x15231737, 0x01233533, 0x19155540, 0x1b1a4012, 0x401a1b28, 0x1c1a1912, 0x40191c26, 0x2b40402b, 0x6b011540, 
    0x19122a56, 0x131c0e41, 0x1c131c1c, 0x1219410e, 0x141b0e2c, 0x1c141b1b, 0x56aa2c0d, 0x002aaa56, 0x00000300, 0x00022b00, 0x0700d501, 0x29001d00, 
    0x35250000, 0x06222634, 0x32331515, 0x14151516, 0x22232306, 0x34353526, 0x34353336, 0x15163236, 0x15062227, 0x36010715, 0x26071720, 0x1a13d501, 
    0x0c095613, 0x096b090c, 0x1f090c0c, 0x2c36202c, 0x00ff4b3e, 0x70200170, 0x20ab0639, 0x0d13130d, 0x55090d20, 0x090c0c09, 0x200d0955, 0x161f1f16, 
    0x3d2c3e6a, 0x55550163, 0x00014c55, 0x2b000300, 0xd5013200, 0x1700c001, 0x35002d00, 0x32120000, 0x06141516, 0x36362707, 0x22263435, 0x16141506, 
    0x26260717, 0x14053435, 0x36270706, 0x22263435, 0x17141506, 0x35262607, 0x16323634, 0x14163206, 0x34262206, 0x397db0a8, 0x2f271631, 0x2e648e64, 
    0x39311527, 0x1d235501, 0x46322a15, 0x1d152a32, 0x4b6a4b23, 0x1a1a2291, 0xc0011a22, 0x633a597c, 0x4f17251c, 0x6464462e, 0x174e2f46, 0x3a631c25, 
    0x3b235959, 0x31192511, 0x23323223, 0x11251931, 0x4b35233b, 0x22190b4b, 0x00221a1a, 0x95000100, 0x80011500, 0x2700eb01, 0x33010000, 0x22061415, 
    0x34113526, 0x15163236, 0x22061415, 0x33353526, 0x32161415, 0x34353536, 0x15062226, 0x32161411, 0x60013536, 0x45624420, 0x1f324633, 0x0d20202c, 
    0x2c1f0c12, 0x32463320, 0x31f58001, 0x01314545, 0x3333230a, 0x1f16e023, 0xcbcb161f, 0x090c0c09, 0x202016e0, 0x23f6fe16, 0x00233333, 0x87000100, 
    0x60014000, 0x2800c001, 0x1e130000, 0x06141503, 0x35231507, 0x33272626, 0x36323316, 0x26273435, 0x37363435, 0x16153335, 0x26231716, 0x15062223, 
    0x1d16fc14, 0x22291120, 0x022b2140, 0x1f3b042f, 0x2a64401b, 0x23214020, 0x34022f01, 0x17011f1a, 0x20150c06, 0x06271f16, 0x2a072e2e, 0x0f172d21, 
    0x41171024, 0x2e07291d, 0x1d2c082f, 0x1d12162d, 0x40000500, 0xc0014000, 0x0300c001, 0x0b000700, 0x13000f00, 0x35010000, 0x35171523, 0x35271523, 
    0x35171523, 0x21031523, 0x95012111, 0x2a808080, 0x2b808080, 0x80fe8001, 0x80801501, 0xaa8080aa, 0x80aa8080, 0xfe550180, 0x11000080, 0x40004000, 
    0xc001c001, 0x07000300, 0x0f000b00, 0x17001300, 0x1f001b00, 0x27002300, 0x2f002b00, 0x37003300, 0x3f003b00, 0x00004300, 0x35231537, 0x15213515, 
    0x35231525, 0x15333525, 0x23153327, 0x35231505, 0x15333505, 0x15333527, 0x35231527, 0x35231523, 0x35231517, 0x35231527, 0x35231527, 0x35231517, 
    0x35231527, 0x35231513, 0x35231527, 0x80012b6b, 0x012babfe, 0x2b2b2b55, 0x2bd6fe2b, 0x2b2b5501, 0x2b2b552b, 0x2b2b802a, 0xd52b802a, 0x802b2b2a, 
    0xc02b2b2a, 0x2b802b2b, 0x2a2ad52b, 0x802b2b2b, 0x2b2b2a2b, 0x562b2bd6, 0x2bd52a2a, 0xab2b2b2b, 0x2b562a2a, 0x2b2b552b, 0xab2a2aab, 0x00ff2b2b, 
    0x2a552b2b, 0x1500002a, 0x40004000, 0xc001c001, 0x07000300, 0x0f000b00, 0x17001300, 0x1f001b00, 0x27002300, 0x2f002b00, 0x37003300, 0x3f003b00, 
    0x47004300, 0x4f004b00, 0x00005300, 0x15333501, 0x15333507, 0x15333507, 0x15333503, 0x23153337, 0x15333507, 0x15333533, 0x15333503, 0x15333527, 
    0x15333507, 0x15333527, 0x15333527, 0x15333507, 0x15333507, 0x15333507, 0x15333507, 0x15333533, 0x15333527, 0x15333507, 0x15333527, 0x15333527, 
    0x2b2b4001, 0x802b2b2b, 0x2b2b802a, 0x2b802aaa, 0x2b2b2b2b, 0x2ad52b2b, 0x2b2b2bd5, 0x2b2b2b2b, 0x2a802b2b, 0x2b802a2a, 0x2b2b2b2b, 0x2b2b9501, 
    0xab2a2aaa, 0x55012b2b, 0x2b2b2b2b, 0x2b2b2b55, 0x2b00ff2b, 0x2a2aab2b, 0x562b2b56, 0x2baa2a2a, 0x2b2b552b, 0x562a2a55, 0x2b552b2b, 0x552b2b2b, 
    0x2b552b2b, 0x2a2aab2b, 0x002b2baa, 0x00000300, 0x00020000, 0x03000002, 0x12000d00, 0x21350000, 0x07012115, 0x32363727, 0x14161717, 0x35230707, 
    0xfe000237, 0x2aba0100, 0x12062a50, 0x45063206, 0x55d650d6, 0x2aaa0155, 0x06062a50, 0x45120632, 0x00d650d6, 0x40001100, 0xc0014000, 0x0300c001, 
    0x0b000700, 0x13000f00, 0x1b001700, 0x23001f00, 0x2b002700, 0x33002f00, 0x3b003700, 0x43003f00, 0x35250000, 0x35231533, 0x35271533, 0x35371533, 
    0x33271533, 0x35052315, 0x35071521, 0x35371533, 0x15031533, 0x15173523, 0x15373523, 0x15233523, 0x15233523, 0x35133523, 0x35271533, 0x15351533, 
    0x35113523, 0x95011533, 0x802b802b, 0x2b2b802a, 0xabfe2b2b, 0x2ad58001, 0x2aab2b80, 0x2b802a2a, 0x2b2a2b80, 0x2b802b55, 0x2b402b2b, 0x552b2b2b, 
    0x2bab2b2b, 0xaa2b802b, 0x2bab2a2a, 0x2b2b552b, 0x2b2b2b01, 0x552b2b55, 0x2b2b2b2b, 0x80fe2b2b, 0x2b552b2b, 0x2b2bd62b, 0x2b2bd5fe, 0x40000d00, 
    0xc0014000, 0x0300c001, 0x13000700, 0x1b001700, 0x23001f00, 0x2b002700, 0x33002f00, 0x3b003700, 0x35250000, 0x35071533, 0x15031533, 0x15231533, 
    0x35233523, 0x35133533, 0x33131533, 0x35152315, 0x15271533, 0x15233523, 0x15333523, 0x35033523, 0x15351533, 0x35133523, 0x35231533, 0x95011533, 
    0xab2b2b2b, 0xab2aabab, 0x2a2b55ab, 0x552b2b2b, 0x802bd52b, 0x2b2b552b, 0x2b802b55, 0x552b2b95, 0x80012b2b, 0xabab2aab, 0x80feab2a, 0x80012b2b, 
    0x2b2b552b, 0x2b2b2b80, 0xfe2b2b2b, 0xd62b2bd5, 0xd5fe2b2b, 0x2b2b2b2b, 0x40001100, 0xc0014000, 0x0300c001, 0x0b000700, 0x13000f00, 0x1b001700, 
    0x23001f00, 0x2b002700, 0x33002f00, 0x3b003700, 0x43003f00, 0x35010000, 0x35071533, 0x35171533, 0x35271533, 0x33271533, 0x35112315, 0x35071533, 
    0x35131533, 0x11011533, 0x35371133, 0x35271533, 0x35031533, 0x35371533, 0x35271533, 0x35271533, 0x35031533, 0x35071533, 0x40011533, 0x2a2b2b2b, 
    0x2b2b2b2b, 0x802b2b2b, 0xfe2b2a2b, 0x2b2a2b80, 0x2b2b2b2b, 0x2a2a2a2b, 0x2a2a2a2a, 0x95012a2a, 0x2aaa2b2b, 0x2b2bab2a, 0xd52a2aab, 0x2b00ff2b, 
    0x2b2b552b, 0x2b2b0001, 0x800100ff, 0x2aab80fe, 0x2b2baa2a, 0x2b2babfe, 0x552a2aab, 0x2b552b2b, 0x2b00ff2b, 0x2b2b552b, 0x40000700, 0xc0014000, 
    0x0300c001, 0x0b000700, 0x13000f00, 0x1b001700, 0x15130000, 0x15173523, 0x11173523, 0x21031121, 0x15252111, 0x15233523, 0x15373523, 0x2bc03523, 
    0xfeaa2a80, 0x80012bd6, 0x2b0180fe, 0x2a2a2b2b, 0x2a15012a, 0x2b2b552a, 0xfe2a0155, 0xfe5501d6, 0x2a2ad580, 0x2b562a2a, 0x1100002b, 0x40004000, 
    0xc001c001, 0x07000300, 0x0f000b00, 0x17001300, 0x1f001b00, 0x27002300, 0x2f002b00, 0x37003300, 0x3f003b00, 0x00004300, 0x15333513, 0x15333527, 
    0x15333507, 0x15333537, 0x15333503, 0x23113313, 0x15333527, 0x15333507, 0x15333527, 0x15333507, 0x15333527, 0x15333517, 0x15333523, 0x15333537, 
    0x15333527, 0x15333523, 0x15333513, 0x2a2a2aeb, 0x2b2b2a2a, 0x2b2a2b2b, 0x802b552b, 0x2b2bd52a, 0x802b2b2b, 0x2a2bd52a, 0x802b2b2b, 0x012b2a2b, 
    0x552b2b40, 0x2aaa2b2b, 0x2b2baa2a, 0x2b2babfe, 0x80fe8001, 0x562a2aab, 0x2bab2b2b, 0x2b2bab2b, 0xab2a2a56, 0x2b2b2b2b, 0xaa2a2aab, 0x2b2b2b2b, 
    0x2b2babfe, 0x40000800, 0xc0014000, 0x0300c001, 0x0d000900, 0x15001100, 0x1d001900, 0x00002100, 0x15333501, 0x21152125, 0x35252311, 0x35071533, 
    0x35071533, 0x35231533, 0x35331533, 0x35231533, 0x95011533, 0x0180fe2b, 0x2babfe80, 0x2b2b5501, 0x802ad52b, 0x802bd52b, 0x2b40012b, 0xfe2b802b, 
    0x2a2aabab, 0x552b2b56, 0x2b2b2b2b, 0x2b2b2b2b, 0x40001100, 0xc0014000, 0x0300c001, 0x0b000700, 0x13000f00, 0x1b001700, 0x23001f00, 0x2b002700, 
    0x33002f00, 0x3b003700, 0x43003f00, 0x35250000, 0x35171533, 0x35031533, 0x35131533, 0x35371533, 0x21011533, 0x35052115, 0x35271533, 0x35071533, 
    0x35271533, 0x35071533, 0x35071533, 0x35271533, 0x35171533, 0x35271533, 0x35231533, 0x35071533, 0x40011533, 0xd52b2a2b, 0x2a2b2b2a, 0x0180fe2b, 
    0x0180fe80, 0x2b2b2b55, 0x2bd52ad5, 0x2b2b2b2b, 0x2a802b2b, 0x2b802a2a, 0x2aeb2b2b, 0x2b2bab2a, 0x2b2b0001, 0x2b2b00ff, 0x012b2b55, 0x2aaa2b2b, 
    0x2b2b552a, 0xab2b2bab, 0x2a552b2b, 0x2b2bab2a, 0x552b2b55, 0x2aab2b2b, 0xab2a2a2a, 0x11002b2b, 0x40004000, 0xc001c001, 0x07000300, 0x0f000b00, 
    0x17001300, 0x1f001b00, 0x27002300, 0x2f002b00, 0x37003300, 0x3f003b00, 0x00004300, 0x15333525, 0x15333507, 0x15333503, 0x15333517, 0x23153327, 
    0x15333515, 0x15333507, 0x11331123, 0x15333537, 0x15333501, 0x15333503, 0x15333507, 0x15333527, 0x15333533, 0x15333507, 0x15333503, 0x15333507, 
    0x2b2b4001, 0x2a2b2b2b, 0x2b2b2b2b, 0xd52b2b2b, 0xfe2b802a, 0x2b802bd5, 0x2b2b2b2b, 0x2b2b2b2a, 0x2b2b2b80, 0xab2a2aeb, 0x55012b2b, 0x2b552b2b, 
    0xaa2b802b, 0x2bab2a2a, 0xfe80012b, 0x2b2b5580, 0x2b2b0001, 0x2b2b00ff, 0xab2b2b55, 0x2a2a2a2a, 0x012b2bab, 0x552b2b55, 0x05002b2b, 0x40004000, 
    0xc001c001, 0x07000300, 0x0f000b00, 0x00001300, 0x21152113, 0x23153317, 0x15213507, 0x15213505, 0x23153325, 0xfe800140, 0xd6d65580, 0xfe800155, 
    0xfe800180, 0x01d6d6d5, 0x2b2a2bc0, 0xab2a2a55, 0x2b802b2b, 0x40000500, 0xc0014000, 0x0300c001, 0x0b000700, 0x13000f00, 0x21130000, 0x35152115, 
    0x35051521, 0x35051521, 0x35051521, 0x01401521, 0x0180fe80, 0x0180fe80, 0x0180fe80, 0x0180fe80, 0x2bc00180, 0x552b2b55, 0x2b562a2a, 0x2b2b552b, 
    0x40000500, 0xc0014000, 0x0300c001, 0x0b000700, 0x13000f00, 0x21130000, 0x35112115, 0x35251521, 0x15271521, 0x15053521, 0x01403521, 0x0180fe80, 
    0x0180fe80, 0x00ff8080, 0x00ff0001, 0xfe2bc001, 0xab2b2bab, 0x2b802a2a, 0x2b2bab2b, 0x40000500, 0xc0014000, 0x0300c001, 0x0b000700, 0x13000f00, 
    0x21130000, 0x35172115, 0x35051521, 0x35051521, 0x35051521, 0x01401521, 0x8080fe80, 0x80fe0001, 0x00ff8001, 0x80fe0001, 0xc0018001, 0x2b2b552b, 
    0x562a2a55, 0x2b552b2b, 0x0300002b, 0x80009500, 0xab017b01, 0x0f000700, 0x00001b00, 0x34363225, 0x15232326, 0x32331535, 0x23263436, 0x14151617, 
    0x11232306, 0x14163233, 0x120e2001, 0x404b0e12, 0x0d13130d, 0x222d2e38, 0x31248697, 0x131a13b5, 0x1340c040, 0x155b131a, 0x012f2234, 0x0048322b, 
    0x2b000200, 0xab014000, 0x08009501, 0x00001100, 0x23152113, 0x23372707, 0x01172727, 0x23072707, 0x01802737, 0x2d227c2b, 0x3a3c330f, 0x1b340106, 
    0x34402179, 0x40950194, 0x3c242c50, 0xcbfe0504, 0x7b4e791b, 0x04000094, 0x00000000, 0x00020002, 0x0e000300, 0x21001100, 0x21350000, 0x16012115, 
    0x22061415, 0x36343526, 0x27332537, 0x07141617, 0x22230607, 0x34262727, 0x37273737, 0x00fe0002, 0x1a2b9501, 0x0a151922, 0x67cde5fe, 0x750a0a8c, 
    0x0a0c0d0a, 0x6e0a0a76, 0x55551f33, 0x1c2f0b01, 0x111a1a11, 0x2d0c260c, 0x1a0a5066, 0x0a0a7509, 0x0a1a0975, 0x001e336e, 0x55000200, 0xa8013d00, 
    0x0b00bc01, 0x00001300, 0x27070113, 0x26222306, 0x27373435, 0x27071405, 0x70021e37, 0x391b3801, 0x4b352f25, 0x2b01471c, 0x0e3ab703, 0x9001472b, 
    0x381bc8fe, 0x22354b20, 0x0f9f4736, 0x104bb80d, 0x03007b36, 0x00000000, 0xc0010002, 0x0a000200, 0x00000e00, 0x27273313, 0x27231333, 0x07230723, 
    0xcd211521, 0x2a153366, 0x86173075, 0x02753018, 0x0100fe00, 0xfe398700, 0x404040d5, 0x06000055, 0x40004000, 0xc001c001, 0x07000300, 0x0f000b00, 
    0x16001200, 0x35370000, 0x35271533, 0x21251533, 0x35112115, 0x37251521, 0x33351715, 0xd5d5eb15, 0x0180fed5, 0x0180fe80, 0x5580fe80, 0x2aebd556, 
    0x2b2b552a, 0xabfe2b80, 0x55c02b2b, 0x2b2b16aa, 0x40000600, 0xc0014000, 0x0300c001, 0x0b000700, 0x12000f00, 0x00001600, 0x15333537, 0x15333527, 
    0x21152125, 0x15333513, 0x15071725, 0xeb152135, 0xfed5d5d5, 0xfe800180, 0xfed5ab80, 0x01555580, 0x2a2aeb80, 0x802b2b55, 0x2b00ff2b, 0x5555c02b, 
    0x002b2b6b, 0x80000100, 0x80018000, 0x0b00ab01, 0x33130000, 0x33072315, 0x33352315, 0xabd52337, 0xab2f483c, 0x012f483c, 0x40ab40ab, 0x0400ab40, 
    0x4b002000, 0xb501d501, 0x07000300, 0x15000b00, 0x35370000, 0x35051521, 0x21011521, 0x15232115, 0x33270733, 0x17372335, 0xff0001d5, 0xff000100, 
    0xff000100, 0x4a355500, 0x4b35354b, 0x2a2aeb4a, 0x012a2a80, 0x4ad62a2a, 0x4a4ad64a, 0x35000600, 0xc0016000, 0x0300a001, 0x0b000700, 0x1b001300, 
    0x00002300, 0x21152113, 0x15213515, 0x15213505, 0x14163224, 0x34262206, 0x14163212, 0x34262206, 0x14163216, 0x34262206, 0xfe2b0195, 0xfe2b01d5, 
    0xfe2b01d5, 0x13131a88, 0x1a13131a, 0x131a1313, 0x13131a13, 0x9501131a, 0x2a2a802a, 0x352a2a80, 0x13131a13, 0x1213011a, 0x1c12121c, 0x121c126e, 
    0x06001c12, 0x55002b00, 0xab01c001, 0x07000300, 0x15000b00, 0x27001b00, 0x35370000, 0x35051521, 0x21011521, 0x35072115, 0x33071533, 0x37352315, 
    0x35233527, 0x35071533, 0x35231533, 0x35233533, 0x01953533, 0x01d5fe2b, 0x01d5fe2b, 0x6ad5fe2b, 0x40272740, 0x2a151126, 0x2a40402a, 0x2aeb1515, 
    0x2a2a802a, 0x562a2a01, 0x162c1416, 0x40402c14, 0x16c05616, 0x160a1656, 0x0100000a, 0x2b005500, 0xd501c001, 0x00001f00, 0x23153301, 0x23061415, 
    0x35262223, 0x23353335, 0x23061415, 0x35262221, 0x33363435, 0x15163221, 0xab408001, 0x092b090c, 0x0c15d50c, 0x0900ff09, 0x01090d0d, 0x010c0900, 
    0x09c0abab, 0xeb090c0c, 0x0d091555, 0x0955090d, 0x00090c0c, 0x6b000200, 0x95019500, 0x06006b01, 0x00000d00, 0x35233725, 0x23071533, 0x33352337, 
    0x2b010715, 0x2a80402a, 0x80402beb, 0x8056952b, 0x80565680, 0x02005680, 0x6b004000, 0xab01d501, 0x0f000700, 0x35130000, 0x15231533, 0x21373523, 
    0x23112315, 0xc0402311, 0x01404040, 0x6b406a15, 0x40400001, 0x40ab9595, 0x000100ff, 0x40000300, 0xc0016b00, 0x0300ab01, 0x0f000b00, 0x35370000, 
    0x21251521, 0x23152315, 0x35132335, 0x01401533, 0x01abfe80, 0x6a566a2a, 0x2bd5566a, 0x4040d62b, 0x4000ff40, 0x02000040, 0x2b006b00, 0xd501c001, 
    0x15000600, 0x07250000, 0x21352135, 0x26222735, 0x33333634, 0x23152315, 0x23152335, 0xff55c001, 0xab000100, 0x23323223, 0x2a2b2bab, 0x4055802b, 
    0x3256402a, 0xeb2a3246, 0x0200ebeb, 0x2b005500, 0xd501ab01, 0x15000600, 0x21370000, 0x27152115, 0x26223737, 0x33333634, 0x23152315, 0x23152335, 
    0xff0001ab, 0x2a565600, 0x23323223, 0x2b2a2bab, 0x402a952b, 0x32565555, 0xeb2a3246, 0x0200ebeb, 0x40006b00, 0xc0019501, 0x13000300, 0x21370000, 
    0x22362115, 0x33353526, 0x32161415, 0x33353536, 0x016b1415, 0xcad6fe2a, 0x2c354b6a, 0x6b352c3e, 0x354b552b, 0x2b1fabab, 0xabab1f2b, 0x01000035, 
    0x55008000, 0xab018001, 0x00000b00, 0x17231501, 0x21153307, 0x35273735, 0x6a958001, 0x00ff956a, 0xab018b8b, 0x406b6b40, 0x2b80802b, 0x40000400, 
    0xc0014000, 0x0300c001, 0x0b000700, 0x00001b00, 0x15233525, 0x15233523, 0x15233523, 0x15163201, 0x23061411, 0x35262221, 0x33363411, 0x2b2b6b01, 
    0x012b2b2a, 0x1a1a1100, 0x11d6fe11, 0x95111a1a, 0xd6d65656, 0x2b019696, 0xd6fe111a, 0x111a1a11, 0x1a112a01, 0x2b000400, 0xd5012b00, 0x0300d501, 
    0x0b000700, 0x00001900, 0x15213501, 0x15213505, 0x15213505, 0x15163201, 0x22212711, 0x34113526, 0x80013336, 0x000100ff, 0x000100ff, 0x2b0100ff, 
    0xfe551911, 0x191911d5, 0x2b550111, 0x2b2b402b, 0x012b2b40, 0xfe111900, 0x111a5580, 0x19110001, 0x55000200, 0xab012b00, 0x0200d501, 0x00001000, 
    0x27273301, 0x14111733, 0x22212306, 0x34133526, 0x76150136, 0x80ab9576, 0x00ff111a, 0x19011a11, 0x20754001, 0x1100ff80, 0x01111919, 0x00191156, 
    0x2b000500, 0xd5012b00, 0x0500d501, 0x15000d00, 0x25001d00, 0x22240000, 0x06332726, 0x34262226, 0x14163236, 0x34262216, 0x14163236, 0x34363206, 
    0x14062226, 0x14163212, 0x34262206, 0x3b4a2501, 0x9e0dda0d, 0x1a13131a, 0x131a8313, 0xb1131a13, 0x8c65658c, 0x7db05365, 0x8b7db07d, 0x61212129, 
    0x13131a13, 0x1a13131a, 0xd31a1313, 0x65658c65, 0x7d1b018c, 0xb07d7db0, 0x40000300, 0xc0014000, 0x0300eb01, 0x1f001b00, 0x35250000, 0x33131521, 
    0x16323315, 0x06141115, 0x26222123, 0x36341135, 0x33353333, 0x15173315, 0x95013523, 0x2bead6fe, 0x1a1a1115, 0x12d6fe11, 0x15121919, 0x6b16aa2b, 
    0x01eaea6b, 0x111a2b80, 0x1a11d6fe, 0x2a01111a, 0x2b2b1a11, 0x006b6bc0, 0x2b000300, 0xd5019500, 0x0f006b01, 0x23001300, 0x32010000, 0x23061416, 
    0x32333523, 0x23263436, 0x35073523, 0x14241533, 0x15333316, 0x34262223, 0x15333336, 0x6b012223, 0x2c3e3e2c, 0x271b5656, 0x6a561b27, 0x27fefeaa, 
    0x2c56561b, 0x562c3e3e, 0x6b011b56, 0x293f583f, 0x29273627, 0x302a2a80, 0x3f292736, 0x00293f58, 0x40000200, 0xc0014000, 0x0400c001, 0x00001400, 
    0x27210737, 0x06141707, 0x26222123, 0x36341135, 0x16322133, 0x014ab515, 0xd54a602a, 0xd6fe111a, 0x111a1a11, 0x1a112a01, 0x608060e0, 0x1a1a1135, 
    0x112a0111, 0x00111a1a, 0x77000200, 0x89014d00, 0x0800b501, 0x00000c00, 0x23173713, 0x37270715, 0x37271335, 0x6060a017, 0x741e804b, 0x491e4980, 
    0x60605501, 0x731e8088, 0x48f8fe77, 0x0100481e, 0x2b002b00, 0xd501d501, 0x00000d00, 0x21271101, 0x11352622, 0x21333634, 0xd5011632, 0x11d5fe55, 
    0x01111919, 0x01191156, 0x5580feab, 0x0001111a, 0x00191911, 0x40000200, 0xc0014000, 0x0900c001, 0x00000e00, 0x37270701, 0x17173236, 0x37051416, 
    0x01230717, 0x275027ba, 0x32061206, 0xec80fe06, 0x0150ec50, 0x2750276a, 0x06320606, 0x50ece012, 0x020000ec, 0x55006b00, 0xab019501, 0x0a000600, 
    0x37370000, 0x23152317, 0x15212735, 0x95956b21, 0x01558055, 0xd5d6fe2a, 0x80809696, 0x01002bd6, 0xc0005500, 0x4001ab01, 0x00000700, 0x21153301, 
    0x21153335, 0xfe2b8001, 0x00012baa, 0x80804001, 0x02000055, 0x80004000, 0xc001c001, 0x38001f00, 0x14370000, 0x34353233, 0x26222726, 0x35232326, 
    0x14231521, 0x15161716, 0x23060714, 0x27262722, 0x34373526, 0x06072223, 0x16171415, 0x26342317, 0x34352635, 0x32333637, 0xc8151617, 0x110d313e, 
    0x02040501, 0x538001cd, 0x43070103, 0x0f101915, 0xae271424, 0x030b2433, 0x620e1010, 0x22200804, 0x1f1e3531, 0x102436e8, 0x0202080e, 0x05012b2b, 
    0x3d121101, 0x07030613, 0x78321d0f, 0x0806162d, 0x050a0b0f, 0x0d010301, 0x181a2517, 0x00291c1b, 0x55000200, 0xab014000, 0x0300c001, 0x00000a00, 
    0x21152137, 0x33270725, 0x55153335, 0xaafe5601, 0x55550001, 0x2b6b2a40, 0xd55656ab, 0x030000d5, 0x15005500, 0xeb01ab01, 0x0a000300, 0x00001100, 
    0x21152113, 0x33270725, 0x03153335, 0x15231737, 0x01553523, 0x01aafe56, 0x40555500, 0x55556a2a, 0x15012a40, 0x5555aa2a, 0xd6fe5656, 0x56565555, 
    0x55000200, 0xab014000, 0x0300c001, 0x00000a00, 0x21152113, 0x23173717, 0x55352315, 0xaafe5601, 0x40555556, 0x2bc0012a, 0xd5565680, 0x030000d5, 
    0x40005500, 0x9501c001, 0x16001200, 0x00001a00, 0x14163201, 0x15232306, 0x33153727, 0x26343632, 0x25352123, 0x11352115, 0x01153335, 0x3232236b, 
    0x40402b23, 0x1a1a1130, 0x01e5fe11, 0x80aafe56, 0x46321501, 0x40402b32, 0x1a221a2b, 0x2a2a802a, 0x2a2ad6fe, 0x57000200, 0xa9014000, 0x1400c001, 
    0x00002200, 0x27070113, 0x23150706, 0x27262635, 0x32331633, 0x35262737, 0x07221727, 0x35373627, 0x16161533, 0x72262317, 0x2f1b3701, 0x21402113, 
    0x042f022c, 0x4b0e253c, 0x13b44953, 0x120e1f0e, 0x01232040, 0xa901022f, 0x301bc8fe, 0x2e2e0711, 0x2d212a07, 0x3b194a14, 0x1f062149, 0x2f2e0507, 
    0x2d1d2c08, 0x55000200, 0xab01c000, 0x03004001, 0x00000700, 0x15213537, 0x35211535, 0xfe560155, 0x2b2bc0aa, 0x002b2b80, 0x15000800, 0xeb011500, 
    0x0200eb01, 0x0e000a00, 0x1e001200, 0x26002200, 0x00003a00, 0x17273337, 0x37230723, 0x37231733, 0x13233533, 0x27152335, 0x23353335, 0x23152335, 
    0x07153315, 0x11152335, 0x05353315, 0x15331523, 0x15233523, 0x35333523, 0x15333523, 0xe4333533, 0x4b251c38, 0x1e49230f, 0x2b602248, 0x2a2b2b2b, 
    0x2ad62a2a, 0x2b2b2a2a, 0x2b2b8001, 0x2b80d680, 0x80d6802b, 0x2a6d52f0, 0x2beac0c0, 0x2b2b80fe, 0x2ad62a2b, 0x2b2ad62a, 0x80012b2b, 0xd6552b2b, 
    0x802b2b80, 0x2b2b80d6, 0x4b000400, 0xb5012b00, 0x0300d501, 0x0b000700, 0x00001300, 0x07173701, 0x07173725, 0x23153337, 0x15213507, 0x35231507, 
    0x1e2d6a01, 0x1ec3fe2d, 0x2a731e2d, 0x00016b2a, 0x74018040, 0x2e2e1e2d, 0x801f2d1e, 0x6b6bc040, 0x006a6a40, 0x2b000100, 0xd501cb00, 0x1b003501, 
    0x32010000, 0x23061416, 0x06232722, 0x06232722, 0x34262223, 0x17323336, 0x17323633, 0xa0013633, 0x161f1f16, 0x0d3e0d24, 0x0d3e0d48, 0x1f1f1624, 
    0x3e0d2416, 0x3e0d480d, 0x1f35010d, 0x20201f2c, 0x2c1f2020, 0x2020201f, 0x02000020, 0xc0005500, 0x4001ab01, 0x07000300, 0x33370000, 0x21352315, 
    0xd6552115, 0xfe5601d6, 0x802bebaa, 0x0200002b, 0x6b003500, 0xab01cb01, 0x0f000700, 0x15010000, 0x35231523, 0x21273523, 0x23112315, 0xcb012311, 
    0xd6404040, 0x406b1601, 0x4040016b, 0x6b409595, 0x0100ff40, 0x02000000, 0x2b002b00, 0xd501d501, 0x2a002200, 0x36250000, 0x26273435, 0x33363435, 
    0x26331732, 0x15233527, 0x14150606, 0x14151617, 0x27222306, 0x15171623, 0x16320233, 0x26220614, 0x431e0134, 0x181b385a, 0x022a022d, 0x251d393b, 
    0x1c173959, 0x032a0435, 0xb0763943, 0x7db07d7d, 0x3d360d7e, 0x0f1b0e17, 0x0f392814, 0x23062a2a, 0x0d16381b, 0x28150d21, 0x012a0f39, 0x7db07d80, 
    0x0100b07d, 0x6b006b00, 0xab019501, 0x00000700, 0x23152113, 0x23112311, 0x752a016b, 0xab017540, 0x0100ff40, 0x01000000, 0x80002b00, 0x6b01d501, 
    0x00002500, 0x33363436, 0x14163233, 0x22232306, 0x33363426, 0x22231533, 0x32333314, 0x23263436, 0x14062223, 0x15333316, 0x442b2223, 0x3223e031, 
    0x16b52332, 0xa0162020, 0xb70909a2, 0x111a1a11, 0x2c2c1fe0, 0x31cbcb1f, 0x334562c4, 0x2c1f3246, 0x19152b20, 0x3e2c1a22, 0x01002b2b, 0x55000000, 
    0xab010002, 0x00001200, 0x15161601, 0x21230614, 0x34352622, 0x36363736, 0x01163233, 0x3f3a299d, 0x35ebfe2c, 0x1530424b, 0x583a2d4c, 0x3d032a01, 
    0x4b3f2c2a, 0x05493135, 0x00493027, 0x2b000200, 0xd5012b00, 0x1200d501, 0x00001a00, 0x34363225, 0x34232326, 0x06222326, 0x06222707, 0x02331614, 
    0x06141632, 0x01342622, 0x1f1f1660, 0x23320b16, 0x03072d1e, 0x1a26261a, 0x7d7db003, 0x1fab7db0, 0x33231f2c, 0x26011c25, 0x2a012634, 0x7d7db07d, 
    0x020000b0, 0x55000000, 0xab010002, 0x18000500, 0x37370000, 0x07270727, 0x15161625, 0x21230614, 0x34352622, 0x36363736, 0xd5163233, 0x2c6f1e8d, 
    0x2912011e, 0xfe2c3f3a, 0x424b35eb, 0x2d4c1530, 0x8d95583a, 0x1e2c6e1e, 0x2a3d034a, 0x354b3f2c, 0x27054931, 0x02004930, 0x55000000, 0xab010002, 
    0x19000600, 0x23250000, 0x23152335, 0x16163717, 0x23061415, 0x35262221, 0x36373634, 0x16323336, 0x56406b01, 0x299d6b40, 0xfe2c3f3a, 0x424b35eb, 
    0x2d4c1530, 0x55eb583a, 0x03aa6b55, 0x3f2c2a3d, 0x4931354b, 0x49302705, 0x00000300, 0x00022b00, 0x0700ab01, 0x2b001300, 0x23130000, 0x16140622, 
    0x37013333, 0x23270701, 0x34352622, 0x16053736, 0x07141516, 0x34353627, 0x35232326, 0x22232634, 0x33362707, 0x25a51632, 0x23323223, 0x1bf0fed0, 
    0x2b1b6501, 0x484b35fa, 0x29220133, 0x211f2d3a, 0x44201a26, 0x20171f31, 0x583a2f27, 0x46332b01, 0x1b100132, 0x2a1b9bfe, 0x4a34354b, 0x3d032b02, 
    0x1f20372a, 0x261a2612, 0x0d44310b, 0x0049191f, 0x00000200, 0x00025500, 0x1300ab01, 0x00002600, 0x34363225, 0x35232326, 0x22232634, 0x22230706, 
    0x33161406, 0x15161625, 0x21230614, 0x34352622, 0x36363736, 0x01163233, 0x26261a95, 0x3144201a, 0x0f0b3e28, 0x23323223, 0x3a291d01, 0xebfe2c3f, 
    0x30424b35, 0x3a2d4c15, 0x34268058, 0x44310b26, 0x46332530, 0x3d03aa32, 0x4b3f2c2a, 0x05493135, 0x00493027, 0x00000200, 0x00025500, 0x0600ab01, 
    0x00001900, 0x07273325, 0x37331533, 0x14151616, 0x22212306, 0x36343526, 0x33363637, 0x2b011632, 0x406b6b40, 0x3a297256, 0xebfe2c3f, 0x30424b35, 
    0x3a2d4c15, 0x6a6aeb58, 0x3d039556, 0x4b3f2c2a, 0x05493135, 0x00493027, 0x6b000200, 0x95015500, 0x0300c001, 0x00000a00, 0x21152137, 0x33270725, 
    0x6b153335, 0xd6fe2a01, 0x95952a01, 0x2b808055, 0x809595eb, 0x02000080, 0x55006b00, 0xc0019501, 0x0a000300, 0x21370000, 0x35372115, 0x23173723, 
    0x2a016b15, 0x5555d6fe, 0x80559595, 0x9580562b, 0x01008095, 0x55002b00, 0xab01d501, 0x00001100, 0x32331713, 0x14151516, 0x22212306, 0x34113526, 
    0x2bd53336, 0x191911ab, 0x11aafe11, 0x01111919, 0x111a2bab, 0x1a1a11d5, 0x11000111, 0x0200001a, 0x55002b00, 0xab01d501, 0x15000300, 0x35250000, 
    0x32011521, 0x14151516, 0x22212306, 0x34113526, 0x17333336, 0xaafeab01, 0x19115601, 0xaafe1119, 0x11191911, 0xd5802b80, 0x1a0001d5, 0x1a11d511, 
    0x0001111a, 0x002b1a11, 0x2b000300, 0xd5015500, 0x0700ab01, 0x21000f00, 0x35250000, 0x06222634, 0x22361515, 0x32161406, 0x32373436, 0x14151516, 
    0x22212306, 0x34113526, 0x17333336, 0x343b9501, 0x1a22663b, 0x401a221a, 0x11191911, 0x1911aafe, 0x2b801119, 0x17131695, 0xab161317, 0x1919221a, 
    0x111a5a22, 0x1a1a11d5, 0x11000111, 0x02002b1a, 0x55002b00, 0xab01d501, 0x1d000b00, 0x35250000, 0x15233523, 0x15331523, 0x32373533, 0x14151516, 
    0x22212306, 0x34113526, 0x17333336, 0x2a409501, 0x562a4040, 0x12181812, 0x1812aafe, 0x2b801218, 0x40402bd5, 0xab40402b, 0x12d51219, 0x01121919, 
    0x2b191200, 0x15000400, 0xeb014000, 0x0700c001, 0x14000f00, 0x00002700, 0x15163213, 0x23263423, 0x15163215, 0x23263423, 0x15163215, 0x16320123, 
    0x06141115, 0x33352323, 0x23152111, 0x33363435, 0x2b8a6115, 0x583e4f71, 0x1a2c3f2b, 0xab014026, 0x111a1a11, 0x80fe9595, 0x01111a2b, 0x50618a2b, 
    0x3e572b70, 0x262b3f2c, 0x1a80011a, 0x11d6fe11, 0x2a012b1a, 0x1a114040, 0x15000500, 0xeb014000, 0x1200c001, 0x21001a00, 0x2e002900, 0x32010000, 
    0x14111516, 0x35232306, 0x15211133, 0x36343523, 0x16320733, 0x26342315, 0x23152523, 0x35272626, 0x15163207, 0x23263423, 0x15163215, 0x11c00123, 
    0x95111a1a, 0x2b80fe95, 0x612b111a, 0x4f712b8a, 0x14788001, 0x3e563f5f, 0x2c3f2b58, 0x0140261a, 0xfe111ac0, 0x2b1a11d6, 0x40402a01, 0x8a951a11, 
    0x6b705061, 0x14603fd6, 0x3e579623, 0x262b3f2c, 0x0200001a, 0x55000000, 0xab010002, 0x17000300, 0x15130000, 0x33113521, 0x33352115, 0x35352622, 
    0x21333634, 0x15151632, 0x01550614, 0x00fe5556, 0x19191155, 0x11560111, 0x80011919, 0x00ffd5d5, 0x111a2b2b, 0x1a1a11d5, 0x1a11d511, 0x15000200, 
    0xeb012b00, 0x0300d501, 0x00001900, 0x15213525, 0x15163201, 0x23061411, 0x23151723, 0x22233735, 0x34113526, 0xc0013336, 0x800180fe, 0x111a1a11, 
    0x2aaa2a95, 0x1a1a1195, 0xd6d6d511, 0x11190001, 0x1a1100ff, 0x40151540, 0x0001111a, 0x02001911, 0x2b001500, 0xd501eb01, 0x1b000300, 0x11250000, 
    0x32011121, 0x14111516, 0x15232306, 0x35231533, 0x22233533, 0x34113526, 0xc0013336, 0x800180fe, 0x111a1a11, 0x2aaa2a95, 0x1a1a1195, 0x0001ab11, 
    0x2a0100ff, 0x00ff1119, 0x2a2b1a11, 0x111a2b2a, 0x19110001, 0x2b000600, 0xd5014000, 0x0300c001, 0x0b000700, 0x13000f00, 0x00002f00, 0x23153301, 
    0x23153327, 0x23153337, 0x23153307, 0x11211105, 0x33152325, 0x33152315, 0x14152315, 0x22212306, 0x34113526, 0x32213336, 0x33151516, 0x55550001, 
    0x806b6b80, 0x6b805555, 0xfe00016b, 0x2a8001d5, 0x2a2a2a2a, 0xd5fe111a, 0x11191911, 0x1a112b01, 0x8015012a, 0x406b6bd6, 0x012a5640, 0xd5d6fe2a, 
    0x2b2b2a2b, 0x1a1a112a, 0x112a0111, 0x2a111a1a, 0x80000300, 0x80011500, 0x0300eb01, 0x17001300, 0x35250000, 0x32131523, 0x14111516, 0x22232306, 
    0x34113526, 0x35113336, 0x55011533, 0x1a11aaaa, 0x11aa111a, 0xaa111a1a, 0x01d5d5c0, 0xfe11192a, 0x191911d5, 0x112b0111, 0x2b2afe1a, 0x0400002b, 
    0x2b002b00, 0xd501d501, 0x09000400, 0x13000e00, 0x33010000, 0x07272315, 0x23151737, 0x23071703, 0x27072535, 0x60013335, 0x60407575, 0x20804040, 
    0x01754040, 0x80404015, 0x40804001, 0x75404060, 0x40401501, 0x40402080, 0x01000075, 0x55004000, 0xeb01c001, 0x00001900, 0x15163212, 0x23061415, 
    0x35333523, 0x06222634, 0x15331515, 0x35262223, 0xa0b03435, 0x401a2670, 0x577c5755, 0x261a4055, 0x4f71eb01, 0xab261a96, 0x57573e2b, 0x26ab2b3e, 
    0x004f961a, 0x40000100, 0xc0011500, 0x1d00eb01, 0x32120000, 0x14151516, 0x35232306, 0x35233533, 0x26343533, 0x15150622, 0x22231533, 0x34353526, 
    0x2670a0b0, 0x5595801a, 0x577c5755, 0x261a4055, 0x4f71eb01, 0x2b261ad6, 0x3e2bab15, 0x2b3e5757, 0x961a26ab, 0x0c00004f, 0x6b002b00, 0x9501d501, 
    0x07000300, 0x0f000b00, 0x17001300, 0x1f001b00, 0x27002300, 0x3b002b00, 0x35010000, 0x35171523, 0x35271523, 0x35171523, 0x35171523, 0x35271523, 
    0x35171523, 0x15371523, 0x15273533, 0x15173533, 0x15273533, 0x32373533, 0x14151516, 0x22212306, 0x34353526, 0x95013336, 0x162a2a2a, 0x2a2a2a2a, 
    0x2a2a16aa, 0x2a2a402a, 0x2a2a162a, 0x1911962a, 0xaafe1119, 0x11191911, 0x2a2a2b01, 0x402a2a40, 0x2a402a2a, 0x2b2b562a, 0x402a2a96, 0x2a2a2a2a, 
    0x2a2a402a, 0x402a2a40, 0x19402a2a, 0x1911d611, 0x11d61119, 0x01000019, 0xbb008000, 0x59018001, 0x00000500, 0x17371713, 0x629e2707, 0x80801e62, 
    0x62625901, 0x0080801e, 0xab000100, 0x49018b00, 0x05008b01, 0x07250000, 0x07173727, 0x801e4901, 0xa9621e80, 0x1e80801e, 0x01000062, 0x8500b700, 
    0x85015501, 0x00000500, 0x37273737, 0x62b70717, 0x80801e62, 0x1e6262a3, 0x01008080, 0xb7008000, 0x55018001, 0x00000500, 0x17372737, 0x1e9e2707, 
    0x621e8080, 0x80801eb7, 0x0100621e, 0x80004000, 0x8001c001, 0x00000800, 0x17211501, 0x17372707, 0xfec00107, 0x801e4cd2, 0x014c1e80, 0x1e4d2a15, 
    0x4d1e8080, 0x80000200, 0x80018000, 0x03008901, 0x00000900, 0x15213537, 0x37270727, 0x01800717, 0x1e628000, 0x801e8080, 0x62cd2b2b, 0x1e80801e, 
    0x2b000d00, 0xd5011500, 0x0200c001, 0x0a000600, 0x12000e00, 0x1a001600, 0x22001e00, 0x2a002600, 0x3e002e00, 0x27250000, 0x23353733, 0x23351715, 
    0x23352715, 0x23351715, 0x23351715, 0x23352715, 0x23351715, 0x33153715, 0x33152735, 0x33151735, 0x33152735, 0x16323735, 0x06141515, 0x26222123, 
    0x36343535, 0x55000133, 0x2a2a40aa, 0x2a2a162a, 0x16aa2a2a, 0x402a2a2a, 0x162a2a2a, 0x962a2a2a, 0x11191911, 0x1911aafe, 0x56151119, 0x402b2bea, 
    0x2b402b2b, 0x2b2b402b, 0x952b2b55, 0x2b402b2b, 0x2b2b2b2b, 0x402b2b40, 0x2b402b2b, 0x111a402b, 0x1a1a11d5, 0x1a11d511, 0x2b000100, 0xc0018000, 
    0x0a008001, 0x33010000, 0x07172115, 0x07173727, 0x2b950121, 0x1e4dbcfe, 0x4d1e8080, 0x6b011901, 0x801e4d80, 0x004d1e80, 0x15000200, 0xd5018000, 
    0x03008001, 0x00000c00, 0x23113301, 0x07173727, 0x35213727, 0x2aab0121, 0x801eb42a, 0xfe4d1e80, 0x012f01d1, 0xe200ff80, 0x1e80801e, 0x02002a4d, 
    0x2b006b00, 0xc0019501, 0x1b000f00, 0x33010000, 0x15070614, 0x26263523, 0x16143335, 0x22063632, 0x34353526, 0x15163236, 0x71011415, 0x2a354b24, 
    0x43244b35, 0x3457435c, 0x26342626, 0x51360001, 0x08464608, 0x3e2f3651, 0x1a26113e, 0x26261a80, 0x001a801a, 0x00000200, 0x00025500, 0x0300ab01, 
    0x00001700, 0x35211513, 0x21153311, 0x26223335, 0x36343535, 0x16322133, 0x06141515, 0x55560155, 0x115500fe, 0x01111919, 0x19191156, 0xd5d58001, 
    0x2b2b00ff, 0x11d5111a, 0xd5111a1a, 0x03001a11, 0x55000000, 0xc0010002, 0x07000300, 0x00000f00, 0x15213525, 0x15233517, 0x21153321, 0x21113335, 
    0xaafeab01, 0x000156d6, 0x2b00fe2b, 0xd5c0aa01, 0x151540d5, 0x40012b2b, 0x00000300, 0x00025500, 0x0700c001, 0x23000b00, 0x32360000, 0x22263436, 
    0x15031406, 0x33113521, 0x21230614, 0x33352622, 0x35352622, 0x21333634, 0x15151632, 0x12f70614, 0x0c120c0c, 0x55560196, 0x56fe111a, 0x11551a11, 
    0x01111919, 0x19191156, 0x0c120c6b, 0x1e01120c, 0xebfeeaea, 0x111a1a11, 0x11ea111a, 0xea111a1a, 0x02001a11, 0x55000000, 0xc0010002, 0x19000300, 
    0x15130000, 0x33113521, 0x33352115, 0x35262235, 0x33363435, 0x15163221, 0x23061415, 0x55560155, 0x115500fe, 0x01111919, 0x19191156, 0xd5950111, 
    0x2bebfed5, 0x111a152b, 0x1a1a11d5, 0x1a11d511, 0x40000400, 0xc0014000, 0x0300c001, 0x37003300, 0x00003b00, 0x15233525, 0x33152325, 0x14152315, 
    0x15232306, 0x15233523, 0x22233523, 0x23353526, 0x23353335, 0x34353335, 0x35333336, 0x35331533, 0x32331533, 0x33151516, 0x15233507, 0x35231537, 
    0x01d66b01, 0x2b2b2b2b, 0x2b2b1119, 0x112b2b2a, 0x2b2b2b19, 0x2b11192b, 0x2b2b2a2b, 0xab2b1911, 0x9580552a, 0x2a80d6d6, 0x19112b2b, 0x2b2b2b2b, 
    0x2b2b1119, 0x112b2b2a, 0x2b2b2b19, 0x2b11192b, 0x552a2a55, 0x03008080, 0x15005500, 0xe901ab01, 0x0c000400, 0x00001100, 0x34231513, 0x21350336, 
    0x22061415, 0x16161326, 0x96eb2315, 0x56015757, 0xc0658c65, 0x0196573f, 0x6041a9e9, 0x5555dffe, 0x01656546, 0x4160086f, 0x6b000300, 0x95011500, 
    0x0300eb01, 0x17000700, 0x11250000, 0x35171123, 0x32131523, 0x14111516, 0x22232306, 0x34113526, 0x70013336, 0x80569be0, 0x1a26261a, 0x26261aaa, 
    0x2b01801a, 0x1540d5fe, 0x26ab0115, 0x1aaafe1a, 0x011a2626, 0x00261a56, 0x6b000300, 0x80011500, 0x0300eb01, 0x1b000b00, 0x11250000, 0x32161123, 
    0x22263436, 0x32131406, 0x14111516, 0x22232306, 0x34113526, 0x55013336, 0x131a53c0, 0x76131a13, 0x161f1f16, 0x1f1f16ab, 0x2b018016, 0x1355d5fe, 
    0x1a13131a, 0x1620ad01, 0x201696fe, 0x6a011620, 0x03002016, 0x55000000, 0xab010002, 0x13000300, 0x00002000, 0x15233525, 0x15163237, 0x23061415, 
    0x35262223, 0x33363435, 0x15331525, 0x35333521, 0x21333634, 0x55d50115, 0x0c0c096b, 0x0d098009, 0xeafe090d, 0x2bd5fed6, 0x80011119, 0xc0969695, 
    0x09d5090c, 0xd5090d0d, 0xeb2b0c09, 0x11eb4040, 0x04002b1a, 0x23000000, 0xdd010002, 0x15001200, 0x26002200, 0x32010000, 0x14151516, 0x27232306, 
    0x15233533, 0x36343527, 0x33152533, 0x17001601, 0x35212707, 0x37343533, 0x27210527, 0x09eb0121, 0x04090c0c, 0x2b552e40, 0xeafe090d, 0x51effee5, 
    0x1b222b01, 0x2b86fe32, 0xc701270a, 0x012be7fe, 0x0c550144, 0x0d09d509, 0x2b6f9640, 0x250c0959, 0x514801e5, 0x1b22d4fe, 0x0feb4032, 0x2b42270c, 
    0x40000600, 0xc0014000, 0x0300c001, 0x0b000700, 0x29001f00, 0x00003300, 0x15233525, 0x15233523, 0x15233523, 0x15163225, 0x23061415, 0x35262221, 
    0x33363435, 0x15333533, 0x23260737, 0x36270722, 0x26173233, 0x27072223, 0x17323336, 0x202b4001, 0x012b202a, 0x1a1a1115, 0x11d6fe11, 0xd5111a1a, 
    0x1511312b, 0x11152021, 0x3129281e, 0x29303129, 0x3e3d2d11, 0x2b2b802d, 0x2b2b2b2b, 0x55111a6b, 0x111a1a11, 0x551a1155, 0x15118655, 0x0d1e1115, 
    0x2d112424, 0x0300002d, 0x55004000, 0x9501c001, 0x07000300, 0x00001a00, 0x15233525, 0x15233523, 0x15161625, 0x23061415, 0x35262221, 0x33363435, 
    0x01372521, 0x2a2bd595, 0x0f0b3b01, 0xd6fe111a, 0x111a1a11, 0xd4fe0c01, 0x2b2b950f, 0x03872b2b, 0x11750d17, 0x55111a1a, 0x286d1a11, 0x40000300, 
    0xc0011500, 0x0900eb01, 0x12000e00, 0x17010000, 0x07061415, 0x35352626, 0x36361517, 0x07352337, 0xc0000115, 0x6e52526e, 0x08523bc0, 0xeb019595, 
    0x93598056, 0x59931414, 0x13bf9580, 0x42bc4369, 0x0700007a, 0x2b005500, 0xd501ab01, 0x07000300, 0x0f000b00, 0x17001300, 0x00002500, 0x15233525, 
    0x15233527, 0x15233517, 0x15233527, 0x15233517, 0x15233523, 0x06141301, 0x26222123, 0x33371135, 0x6b011632, 0x2a2a2b2b, 0xd62b2b2a, 0x012b802b, 
    0x111a0115, 0x1a1100ff, 0x1911ab80, 0x2b5555c0, 0x55802a2a, 0x55555555, 0x2a2a2a55, 0xfe40012a, 0x191911aa, 0x80000111, 0x02000019, 0x15006b00, 
    0xeb019501, 0x13000300, 0x11250000, 0x32131123, 0x14111516, 0x22232306, 0x34113526, 0x6b013336, 0x1911d6d6, 0x11d61119, 0x6b111919, 0xd6fe2a01, 
    0x11197f01, 0x1a1180fe, 0x8001111a, 0x04001a11, 0x2b006b00, 0xd5019501, 0x0f000700, 0x29001900, 0x32120000, 0x22061416, 0x32163426, 0x22263436, 
    0x22131406, 0x33161406, 0x26343632, 0x15163237, 0x23061411, 0x35262223, 0x33363411, 0x262634e6, 0x58142634, 0x3f583f3f, 0x1919126b, 0x1a1a1112, 
    0x1919115a, 0x1911d611, 0x00011119, 0x26263426, 0x583f8534, 0x01583f3f, 0x1a221a17, 0x2a1a221a, 0xaafe1119, 0x11191911, 0x19115601, 0x55000500, 
    0xab011500, 0x0800eb01, 0x18001000, 0x31002100, 0x11130000, 0x22231533, 0x16113526, 0x16323634, 0x06220614, 0x26343632, 0x36140622, 0x16140622, 
    0x34363233, 0x15163237, 0x23061411, 0x35262223, 0x33363411, 0x12d5d580, 0x2c20a019, 0x0d2c1f1f, 0x46323246, 0x1a226733, 0x19111219, 0x1717102f, 
    0x1610b310, 0x95011016, 0x1a2babfe, 0xb6550111, 0x2c20202c, 0x4632201f, 0xee463333, 0x18182419, 0x10174424, 0x1610cdfe, 0x33011016, 0x02001710, 
    0x55001500, 0xab01eb01, 0x13000300, 0x11250000, 0x32011121, 0x14031516, 0x22212306, 0x34113526, 0x95013336, 0x5501d6fe, 0x19011a11, 0x1180fe11, 
    0x80111a1a, 0x00ff0001, 0x111a2b01, 0x1a1100ff, 0x0001111a, 0x03001a11, 0x00004000, 0x0002c001, 0x07000300, 0x00001700, 0x11211125, 0x15233517, 
    0x15163213, 0x23061411, 0x35262221, 0x33363411, 0xcafe9b01, 0x1aab56c6, 0xff1a2626, 0x26261a00, 0x55016b1a, 0x1540abfe, 0x26d50115, 0x1a80fe1a, 
    0x011a2626, 0x00261a80, 0x2b000300, 0xc0010000, 0x03000002, 0x1b000b00, 0x11250000, 0x32161121, 0x22263436, 0x32131406, 0x14111516, 0x22212306, 
    0x34113526, 0x95013336, 0x1a93c0fe, 0x131a1313, 0x1f1f16b6, 0x16d5fe16, 0x6b161f1f, 0xabfe5501, 0x131a1356, 0xd8011a13, 0x6afe161f, 0x161f1f16, 
    0x1f169601, 0x15000400, 0xeb011500, 0x0500eb01, 0x11000b00, 0x00001700, 0x22061401, 0x22333526, 0x33363426, 0x14163215, 0x34352306, 0x15163236, 
    0x60450001, 0x4530eb46, 0x45303045, 0x60453045, 0x30000146, 0x45304545, 0x45eb4660, 0x30eb4660, 0x00304545, 0x15000200, 0xeb014000, 0x0300c001, 
    0x00001700, 0x11211125, 0x15163201, 0x23061403, 0x35231523, 0x35262223, 0x33363411, 0x80fec001, 0x1a118001, 0x6b111901, 0x1a116baa, 0x0195111a, 
    0x0100ff00, 0xff111a2b, 0x2b191100, 0x0111192b, 0x001a1100, 0x55000200, 0xab010000, 0x07000002, 0x00001300, 0x32161412, 0x22263436, 0x07071416, 
    0x34262723, 0x17333737, 0x4b6a4b80, 0x41e06a4b, 0x4115aa15, 0x15aa1541, 0x4b6a3501, 0x2e4b6a4b, 0x7a7a34a4, 0x7a32a832, 0x0100007a, 0x40004000, 
    0xc001c001, 0x00001800, 0x23153325, 0x15072735, 0x37333523, 0x35262635, 0x16323634, 0x07061415, 0x556b0115, 0x6b55556b, 0x18135655, 0x18263426, 
    0x416bab13, 0x6b415a5a, 0x20074455, 0x26261a15, 0x0720151a, 0x04000044, 0xc0002b00, 0x4001c001, 0x07000300, 0x0f000b00, 0x35250000, 0x35211533, 
    0x35211533, 0x21271533, 0x55012115, 0x6b00ff6b, 0x6a6a00ff, 0x6bfe9501, 0x2b2b2bc0, 0x802b2b2b, 0x0500002b, 0x55001500, 0xab01eb01, 0x13000300, 
    0x29001b00, 0x00003700, 0x15233525, 0x15163237, 0x23061415, 0x35262223, 0x33363435, 0x34363206, 0x14062226, 0x15161537, 0x23150714, 0x34352635, 
    0x11273537, 0x22231533, 0x34113526, 0x15213336, 0x6a55c001, 0x080e0e08, 0x0d0d0880, 0x131a7708, 0x4a131a13, 0x15551616, 0x55558015, 0x111a1a11, 
    0xab808001, 0x080dd5ab, 0x0e0e08d5, 0x0d08d508, 0x131a13ca, 0x26621a13, 0x141c1b14, 0x1d132626, 0x8026131c, 0x1a2b00ff, 0x11000111, 0x04002b1a, 
    0x80001500, 0x8001eb01, 0x0f000700, 0x2b001b00, 0x32000000, 0x22263436, 0x32061406, 0x22263436, 0x35271406, 0x15233523, 0x15331523, 0x32253533, 
    0x14151516, 0x22212306, 0x34353526, 0x92013336, 0x1c12121c, 0x131a4212, 0x40131a13, 0x40402b40, 0x1115012b, 0xfe111a1a, 0x1a1a1180, 0x12000111, 
    0x1c12121c, 0x121c1252, 0x2a191c12, 0x402a4040, 0x111a9540, 0x1a1a11aa, 0x1a11aa11, 0x2b000300, 0xd5012b00, 0x0b00d501, 0x24001b00, 0x35010000, 
    0x15233523, 0x15331523, 0x32373533, 0x14111516, 0x22212306, 0x34113526, 0x11073336, 0x22211521, 0x01113526, 0x552b5595, 0x116b2b55, 0xff111919, 
    0x1a1a1100, 0x2b015611, 0x1911d5fe, 0x552b1501, 0x55552b55, 0xff1119c0, 0x1a1a1100, 0x11000111, 0xd5fe5519, 0x0111192a, 0x0300002b, 0x2b002b00, 
    0xd501d501, 0x0f000700, 0x00001700, 0x22061400, 0x32363426, 0x34363206, 0x14062226, 0x14163212, 0x34262206, 0x34264001, 0x60342626, 0x8c65658c, 
    0x7db05365, 0x017db07d, 0x2626341a, 0x65eb2634, 0x8c65658c, 0xb07d1b01, 0x00b07d7d, 0x40000200, 0xc0011500, 0x0700d501, 0x00001a00, 0x27273725, 
    0x17170707, 0x15163213, 0x23061411, 0x23270723, 0x11352622, 0x01333634, 0x28585828, 0x28585828, 0x1a1a1195, 0x40405511, 0x1a1a1155, 0x2828ed11, 
    0x28285858, 0x19400158, 0x11d5fe11, 0x1a40401a, 0x112b0111, 0x01000019, 0x40006b00, 0xab01ab01, 0x00000900, 0x23153301, 0x23152327, 0x33013311, 
    0x78089678, 0x8001c02a, 0x01952ad5, 0x0100006b, 0x40008000, 0xc0019501, 0x00000f00, 0x23153301, 0x06062315, 0x34262223, 0x17323336, 0x55950001, 
    0x25360401, 0x28383828, 0xc0010f11, 0x3124eb40, 0x06385038, 0x2b000e00, 0xd5012b00, 0x0700d501, 0x17000f00, 0x27001f00, 0x37002f00, 0x47003f00, 
    0x57004f00, 0x67005f00, 0x00006f00, 0x14163224, 0x34262206, 0x14153217, 0x34352223, 0x34363206, 0x14062226, 0x14163212, 0x34262206, 0x14153205, 
    0x34352223, 0x14153217, 0x34352223, 0x34352227, 0x14153233, 0x14163206, 0x34262206, 0x34352227, 0x14153233, 0x14153207, 0x34352223, 0x14153217, 
    0x34352223, 0x14153227, 0x34352223, 0x14163216, 0x34262206, 0x14163236, 0x34262206, 0x0c122201, 0x160d120c, 0x660b0a0a, 0x8c65658c, 0x7db05365, 
    0x017db07d, 0x0b0a0a40, 0x0b0a0a0b, 0x0a0b0b35, 0x0c0c1213, 0x0a400d12, 0x0b4b0b0a, 0x0b4a0a0b, 0x0b360a0b, 0x12410a0b, 0x0c120d0d, 0x0d0d120c, 
    0x0deb0c12, 0x120c0c12, 0x0a0a0b3e, 0x8c654b0b, 0x018c6565, 0x7db07d1b, 0x0a23b07d, 0x550a0b0b, 0x0b0a0a0b, 0x0a0a0b80, 0x120c200b, 0x2c120d0d, 
    0x0b0a0a0b, 0x0a0a0b80, 0x0a0b400b, 0x0a950b0a, 0x4a0a0b0b, 0x0c0c120d, 0x120c6212, 0x00120d0d, 0x40000e00, 0xc0014000, 0x0700c001, 0x17000f00, 
    0x25001d00, 0x31002900, 0x41003900, 0x4d004900, 0x5d005500, 0x00006500, 0x34262224, 0x14163236, 0x34262226, 0x14163236, 0x34262226, 0x14163236, 
    0x33342217, 0x22271432, 0x32333435, 0x21251415, 0x22052115, 0x32333435, 0x22061415, 0x32363426, 0x22261416, 0x32363426, 0x22261416, 0x32363426, 
    0x35031416, 0x22021521, 0x32363426, 0x22061416, 0x32363426, 0x22061416, 0x32363426, 0x1e011416, 0x120c0c12, 0x0c120d0d, 0x0d0d120c, 0x120c0c12, 
    0x0b0b400d, 0x0b0b0a0a, 0x01cbfe0a, 0x0180fe80, 0x0a0b0b2b, 0x0c0c12ac, 0x1a5d0c12, 0x131a1313, 0x13131a13, 0x014b131a, 0x0c12f780, 0x0c0c120c, 
    0x120c0c12, 0x131a5d0c, 0x95131a13, 0x0c0c120d, 0x120c4912, 0x49120c0c, 0x0d0d120c, 0x16165712, 0x0b0b0a56, 0xf52b750a, 0x0b0a0a0b, 0x0c120d0b, 
    0x123e120c, 0x1c12121c, 0x131a1343, 0xf8fe1a13, 0x00012b2b, 0x0d0d120c, 0x120c6112, 0x6c120c0c, 0x13131a13, 0x1200001a, 0x35003500, 0xcb01cb01, 
    0x0d000500, 0x19001300, 0x27002100, 0x54002f00, 0x62005a00, 0x72006a00, 0x80007a00, 0x8c008600, 0xa0009800, 0x32360000, 0x35221415, 0x14163216, 
    0x34262206, 0x23143217, 0x32263422, 0x35221415, 0x14163216, 0x34262206, 0x14153224, 0x32063522, 0x22061416, 0x37033426, 0x16270701, 0x22061415, 
    0x33363426, 0x06271732, 0x26222306, 0x37363435, 0x14151627, 0x34262206, 0x17173336, 0x22231432, 0x26221234, 0x16323634, 0x26220614, 0x16323634, 
    0x26220614, 0x16323634, 0x26222614, 0x16323634, 0x35221614, 0x27153234, 0x32333422, 0x34223314, 0x07143233, 0x35272626, 0x16323634, 0x36230614, 
    0x36342622, 0x35141632, 0x12421616, 0x0c120c0c, 0x0a0b0b6a, 0x42161696, 0x120c0c12, 0x164a010c, 0x0d12e916, 0x8b0c120d, 0x1c5b011b, 0x120c0150, 
    0x04090d0d, 0x12023c02, 0x10130d0c, 0x0c013c0b, 0x090c0c12, 0x0a0aa506, 0x0c12690b, 0x0c0c120c, 0x120c0c12, 0x0c120c0c, 0xb70c120c, 0x120c0c12, 
    0x1616e00d, 0x0b0a0af6, 0x0a0b0b4b, 0x01100a0f, 0x13131a13, 0x0d12090d, 0xe00c120d, 0x400a0a0b, 0x0c0c120c, 0x16163e12, 0x0b0b0aea, 0x0c120d40, 
    0x0b02120c, 0x0c400a0a, 0x120c0c12, 0xfe1b0701, 0x02511ba5, 0x0c0c0904, 0x3c010c12, 0x0d13100b, 0x3c02120c, 0x0d090402, 0x010c120d, 0x011616f4, 
    0x0c120c20, 0x0d62120c, 0x120c0c12, 0x0d120c62, 0x0c9f120d, 0x120c0c12, 0x0a0a0b57, 0x1616168a, 0x1001aa16, 0x130d050a, 0x60131a13, 0x0c0c120c, 
    0x18000012, 0x35003500, 0xcb01cb01, 0x0f000700, 0x1f001700, 0x2d002500, 0x3b003300, 0x4b004300, 0x5b005300, 0x69006300, 0x75006f00, 0x83007b00, 
    0x91008900, 0x9f009700, 0xaf00a700, 0x32000000, 0x22061416, 0x32163426, 0x22061416, 0x32063426, 0x22061416, 0x32363426, 0x22061416, 0x32173426, 
    0x34222314, 0x14163236, 0x34262206, 0x14153236, 0x32263522, 0x22061416, 0x32163426, 0x22061416, 0x32163426, 0x22061416, 0x32363426, 0x22061416, 
    0x32263426, 0x22061416, 0x22363426, 0x32363426, 0x22271416, 0x14323334, 0x23143203, 0x32263422, 0x35221415, 0x33342237, 0x22061432, 0x32363426, 
    0x22161416, 0x15323435, 0x14163224, 0x34262206, 0x14153206, 0x32363522, 0x22061416, 0x32163426, 0x22061416, 0x32363426, 0x22061416, 0x1e013426, 
    0x1a13131a, 0x131a1313, 0x3f131a13, 0x120d0d12, 0x131a080c, 0x76131a13, 0x020b0a0a, 0x120c0c12, 0x1616a00d, 0x0c0c123e, 0x120c0c12, 0x0c120c0c, 
    0x0c0c120c, 0x120c0c12, 0x0c120c0c, 0x13131aa3, 0x1229131a, 0x0d120c0c, 0x0b0a0a16, 0x0a0b0b0b, 0xf6161696, 0x010a0b0b, 0x120d0d12, 0x16168b0c, 
    0x0c12acfe, 0x360c120c, 0x12421616, 0x0c120c0c, 0x0c0c120c, 0x120c0c12, 0x0c120c0c, 0x1a134b01, 0x431a1313, 0x13131a13, 0x120c4d1a, 0xc2120c0c, 
    0x13131a13, 0x1616ed1a, 0x0c120c4a, 0x0b57120c, 0x0cc00a0a, 0x120c0c12, 0x0d120c49, 0x0c9f120d, 0x120c0c12, 0x0c120d62, 0x1317120c, 0x1a13131a, 
    0x0c120c89, 0x163e120c, 0x1696fe16, 0x0a0b9516, 0x1616e00a, 0x0c120c4a, 0x0b57120c, 0x0c6a0a0a, 0x120c0c12, 0x0b0b0a54, 0x0d120c15, 0x0c9f120d, 
    0x120c0c12, 0x0c120d62, 0x0100120c, 0x2b002b00, 0xd501d501, 0x00000700, 0x32363436, 0x22061416, 0x7db07d2b, 0xb0a8b07d, 0x7db07d7d, 0x6b000100, 
    0xab012b00, 0x0d00d501, 0x32130000, 0x23061416, 0x36362722, 0x36272634, 0x7d7d59d5, 0x31303a59, 0x30313939, 0xb07dd501, 0x631c1c7d, 0x1c1c6374, 
    0x80000100, 0x95012b00, 0x0d00d501, 0x32130000, 0x23061416, 0x36362722, 0x36272634, 0x7d7d58c0, 0x421e2258, 0x1e425353, 0xb07dd501, 0x7114097d, 
    0x0914718e, 0x0f000200, 0xf1010f00, 0x0d00f101, 0x00001d00, 0x34363225, 0x07222326, 0x06141616, 0x17371607, 0x07231507, 0x27352327, 0x37333537, 
    0x00013317, 0x354b4b35, 0x29211b1a, 0xc51b2129, 0x47644646, 0x46466447, 0x64474764, 0x4b6a4b80, 0x4c3f0f0c, 0xc70c0f3f, 0x46644747, 0x47476446, 
    0x00464664, 0x0f000200, 0xf1010f00, 0x0700f101, 0x00001700, 0x34363236, 0x14062226, 0x07231505, 0x27352327, 0x37333537, 0x17153317, 0x4b4b6acb, 
    0x2b014b6a, 0x64474764, 0x47644646, 0x80466447, 0x4b4b6a4b, 0x4664126a, 0x47476446, 0x64464664, 0x02000047, 0x0f000f00, 0xf101f101, 0x15000500, 
    0x32250000, 0x23263436, 0x07231517, 0x27352327, 0x37333537, 0x17153317, 0x4b350001, 0x64ab354b, 0x46644747, 0x47476446, 0x4b804664, 0x64c74b6a, 
    0x47644646, 0x46466447, 0x03004764, 0x0f000f00, 0xf101f101, 0x0f000700, 0x00001f00, 0x14163212, 0x34262206, 0x34363216, 0x14062226, 0x15071725, 
    0x23270723, 0x35372735, 0x33173733, 0x323246dd, 0x6a203246, 0x4b6a4b4b, 0x46462b01, 0x64474764, 0x47644646, 0x55016447, 0x32324632, 0x6a4ba346, 
    0x7c6a4b4b, 0x46644747, 0x47476446, 0x00464664, 0x40000200, 0xc0014000, 0x0d00c001, 0x00001b00, 0x14151701, 0x22212306, 0x17353526, 0x15371737, 
    0x07270727, 0x36343527, 0x16322133, 0x1a408001, 0x11d6fe11, 0x5655401a, 0x56554095, 0x111a4055, 0x1a112a01, 0x61400c01, 0x111a1a11, 0x5656408c, 
    0x56408cde, 0x61415656, 0x001a1a11, 0x2b000200, 0xc0014000, 0x0900c001, 0x00001600, 0x07141601, 0x36372707, 0x32041732, 0x06141516, 0x32272223, 
    0x01343536, 0xbf0606ba, 0x1206bf3b, 0x34defe06, 0x34233226, 0x011b0f21, 0x0612069d, 0x06bf3bbf, 0x1a26e506, 0x172b3223, 0x06001a13, 0x2b002b00, 
    0xd501d501, 0x0c000700, 0x19001200, 0x25001e00, 0x36370000, 0x06173736, 0x33272223, 0x37262607, 0x35262317, 0x15160534, 0x27270714, 0x16372337, 
    0x27070716, 0x17323336, 0x154e04d2, 0x154c3b4e, 0x2e4fcfb7, 0xa06c2043, 0x04a60104, 0x9b066638, 0x432e4fcf, 0x3b4e02f4, 0x3019154c, 0x87238807, 
    0x11879530, 0x13bbff47, 0x13285318, 0xb03d5318, 0x1187150b, 0x87024f47, 0x03000530, 0x55002b00, 0xd501d501, 0x1b000700, 0x00002300, 0x34363236, 
    0x14062226, 0x33173313, 0x11151632, 0x21230614, 0x11352622, 0x33333634, 0x32363416, 0x22061416, 0x3f3f58d4, 0x802b3f58, 0x19114427, 0xaafe1119, 
    0x11191911, 0x38282344, 0x95382828, 0x3f3f583f, 0x2a010158, 0x00ff111a, 0x111a1a11, 0x1a110001, 0x282838c7, 0x04002838, 0x00006b00, 0x00029501, 
    0x1f000700, 0x2b002700, 0x15130000, 0x16323634, 0x32353515, 0x14111516, 0x17232306, 0x35233507, 0x22233533, 0x34113526, 0x22163336, 0x32363426, 
    0x33111416, 0x49952315, 0x19114944, 0x40961119, 0x406a6a40, 0x11191911, 0x1919227c, 0x6a6a1a22, 0x18e0d501, 0xe0181e1e, 0xfe111a2b, 0x401a11d6, 
    0x2b2a2b40, 0x2a01111a, 0x1aab1a11, 0x221a1a22, 0x002ae6fe, 0x6b000300, 0x95010000, 0x08000002, 0x24002000, 0x32010000, 0x22263436, 0x37161406, 
    0x11151632, 0x23230614, 0x23350717, 0x23353335, 0x11352622, 0x13333634, 0x01231533, 0x19191100, 0x7d191a22, 0x11191911, 0x6a404096, 0x1911406a, 
    0x6a961119, 0x1a80016a, 0x22191922, 0x111a801a, 0x1a11d6fe, 0x2a2b4040, 0x01111a2b, 0xfe1a112a, 0x07002a55, 0x2b002b00, 0xeb01d501, 0x07000300, 
    0x0f000b00, 0x17001300, 0x00003300, 0x15233501, 0x15233517, 0x15233527, 0x15233517, 0x15233527, 0x15233517, 0x23113313, 0x23230614, 0x11352622, 
    0x33333634, 0x33363435, 0x15163233, 0x16323315, 0x2b2bab01, 0x2a2a2b2b, 0x2b2b2b2a, 0xaaaa562b, 0x11ab111a, 0x16111919, 0x0955090c, 0x1a11150d, 
    0x2b2b4001, 0xc02b2bc0, 0x2bc02b2b, 0x2b2bc02b, 0x012b2bc0, 0x11c0fe15, 0x01111919, 0x151a1140, 0x090d0d09, 0x05001a15, 0x40004000, 0xc001c001, 
    0x11000800, 0x23001a00, 0x00002b00, 0x15333525, 0x23230614, 0x16321335, 0x35231515, 0x15073523, 0x36343523, 0x07153333, 0x23153315, 0x35352622, 
    0x14163236, 0x34262206, 0x1a2b9501, 0x11555511, 0xd5552b1a, 0x55111a2b, 0x11555555, 0x32469d1a, 0x6b324632, 0x1a115555, 0x1a55012b, 0x2b555511, 
    0x1155552b, 0x55d52b1a, 0x55111a2b, 0x32463295, 0x06004632, 0x40004000, 0xc001c001, 0x0f000700, 0x21001800, 0x33002a00, 0x32360000, 0x22263436, 
    0x32361406, 0x22061416, 0x35173426, 0x06141533, 0x13352323, 0x15151632, 0x35233523, 0x35231507, 0x33333634, 0x33150715, 0x26222315, 0x22ef3535, 
    0x1a221a1a, 0x32324608, 0x2bea3246, 0x5555111a, 0x552b1a11, 0x111a2bd5, 0x55555555, 0x1ad51a11, 0x221a1a22, 0x32463266, 0x55b84632, 0x2b1a1155, 
    0x111a5501, 0x2b2b5555, 0x1a115555, 0x2b55d52b, 0x0055111a, 0x2b000300, 0xd5012b00, 0x0800d501, 0x1d000d00, 0x33130000, 0x21152111, 0x37352622, 
    0x07272107, 0x23061417, 0x35262221, 0x33363411, 0x15163221, 0x2b012a2b, 0x1911d5fe, 0x000140c0, 0x19bf3f56, 0x1100ff11, 0x01111a1a, 0x01191100, 
    0x2ad5fe80, 0x55ab1119, 0x111b4f6a, 0x01111a1a, 0x19191100, 0x05000011, 0x40004000, 0xc001c001, 0x0f000700, 0x1f001700, 0x00003400, 0x34363200, 
    0x14062226, 0x34363226, 0x14062226, 0x34363206, 0x14062226, 0x34363206, 0x14062226, 0x15163237, 0x23230614, 0x14150622, 0x06141516, 0x34262223, 
    0x1a680136, 0x131a1313, 0x13131a2d, 0x1a57131a, 0x131a1313, 0x13131a2d, 0x4f95131a, 0x252c3f71, 0x1210120e, 0x7070500e, 0x1c120001, 0x431c1212, 
    0x13131a13, 0x1a13131a, 0x681a1313, 0x12121c12, 0x4764ae1c, 0x0d133e2c, 0x0e0c140b, 0x70a07012, 0x40000200, 0xc9014000, 0x0300c001, 0x00001500, 
    0x07273737, 0x07071625, 0x07270717, 0x27373523, 0x36371737, 0xac941732, 0x4f01ac29, 0x29430f0f, 0x65bf1e1e, 0x291e1ebe, 0x06120643, 0xac29ac6b, 
    0x430f0ff4, 0xbe1e1e29, 0x1e1ebf65, 0x06064329, 0x40000300, 0xc0011500, 0x0d00eb01, 0x1e001000, 0x32010000, 0x14111516, 0x35232306, 0x35231117, 
    0x13073503, 0x23113335, 0x26222335, 0x36341135, 0x11950133, 0x6a111a1a, 0x6a566a6a, 0x6a2b2b6a, 0x111a1a11, 0x111ac001, 0x1a11d6fe, 0x150180c0, 
    0x80c0fe2b, 0x2b400180, 0x1a2b2afe, 0x112a0111, 0x0300001a, 0x2b002b00, 0xd501d501, 0x0f000700, 0x00001b00, 0x34363236, 0x14062226, 0x14163212, 
    0x34262206, 0x15331537, 0x35231523, 0x35333523, 0x65658cba, 0xb053658c, 0x7db07d7d, 0x2a5656ea, 0x65555656, 0x8c65658c, 0xb07d1b01, 0x13b07d7d, 
    0x56562a56, 0x0400562a, 0x40000000, 0xc0010002, 0x0f000700, 0x27001b00, 0x32240000, 0x22263436, 0x32361406, 0x22061416, 0x14063426, 0x26151716, 
    0x37363426, 0x15170615, 0x15231533, 0x35233523, 0x02013533, 0x7c57577c, 0x70a04557, 0x5570a070, 0x4838272e, 0xfc273848, 0x402a4040, 0x7c576b40, 
    0xfe7c5757, 0x7070a070, 0x495824a0, 0x64142e12, 0x2e14647a, 0x2a402012, 0x402a4040, 0x40000200, 0xc0018000, 0x03008001, 0x00001300, 0x15213525, 
    0x15163225, 0x23061415, 0x35262221, 0x33363435, 0xd6fe9501, 0x1a112a01, 0xd6fe111a, 0x111a1a11, 0xd5aaaaab, 0x11aa111a, 0xaa111a1a, 0x02001a11, 
    0x55004000, 0xab01c001, 0x13000300, 0x11250000, 0x32011121, 0x14111516, 0x22212306, 0x34113526, 0x95013336, 0x2a01d6fe, 0x111a1a11, 0x1a11d6fe, 
    0x0180111a, 0x0100ff00, 0xff111a2b, 0x1a1a1100, 0x11000111, 0x0200001a, 0x15001500, 0xeb01eb01, 0x19001000, 0x21370000, 0x23152315, 0x26222335, 
    0x35233535, 0x13333533, 0x33352335, 0x15151632, 0x56560195, 0x1911d62a, 0xd62a5656, 0x1911abab, 0x56562a95, 0x2ad61119, 0xabd5fe56, 0xab11192a, 
    0x40000200, 0xc0016b00, 0x03009501, 0x00001300, 0x15213525, 0x15163201, 0x23061415, 0x35262221, 0x33363435, 0xd6fe9501, 0x1a112a01, 0xd6fe111a, 
    0x111a1a11, 0x01d6d695, 0xd6111900, 0x11191911, 0x001911d6, 0x40000200, 0xc0019500, 0x03006b01, 0x00001300, 0x15213525, 0x15163225, 0x23061415, 
    0x35262221, 0x33363435, 0xd6fe9501, 0x1a112a01, 0xd6fe111a, 0x111a1a11, 0xab8080c0, 0x1180111a, 0x80111a1a, 0x02001a11, 0x40004000, 0xc001c001, 
    0x13000300, 0x11250000, 0x32011121, 0x14111516, 0x22212306, 0x34113526, 0x95013336, 0x2a01d6fe, 0x111a1a11, 0x1a11d6fe, 0x016b111a, 0x01d6fe2a, 
    0xfe111a55, 0x1a1a11d6, 0x112a0111, 0x0400001a, 0x40004000, 0xc001c001, 0x11000800, 0x23001a00, 0x32010000, 0x23151516, 0x13352335, 0x14153335, 
    0x35232306, 0x15331527, 0x3d262223, 0x33363402, 0x15231533, 0x11950123, 0x55552b1a, 0x55111a2b, 0x115555d5, 0x55111a1a, 0xc0012b55, 0x5555111a, 
    0x55abfe2b, 0x2b1a1155, 0x1a2b5555, 0x11d55511, 0x00552b1a, 0x40000200, 0xc0016b00, 0x03009501, 0x00001300, 0x15213525, 0x15163201, 0x23061415, 
    0x35262221, 0x33363435, 0xd6fe9501, 0x1a112a01, 0xd6fe111a, 0x111a1a11, 0x01d6d695, 0xd6111900, 0x11191911, 0x001911d6, 0x40000300, 0xc0014000, 
    0x0400c001, 0x18000800, 0x17250000, 0x17173723, 0x01112111, 0x11151632, 0x21230614, 0x11352622, 0x01333634, 0x3aea4b2a, 0xd6fea62a, 0x1a112a01, 
    0xd6fe111a, 0x111a1a11, 0x334c65fa, 0xfe2a0143, 0x1a5501d6, 0x11d6fe11, 0x01111a1a, 0x001a112a, 0x6b000200, 0x95014000, 0x0300c001, 0x00001300, 
    0x11231125, 0x15163213, 0x23061411, 0x35262223, 0x33363411, 0xd6d66b01, 0x11191911, 0x191911d6, 0x2a016b11, 0x5501d6fe, 0xd6fe111a, 0x111a1a11, 
    0x1a112a01, 0x55000200, 0xab015500, 0x0300ab01, 0x00001300, 0x11211125, 0x15163201, 0x23061411, 0x35262221, 0x33363411, 0x00ff8001, 0x1a110001, 
    0x00ff111a, 0x111a1a11, 0xff000180, 0x1a2b0100, 0x1100ff11, 0x01111a1a, 0x001a1100, 0x2b000300, 0xd5018b00, 0x03008b01, 0x0b000700, 0x21130000, 
    0x21152115, 0x21152115, 0x012b2115, 0x0156feaa, 0x0156feaa, 0x0156feaa, 0x2b402b8b, 0x02002a40, 0x55004000, 0xab01c001, 0x05000200, 0x17130000, 
    0x03212537, 0xfe787888, 0xc08001c8, 0xd5d58001, 0x00aafe2b, 0x40000200, 0xc0014000, 0x0900c001, 0x00000e00, 0x37270701, 0x17173236, 0x37051416, 
    0x01230717, 0x275027ba, 0x32061206, 0xec80fe06, 0x0150ec50, 0x2750276a, 0x06320606, 0x50ece012, 0x040000ec, 0x2b002b00, 0xd501d501, 0x06000200, 
    0x22001600, 0x11250000, 0x33151301, 0x16323735, 0x06141115, 0x26222123, 0x36341135, 0x35231333, 0x15333533, 0x15231533, 0xfeab0123, 0xc08016aa, 
    0x11191911, 0x1911aafe, 0x2beb1119, 0x2a2a2b2b, 0x5601552b, 0x4001aafe, 0x19402a2a, 0x11aafe11, 0x01111919, 0xfe191156, 0x2b2b2bc0, 0x02002a2b, 
    0x80005500, 0x95019501, 0x0a000600, 0x23250000, 0x37350735, 0x15330533, 0x2a950123, 0xfe066440, 0x80ababc0, 0x242416e3, 0x02002a80, 0x80002b00, 
    0x9501c001, 0x20000300, 0x33130000, 0x32252315, 0x06071415, 0x07070607, 0x35231533, 0x36373637, 0x26273435, 0x23152223, 0x2b363734, 0x3401aaaa, 
    0x04070456, 0x7f3d1711, 0x0d1259b8, 0x1c0a0207, 0x19182e2e, 0xaa2a1501, 0x130b0e4b, 0x42171b06, 0x12612024, 0x0d100c16, 0x24311a05, 0x02001918, 
    0x80005500, 0x9501ab01, 0x12000600, 0x23250000, 0x37350735, 0x33150733, 0x23152315, 0x33352335, 0x2bab0135, 0xd6076440, 0x562a5656, 0x16e38056, 
    0x562a2424, 0x2a56562a, 0x02000056, 0x80002b00, 0x9501d501, 0x30000b00, 0x15130000, 0x15231533, 0x35233523, 0x33173533, 0x37352315, 0x35363736, 
    0x23262734, 0x15060722, 0x36373423, 0x32333637, 0x16171617, 0x06071415, 0xab070607, 0x552b5555, 0xb87fd655, 0x080d1259, 0x15140a0b, 0x182e0b0e, 
    0x16120f0e, 0x07141212, 0x050c1017, 0x6b01090e, 0x56562a56, 0x24c7562a, 0x16126120, 0x0f100f0d, 0x180b0e0d, 0x050e1824, 0x07080506, 0x1a182314, 
    0x09100514, 0xa8000200, 0x59018000, 0x15009501, 0x00002900, 0x26273401, 0x07222627, 0x15060706, 0x16171415, 0x36373233, 0x34073535, 0x16173233, 
    0x14231515, 0x06070607, 0x27262722, 0x2b013526, 0x070a040b, 0x040a0716, 0x0b07190b, 0x840c0b15, 0x07114158, 0x0e0e1801, 0x0e102810, 0x2801180e, 
    0x06061128, 0x06060404, 0x38392811, 0x1211040f, 0x74073928, 0x2c1c1a3e, 0x05101f3b, 0x10050606, 0x04003f1b, 0x15001500, 0xeb01eb01, 0x13000300, 
    0x22001900, 0x11250000, 0x32011121, 0x14111516, 0x22212306, 0x34113526, 0x35133336, 0x15333523, 0x15211125, 0x35262221, 0xfec00111, 0x112b01d5, 
    0xfe111a1a, 0x191911d5, 0x552b9611, 0x5501ebfe, 0x1a11abfe, 0xfe2b0195, 0x1a5601d5, 0x11d5fe11, 0x01111919, 0xfe1a112b, 0xd52aabd5, 0x2babfed5, 
    0x5501111a, 0x15000400, 0xeb011500, 0x1400eb01, 0x28001800, 0x00003100, 0x35231525, 0x33333634, 0x33352335, 0x15151632, 0x23230614, 0x21111715, 
    0x16320111, 0x06141115, 0x26222123, 0x36341135, 0x21110733, 0x26222115, 0x6b011135, 0x2b111980, 0x19125555, 0xab2b111a, 0x2b01d5fe, 0x111a1a11, 
    0x1911d5fe, 0x01551119, 0x11abfe55, 0x552beb1a, 0x2a2b1912, 0x122b1218, 0x01562a19, 0x01d5fe2b, 0xfe111a56, 0x191911d5, 0x112b0111, 0xabfe561a, 
    0x01111a2b, 0x04000055, 0x15001500, 0xeb01eb01, 0x21001800, 0x35002500, 0x14250000, 0x35232306, 0x35233533, 0x35233533, 0x15163233, 0x23061415, 
    0x25151632, 0x21152111, 0x11352622, 0x11211101, 0x15163201, 0x23061411, 0x35262221, 0x33363411, 0x111a6b01, 0x2b2b5555, 0x19125555, 0x130d0d13, 
    0x5501d5fe, 0x1a11abfe, 0xd5feab01, 0x1a112b01, 0xd5fe111a, 0x11191911, 0x2b1912eb, 0x2a2b2b2a, 0x0d201218, 0x8a0d1313, 0x1a2babfe, 0xff550111, 
    0xfe2b0100, 0x1a5601d5, 0x11d5fe11, 0x01111919, 0x001a112b, 0x15000400, 0xeb011500, 0x0300eb01, 0x1c001300, 0x00002100, 0x11211125, 0x15163201, 
    0x23061411, 0x35262221, 0x33363411, 0x15211107, 0x35262221, 0x23170511, 0xc0011737, 0x2b01d5fe, 0x111a1a11, 0x1911d5fe, 0x01551119, 0x11abfe55, 
    0x4c3f011a, 0x952a3beb, 0xd5fe2b01, 0x111a5601, 0x1911d5fe, 0x2b011119, 0xfe561a11, 0x111a2bab, 0x64715501, 0x0400324b, 0x15001500, 0xeb01eb01, 
    0x13000300, 0x26001d00, 0x11250000, 0x32011121, 0x14111516, 0x22212306, 0x34113526, 0x35133336, 0x15333523, 0x15333533, 0x15211125, 0x35262221, 
    0xfec00111, 0x112b01d5, 0xfe111a1a, 0x191911d5, 0x2a55ab11, 0xd5fe2b2b, 0xabfe5501, 0x01951a11, 0x01d5fe2b, 0xfe111a56, 0x191911d5, 0x112b0111, 
    0x55d5fe1a, 0xd5555580, 0x2babfed5, 0x5501111a, 0x15000400, 0xeb011500, 0x1100eb01, 0x1e001a00, 0x00002e00, 0x23061425, 0x35333523, 0x15333523, 
    0x32331523, 0x11251516, 0x22211521, 0x01113526, 0x01112111, 0x11151632, 0x21230614, 0x11352622, 0x01333634, 0x55111a6b, 0x56805555, 0xfe1a112b, 
    0xfe5501d5, 0x011a11ab, 0x01d5feab, 0x1a1a112b, 0x11d5fe11, 0xeb111919, 0x2a2b1912, 0x192b2a80, 0xabfe8012, 0x01111a2b, 0x0100ff55, 0x01d5fe2b, 
    0xfe111a56, 0x191911d5, 0x112b0111, 0x0500001a, 0x15001500, 0xeb01eb01, 0x17000300, 0x2b001b00, 0x00003400, 0x35331501, 0x35262207, 0x33363435, 
    0x15231533, 0x15163233, 0x23061415, 0x11211117, 0x15163201, 0x23061411, 0x35262221, 0x33363411, 0x15211107, 0x35262221, 0x2b150111, 0x1919112b, 
    0x2b565611, 0x111a1a11, 0x01d5fe80, 0x1a1a112b, 0x11d5fe11, 0x55111919, 0xabfe5501, 0x15011a11, 0x19552a2a, 0x18128012, 0x12192b2a, 0x2b19122a, 
    0xd5fe2b01, 0x111a5601, 0x1911d5fe, 0x2b011119, 0xfe561a11, 0x111a2bab, 0x04005501, 0x15001500, 0xeb01eb01, 0x0a000600, 0x23001a00, 0x23250000, 
    0x33352337, 0x21111715, 0x16320111, 0x06141115, 0x26222123, 0x36341135, 0x21110733, 0x26222115, 0x15011135, 0x8055552a, 0x01d5fe55, 0x1a1a112b, 
    0x11d5fe11, 0x55111919, 0xabfe5501, 0xabc01a11, 0x01d62a2a, 0x01d5fe2b, 0xfe111a56, 0x191911d5, 0x112b0111, 0xabfe561a, 0x01111a2b, 0x06000055, 
    0x15001500, 0xeb01eb01, 0x07000300, 0x29002500, 0x42003900, 0x15010000, 0x15273533, 0x22073533, 0x34353526, 0x26223336, 0x36343535, 0x16323333, 
    0x06141515, 0x15163223, 0x23061415, 0x11211117, 0x15163201, 0x23061411, 0x35262221, 0x33363411, 0x15211107, 0x35262221, 0x2b150111, 0x112b2b2b, 
    0x0d0d1319, 0x2b111913, 0x0d131912, 0x111a130d, 0x01d5fe80, 0x1a1a112b, 0x11d5fe11, 0x55111919, 0xabfe5501, 0x15011a11, 0x2b562a2a, 0x1219ab2b, 
    0x13130d20, 0x1812200d, 0x0d201218, 0x200d1313, 0x012b1912, 0x01d5fe2b, 0xfe111a56, 0x191911d5, 0x112b0111, 0xabfe561a, 0x01111a2b, 0x05000055, 
    0x15001500, 0xeb01eb01, 0x17000300, 0x2b001b00, 0x00003400, 0x15233501, 0x15163237, 0x23061415, 0x35333523, 0x35262223, 0x33363435, 0x11211113, 
    0x15163201, 0x23061411, 0x35262221, 0x33363411, 0x15211107, 0x35262221, 0x2b400111, 0x1a19122b, 0x2b555511, 0x11191911, 0x01d5feab, 0x1a1a112b, 
    0x11d5fe11, 0x55111919, 0xabfe5501, 0x40011a11, 0x18552b2b, 0x19128012, 0x12192a2b, 0xff18122b, 0xfe2b0100, 0x1a5601d5, 0x11d5fe11, 0x01111919, 
    0x561a112b, 0x1a2babfe, 0x00550111, 0x15000500, 0xeb011500, 0x0f00eb01, 0x23001f00, 0x40003700, 0x35010000, 0x35211121, 0x35231523, 0x35333523, 
    0x32371533, 0x14111516, 0x22212306, 0x34113526, 0x33173336, 0x14172335, 0x35232306, 0x22233533, 0x34353526, 0x32333336, 0x11271516, 0x22211521, 
    0x01113526, 0x01d5fec0, 0x2b2a2b2b, 0x112b2a2b, 0xfe111a1a, 0x191911d5, 0x15155611, 0x40111a40, 0x1a111540, 0x1115111a, 0x5501eb1a, 0x1a11abfe, 
    0xfe804001, 0x2a2a80d5, 0xab2b2b2b, 0xd5fe111a, 0x11191911, 0x1a112b01, 0x125515ab, 0x19152b19, 0x19121512, 0xfe401219, 0x111a2bab, 0x03005501, 
    0x40004000, 0xc001c001, 0x13000300, 0x00001600, 0x15231125, 0x15163237, 0x23061411, 0x35262221, 0x33363411, 0x01330717, 0x11959595, 0xfe111a1a, 
    0x1a1a11d6, 0x95959511, 0x802a016b, 0xfe111aab, 0x1a1a11d6, 0x112a0111, 0x00aaab1a, 0x40000500, 0xc0014000, 0x0700c001, 0x19001000, 0x2b002200, 
    0x32120000, 0x22061416, 0x35173426, 0x06141533, 0x13352323, 0x15151632, 0x35233523, 0x35231507, 0x33333634, 0x33150715, 0x26222315, 0x34e63535, 
    0x26342626, 0x111a2bd5, 0x1a115555, 0x2bd5552b, 0x5555111a, 0x1a115555, 0x34264001, 0xaf342626, 0x1a115555, 0x1a55012b, 0x2b555511, 0x1155552b, 
    0x55d52b1a, 0x55111a2b, 0x00000200, 0x00025500, 0x1700ab01, 0x00002a00, 0x34363225, 0x35232326, 0x22232634, 0x15161607, 0x22263423, 0x33161406, 
    0x15161625, 0x21230614, 0x34352622, 0x36363736, 0x01163233, 0x26261a95, 0x3144201a, 0x3529243a, 0x3246322b, 0x1d012332, 0x2c3f3a29, 0x4b35ebfe, 
    0x4c153042, 0x80583a2d, 0x0b263426, 0x0b2f4431, 0x33232c45, 0xaa324633, 0x2c2a3d03, 0x31354b3f, 0x30270549, 0x03000049, 0x2b002b00, 0x0002d501, 
    0x0a000300, 0x00001d00, 0x21152101, 0x27231117, 0x01112307, 0x11151632, 0x21230614, 0x11352622, 0x33333634, 0x80011737, 0x000100ff, 0x4b4a602b, 
    0x11560161, 0xfe111919, 0x191911aa, 0x55555611, 0x2bd55501, 0x4b4b2b01, 0x5601d5fe, 0xd5fe111a, 0x11191911, 0x1a112b01, 0x01005555, 0x80001500, 
    0x8001eb01, 0x00000600, 0x37211301, 0x01273717, 0x2afec02b, 0x3c226080, 0x00ff8001, 0x511980ab, 0x15000300, 0xeb011500, 0x0300eb01, 0x1c001300, 
    0x11250000, 0x32011121, 0x14111516, 0x22212306, 0x34113526, 0x11073336, 0x22211521, 0x01113526, 0x01d5fec0, 0x1a1a112b, 0x11d5fe11, 0x55111919, 
    0xabfe5501, 0x01951a11, 0x01d5fe2b, 0xfe111a56, 0x191911d5, 0x112b0111, 0xabfe561a, 0x01111a2b, 0x09000055, 0x2c002c00, 0xd401d401, 0x0b000500, 
    0x19001100, 0x25001f00, 0x31002b00, 0x00003700, 0x17163737, 0x36372615, 0x07061737, 0x33373637, 0x14260706, 0x34262206, 0x16073236, 0x27260717, 
    0x23070637, 0x26053736, 0x17163727, 0x27260727, 0x06071635, 0x37362707, 0x2f251e79, 0x242f693f, 0x723f331f, 0x062b061c, 0x34266529, 0xc3342626, 
    0x291e1c06, 0x061c4d06, 0x0129062b, 0x1e1c064e, 0x1e4d0629, 0x693f2f25, 0x331e252f, 0x1c1e5b3f, 0x25062b06, 0x291e1c06, 0x2d266b06, 0x34a1333e, 
    0x26342626, 0x1f242f55, 0x257e3f33, 0x72333f2f, 0x331e252f, 0x1c1e903f, 0x25062b06, 0x291e1c06, 0x02000006, 0x11003100, 0xef01cf01, 0x40000700, 
    0x32360000, 0x22263436, 0x34071406, 0x26273736, 0x17363526, 0x35261716, 0x16373634, 0x07141516, 0x17363736, 0x0e070614, 0x021e0702, 0x15161617, 
    0x27262706, 0x06141516, 0x35262607, 0x07063734, 0x3246dd06, 0x7a324632, 0x1e12252d, 0x09404022, 0x1d230208, 0x0802231d, 0x22404009, 0x0607021e, 
    0x07060303, 0x40221e02, 0x02080940, 0x231d1d23, 0x40090802, 0x324632ab, 0x26544632, 0x12090c45, 0x2525213b, 0x060e0704, 0x11113b23, 0x0e06233b, 
    0x25250407, 0x01123b21, 0x01010304, 0x12010403, 0x2525213b, 0x060e0704, 0x11113b23, 0x0e06233b, 0x00250407, 0x15000900, 0xeb011500, 0x0300eb01, 
    0x0b000700, 0x17001300, 0x1f001b00, 0x27002300, 0x35370000, 0x37271533, 0x37370717, 0x32260717, 0x22061416, 0x33173426, 0x07372315, 0x15273727, 
    0x07073523, 0x15073727, 0x2aeb3523, 0x2e1e2e9d, 0x1e2e1ea6, 0x26263484, 0x80ab2634, 0x1e2e1d80, 0x272a552e, 0x011e2e1e, 0x80801580, 0x2e1e2e81, 
    0x1e2e1e2e, 0x263426c8, 0x2a053426, 0x2e1e2e7f, 0x91808063, 0x731e2e1e, 0x03002a2a, 0x15004000, 0xd501da01, 0x0a000200, 0x00001100, 0x37273301, 
    0x23272317, 0x21372307, 0x03330733, 0x67012335, 0x45151932, 0x0f440f29, 0xd5fe4529, 0x955555d5, 0x4e5d0140, 0x2b2bc02a, 0x00ffc0c0, 0x020000c0, 
    0x2b002b00, 0xd5019501, 0x0e000500, 0x07010000, 0x07333527, 0x27070127, 0x35233507, 0x216b0127, 0xcf56d6b5, 0x581b4f01, 0x016a404d, 0x2eb5392b, 
    0xb0fe95aa, 0xc083591b, 0x01006b4f, 0x2b009500, 0xd5016b01, 0x00000600, 0x33073313, 0x95233503, 0x965656d6, 0xaad50140, 0x00c000ff, 0x40000900, 
    0xc0011500, 0x0400eb01, 0x0c000800, 0x14001000, 0x27001900, 0x2f002b00, 0x35250000, 0x27061433, 0x27153335, 0x13153335, 0x07153335, 0x13113311, 
    0x23151632, 0x33363421, 0x11231533, 0x22231533, 0x35253526, 0x35031533, 0x95011533, 0x2b111a2b, 0x2b2a2b80, 0x11802ad5, 0xabfe2b1a, 0x5555111a, 
    0x1a115555, 0x802b5501, 0x112b402b, 0x2a2aab1a, 0xff2b2baa, 0x802b2b00, 0x2afed601, 0x111aab01, 0xfe2b1a11, 0x111a2bd6, 0xff2b2bd5, 0x002b2b00, 
    0x40000a00, 0xc0014000, 0x0f00c001, 0x17001300, 0x2b001b00, 0x33002f00, 0x43003f00, 0x00004700, 0x15213501, 0x15331533, 0x15333533, 0x35333533, 
    0x15233515, 0x15233523, 0x15233523, 0x15163201, 0x23061411, 0x35262221, 0x33363411, 0x23153317, 0x23153337, 0x33153327, 0x23352315, 0x33352315, 
    0x35331517, 0x33152321, 0xd6fe9501, 0x2a2b2b2a, 0x2b2b2b2b, 0x012b2b2a, 0x1a1a1100, 0x11d6fe11, 0x2a111a1a, 0x2bab2b2b, 0x2b2a552b, 0x2b2b2a2b, 
    0x00ff2a80, 0x15012a2a, 0x2b2a8080, 0x2a2b2b2b, 0x2b2b2b95, 0x012b2b2b, 0xfe111a40, 0x1a1a11d6, 0x112a0111, 0x2b2b801a, 0x2a2b2b2b, 0x2a2a2a2a, 
    0x002b2b2b, 0x55000800, 0xab015500, 0x0700ab01, 0x17000f00, 0x27001f00, 0x37002f00, 0x00003f00, 0x14163212, 0x34262206, 0x14163216, 0x34262206, 
    0x14163216, 0x34262206, 0x14163206, 0x34262206, 0x34262236, 0x14163236, 0x14163204, 0x34262206, 0x14163236, 0x34262206, 0x14163216, 0x34262206, 
    0x1a1a22c4, 0x226f1922, 0x1a221919, 0x1a1a226f, 0x223b1a22, 0x1a221919, 0x1a1a2291, 0xc4fe1a22, 0x221a1a22, 0x1a221a1a, 0x6f1a221a, 0x221a1a22, 
    0x1aab0119, 0x221a1a22, 0x1a22193c, 0x1a3c221a, 0x22191922, 0x1a221a3b, 0x1ac4221a, 0x221a1a22, 0x1a221ac4, 0x19c4221a, 0x221a1a22, 0x19221a3c, 
    0x09002219, 0x00000000, 0xe501e501, 0x07000200, 0x10000c00, 0x16001300, 0x24002000, 0x00003d00, 0x07273325, 0x15232735, 0x23273527, 0x23351715, 
    0x33151115, 0x03331517, 0x21270701, 0x11352622, 0x33150527, 0x27232135, 0x15163221, 0x23352711, 0x23353327, 0x23352715, 0x23353327, 0x55012715, 
    0x0c2a1f1f, 0x4a0c2a4a, 0x611f5656, 0xca01d91f, 0xb6fe2b1b, 0x012b1911, 0x00ff5655, 0x4a012b1f, 0x1f2a1911, 0x2a564a2b, 0x564a2b1f, 0x1f1f552a, 
    0x80560c4a, 0x80560c4a, 0x1f015656, 0x011f611f, 0x1b36fe10, 0x0111192b, 0x561f2b4a, 0x11192a56, 0x1f2bb6fe, 0x2b4a562a, 0x4a562a1f, 0x0a00002b, 
    0x2b002b00, 0xd501d501, 0x07000300, 0x0f000b00, 0x17001300, 0x1f001b00, 0x33002300, 0x35010000, 0x35171523, 0x35171523, 0x35031523, 0x35171523, 
    0x35171523, 0x35031523, 0x35171523, 0x35171523, 0x32011523, 0x14111516, 0x22212306, 0x34113526, 0xab013336, 0x56565656, 0x56562a56, 0x2a565656, 
    0x56565656, 0x11560156, 0xfe111919, 0x191911aa, 0x56550111, 0x56568056, 0x01565680, 0x80565600, 0x56805656, 0x56000156, 0x56568056, 0x01565680, 
    0xfe111980, 0x191911aa, 0x11560111, 0x04000019, 0x1e001e00, 0xcb01cd01, 0x1d001400, 0x30002100, 0x16130000, 0x23270701, 0x23152735, 0x23152335, 
    0x33153335, 0x17273335, 0x32332723, 0x27151516, 0x35331537, 0x35272307, 0x15163233, 0x17071415, 0x35232723, 0x18360162, 0x202048a2, 0x2b20202b, 
    0x08f77508, 0x130d2820, 0x2b2b6020, 0x0d4b1808, 0x20131313, 0xcb011813, 0x17cdfe63, 0x692049a2, 0x2b803535, 0x2095752b, 0x20290d13, 0x60151509, 
    0x0d136917, 0x2d071715, 0x0500002b, 0xc0004000, 0x4001c001, 0x0d000300, 0x1d001900, 0x00002b00, 0x15233525, 0x15163237, 0x23061415, 0x35073523, 
    0x35231533, 0x35231523, 0x35051533, 0x14331523, 0x27231707, 0x35231523, 0x15163233, 0x2a2a1501, 0x0d13130d, 0x2020404a, 0x0120202b, 0x134b2b40, 
    0x18132013, 0x130d4b20, 0x604040e0, 0x0d400d13, 0x2b2b8013, 0x80353580, 0x15150a2b, 0x2b2d0a14, 0x0d13802b, 0x15000300, 0xeb018000, 0x07008001, 
    0x17000f00, 0x32360000, 0x22263436, 0x32361406, 0x22061416, 0x32243426, 0x22061416, 0x225a3426, 0x1a221919, 0x32324608, 0x21013346, 0x6a4b4b6a, 
    0x221ad54b, 0x66221a1a, 0x32324632, 0x6a4b5d46, 0x006a4b4b, 0x15000300, 0xeb018000, 0x07008001, 0x17000f00, 0x32240000, 0x22263436, 0x32361406, 
    0x22061416, 0x32263426, 0x22061416, 0x48013426, 0x46323246, 0x4b6a2133, 0xa34b6a4b, 0x46323246, 0x4632ab33, 0xa3463232, 0x4b4b6a4b, 0x4632206a, 
    0x00463232, 0x2a000700, 0xd5012a00, 0x0300d501, 0x13000b00, 0x1f001b00, 0x4c002700, 0x37250000, 0x22360727, 0x32161406, 0x32063436, 0x22263436, 
    0x32261406, 0x22263436, 0x37271406, 0x22160727, 0x32161406, 0x17173436, 0x07071416, 0x27222306, 0x22060727, 0x34262727, 0x26273737, 0x36373734, 
    0x37171732, 0x17173236, 0x01071416, 0x4d4e4e63, 0x0d0d121e, 0x12490c12, 0x0c120c0c, 0x0d0d121f, 0x4d240c12, 0x12bb4e4d, 0x0c120c0c, 0x06065565, 
    0x0a09065c, 0x06555406, 0x065d0612, 0x06555506, 0x12065d06, 0x06545506, 0x065c0613, 0x4d4e4e06, 0x120c7a4e, 0x49120c0c, 0x0d0d120c, 0x120c1f12, 
    0x1f120c0c, 0x234e4d4e, 0x0d0d120c, 0x06553412, 0x065d0612, 0x06555506, 0x12065d06, 0x06545506, 0x065c0613, 0x06555506, 0x13065c06, 0x02000006, 
    0x40004000, 0xc001c001, 0x14000400, 0x07370000, 0x17072721, 0x21230614, 0x11352622, 0x21333634, 0xb5151632, 0x602a014a, 0x111ad54a, 0x1a11d6fe, 
    0x2a01111a, 0x60e01a11, 0x11356080, 0x01111a1a, 0x1a1a112a, 0x06000011, 0x55002b00, 0xab01d501, 0x13000300, 0x1b001700, 0x23001f00, 0x11250000, 
    0x32011121, 0x14111516, 0x22212306, 0x34113526, 0x15173336, 0x15233523, 0x15173523, 0x15373523, 0xab013523, 0x5601aafe, 0x11191911, 0x1911aafe, 
    0x2bab1119, 0x2ad52b2a, 0x01802a2a, 0x0100ff00, 0xff111a2b, 0x1a1a1100, 0x11000111, 0x2b2b801a, 0x2a562b2b, 0x2b2b562a, 0x40000400, 0xc0014000, 
    0x0300c001, 0x12000600, 0x00002200, 0x33352325, 0x37011117, 0x33153315, 0x23353335, 0x37152335, 0x11151632, 0x21230614, 0x11352622, 0x01333634, 
    0x2a6b6b6b, 0x2b0ad6fe, 0x202b2b20, 0x1a1a11f5, 0x11d6fe11, 0x95111a1a, 0x2a014a20, 0x20f5d6fe, 0x2b202b2b, 0x111a602b, 0x1a11d6fe, 0x2a01111a, 
    0x01001a11, 0x80001500, 0x8001eb01, 0x00000600, 0x37211301, 0x01273717, 0x2afec02b, 0x3c226080, 0x00ff8001, 0x511980ab, 0x40000600, 0xc0014000, 
    0x0700c001, 0x14000c00, 0x24001c00, 0x00002900, 0x33363425, 0x15062215, 0x33363433, 0x36342315, 0x06221533, 0x06140315, 0x36323523, 0x06143335, 
    0x36323523, 0x06142335, 0x2b013523, 0x3f2c3e57, 0xeb1a262b, 0x7050618a, 0x2c3e572b, 0x618a803f, 0x26807050, 0x573e401a, 0x1a2c3f2a, 0x8a614026, 
    0x0150702b, 0x2a573e80, 0x8a612c3f, 0x1a50702b, 0x05004026, 0x40004000, 0xc001c001, 0x0b000500, 0x2d001100, 0x00003300, 0x15333601, 0x27170722, 
    0x22153336, 0x27071403, 0x37073536, 0x06270701, 0x37342315, 0x23150627, 0x06273734, 0x37323523, 0x35230627, 0x14373732, 0x35362707, 0x3f394801, 
    0x22422a2f, 0x890c1e1b, 0xc0161f22, 0x1b65011b, 0x1f2a133d, 0x382b2b1f, 0x45564235, 0x32291f35, 0x0b581b22, 0x09010322, 0x42162b22, 0x012a0b22, 
    0x1f393f15, 0x1b1b2f2a, 0x3d1b9bfe, 0x2932221b, 0x5644351e, 0x2b383542, 0x2a1f1f2b, 0x1b1e5813, 0x000c0b22, 0x2b000100, 0xd5012b00, 0x0700d501, 
    0x32120000, 0x22061416, 0xb0a83426, 0x7db07d7d, 0xb07dd501, 0x00b07d7d, 0x40000200, 0xc0014000, 0x1800c001, 0x00002800, 0x26343501, 0x33152323, 
    0x33152315, 0x33152315, 0x35353632, 0x32232634, 0x16323736, 0x06141115, 0x26222123, 0x36341135, 0x19400133, 0x2b565611, 0x1156562b, 0x0e0e1219, 
    0x19115612, 0xd5fe1119, 0x111a1a11, 0x12202001, 0x2a2b2b19, 0x12192b2b, 0x12120e20, 0xfe111aae, 0x1a1a11d6, 0x112a0111, 0x0200001a, 0x95001500, 
    0x8001eb01, 0x17000b00, 0x32120000, 0x34231516, 0x15062226, 0x32363423, 0x34231516, 0x15062226, 0xc29f3423, 0xa0702b8a, 0x7aae2b70, 0x583f2a58, 
    0x80012a3f, 0x714f618a, 0x35614f71, 0x3f2c3e58, 0x003e2c3f, 0x40000200, 0xc0014000, 0x0900c001, 0x00001900, 0x15233525, 0x15233523, 0x32131533, 
    0x14111516, 0x22212306, 0x34113526, 0x40013336, 0x552b2a2b, 0x1a1a1180, 0x11d6fe11, 0x95111a1a, 0x805656d6, 0x1a2b0156, 0x11d6fe11, 0x01111a1a, 
    0x001a112a, 0x40000200, 0xc0014000, 0x1100c001, 0x00002100, 0x15233501, 0x15231533, 0x35363233, 0x23263435, 0x32373523, 0x14111516, 0x22212306, 
    0x34113526, 0x40013336, 0x55555580, 0x12191a11, 0x1a11aa2a, 0xd6fe111a, 0x111a1a11, 0x802b4001, 0x12192b2b, 0x2b18122b, 0xfe111a80, 0x1a1a11d6, 
    0x112a0111, 0x0300001a, 0x40004000, 0xc001c001, 0x23001300, 0x00002700, 0x22233501, 0x14151506, 0x32333316, 0x34353536, 0x35232326, 0x15163237, 
    0x23061411, 0x35262221, 0x33363411, 0x15333513, 0x11554001, 0x2a111a1a, 0x12191a11, 0x1a11aa2a, 0xd6fe111a, 0x111a1a11, 0x40012a80, 0x8012192b, 
    0x12191912, 0x2b18122b, 0xfe111a80, 0x1a1a11d6, 0x112a0111, 0x2b00ff1a, 0x0200002b, 0x40004000, 0xc001c001, 0x15000500, 0x35250000, 0x15331523, 
    0x15163213, 0x23061411, 0x35262221, 0x33363411, 0x2b562b01, 0x1a1a1195, 0x11d6fe11, 0x95111a1a, 0x01ab2bd6, 0xfe111a2b, 0x1a1a11d6, 0x112a0111, 
    0x0200001a, 0x40004000, 0xc001c001, 0x24001400, 0x35010000, 0x23232634, 0x23153315, 0x15150622, 0x35233533, 0x37363233, 0x11151632, 0x21230614, 
    0x11352622, 0x01333634, 0x55111a40, 0x19122a55, 0x122a5580, 0x1a115519, 0xd6fe111a, 0x111a1a11, 0x122b1501, 0x182b2b19, 0x2b2b5612, 0x111abd18, 
    0x1a11d6fe, 0x2a01111a, 0x03001a11, 0x2b002b00, 0xd501d501, 0x13000700, 0x00001f00, 0x34363236, 0x14062226, 0x15163212, 0x23061415, 0x34262223, 
    0x15331537, 0x35231523, 0x35333523, 0x65658cba, 0xb053658c, 0xab11197d, 0x56ea7d58, 0x56562a56, 0x658c6555, 0x1b018c65, 0x11ab587d, 0x13b07d19, 
    0x56562a56, 0x0200562a, 0x40002b00, 0xc001d501, 0x2f001b00, 0x11250000, 0x16321523, 0x35230614, 0x36342622, 0x36321533, 0x35232634, 0x16140622, 
    0x32131533, 0x14111516, 0x22212306, 0x34113526, 0x37333336, 0xab011733, 0x3e3e2dab, 0x28281c2d, 0x28281c1c, 0x3e3e2d1c, 0x1911ab2d, 0xaafe1119, 
    0x11191911, 0x26802645, 0x1600016b, 0x263e5a3d, 0x89273a28, 0x26273a28, 0x153e5a3d, 0x11192a01, 0x1a1100ff, 0x0001111a, 0x2b2b1911, 0x2b000100, 
    0xd5015500, 0x1800ab01, 0x33010000, 0x23061411, 0x35262221, 0x33363411, 0x27331733, 0x27331733, 0x01331733, 0x11195580, 0x1911aafe, 0x2a161119, 
    0x2b2a2a40, 0x2b2b2b40, 0xfeab0140, 0x1a1a11d5, 0x11000111, 0x5656561a, 0x01005656, 0x40008000, 0xc0018001, 0x00000d00, 0x23153301, 0x22061415, 
    0x33363426, 0x00011732, 0x46335580, 0x15233232, 0x55c00116, 0x323223d6, 0x000c3346, 0x6b000100, 0x99012b00, 0x1100d201, 0x15250000, 0x35211533, 
    0x26263533, 0x32363435, 0x06141516, 0xfe801501, 0x473680d6, 0x4c577c58, 0x2a2a53a8, 0x37530954, 0x3e58583e, 0x02005439, 0x2b002b00, 0xd201d901, 
    0x25000700, 0x22120000, 0x32363426, 0x14251416, 0x33150706, 0x23352115, 0x33363435, 0x15163233, 0x33152315, 0x35262635, 0x16323634, 0x12121c6e, 
    0x5901121c, 0xfe40384c, 0x090c15ab, 0x150c0940, 0x584736ab, 0x1501577c, 0x13131a13, 0x5439141a, 0x6a2a5307, 0x0c0c0956, 0x54405609, 0x3e375309, 
    0x01005858, 0x8000ab00, 0x80014901, 0x00000500, 0x07170701, 0x49013727, 0x801e6262, 0x62620180, 0x80801e62, 0xb7000100, 0x55018000, 0x05008001, 
    0x17130000, 0x27372707, 0x1e8080d5, 0x80016262, 0x621e8080, 0x05000062, 0x40004000, 0xc001c001, 0x0f000700, 0x1f001700, 0x00003400, 0x34363200, 
    0x14062226, 0x34363226, 0x14062226, 0x34363206, 0x14062226, 0x34363206, 0x14062226, 0x15163237, 0x23230614, 0x14150622, 0x06141516, 0x34262223, 
    0x1a680136, 0x131a1313, 0x13131a2d, 0x1a57131a, 0x131a1313, 0x13131a2d, 0x4f95131a, 0x252c3f71, 0x1210120e, 0x7070500e, 0x1c120001, 0x431c1212, 
    0x13131a13, 0x1a13131a, 0x681a1313, 0x12121c12, 0x4764ae1c, 0x0d133e2c, 0x0e0c140b, 0x70a07012, 0x15000200, 0xeb015500, 0x0400ab01, 0x00001400, 
    0x27210737, 0x06140507, 0x26222123, 0x36341135, 0x16322133, 0x014ab515, 0x014a602a, 0xfe111a00, 0x1a1a1180, 0x11800111, 0x8060f51a, 0x1a113560, 
    0x0001111a, 0x111a1a11, 0x2b000200, 0xd5012b00, 0x0700d501, 0x00000f00, 0x34363236, 0x14062226, 0x14163212, 0x34262206, 0x65658cba, 0xb053658c, 
    0x7db07d7d, 0x658c6555, 0x1b018c65, 0x7d7db07d, 0x020000b0, 0x55002b00, 0xab01d501, 0x21001700, 0x32010000, 0x23141115, 0x22262722, 0x22230607, 
    0x33341135, 0x32161732, 0x06073637, 0x15272223, 0x17323336, 0x0c0cc901, 0xc6600402, 0x0c020460, 0x6004020c, 0x1c0460c6, 0x53585d4e, 0x53585952, 
    0xfe0eab01, 0x23020ec6, 0x010e0223, 0x23020e3a, 0x18370223, 0x1818e818, 0x55000200, 0xab012b00, 0x0800d501, 0x00002000, 0x34263337, 0x15162337, 
    0x15160514, 0x22212314, 0x36373435, 0x35262734, 0x32213334, 0x06071415, 0x18e88c14, 0x0118e818, 0xfe0e0205, 0x23020ec6, 0x010e0223, 0x23020e3a, 
    0x53b05355, 0x6b585952, 0x0c0c0204, 0xc6600402, 0x0c020460, 0x6004020c, 0x020000c6, 0x55002b00, 0xab01d501, 0x1f001300, 0x32120000, 0x1416021f, 
    0x2206020f, 0x3426022f, 0x2216023f, 0x17140607, 0x36373216, 0x9ab32734, 0x1206135d, 0x5d130612, 0x06135d9a, 0x13061212, 0x0f568cf0, 0x568c560f, 
    0xab010f0f, 0x42130310, 0x03134286, 0x13031010, 0x13428642, 0x390e1b03, 0x0e0e3972, 0x00397239, 0x40000200, 0xc0014000, 0x0400c001, 0x00001400, 
    0x27210737, 0x06141707, 0x26222123, 0x36341135, 0x16322133, 0x014ab515, 0xd54a602a, 0xd6fe111a, 0x111a1a11, 0x1a112a01, 0x608060e0, 0x1a1a1135, 
    0x112a0111, 0x00111a1a, 0x55000300, 0xab012b00, 0x0400d501, 0x19000900, 0x21370000, 0x27270727, 0x35173715, 0x15163237, 0x23061411, 0x35262221, 
    0x33363411, 0x52000180, 0x35402e40, 0x1a119536, 0x00ff111a, 0x111a1a11, 0x37526d6b, 0x2020abee, 0x11192aab, 0x1911aafe, 0x56011119, 0x03001911, 
    0x55002b00, 0xd501d501, 0x1b000700, 0x00002300, 0x34363236, 0x14062226, 0x33173313, 0x11151632, 0x21230614, 0x11352622, 0x33333634, 0x32363416, 
    0x22061416, 0x3f3f58d4, 0x802b3f58, 0x19114427, 0xaafe1119, 0x11191911, 0x38282344, 0x95382828, 0x3f3f583f, 0x2a010158, 0x00ff111a, 0x111a1a11, 
    0x1a110001, 0x282838c7, 0x03002838, 0x2b002b00, 0xd501d501, 0x0d000800, 0x00001d00, 0x21113313, 0x26222115, 0x21073735, 0x14170727, 0x22212306, 
    0x34113526, 0x32213336, 0x2a2b1516, 0xd5fe2b01, 0x40c01911, 0x3f560001, 0xff1119bf, 0x1a1a1100, 0x11000111, 0xfe800119, 0x11192ad5, 0x4f6a55ab, 
    0x1a1a111b, 0x11000111, 0x00111919, 0x2b000700, 0xd5012b00, 0x0300d501, 0x10000c00, 0x24001a00, 0x40003000, 0x35010000, 0x11271533, 0x22211521, 
    0x17113526, 0x37153335, 0x33152335, 0x23353335, 0x34350735, 0x15232326, 0x27363233, 0x23263435, 0x35331523, 0x37363233, 0x11151632, 0x21230614, 
    0x11352622, 0x01333634, 0x01eb152b, 0x11d5fe2b, 0xe0159519, 0x20202040, 0x350e1235, 0x6b120e35, 0x20350d13, 0xb6130d15, 0x11191911, 0x1a1100ff, 
    0x0b01111a, 0xfe754040, 0x11192ad5, 0x164b2b01, 0x80201616, 0x4016202a, 0x80130d40, 0x0d163713, 0x132a8013, 0xff1119ad, 0x1a1a1100, 0x11000111, 
    0x04000019, 0x40004000, 0xc001c001, 0x13000300, 0x23001b00, 0x11250000, 0x32011121, 0x14111516, 0x22212306, 0x34113526, 0x15133336, 0x36343523, 
    0x22261632, 0x32363426, 0x95011416, 0x2a01d6fe, 0x111a1a11, 0x1a11d6fe, 0xc0f5111a, 0x4c423c42, 0x281c1c28, 0x2a016b1c, 0x5501d6fe, 0xd6fe111a, 
    0x111a1a11, 0x1a112a01, 0x1010e5fe, 0x401a1a16, 0x1d1d261d, 0x03000026, 0x60001500, 0xa001eb01, 0x0f000700, 0x00001900, 0x14163212, 0x34262206, 
    0x34363216, 0x14062226, 0x17163236, 0x26220606, 0x34e63627, 0x26342626, 0x3f3f5814, 0x9e1c3f58, 0x801c1c80, 0x1c1c809e, 0x34264001, 0x85342626, 
    0x3f3f583f, 0x4858cc58, 0x48585848, 0x03000048, 0x2b001200, 0xf001d501, 0x1a001600, 0x00001e00, 0x07141601, 0x27222306, 0x32331637, 0x27343637, 
    0x27152326, 0x05321537, 0x35273717, 0x01270717, 0x3738389d, 0x202b3151, 0x2c3e211b, 0x3e2c2b2b, 0xfe515a5a, 0x4e4e4ee9, 0x018b8a8a, 0x389f3872, 
    0x0d1f1838, 0x2c7c2b2c, 0x5b5a452c, 0x4e4ebe45, 0x8a8a3c4e, 0x0400008a, 0x57005700, 0xeb01ab01, 0x14000e00, 0x20001a00, 0x16010000, 0x07061416, 
    0x34363635, 0x27152726, 0x16370337, 0x27261517, 0x26071716, 0x07063727, 0x01373623, 0x57573f15, 0x3d3d2e3f, 0x7e61612e, 0x301e171f, 0x1e100539, 
    0x1241061c, 0x1d062b04, 0x6008a901, 0x2b086082, 0x475e4708, 0x615f5308, 0x111f8efe, 0x8e062b05, 0x251e181d, 0x1b1a5f2e, 0x0400262d, 0x57005500, 
    0xeb01a901, 0x0b000500, 0x20001100, 0x36250000, 0x07063337, 0x17373607, 0x23370706, 0x16372726, 0x06350727, 0x17161406, 0x34262615, 0x01353736, 
    0x2b051168, 0x1e721c06, 0x30241f17, 0x11052b94, 0x61571c1f, 0x2e3d3d2e, 0x3f57573f, 0x2e1e17b6, 0x11051625, 0xbe061c1f, 0x251e171e, 0x08535f47, 
    0x08475e47, 0x8260082b, 0x00420860, 0x40000300, 0xc0014000, 0x0300c001, 0x16001300, 0x11250000, 0x32011121, 0x14111516, 0x22212306, 0x34113526, 
    0x17173336, 0xfe950107, 0x112a01d6, 0xfe111a1a, 0x1a1a11d6, 0x6b6b6a11, 0xfe2a016b, 0x1a5501d6, 0x11d6fe11, 0x01111a1a, 0x6b1a112a, 0x02005555, 
    0x80001500, 0x8001eb01, 0x23001300, 0x35250000, 0x35231523, 0x35231523, 0x35231523, 0x35231523, 0x32251523, 0x14151516, 0x22212306, 0x34353526, 
    0xc0013336, 0x2b2b2a2b, 0x2a2b2b2a, 0x1180012b, 0xfe111a1a, 0x1a1a1180, 0x55aaab11, 0x55555555, 0xaa555555, 0xaa111ad5, 0x111a1a11, 0x001a11aa, 
    0x18000400, 0xdd013000, 0x0500c501, 0x20000d00, 0x00002600, 0x23173537, 0x32362622, 0x22263436, 0x16051406, 0x06070706, 0x03272223, 0x37343526, 
    0x32333637, 0x26260117, 0x7d153737, 0x1a111f4a, 0x0c0c1222, 0x43010c12, 0x9d100e07, 0x0b1c0908, 0x9e1a036a, 0x0b1b0809, 0x0e10cafe, 0x875b3407, 
    0x0dfb1ab2, 0x120c0c12, 0x072110a6, 0x011a0341, 0x1b080900, 0x1a03410b, 0x2007b2fe, 0x00c07d10, 0x2b000200, 0xd5015500, 0x0900d501, 0x00001d00, 
    0x15273725, 0x17073523, 0x32373335, 0x14111516, 0x22212306, 0x34113526, 0x37333336, 0x40011733, 0x4b804b4b, 0x116b804b, 0xfe111919, 0x191911aa, 
    0x80274411, 0x4b4bb527, 0x4b4b3636, 0x111ac036, 0x1a1100ff, 0x0001111a, 0x2a2a1a11, 0x2b000200, 0xd5016b00, 0x09009501, 0x00001d00, 0x15273725, 
    0x17073523, 0x37373335, 0x14152711, 0x22212306, 0x34113526, 0x32213336, 0x15011516, 0x4a804b4b, 0x556b804a, 0xfe090c55, 0x0c0c09d5, 0x092b0109, 
    0x4b4bb50c, 0x4b4b3636, 0xfe564a36, 0x094b56ea, 0x01090c0c, 0x0c0c0900, 0x05000009, 0x2b002b00, 0xd501d501, 0x0d000500, 0x1d001500, 0x00002500, 
    0x27262224, 0x22260633, 0x32363426, 0x22161416, 0x32363426, 0x32061416, 0x22263436, 0x32121406, 0x22061416, 0x25013426, 0xda0d3b4a, 0x131a9e0d, 
    0x83131a13, 0x1a13131a, 0x658cb113, 0x53658c65, 0xb07d7db0, 0x21298b7d, 0x1a136121, 0x131a1313, 0x13131a13, 0x8c65d31a, 0x018c6565, 0x7db07d1b, 
    0x0500b07d, 0x40004000, 0xc001c001, 0x09000300, 0x13000f00, 0x00001900, 0x07153737, 0x23061437, 0x33013723, 0x36343507, 0x35073333, 0x01171625, 
    0xfac62726, 0x111abdbd, 0xabfe552a, 0xa31a552a, 0x6001fa3d, 0xa1fe0619, 0xfa400717, 0x112bbd3d, 0x2b01551a, 0x1a112a55, 0x07bb3dfa, 0x07a2fe17, 
    0x03000017, 0x2b002b00, 0xd501d501, 0x0f000700, 0x00001700, 0x34363236, 0x14062226, 0x14163212, 0x34262206, 0x06141624, 0x35372722, 0x65658cba, 
    0xb053658c, 0x7db07d7d, 0x4a4c0901, 0x555a266a, 0x65658c65, 0x7d1b018c, 0xb07d7db0, 0x4c684c28, 0x00805a26, 0x00000400, 0x00027e00, 0x12008201, 
    0x55001e00, 0x00005c00, 0x27343525, 0x07222326, 0x14151506, 0x32161617, 0x27363637, 0x17323334, 0x14151516, 0x25352223, 0x1e141522, 0x17163305, 
    0x17161716, 0x15161716, 0x23060714, 0x35262722, 0x32331433, 0x032e3435, 0x26272627, 0x36373435, 0x15163233, 0x26273423, 0x11333725, 0x01073523, 
    0x17070a13, 0x0217080a, 0x082c1001, 0x537b0406, 0x52161329, 0x1e1c0153, 0x04020201, 0x09010702, 0x0813090a, 0x0505080e, 0x39120c2c, 0x26290511, 
    0x0e060621, 0x0c080623, 0x110c2a13, 0x122a2a21, 0x6549fe0c, 0xe6402b06, 0x0f112436, 0x35340e03, 0x20050918, 0x47120c10, 0x391c186d, 0x356e6e29, 
    0x03050317, 0x03010203, 0x06020104, 0x0b050903, 0x0f250b0a, 0x0a0c2704, 0x0906171e, 0x02090603, 0x170d0803, 0x1e040e26, 0x0304151d, 0x00ff253a, 
    0x020016cd, 0x7e005900, 0x8201c201, 0x5e003800, 0x22010000, 0x041e1415, 0x16331632, 0x16171617, 0x16171617, 0x06071415, 0x26272223, 0x16143335, 
    0x34353233, 0x26272626, 0x26272627, 0x36373435, 0x15163233, 0x26273423, 0x14151607, 0x26220607, 0x17143335, 0x34323316, 0x33352323, 0x35363732, 
    0x07222334, 0x34231506, 0x32333637, 0x76011416, 0x0301011f, 0x06020402, 0x0b090901, 0x070e0812, 0x0c2c0506, 0x05113813, 0x21111628, 0x05070606, 
    0x12141c10, 0x21110c2a, 0x0c132a2a, 0x17182aa1, 0x0b2b2f4a, 0x2e2a110d, 0x0920191a, 0x0a1a2602, 0x11302a03, 0x012a2610, 0x04031721, 0x03010303, 
    0x02010403, 0x05090306, 0x250b0a0b, 0x0c27040f, 0x170f0f0a, 0x03030906, 0x0d060402, 0x0e26180c, 0x141d1e04, 0x101e0305, 0x1412252a, 0x08142226, 
    0x1721520a, 0x14260b05, 0x132d0906, 0x00482405, 0x40000400, 0xc0012b00, 0x0700eb01, 0x1a001600, 0x00001e00, 0x34363236, 0x14062226, 0x14151625, 
    0x34262206, 0x17323336, 0x07171637, 0x13153335, 0xc2352315, 0x7c57577c, 0x2a2b0157, 0x7070a070, 0x1e374150, 0x2ac90e10, 0x5855802b, 0x7c57577c, 
    0x4f4235b5, 0x719e7171, 0x110d1f2b, 0x018080ac, 0x002b2b16, 0x25000500, 0xc0011500, 0x0700eb01, 0x17001300, 0x2f001b00, 0x32250000, 0x15062737, 
    0x01031614, 0x23062707, 0x34352622, 0x35172737, 0x15371533, 0x17173523, 0x14151607, 0x35362707, 0x22232634, 0x33362707, 0x00011732, 0x14cc2427, 
    0x7b018257, 0x3832361b, 0x3b207050, 0x802b2ac6, 0x2a1e1ed6, 0x57141f20, 0x2022283e, 0x35433a30, 0x22cc1555, 0x01583e29, 0x1b85fe56, 0x4f712036, 
    0x593b303a, 0x2bdf491e, 0x1f1e4c2b, 0x303a4235, 0x3e29221f, 0x201f1457, 0x0800002a, 0x2b002b00, 0xd501d501, 0x09000400, 0x12000d00, 0x1b001700, 
    0x29002100, 0x36250000, 0x17152337, 0x15233736, 0x23373615, 0x26331535, 0x33152727, 0x15272726, 0x11032633, 0x16140606, 0x14163202, 0x34262206, 
    0x0202a501, 0x030c7094, 0x3e1e207f, 0x90020294, 0x700c037f, 0x3f4a1e3e, 0xb0045757, 0x7db07d7d, 0x161006d5, 0x16051140, 0xc010043e, 0x40061016, 
    0x3e110516, 0xb2fe1014, 0x60085201, 0x76016082, 0x7d7db07d, 0x020000b0, 0x15002b00, 0xeb01d501, 0x1f000800, 0x35130000, 0x15163233, 0x17352315, 
    0x07331523, 0x23353327, 0x35352622, 0x35333523, 0x23173723, 0x80d52111, 0x802b1a11, 0x40402b55, 0x1a11aa2a, 0x402b5555, 0x2a012a40, 0x1a2b5501, 
    0xd5808011, 0x2b40402b, 0x2baa111a, 0xff40402b, 0x06000000, 0x40004000, 0xc001c001, 0x0b000700, 0x1b001300, 0x23001f00, 0x35010000, 0x15331533, 
    0x23171523, 0x33253335, 0x23352315, 0x23173335, 0x33153335, 0x33032315, 0x33152315, 0x40012315, 0x5555552b, 0xd5fed5d5, 0x55552b2b, 0xab2a2a80, 
    0xd5d5d5ab, 0x40018080, 0x2b2a2b80, 0x802b2a55, 0x80d52a2b, 0x2a012a2b, 0x002ad62a, 0x40000c00, 0xd5016b00, 0x03009501, 0x0b000700, 0x13000f00, 
    0x1b001700, 0x23001f00, 0x2b002700, 0x00002f00, 0x23153301, 0x15333515, 0x15333523, 0x15333523, 0x15333523, 0x15333537, 0x23153327, 0x15333523, 
    0x15333517, 0x15333523, 0x15333523, 0x15333527, 0x55558001, 0xc056c055, 0xeb55c055, 0x5656c055, 0x5615556a, 0x55c055c0, 0x95015555, 0x5555d555, 
    0x55555555, 0x566a5555, 0x5555c056, 0x56566b55, 0x56565656, 0x0055556b, 0x40000300, 0xd5016b00, 0x03009501, 0x0b000700, 0x21130000, 0x35172115, 
    0x35211521, 0x01401533, 0x956bfe95, 0x6bfe0001, 0x80950180, 0x959595aa, 0x03000095, 0x55000000, 0xab01fc01, 0x1e000700, 0x00002100, 0x23273337, 
    0x33373307, 0x23073325, 0x27230727, 0x22230606, 0x33363426, 0x17331732, 0x25173337, 0x28dc1737, 0x29442b44, 0x0801440f, 0x20252c27, 0x15022620, 
    0x64473152, 0x33524764, 0x22201a10, 0x19d6fe20, 0xc0c0ab18, 0x82c0962a, 0x342b0982, 0x40658c65, 0x0e878787, 0x01004e4e, 0x55000000, 0xab010002, 
    0x00001200, 0x15161601, 0x21230614, 0x34352622, 0x36363736, 0x01163233, 0x3f3a299d, 0x35ebfe2c, 0x1530424b, 0x583a2d4c, 0x3d032a01, 0x4b3f2c2a, 
    0x05493135, 0x00493027, 0x15000600, 0xeb012100, 0x0300e001, 0x15000700, 0x1d001900, 0x00002100, 0x07173725, 0x23153337, 0x15161627, 0x26220614, 
    0x37363435, 0x15073335, 0x35173523, 0x37271533, 0x70010717, 0x151e261e, 0x1d6b4040, 0x4b6a4b23, 0xeb801d23, 0xc92ad640, 0x7d261e26, 0xca1e261d, 
    0x3a11842b, 0x4b4b3523, 0x113a2335, 0x2b2bc067, 0x533f3fff, 0x00271e27, 0x15000900, 0xeb012100, 0x0300f401, 0x0f000700, 0x17001300, 0x1f001b00, 
    0x27002300, 0x37370000, 0x35170717, 0x32021533, 0x22061416, 0x33053426, 0x37072315, 0x07130717, 0x15273727, 0x15073523, 0x07373523, 0x264c3727, 
    0x2a81261e, 0x4b4b6a4a, 0x2b014b6a, 0x1e3b4040, 0x261e1e26, 0x2a81261e, 0x1e7b4096, 0x27741e26, 0x3f35271e, 0x4b6a013f, 0x6a4b4b6a, 0x1d782b20, 
    0x4b011e26, 0x35261e26, 0x2bd43f3f, 0x261e792b, 0x0300001e, 0x2b002b00, 0xd501d501, 0x14000400, 0x00001d00, 0x15233501, 0x16323737, 0x06141115, 
    0x26222123, 0x36341135, 0x21110733, 0x26222115, 0xab011135, 0x1136356b, 0xff111919, 0x1a1a1100, 0x2b015611, 0x1911d5fe, 0xabab0001, 0x1119b520, 
    0x1a1100ff, 0x0001111a, 0xfe551911, 0x11192ad5, 0x02002b01, 0x40001500, 0xc001eb01, 0x14000400, 0x21370000, 0x25270727, 0x11151632, 0x21230614, 
    0x11352622, 0x6b333634, 0x4a602a01, 0x100b0136, 0xfe101b1b, 0x1b1a1180, 0x60809510, 0x101bcb40, 0x1b10d6fe, 0x2a01111a, 0x0e001b10, 0x40001500, 
    0xc001eb01, 0x0b000400, 0x13000f00, 0x1c001800, 0x24002000, 0x2d002900, 0x36003100, 0x3e003a00, 0x33370000, 0x27270727, 0x22211521, 0x33133526, 
    0x33372315, 0x15272315, 0x01363423, 0x11231533, 0x05231533, 0x25231533, 0x23151632, 0x23153315, 0x23153327, 0x23061413, 0x15333535, 0x15331523, 
    0x44d54023, 0x01602735, 0x1100ff2b, 0x2a2a561a, 0x802b2b55, 0x3b011b2b, 0x2a2a2a2a, 0x2b2baafe, 0x1b10ab01, 0xab2b2b2b, 0x1bd62b2b, 0x2b2b2b10, 
    0x455b6b2b, 0x1ad5662e, 0x2b550111, 0x2b2b2b2b, 0xabfe1b10, 0x2b80012b, 0x1b802b2a, 0x802b2a10, 0x10d6fe2b, 0x2aaa2b1b, 0x0f002b2b, 0x40001500, 
    0xc001eb01, 0x07000300, 0x10000b00, 0x18001400, 0x20001c00, 0x2c002700, 0x34003000, 0x3d003900, 0x00004100, 0x35231513, 0x35231533, 0x35231507, 
    0x34231537, 0x23150136, 0x23151335, 0x23150335, 0x23150335, 0x26221335, 0x15333535, 0x15163213, 0x23151723, 0x23152735, 0x06141335, 0x15373523, 
    0x15173523, 0x2a953523, 0x2b802b80, 0x011b2b2b, 0x2a2a2a65, 0x2bd52b2b, 0xd61a112b, 0x2b1b10d5, 0x2b802b2b, 0x2b101bd6, 0x012b2b2b, 0x2b2b2bc0, 
    0x2a2aab2b, 0x1b102bab, 0x2b2babfe, 0x2b2b5501, 0x2b2babfe, 0x2b2b0001, 0x111ad5fe, 0x80018055, 0x2b2a101b, 0x2b2b552b, 0x1b10abfe, 0x2a2aaa2b, 
    0x002b2b55, 0x15000200, 0xeb014000, 0x0700c001, 0x00001700, 0x34363236, 0x14062226, 0x15163225, 0x23061411, 0x35262221, 0x33363411, 0x64648eb9, 
    0x6b01648e, 0x111a1a11, 0x1a1180fe, 0x4b80111a, 0x6a4b4b6a, 0xfe111af5, 0x1a1a11d6, 0x112a0111, 0x0700001a, 0x21004c00, 0xf401b401, 0x07000300, 
    0x0f000b00, 0x17001300, 0x00001b00, 0x17372737, 0x07173703, 0x37270701, 0x33352307, 0x27071713, 0x23153327, 0x15213507, 0x1e261e6a, 0x1e261e44, 
    0x261e4201, 0x2a2a791e, 0x1e261e81, 0x802a2a85, 0x1f562a01, 0x24011e26, 0xfe1e261e, 0x1e271ef9, 0x5f013f7a, 0x5b1e261e, 0x8080ea3f, 0x00000400, 
    0x00020000, 0x10000002, 0x25001900, 0x00003100, 0x23152137, 0x23352315, 0x35352622, 0x35333523, 0x23351733, 0x16323335, 0x32031515, 0x26231716, 
    0x27072726, 0x37033632, 0x23062217, 0x33272622, 0x01ab1616, 0xaa2b2b00, 0x2b2b1912, 0x8080aa2b, 0x647f1a11, 0x06200893, 0x511d3544, 0x1d5f0803, 
    0x03080351, 0x20089364, 0x2bab4406, 0x111a2b2b, 0xd62b2baa, 0x12192b80, 0x882b0180, 0x19603c63, 0xfe01511c, 0x01511c36, 0x603c6388, 0x2b000500, 
    0xd5012b00, 0x0800d501, 0x24001000, 0x34002c00, 0x32010000, 0x34331516, 0x02152326, 0x26343632, 0x37140622, 0x06141533, 0x26222123, 0x36341135, 
    0x33373333, 0x27163215, 0x15163235, 0x02263423, 0x16323634, 0x01220614, 0x1c191255, 0x58811d2a, 0x3f583f3f, 0x11196ad6, 0x1911aafe, 0x27441119, 
    0x16191280, 0x3b1c4b35, 0x283828c2, 0x80013828, 0x2a1d1219, 0x3eebfe1c, 0x583f3f58, 0x1911eb97, 0x00011119, 0x402b1a11, 0x4b1c6719, 0xfe3b2935, 
    0x28283aff, 0x0400273a, 0x2b000000, 0xeb01eb01, 0x11000900, 0x30002400, 0x34360000, 0x16323336, 0x22061415, 0x34363206, 0x14062226, 0x35333527, 
    0x32331733, 0x14111516, 0x22212306, 0x33033d26, 0x23153315, 0x23352315, 0x1c28d135, 0x3a28281d, 0x3f3f580f, 0x402b3e58, 0x11442795, 0xfe111a1a, 
    0x2b1a11ab, 0x402b4040, 0x28283ab8, 0x26281c1d, 0x3f3f583e, 0x40408258, 0xff111a2b, 0x19191100, 0x4080d611, 0x40402b40, 0x0300002b, 0x55002b00, 
    0xab01d501, 0x0f000700, 0x00002800, 0x27273701, 0x17170707, 0x27273707, 0x17170707, 0x14113313, 0x22212306, 0x34113526, 0x17333336, 0x17332733, 
    0x17332733, 0x2c690133, 0x2c14142c, 0x3b65142c, 0x3b1a1b3b, 0x55ab1a3b, 0xaafe1119, 0x11191911, 0x2a402a16, 0x2b402b2a, 0x01402b2b, 0x2c141401, 
    0x2c14142c, 0x3b1b1a1a, 0x3b1a1b3b, 0xd5fe2b01, 0x111a1a11, 0x1a110001, 0x40404040, 0x03000040, 0x40004000, 0xc001c001, 0x0f000700, 0x00002200, 
    0x07071701, 0x37372727, 0x37272717, 0x07171737, 0x14153317, 0x22212306, 0x34113526, 0x15333336, 0x01211123, 0x1b3a3a1b, 0x1b3a3a1b, 0x2c2c146b, 
    0x2c2c1414, 0x11192a17, 0x1a11d5fe, 0xc0c0111a, 0x1b012b01, 0x3a3a1b1b, 0x2a3a1b1b, 0x2c14142c, 0x2c14142c, 0x1a1a11c0, 0x112a0111, 0xd6fe2b1a, 
    0x15000400, 0xeb016b00, 0x04009501, 0x18001400, 0x00001c00, 0x07273337, 0x16323727, 0x06141115, 0x26222123, 0x36341135, 0x11332333, 0x11330323, 
    0x44d5eb23, 0x09b52636, 0xff090d0d, 0x0c0c0900, 0x2a2a6a09, 0x952b2b56, 0xbc2e445a, 0x00ff090c, 0x090c0c09, 0x0c090001, 0x2a01d6fe, 0x0200d6fe, 
    0x15004000, 0xeb01c001, 0x14000500, 0x37370000, 0x07270727, 0x15163225, 0x07071411, 0x11352627, 0xd5333634, 0x4ca21ec0, 0x112a011e, 0xadad131a, 
    0xab111a13, 0x4ca21ec0, 0x111ad61e, 0x0e15ecfe, 0x150e7474, 0x1a111401, 0x2b000200, 0xdd012b00, 0x0b00d501, 0x00001a00, 0x15273725, 0x15062223, 
    0x33353315, 0x07071637, 0x27272206, 0x37373426, 0x01173236, 0x6b4a4a2b, 0x562a0c09, 0xc00e0ea4, 0xc0061206, 0x06c00606, 0x4acb0612, 0x090d354b, 
    0x100f4055, 0x0606c00e, 0x061206c0, 0x000606c0, 0x00000600, 0x00022b00, 0x0700e001, 0x25000f00, 0x35002d00, 0x00003d00, 0x34363224, 0x14062226, 
    0x14163236, 0x34262206, 0x23151727, 0x35262735, 0x36373734, 0x17173233, 0x22153316, 0x32022727, 0x22263436, 0x32361406, 0x22061416, 0x22243426, 
    0x32363426, 0x76011416, 0x3e2c2c3e, 0x3e5a1d2b, 0x453d5a3e, 0x0c452a2f, 0x16083c0c, 0x20290f13, 0x112d3f2c, 0x2b2b3ece, 0x5a1e2c3e, 0x3e5a3d3d, 
    0x1a225c01, 0x4b19221a, 0x2c2c3e2b, 0x5a3e8a3e, 0x5e5a3d3d, 0x3c6a8431, 0x0c121608, 0x290c0c3c, 0x112d2b20, 0x3e2bf8fe, 0x8a3e2c2c, 0x3d3d5a3e, 
    0x2219c95a, 0x00221a1a, 0x55000400, 0xab014000, 0x0300d501, 0x13000b00, 0x00003100, 0x15213501, 0x34363216, 0x14062226, 0x34363206, 0x14062226, 
    0x36343527, 0x15151632, 0x14150714, 0x22232306, 0x23353526, 0x23061415, 0x35262223, 0x80012635, 0x1cd200ff, 0x121c1212, 0x12121cae, 0x582b121c, 
    0x0c1658a6, 0x0d091509, 0x15090daa, 0x01160c09, 0x806b6b15, 0x13131a13, 0x1a13131a, 0x031a1313, 0x222233d5, 0x141cd533, 0x0c0c0926, 0x09161609, 
    0x26090c0c, 0x04000014, 0x40004000, 0x9501c001, 0x0b000300, 0x2d001300, 0x21130000, 0x32162327, 0x22263436, 0x32061406, 0x22263436, 0x17251406, 
    0x23061415, 0x35262223, 0x14152135, 0x22232306, 0x37353526, 0x32333336, 0x202a016b, 0x131addea, 0xd7131a13, 0x1a13131a, 0x2c290113, 0x0916090c, 
    0x0c00ff0c, 0x0c091609, 0xea19062c, 0x60150119, 0x131a13ca, 0x13131a13, 0x1a13131a, 0x09ab80c2, 0x16090c0c, 0x0c0c0916, 0x1580ab09, 0x25000300, 
    0xdb01feff, 0x0400eb01, 0x35002200, 0x15130000, 0x01351737, 0x37372627, 0x33363435, 0x15333533, 0x15163233, 0x07161715, 0x27222307, 0x06272206, 
    0x15330523, 0x06272223, 0x23230627, 0x37323335, 0x16373216, 0xfe808080, 0x150728d4, 0x40111a1b, 0x1a114080, 0x2807151b, 0x25253101, 0x31252560, 
    0x2a2a5601, 0x5555292d, 0x2a2a2d29, 0x5c27282e, 0x80012827, 0x552a2a55, 0x148eebfe, 0x11630907, 0x1a40401a, 0x07096311, 0x2a2a8e14, 0x2b2b2a2a, 
    0x152c2c15, 0x1b1b1c2b, 0x0500001c, 0x40005500, 0xd501ab01, 0x0b000300, 0x17000f00, 0x00002900, 0x15233501, 0x34363216, 0x14062226, 0x15233527, 
    0x34363216, 0x14062226, 0x15163212, 0x23061415, 0x35211517, 0x35262237, 0x80013435, 0x121c3d6b, 0x55121c12, 0x121c126b, 0x2d121c12, 0x1f2c58a6, 
    0x2000ff20, 0x15012c1f, 0x13806b6b, 0x1a13131a, 0x806b6b6d, 0x13131a13, 0x222d011a, 0x2b1fcb33, 0x200b0b20, 0x33cb1f2b, 0x55000300, 0xab014000, 
    0x0300eb01, 0x1d000b00, 0x35010000, 0x32161521, 0x22263436, 0x35271406, 0x16323634, 0x06141515, 0x21151723, 0x26223735, 0x00ff8001, 0x1a1a226f, 
    0x58801a22, 0x1f2c58a6, 0x2000ff20, 0x2b012c1f, 0x1a966a6a, 0x221a1a22, 0x2333e006, 0x1fe03323, 0x0b0b202b, 0x05002b20, 0x40005500, 0xd501ab01, 
    0x0b000300, 0x17000f00, 0x00002900, 0x15233501, 0x34363216, 0x14062226, 0x15233527, 0x34363216, 0x14062226, 0x15163212, 0x23061415, 0x35211517, 
    0x35262237, 0x80013435, 0x121c3d6b, 0x55121c12, 0x121c126b, 0x2d121c12, 0x1f2c58a6, 0x2000ff20, 0x15012c1f, 0x13806b6b, 0x1a13131a, 0x806b6b6d, 
    0x13131a13, 0x222d011a, 0x2b1fcb33, 0x200b0b20, 0x33cb1f2b, 0x80000200, 0x95011500, 0x1900e001, 0x00002100, 0x37330313, 0x35331517, 0x33163727, 
    0x27272235, 0x06222326, 0x33150723, 0x22363735, 0x32363426, 0x3cd11416, 0x2b2c272d, 0x472e0d2d, 0x0f161d3e, 0x030b0315, 0x60262b6f, 0x221a1a22, 
    0xfe42011a, 0x802babd3, 0x35402ba0, 0x1522342a, 0x48642f02, 0x2219490f, 0x00221a1a, 0x2b000200, 0xc0012b00, 0x0000d501, 0x00001500, 0x15271713, 
    0x07271517, 0x07353735, 0x34353735, 0x15163236, 0xe7d91715, 0x4a4b2bab, 0x13aaaa2a, 0x01ab131a, 0x75359540, 0x15152020, 0x35752020, 0x0d756b2a, 
    0x750d1313, 0x0200006b, 0x55001500, 0x9501eb01, 0x16000e00, 0x32010000, 0x23151516, 0x23152135, 0x33153311, 0x26220635, 0x16323634, 0x23950114, 
    0x80fe2b33, 0x3cab2b2b, 0x34262634, 0x336b0126, 0x4040c023, 0x96c04001, 0x26342680, 0x02003426, 0x3f004000, 0xd501c001, 0x0d000700, 0x26250000, 
    0x17372726, 0x37070606, 0x37270717, 0x91090001, 0x26c0c026, 0x239d0a90, 0xab23c0c0, 0x951d7107, 0x3f701d95, 0x95951b7b, 0x0300001b, 0x3f002b00, 
    0xeb01d501, 0x14000f00, 0x00001800, 0x27070113, 0x17372707, 0x26072737, 0x27372726, 0x27070605, 0x37271337, 0x8f014617, 0xc06a501b, 0x1e4b9d23, 
    0x2691092d, 0x95015a45, 0x3ea83b1b, 0x1f191fa7, 0x70feeb01, 0x9552511b, 0x1e3b7b1b, 0x1d710722, 0x15905a36, 0xfe30a82e, 0x1e131feb, 0x2b000100, 
    0xc0012b00, 0x1400d501, 0x27250000, 0x27151715, 0x35373507, 0x35373507, 0x16323634, 0x01171515, 0x4b2babc0, 0xaaaa2a4a, 0xab131a13, 0x207535ab, 
    0x20151520, 0x2a357520, 0x130d756b, 0x6b750d13, 0x2b000300, 0xd5015500, 0x0300ab01, 0x33001300, 0x11250000, 0x32011121, 0x14111516, 0x22212306, 
    0x34113526, 0x35133336, 0x35333523, 0x35262223, 0x33363435, 0x15333533, 0x15231533, 0x15163233, 0x23061415, 0xab011523, 0x5601aafe, 0x12181812, 
    0x1812aafe, 0x2b961218, 0x0c094055, 0x2a16090c, 0x0940552b, 0x16090c0c, 0xff000180, 0x192b0100, 0x1200ff12, 0x01121919, 0xfe191200, 0x162a16ea, 
    0x0940090c, 0x2a16160c, 0x40090c16, 0x00160c09, 0x2b000200, 0xd5015500, 0x0900ab01, 0x00002600, 0x27372725, 0x17070727, 0x14363707, 0x14153316, 
    0x22212306, 0x32353526, 0x26343536, 0x36343523, 0x16322133, 0x01221515, 0x5a46174c, 0x475b2121, 0x19ab4c17, 0xfe111911, 0x121911aa, 0x19111918, 
    0x11560111, 0x579a1119, 0x5454053a, 0x31573a05, 0x551a2246, 0x111a1a11, 0x11121955, 0x1a11551a, 0x0055111a, 0x40000200, 0xc0014000, 0x0300c001, 
    0x00000f00, 0x21373313, 0x33150721, 0x33352115, 0x21352735, 0xfe26c29f, 0xab4701f2, 0x6b00ff6b, 0x018001ab, 0x6ac02a6b, 0xc06a2b2b, 0x0300002b, 
    0x40002b00, 0xc001d501, 0x07000300, 0x00001900, 0x15213537, 0x15233511, 0x15163237, 0x23061415, 0x06141523, 0x26222323, 0x012b3535, 0x122b2b80, 
    0x2b121818, 0x23802332, 0x2b2b4033, 0x40401501, 0x4012196b, 0x23401812, 0xd5233333, 0x40000700, 0xc0011500, 0x0300ef01, 0x13000b00, 0x38002d00, 
    0x4e004300, 0x21370000, 0x32162327, 0x22263436, 0x32061406, 0x22263436, 0x17251406, 0x23061415, 0x35262223, 0x14152135, 0x22232306, 0x37353526, 
    0x32333336, 0x35262226, 0x37373634, 0x16141516, 0x34352622, 0x16373736, 0x22161415, 0x36343526, 0x15163737, 0x2a016b14, 0x1addea20, 0x131a1313, 
    0x13131ad7, 0x2901131a, 0x16090c2c, 0x00ff0c09, 0x0916090c, 0x18072c0c, 0x1aeb18ea, 0x08081013, 0x121c5920, 0x20080810, 0x10131a58, 0xeb200808, 
    0x1c12cb60, 0x121c1212, 0x12121c12, 0xaa80c31c, 0x090d0d09, 0x0d091515, 0x80aa090d, 0x0d132a16, 0x0a0a1d09, 0x130d1525, 0x1d090d13, 0x15250a0a, 
    0x0d13130d, 0x0a0a1d09, 0x000d1525, 0x2b000300, 0xd5015500, 0x0900ab01, 0x21001500, 0x35010000, 0x35231523, 0x15331523, 0x15233527, 0x15231533, 
    0x35233533, 0x23113337, 0x23152335, 0x21353311, 0x15155501, 0x40552b16, 0x2b402a2a, 0x56aa40d5, 0x2a0140aa, 0x2b6b0001, 0x2b2b402b, 0x40151640, 
    0xfe401615, 0x015656ea, 0x03004016, 0x2b004000, 0xd501c001, 0x0e000300, 0x00001800, 0x17213701, 0x35363216, 0x27272634, 0x03141506, 0x06060321, 
    0x26222323, 0x09870127, 0x6d09e0fe, 0x10202634, 0x01804010, 0x18022b80, 0x1810d610, 0x56550102, 0x1a26ea56, 0x13133a13, 0x011a2b48, 0x107bfe44, 
    0x00101515, 0x40000400, 0xc0012b00, 0x0700eb01, 0x37003100, 0x00003d00, 0x14062200, 0x34363216, 0x26373407, 0x33363435, 0x34351732, 0x15163236, 
    0x32333615, 0x07141516, 0x06141516, 0x15272223, 0x26220614, 0x23063535, 0x22172622, 0x16323526, 0x33363415, 0x16010614, 0x2c1f1f2c, 0x1f1fbe1f, 
    0x0f0f1620, 0x0f1f2c1f, 0x1f20160f, 0x1116201f, 0x1f2c1f0d, 0x2016110d, 0x50705089, 0x70507070, 0x2c208b01, 0x462c1f1f, 0x210f0f21, 0x040a2016, 
    0x16202016, 0x16200a04, 0x210f0f21, 0x04091f16, 0x161f1f16, 0xe41f0904, 0x4f714f71, 0x714f714f, 0x55000300, 0xb5014000, 0x0700c001, 0x35000b00, 
    0x32000000, 0x22263436, 0x35071406, 0x16251523, 0x06141515, 0x35352622, 0x11231523, 0x33333634, 0x15151632, 0x15163233, 0x32161415, 0x06353536, 
    0x35262223, 0x37273734, 0x0c127701, 0x6b0c120c, 0x0f260180, 0x201f2c1f, 0x80111ad6, 0x11151a11, 0x0c120c1a, 0x1f160c09, 0x01172d22, 0x0c120c2b, 
    0x6a0c120c, 0x170f3b6a, 0x1f1f16cb, 0x01a06b16, 0x1a1a1155, 0x111a9511, 0x0c0c0960, 0x1f049a09, 0x2d0e2416, 0x03000016, 0x2b001500, 0xd501c001, 
    0x23000700, 0x00002b00, 0x14163224, 0x34262206, 0x21173301, 0x14151632, 0x23060707, 0x14070723, 0x21153333, 0x34352622, 0x23273737, 0x14163212, 
    0x34262206, 0x19225a01, 0xfe1a2219, 0x011446d5, 0x030c093c, 0x9f190c4c, 0xf7050113, 0x191100ff, 0x2b4d1d05, 0x1a1a226f, 0x1a801922, 0x22191922, 
    0x0d2a6f01, 0x8a050509, 0x05032316, 0x0a111a2b, 0xfea2350a, 0x19221ad5, 0x02002219, 0x40004000, 0xc001c001, 0x1b000b00, 0x35250000, 0x15233523, 
    0x15331523, 0x32373533, 0x14111516, 0x22212306, 0x34113526, 0x80013336, 0x55555655, 0x1a116a56, 0xd6fe111a, 0x111a1a11, 0x555556d5, 0xeb555556, 
    0xd6fe111a, 0x111a1a11, 0x1a112a01, 0x15000200, 0xeb015500, 0x0e009501, 0x00001600, 0x15163201, 0x21352315, 0x33112315, 0x06353315, 0x36342622, 
    0x01141632, 0x2b332395, 0x2b2b80fe, 0x26343cab, 0x01263426, 0xc023336b, 0x40014040, 0x268096c0, 0x34262634, 0x55000500, 0xab012b00, 0x0700d501, 
    0x17000f00, 0x2d002700, 0x32360000, 0x22263436, 0x22121406, 0x32161406, 0x22363436, 0x32161406, 0x32373436, 0x14111516, 0x22212306, 0x34113526, 
    0x37133336, 0x22061416, 0x4b4b6acb, 0x121e4b6a, 0x0d120c0c, 0x0c0c1233, 0x12950d12, 0xff121919, 0x19191200, 0x19784412, 0x4b554632, 0x6a4b4b6a, 
    0x120d0b01, 0x0d120c0c, 0x0c0c120d, 0x12183712, 0x1812aafe, 0x56011218, 0xc4fe1812, 0x32471979, 0x40000200, 0xc0011f00, 0x0700d501, 0x00001100, 
    0x34262200, 0x14163236, 0x15333607, 0x23260722, 0x1a013235, 0x34262634, 0x70504026, 0x6f51516f, 0x26550170, 0x34262634, 0x4cea4b71, 0x0300ea4c, 
    0x2b004000, 0xeb01c001, 0x11000b00, 0x00002700, 0x35363236, 0x22061423, 0x14233526, 0x15062236, 0x32173433, 0x14111516, 0x22212306, 0x34113526, 
    0x34333336, 0x15163236, 0x2b3f58d4, 0x2b263426, 0x80263485, 0x1a1a1155, 0x11d6fe11, 0x2a111a1a, 0xeb3f583f, 0x261a2c3e, 0x972c1a26, 0x1a1a1a26, 
    0x00ff111a, 0x11191911, 0x1a110001, 0x2c3f3f2c, 0x55000700, 0xab014000, 0x0300c001, 0x0b000700, 0x13000f00, 0x2b001700, 0x35010000, 0x35171523, 
    0x35171523, 0x35271523, 0x35171523, 0x35171523, 0x33011523, 0x23352311, 0x23352315, 0x33112315, 0x33353315, 0x80013315, 0x2b2b2b2b, 0x2b2baa2b, 
    0x012b2b2b, 0x2b2b2b00, 0x2b2b2baa, 0x012baa2b, 0x552b2b40, 0x2b562a2a, 0x2b2bab2b, 0x562a2a55, 0x2b012b2b, 0x2b2b80fe, 0x80012b2b, 0x002b2b2b, 
    0x2b000200, 0xd5012b00, 0x0700d501, 0x00001900, 0x34363212, 0x14062226, 0x07141605, 0x27220607, 0x35352627, 0x33333634, 0x1a681732, 0x131a1313, 
    0x0c0c7401, 0x0c240c96, 0x11190cc0, 0x010c1296, 0x131a136b, 0x0c751a13, 0x0c960c24, 0x120cc00c, 0x0c191196, 0x80000200, 0x95014000, 0x0700c001, 
    0x00001100, 0x34363201, 0x15232326, 0x14163237, 0x15232306, 0x1a011123, 0x11191911, 0x4b354045, 0x5540354b, 0x221a1501, 0x4bab561a, 0x01804b6a, 
    0x02000080, 0x40004000, 0xeb01c001, 0x19000b00, 0x35250000, 0x15233523, 0x15331523, 0x15373533, 0x21151707, 0x35273735, 0x07173721, 0x2a405501, 
    0xab2a4040, 0x80fe2b2b, 0x0f012b2b, 0xd518321f, 0x2b40402b, 0x2ac04040, 0x2b2b8080, 0x562a8080, 0x01004313, 0x40004000, 0xc001c001, 0x00001c00, 
    0x37171613, 0x33161736, 0x15151632, 0x22230614, 0x36343526, 0x16323333, 0x16171415, 0x5d308d07, 0x240c0a2f, 0x0c0c0928, 0x0cd59609, 0x0c094b09, 
    0x0109040c, 0x2f305d1a, 0x0c0c050a, 0x0c094b09, 0x0c0996d5, 0x2428090c, 0x0300090d, 0x2b004000, 0xd501c001, 0x0f000700, 0x00001400, 0x34363236, 
    0x14062226, 0x32161426, 0x22263436, 0x03173226, 0x1a22ef03, 0x401a221a, 0x1a1a221a, 0x4de62222, 0x1ac0c0c0, 0x22191922, 0x1a1a22a2, 0x55401922, 
    0x5501abfe, 0x2b000200, 0xd5015500, 0x0900ab01, 0x00002600, 0x27372725, 0x17070727, 0x14363707, 0x14153316, 0x22212306, 0x32353526, 0x26343536, 
    0x36343523, 0x16322133, 0x01221515, 0x5a46174c, 0x475b2121, 0x19ab4c17, 0xfe111911, 0x121911aa, 0x19111918, 0x11560111, 0x579a1119, 0x5454053a, 
    0x31573a05, 0x551a2246, 0x111a1a11, 0x11121955, 0x1a11551a, 0x0055111a, 0x2b000200, 0xd5015500, 0x0500ab01, 0x00001500, 0x27073501, 0x32371715, 
    0x14111516, 0x22212306, 0x34113526, 0xab013336, 0xabababab, 0x11191911, 0x1911aafe, 0x55011119, 0x2b6b6b2b, 0x111ac06a, 0x1a1100ff, 0x0001111a, 
    0x04001a11, 0x40002b00, 0xc001d501, 0x0b000300, 0x1d000f00, 0x15010000, 0x32043521, 0x22263436, 0x35071406, 0x32371523, 0x23151516, 0x23352115, 
    0x33363435, 0x00ff8001, 0x0d120c01, 0x2b0c120d, 0x261aeaaa, 0x5500ff55, 0xc0011a26, 0x0cc05555, 0x120d0d12, 0xea6a6aa1, 0x55801a26, 0x261a8055, 
    0x3a000200, 0xd6013a00, 0x1100c101, 0x00001700, 0x07170701, 0x37270727, 0x36373626, 0x07061636, 0x27070606, 0x17373426, 0x931f3d01, 0x1e93931e, 
    0x19110cd0, 0x092e4c1f, 0xa840191f, 0x9619195a, 0x931f0a01, 0x1e93931e, 0x194018d0, 0x4d2e091f, 0x1b10191f, 0x1946195a, 0x03000095, 0x55002b00, 
    0xd501d501, 0x1b000700, 0x00002300, 0x34363236, 0x14062226, 0x33173313, 0x11151632, 0x21230614, 0x11352622, 0x33333634, 0x32363416, 0x22061416, 
    0x3f3f58d4, 0x802b3f58, 0x19114427, 0xaafe1119, 0x11191911, 0x38282344, 0x95382828, 0x3f3f583f, 0x2a010158, 0x00ff111a, 0x111a1a11, 0x1a110001, 
    0x282838c7, 0x04002838, 0x55001500, 0xab01eb01, 0x0b000700, 0x29001300, 0x32240000, 0x22263436, 0x23371406, 0x32043315, 0x22263436, 0x17251406, 
    0x06142315, 0x23352622, 0x26220614, 0x34352335, 0x15213336, 0x121c7201, 0x40121c12, 0xa8fe5f35, 0x1c12121c, 0x404b0112, 0x2634262b, 0x26342680, 
    0x01111a2b, 0x1a13752b, 0xad1a1313, 0x1a138b35, 0xcd1a1313, 0x261a6b55, 0x261a1a26, 0x11eb1a26, 0x0400561a, 0x40004000, 0xc001c001, 0x0b000300, 
    0x31001300, 0x21130000, 0x32162327, 0x22263436, 0x32061406, 0x22263436, 0x17251406, 0x23061415, 0x35262223, 0x14152135, 0x22232306, 0x37353526, 
    0x35333336, 0x32331533, 0x202a016b, 0x131addea, 0xd7131a13, 0x1a13131a, 0x2c290113, 0x0916090c, 0x0c00ff0c, 0x0c091609, 0x3519062c, 0x01193580, 
    0x13ca6015, 0x1a13131a, 0x131a1313, 0x80c21a13, 0x0c0c09ab, 0x09161609, 0xab090c0c, 0x2b2b1580, 0x40000300, 0xc0011500, 0x0700d501, 0x22000f00, 
    0x35250000, 0x06222634, 0x22361515, 0x32161406, 0x32373436, 0x14111516, 0x07232306, 0x26222327, 0x36341135, 0x58800133, 0x30985850, 0x22302222, 
    0x1a1a115b, 0x40405511, 0x19191255, 0x1d13ab12, 0x131d2525, 0x213022e4, 0x19683021, 0x11d5fe11, 0x1a40401a, 0x112b0111, 0x02000019, 0x40004000, 
    0xc001c001, 0x15000300, 0x35250000, 0x32131527, 0x07141115, 0x07072707, 0x34113522, 0x37173737, 0xf5804001, 0x8078080b, 0x080b0372, 0x6b728078, 
    0x01fd2dfd, 0xbefe0b28, 0x2d290208, 0x010b012c, 0x29020842, 0x03002c2d, 0x15001500, 0xeb01eb01, 0x1f000700, 0x00002700, 0x34363236, 0x14062226, 
    0x23153325, 0x15070606, 0x26263523, 0x33352327, 0x35373636, 0x16161533, 0x14163206, 0x34262206, 0x57577cc2, 0x5401577c, 0x60072c2c, 0x60432a43, 
    0x072c2c07, 0x432a4360, 0x3246db60, 0x6b324632, 0x57577c57, 0x432a537c, 0x2c2c0760, 0x2a436007, 0x2c076043, 0x0360072c, 0x32324632, 0x01000046, 
    0x40006000, 0xd501a001, 0x00000500, 0x27071301, 0x00012707, 0x91910fa0, 0xfed5010f, 0x40400f7a, 0x0300000f, 0x2b006b00, 0xd5019501, 0x0c000300, 
    0x00001900, 0x21152137, 0x33161412, 0x26343632, 0x06141722, 0x022e0707, 0x32363435, 0x2a016b16, 0x1a6ad6fe, 0x1a191211, 0x20409122, 0x472b0e20, 
    0x554b6a4b, 0x223b012a, 0x1a221919, 0x25752b2b, 0x7c340f25, 0x4b4b352b, 0x6b000200, 0x95012b00, 0x0700d501, 0x00001800, 0x34363212, 0x14062226, 
    0x15163226, 0x07020e14, 0x35042e07, 0x1f2cea34, 0x091f2c1f, 0x2c1f577c, 0x06100f2b, 0x20273414, 0x2c1f0b01, 0xab2c1f1f, 0x501f3e57, 0x11123d46, 
    0x41451707, 0x003e1f52, 0x2b000300, 0xd5012b00, 0x0300d501, 0x1a000c00, 0x35250000, 0x33230723, 0x27273637, 0x25070726, 0x11151632, 0x21230614, 
    0x36341107, 0x75800133, 0x9335602b, 0x08260808, 0x2b019307, 0x11191911, 0x1955d5fe, 0x2b2bd511, 0x26070893, 0xcb930707, 0x00ff1119, 0x01551a11, 
    0x00191180, 0x3a000200, 0xd6013a00, 0x1100c101, 0x00001700, 0x07170701, 0x37270727, 0x36373626, 0x07061636, 0x27070606, 0x17373426, 0x931f3d01, 
    0x1e93931e, 0x19110cd0, 0x092e4c1f, 0xa840191f, 0x9619195a, 0x931f0a01, 0x1e93931e, 0x194018d0, 0x4d2e091f, 0x1b10191f, 0x1946195a, 0x04000095, 
    0x40004000, 0xc001c001, 0x0c000400, 0x21001100, 0x21370000, 0x27270727, 0x23353632, 0x35230614, 0x35363215, 0x15163237, 0x23061411, 0x35262221, 
    0x33363411, 0x602a016b, 0x3e4a364a, 0x2c3e2b57, 0x11ea261a, 0xfe111a1a, 0x1a1a11d6, 0x60808011, 0x3e582040, 0x416b3f2c, 0x1a2a1a27, 0x11d6fe11, 
    0x01111a1a, 0x001a112a, 0x40000300, 0xc0015500, 0x0300ab01, 0x15001100, 0x35250000, 0x23251523, 0x23352315, 0x23352315, 0x17213735, 0x35211527, 
    0x01800001, 0x552b1540, 0x011515d6, 0xfe151556, 0x555580aa, 0x80808055, 0x6b6b2b80, 0x002b2bab, 0x15000100, 0xeb018000, 0x06008001, 0x13010000, 
    0x37173721, 0xc02b0127, 0x60802afe, 0x80013c22, 0x80ab00ff, 0x04005119, 0x40005500, 0xc001ab01, 0x12000900, 0x49001b00, 0x32120000, 0x26343536, 
    0x14150622, 0x34363216, 0x06222326, 0x36321614, 0x22232634, 0x14371406, 0x33150706, 0x15070614, 0x23230614, 0x35352622, 0x33352626, 0x35262635, 
    0x26263533, 0x34353335, 0x32333336, 0x33151516, 0x15070614, 0x191924ee, 0x24191924, 0x12111a19, 0x19241919, 0x1912111a, 0x401c24d6, 0x090d1c24, 
    0x1c0d09aa, 0x241c4024, 0x40241c40, 0x09aa090d, 0x1c24400d, 0x111a4001, 0x12181812, 0x221a8511, 0x84221a1a, 0x1a1a2219, 0x2d1ea722, 0x2c1e1808, 
    0x0c091908, 0x0819090c, 0x08181e2c, 0x08181e2d, 0x09161e2c, 0x16090c0c, 0x18082c1e, 0x3e000200, 0x95011600, 0x1a00e001, 0x00002200, 0x17372737, 
    0x23150737, 0x36323735, 0x17173233, 0x22153316, 0x15170727, 0x36273523, 0x36342622, 0xd3141632, 0x22690895, 0x036f2a27, 0x0f15030b, 0x473f1d15, 
    0x2b2d0d2e, 0x1a22492d, 0x6319221a, 0xad152b1d, 0x2f64490f, 0x33221502, 0x2a40352b, 0xcb2a80a0, 0x1919221a, 0x02000022, 0x2b006b00, 0xd5019501, 
    0x1c000b00, 0x35010000, 0x15233523, 0x15331523, 0x32263533, 0x0e141516, 0x2e070702, 0x01343504, 0x402a4055, 0x7c532a40, 0x2b2c1f57, 0x1406100f, 
    0x01202734, 0x40402a2b, 0xaa40402a, 0x501f3e57, 0x11123d46, 0x41451707, 0x003e1f52, 0x6b000300, 0x95012b00, 0x0700d501, 0x1d000c00, 0x36010000, 
    0x07262727, 0x37071707, 0x36150727, 0x14151632, 0x0707020e, 0x3435042e, 0x06063e01, 0x0f050614, 0x1f47501f, 0x577c0247, 0x0f2b2c1f, 0x34140610, 
    0x5f012027, 0x06140605, 0x501f0f06, 0x1f471f47, 0x1f3e57d5, 0x123d4650, 0x45170711, 0x3e1f5241, 0x40000100, 0xc0014000, 0x0500c001, 0x03010000, 
    0x35272723, 0x15a1c001, 0xc0019238, 0x389280fe, 0x03000015, 0x2b006b00, 0xd5019501, 0x11000700, 0x00002200, 0x34373236, 0x15062226, 0x15062236, 
    0x36321614, 0x32263435, 0x0e141516, 0x2e070702, 0xc9343504, 0x343b1e6e, 0x1a22663b, 0x691a221a, 0x2c1f577c, 0x06100f2b, 0x20273414, 0x19132ed5, 
    0x1aa81319, 0x19191211, 0x57441112, 0x46501f3e, 0x0711123d, 0x52414517, 0x04003e1f, 0x40004000, 0xc001c001, 0x0d000600, 0x1b001400, 0x15250000, 
    0x37273723, 0x35230717, 0x07173717, 0x07333527, 0x37270717, 0x07271533, 0xc0013727, 0x1f3e3180, 0x3180cf3d, 0x4f3e1f3d, 0x1f3e3180, 0x3180cf3d, 
    0xc03e1f3d, 0x1f3d3180, 0x31804f3e, 0xcf3d1f3e, 0x1f3d3180, 0x31804f3e, 0x003d1f3e, 0x40000200, 0xc0012b00, 0x0700d501, 0x00001b00, 0x33363401, 
    0x23352311, 0x15333527, 0x15070614, 0x26263523, 0x15333535, 0x15333533, 0x2a415501, 0x2a6a3635, 0x2235222e, 0x2b2a2b2e, 0x371e8001, 0x6baa56fe, 
    0x31229595, 0x02c0c002, 0x95952231, 0x03009595, 0x40005500, 0xc001b501, 0x0d000500, 0x00003700, 0x35233737, 0x32363307, 0x22263436, 0x16371406, 
    0x06141515, 0x35352622, 0x11231523, 0x33333634, 0x15151632, 0x15163233, 0x32161415, 0x06353536, 0x35262223, 0x37273734, 0x552b55ab, 0x0c12cc2b, 
    0x3b0c120c, 0x1f2c1f0f, 0x111ad620, 0x151a1180, 0x120c1a11, 0x160c090c, 0x172d221f, 0xa06b9580, 0x0c120c4b, 0x0f2f120c, 0x1f16cb17, 0xa06b161f, 
    0x1a115501, 0x1a95111a, 0x0c096011, 0x049a090c, 0x0e24161f, 0x0300162d, 0x40004000, 0xeb01eb01, 0x13000b00, 0x00001f00, 0x07171413, 0x34113526, 
    0x06333336, 0x32363416, 0x22061416, 0x32333607, 0x06141517, 0x34352323, 0x0dd129f5, 0x109a111a, 0x3f583f20, 0x3448583f, 0x1a1f2140, 0x80019511, 
    0x0dd12939, 0x112a0111, 0x584e1e1a, 0x3f583f3f, 0x7f0b2747, 0x0f751a11, 0x2b000500, 0xd5012b00, 0x1600d501, 0x26002200, 0x36002e00, 0x35250000, 
    0x22232634, 0x14151506, 0x15073316, 0x17333733, 0x32273533, 0x16160336, 0x11211115, 0x36373634, 0x15330732, 0x36341623, 0x06141632, 0x36343622, 
    0x06141632, 0x42800122, 0x21453b3e, 0x20241817, 0x1820203c, 0x2b042117, 0x2e56fe2e, 0xbba22b2b, 0x0c0ad5d5, 0x120d0d12, 0x0c120d89, 0x93ad120c, 
    0x261a1a26, 0x18211793, 0x08202008, 0x2e012118, 0xfe2d4410, 0x2d1801e8, 0x95111044, 0x0c12336b, 0x0d0d120c, 0x120c0c12, 0x0500000d, 0x40005500, 
    0xd501ab01, 0x0b000700, 0x17000f00, 0x00003000, 0x34363224, 0x14062226, 0x23353327, 0x15233507, 0x34363216, 0x14062226, 0x15163213, 0x23061415, 
    0x27231517, 0x35230723, 0x35262237, 0x023e3435, 0x121c5201, 0x2b121c12, 0x6b2a6b6b, 0x12121c12, 0x5380121c, 0x201f2c58, 0x2a512a2b, 0x2c1f2030, 
    0x9535351c, 0x13131a13, 0x5555831a, 0x13965555, 0x1a13131a, 0x33222d01, 0x202b1fcb, 0x0b2b2b0b, 0xcb1f2b20, 0x0610241b, 0x6b000300, 0x95012b00, 
    0x0300d501, 0x2a000b00, 0x35250000, 0x32161523, 0x22263436, 0x14371406, 0x17332306, 0x23272315, 0x37352307, 0x35352626, 0x37373634, 0x15333523, 
    0x16160723, 0xd66b0115, 0x12121c5d, 0x1db5121c, 0x2b20021a, 0x302a512a, 0x44201722, 0xd666113b, 0x413f1046, 0x606b6bd5, 0x13131a13, 0x261c0f1a, 
    0x2a2a0a20, 0x2405220a, 0x1f29b417, 0x20202002, 0x2a1e0220, 0x2b000400, 0xd5011500, 0x1900e001, 0x28002100, 0x00002f00, 0x37330313, 0x35331517, 
    0x33163727, 0x27262235, 0x22232627, 0x33150707, 0x22363735, 0x32363426, 0x35131416, 0x23350717, 0x15333735, 0x37271523, 0x252d3b7b, 0x0d2c2b2e, 
    0x311d472d, 0x190b140f, 0x2a700709, 0x1a226126, 0xab19221a, 0x35753535, 0x35357575, 0xd3fe4201, 0xa1802bab, 0x2a37402c, 0x1422181d, 0x47642e03, 
    0x22194910, 0xfe221a1a, 0x363525b7, 0x205a2026, 0x00363525, 0x55000900, 0xab015500, 0x0300ab01, 0x0b000700, 0x13000f00, 0x1b001700, 0x23001f00, 
    0x35250000, 0x35271533, 0x35271533, 0x33371533, 0x35072315, 0x35231533, 0x35071533, 0x35331533, 0x35031533, 0x55011533, 0xd6565656, 0x56562a56, 
    0x56d65680, 0x562a5656, 0x565556d6, 0x56568056, 0x56565680, 0x56568056, 0x56805656, 0x01565656, 0x00565600, 0x55000100, 0xab015500, 0x0800ab01, 
    0x15010000, 0x27071721, 0x01071737, 0x77fcfeab, 0x1eabab1e, 0x2a150177, 0xabab1e78, 0x0100781e, 0xc0009500, 0x2b016b01, 0x00000200, 0x95073313, 
    0x2b016bd6, 0x0200006b, 0x2b002b00, 0xd501d501, 0x0a000200, 0x37250000, 0x16322623, 0x26220614, 0x55000134, 0x7db003aa, 0xd57db07d, 0xb07daa56, 
    0x00b07d7d, 0x95000100, 0x6b01d500, 0x02004001, 0x37370000, 0x6b6b9517, 0x006b6bd5, 0x55000100, 0xab015500, 0x0800ab01, 0x17010000, 0x21372707, 
    0x01272135, 0x1eabab00, 0x01fcfe77, 0xab017704, 0x781eabab, 0x0200782a, 0x2b002b00, 0xd501d501, 0x13000b00, 0x27250000, 0x27072737, 0x17071707, 
    0x32021737, 0x22061416, 0x6b013426, 0x4d1e4d4d, 0x4d4d1e4d, 0xa54d4d1e, 0xb07d7db0, 0x4d4db37d, 0x1e4d4d1e, 0x4d1e4d4d, 0x7d40014d, 0xb07d7db0, 
    0x49000100, 0xc0016b00, 0x05008901, 0x37370000, 0x37270117, 0xff1ee2c0, 0xa71e7700, 0x00ff1ee2, 0x01001e77, 0x8000ab00, 0x80014901, 0x00000500, 
    0x07170701, 0x49013727, 0x801e6262, 0x62620180, 0x80801e62, 0xb7000100, 0x55018000, 0x05008001, 0x17130000, 0x27372707, 0x1e8080d5, 0x80016262, 
    0x621e8080, 0x01000062, 0x6b006b00, 0x95019501, 0x00000b00, 0x07170701, 0x37270727, 0x37173727, 0x77779501, 0x1e77771e, 0x771e7777, 0x77770177, 
    0x77771e77, 0x1e77771e, 0x01007777, 0xb7008000, 0x55018001, 0x00000500, 0x27071701, 0x00012707, 0x62621e80, 0x8055011e, 0x1e62621e, 0x80000100, 
    0x8001ab00, 0x05004901, 0x17010000, 0x17372707, 0x801e6201, 0x01621e80, 0x80801e49, 0x0400621e, 0x6b006b00, 0x95019501, 0x0b000500, 0x17001100, 
    0x33010000, 0x23352315, 0x15333517, 0x35273523, 0x1d231533, 0x23153302, 0x6a2b0135, 0x2a40402a, 0x406ac06a, 0x95016a40, 0x40d6406a, 0x6a962a6a, 
    0x4056402a, 0x04006a2a, 0x6b006b00, 0x95019501, 0x0b000500, 0x17001100, 0x33010000, 0x33352315, 0x15333503, 0x35271523, 0x35231533, 0x15333515, 
    0x55013523, 0x2a2a6a40, 0x2aaa406a, 0x012a6a6a, 0xfe6a2a55, 0x402a6ad6, 0x2a6a40ea, 0x406a2aaa, 0x40000300, 0xc0018000, 0x03008001, 0x0b000700, 
    0x21130000, 0x35152115, 0x35051521, 0x01401521, 0x0180fe80, 0x0180fe80, 0x2b800180, 0x6b2a2a6a, 0x03002b2b, 0xd5005500, 0x2b01ab01, 0x0f000700, 
    0x00001700, 0x14163212, 0x34262206, 0x14163236, 0x34262206, 0x14163226, 0x34262206, 0x1a1a22ef, 0x229a1a22, 0x1a221a1a, 0x1a1a22e6, 0x2b011a22, 
    0x1a1a221a, 0x221a1a22, 0x1a221a1a, 0x1a1a221a, 0x03000022, 0x5500d500, 0xab012b01, 0x0f000700, 0x00001700, 0x14163236, 0x34262206, 0x14163236, 
    0x34262206, 0x34262236, 0x14163236, 0x1a1a22ef, 0x221a1a22, 0x1a221a1a, 0x1a1a223c, 0x1aab1a22, 0x221a1a22, 0x1a221a9a, 0x1a44221a, 0x221a1a22, 
    0x56000100, 0xab015500, 0x1800ab01, 0x37010000, 0x26372315, 0x14062223, 0x36323316, 0x06063337, 0x34262223, 0x01323336, 0x45963279, 0x4b353426, 
    0x422a354b, 0x5c0e2c0d, 0x6464463b, 0x79014746, 0x26459632, 0x2f4b6a4b, 0x64483826, 0x0200648e, 0x55009e00, 0xab016201, 0x0b000500, 0x07010000, 
    0x37173727, 0x07173703, 0x62010727, 0x441e6262, 0x6262a644, 0x0144441e, 0x1e62628d, 0xc8fe4444, 0x441e6262, 0x02000044, 0x40009e00, 0xc0016201, 
    0x0b000500, 0x37250000, 0x37270717, 0x37270737, 0x00010717, 0x62621e44, 0x1e44441e, 0x7c1e6262, 0x62621e44, 0x1e44c41e, 0x001e6262, 0x55000100, 
    0xab015500, 0x0800ab01, 0x37130000, 0x11270717, 0x55071123, 0x771fabab, 0x0001782a, 0x771eabab, 0x0401fcfe, 0x01000077, 0x40006b00, 0xab01ab01, 
    0x00000a00, 0x33071713, 0x23113335, 0xeb270717, 0x2bc44d1e, 0x801e4def, 0x4d1e4001, 0x4d00ffd6, 0x0100801e, 0x40005500, 0xab019501, 0x00000a00, 
    0x37270725, 0x15331123, 0x01372733, 0x4d1e8095, 0x4dc42bef, 0x1e80c01e, 0xd600014d, 0x01001e4d, 0x55005500, 0xab01ab01, 0x00000800, 0x37270701, 
    0x11331117, 0xabab0137, 0x2a771fab, 0xab000178, 0x01771eab, 0x77fcfe04, 0x80000200, 0x89018000, 0x03008001, 0x00000900, 0x23113313, 0x37270725, 
    0x2b800717, 0x1e09012b, 0x621e8080, 0x00ff8001, 0x80801e1e, 0x0200621e, 0x80007700, 0x80018001, 0x09000300, 0x33010000, 0x37272311, 0x37270717, 
    0x2b2b5501, 0x80801ede, 0x8001621e, 0x1ee200ff, 0x621e8080, 0x6b000400, 0x95011500, 0x0700e101, 0x1f000f00, 0x00002700, 0x34363200, 0x14062226, 
    0x34363206, 0x14062226, 0x15151637, 0x37343521, 0x36173727, 0x17371732, 0x15213501, 0x26220614, 0x0c123701, 0x740c120c, 0x120c0c12, 0xfe3dad0c, 
    0x122d3dd6, 0x20442031, 0xe6fe1231, 0x7c572a01, 0x0c400157, 0x120d0d12, 0x0d120c0c, 0x2d57120d, 0x4b16164b, 0x31112d2d, 0x11311010, 0x5555dbfe, 
    0x0058583e, 0x40000500, 0xc0012b00, 0x0200d501, 0x13000500, 0x21001b00, 0x27250000, 0x37151115, 0x07170733, 0x27073523, 0x17372737, 0x16173335, 
    0x36270714, 0x37072734, 0x07141516, 0x28281301, 0x7a5c5c3c, 0x771e6215, 0x15621e77, 0x19211fcc, 0x31561515, 0x29a40a0a, 0x51080151, 0x795c5c29, 
    0x771e62a2, 0xa2621e77, 0x347a3264, 0x2a582a19, 0x18193156, 0x04001919, 0x55002b00, 0xab01d501, 0x11000700, 0x19001500, 0x32360000, 0x22263436, 
    0x32371406, 0x23061416, 0x36342622, 0x23153305, 0x15333515, 0x1a1a22c4, 0x472a1922, 0x46476464, 0x1c016464, 0xd52a2a2a, 0x1a1a221a, 0x8c65bc22, 
    0x648e6465, 0x2a556b40, 0x0300002a, 0x2b002b00, 0xd501d501, 0x0f000700, 0x00001700, 0x35363225, 0x16072734, 0x37171427, 0x06222326, 0x14163236, 
    0x34262206, 0x65460001, 0x7230ef25, 0x3930ef25, 0xb0536546, 0x7db07d7d, 0x39466555, 0xab25ef30, 0x25ef3039, 0xb07d8f65, 0x00b07d7d, 0x2b000300, 
    0xd5012b00, 0x0700d501, 0x17000f00, 0x36250000, 0x23263435, 0x32130722, 0x15062737, 0x32021614, 0x22061416, 0x87013426, 0x3c466524, 0x2d3c692d, 
    0x126524f0, 0xb07d7db0, 0x3c2d977d, 0xfe246546, 0x2df024ce, 0x0165463c, 0x7db07d80, 0x0400b07d, 0x55004000, 0xab01c001, 0x0b000300, 0x2d001300, 
    0x21130000, 0x32162327, 0x22263436, 0x32061406, 0x22263436, 0x17251406, 0x23061415, 0x35262223, 0x14152135, 0x22232306, 0x37353526, 0x32333336, 
    0x202a016b, 0x131addea, 0xd7131a13, 0x1a13131a, 0x2c290113, 0x0916090c, 0x0c00ff0c, 0x0c091609, 0xea18072c, 0x602b0118, 0x121c12cb, 0x12121c12, 
    0x1c12121c, 0x09aa80c3, 0x15090d0d, 0x0d0d0915, 0x1680aa09, 0x40000300, 0xc0014000, 0x0300eb01, 0x21001b00, 0x35250000, 0x32011521, 0x14111516, 
    0x22212306, 0x34113526, 0x35333336, 0x35331533, 0x07071533, 0x37173727, 0xd6fe9501, 0x1a112a01, 0xd6fe111a, 0x12191912, 0x2baa2b15, 0x17447f1f, 
    0xea6b682d, 0x1a5501ea, 0x11d6fe11, 0x01111a1a, 0x2b1a112a, 0xac2b2b2b, 0x2d17447f, 0x03000068, 0x40004000, 0xeb01c001, 0x1b000300, 0x00002700, 
    0x15213525, 0x15163201, 0x23061411, 0x35262221, 0x33363411, 0x15333533, 0x15333533, 0x27372703, 0x17371737, 0x27071707, 0xd6fe9501, 0x1a112a01, 
    0xd6fe111a, 0x12191912, 0x2baa2b15, 0x343417b9, 0x16343417, 0x34163434, 0x01eaea6b, 0xfe111a55, 0x1a1a11d6, 0x112a0111, 0x2b2b2b1a, 0x17d5fe2b, 
    0x34173434, 0x34341734, 0x04003417, 0x40004000, 0xeb01c001, 0x07000300, 0x23001f00, 0x15250000, 0x35053523, 0x32011521, 0x14111516, 0x22212306, 
    0x34113526, 0x35333336, 0x35331533, 0x15071533, 0x2b013523, 0xfe000196, 0x112a01d6, 0xfe111a1a, 0x191912d6, 0xaa2b1512, 0xd5d6152b, 0xea6a2a2a, 
    0x1a5501ea, 0x11d6fe11, 0x01111a1a, 0x2b1a112a, 0x952b2b2b, 0x02002b2b, 0x55002b00, 0xab01d501, 0x1b000900, 0x27250000, 0x07272737, 0x37071707, 
    0x15163237, 0x23061415, 0x35262221, 0x33363411, 0x7f011733, 0x1d483711, 0x1137481d, 0x19116b3f, 0xaafe1119, 0x11191911, 0x47952b80, 0x43430630, 
    0x25473006, 0xd5111ac6, 0x111a1a11, 0x1a110001, 0x0200002b, 0x2b002b00, 0xd501d501, 0x12000400, 0x21370000, 0x37270727, 0x11151632, 0x21230614, 
    0x36341107, 0x2a016b33, 0xf6364a60, 0x11191911, 0x1955d5fe, 0x6080d511, 0x1119a040, 0x1a1100ff, 0x11800155, 0x04000019, 0x40000000, 0xc0010002, 
    0x0f000700, 0x26001700, 0x32240000, 0x22263436, 0x32061406, 0x22263436, 0x32061406, 0x22263436, 0x32251406, 0x14111516, 0x22212306, 0x36372727, 
    0x1a880133, 0x131a1313, 0x13131a57, 0x1c59131a, 0x121c1212, 0x1a113501, 0xc2fe111a, 0x73730e16, 0x12e0140e, 0x1c12121c, 0x121c1212, 0x12121c12, 
    0x1c12121c, 0xfe111ace, 0x131a11d6, 0x0013adad, 0x15000300, 0xeb012b00, 0x0700eb01, 0x2a001d00, 0x35250000, 0x06222634, 0x32331515, 0x14151516, 
    0x22232306, 0x34353526, 0x34353336, 0x15163236, 0x15062227, 0x15150615, 0x22150121, 0x12c00126, 0x0955121c, 0x6a090d0d, 0x090d0d09, 0x351f2c1f, 
    0xfe153828, 0x029601ea, 0x0d20ab07, 0x200d1313, 0x0955090d, 0x55090c0c, 0x16200d09, 0x60161f1f, 0x13062838, 0x9601401d, 0x040001c1, 0x40004000, 
    0xeb01c001, 0x1f001c00, 0x30002200, 0x32250000, 0x14151516, 0x26222306, 0x33363435, 0x15163233, 0x07161714, 0x37171607, 0x27161736, 0x15273715, 
    0x37270737, 0x35173727, 0x17071733, 0x01352307, 0x0c0c09ab, 0x0cd59609, 0x0c094b09, 0x2f09040c, 0x092f5e2f, 0x1403240d, 0x0f5a1414, 0x310f3b3b, 
    0x2e2e3d0a, 0x0cb50a3d, 0x0c094b09, 0x0c0996d5, 0x2428090c, 0x5c2f090d, 0x04092f31, 0x1428b10c, 0x79142870, 0x0f3c3c0f, 0x2e3d5131, 0x00513d2e, 
    0x40000200, 0xeb014000, 0x1c00eb01, 0x00002300, 0x15163225, 0x23061415, 0x34352622, 0x32333336, 0x17141516, 0x16070716, 0x17363717, 0x23352716, 
    0x17353335, 0x0c09ab01, 0xd596090c, 0x094b090c, 0x09040c0c, 0x2f5e2f2f, 0x03240d09, 0xb56b5555, 0x094b090c, 0x0996d50c, 0x28090c0c, 0x2f090d24, 
    0x092f315c, 0x40600c04, 0x006b4056, 0x40000300, 0xc0014000, 0x0700c001, 0x2c000f00, 0x34010000, 0x32352326, 0x34331516, 0x32352326, 0x32071516, 
    0x14151516, 0x26222306, 0x33363435, 0x15163233, 0x07161714, 0x37171607, 0x01161736, 0x2c1a2640, 0x3e572a3f, 0x09157050, 0x96090c0c, 0x4b090cd5, 
    0x040c0c09, 0x5e2f2f09, 0x240d092f, 0x261a0001, 0x3e2c3f2b, 0x50702b57, 0x4b090c4b, 0x96d50c09, 0x090c0c09, 0x090d2428, 0x2f315c2f, 0x000c0409, 
    0x40000300, 0xc0014000, 0x0700eb01, 0x3a001d00, 0x35010000, 0x06222634, 0x32331515, 0x14151516, 0x22232306, 0x34353526, 0x34353336, 0x15163236, 
    0x15163211, 0x23061415, 0x34352622, 0x32333336, 0x17141516, 0x16070716, 0x17363717, 0x169a0116, 0x095a151e, 0x6b090c0c, 0x090c0c09, 0x09202c1f, 
    0x96090c0c, 0x4b090cd5, 0x040c0c09, 0x5e2f2f09, 0x240d092f, 0x0f0aab01, 0x0a0f1616, 0x0955090d, 0x55090c0c, 0x160a0d09, 0xff162020, 0x4b090c00, 
    0x96d50c09, 0x090c0c09, 0x090d2428, 0x2f315c2f, 0x000c0409, 0x00000200, 0x00024300, 0x1d00c001, 0x00002800, 0x07141625, 0x27220607, 0x35262726, 
    0x07222635, 0x06071415, 0x27220607, 0x37342627, 0x15252036, 0x15333523, 0x17371723, 0x06fa0107, 0x12063506, 0x0c1d1c06, 0x0c2e682e, 0x12061920, 
    0x06063506, 0xfe220169, 0x4b8020fa, 0x95158060, 0x0612069c, 0x1a060635, 0x420e050e, 0x0f420f0f, 0x06180f05, 0x12063506, 0x4b8b6406, 0x80602080, 
    0x03009615, 0x40004000, 0xc001c001, 0x20000300, 0x00002400, 0x23153301, 0x15163217, 0x23061415, 0x34352622, 0x32333336, 0x17141516, 0x16070716, 
    0x17363717, 0x23150316, 0x2b950135, 0x0c09162b, 0xd596090c, 0x094b090c, 0x09040c0c, 0x2f5e2f2f, 0x18240d09, 0x95c0012b, 0x4b090c76, 0x96d50c09, 
    0x090c0c09, 0x090d2428, 0x2f315c2f, 0x010c0409, 0x0095950b, 0x55000400, 0xab012b00, 0x0300d501, 0x0b000700, 0x00001900, 0x15233501, 0x15233523, 
    0x15233523, 0x15163237, 0x23061411, 0x35262221, 0x80013713, 0x152b152b, 0x1a11ab2b, 0x00ff111a, 0x7f011a11, 0x56565501, 0x56565656, 0xfe111980, 
    0x191911aa, 0x80000111, 0x55000300, 0xab012b00, 0x0300d501, 0x15000700, 0x35250000, 0x35171523, 0x32131523, 0x14111516, 0x22212306, 0x37133526, 
    0x2a2a1501, 0x1a11952a, 0x00ff111a, 0x7f011a11, 0x566a6aeb, 0x40012b2b, 0xaafe1119, 0x11191911, 0x00800001, 0x2b000400, 0xd5012b00, 0x0300d501, 
    0x0b000700, 0x00001900, 0x15233501, 0x15233523, 0x15233523, 0x15163225, 0x23061411, 0x34110721, 0x6b013336, 0x2b2a2b2b, 0x1116012b, 0xfe111919, 
    0x111955d5, 0x2b2b1501, 0x2b2b2b2b, 0xff1119c0, 0x551a1100, 0x19118001, 0x2b000300, 0xd5012b00, 0x0300d501, 0x15000700, 0x35010000, 0x35171523, 
    0x32131523, 0x14111516, 0x07212306, 0x33363411, 0x2a2a1501, 0x1911c02a, 0xd5fe1119, 0x01111955, 0x5655552b, 0x00012b2b, 0x00ff1119, 0x01551a11, 
    0x00191180, 0x55000200, 0xab011500, 0x0e00eb01, 0x00001d00, 0x07173525, 0x35262235, 0x06173734, 0x13161415, 0x14151632, 0x35362707, 0x15232634, 
    0x00013727, 0x65465555, 0x4b0f1f1b, 0x1b654635, 0x354b0f1f, 0x40805555, 0x65405655, 0x1f293246, 0x4b35211b, 0x46652b01, 0x1b1f2932, 0x404b3521, 
    0x03005655, 0x3d003d00, 0xab01ab01, 0x23000c00, 0x00002900, 0x15160701, 0x36270714, 0x07273435, 0x01370735, 0x07062707, 0x27373635, 0x17141506, 
    0x37231537, 0x37343526, 0x27070637, 0xab013736, 0x201a3333, 0xee2f260f, 0x1b4f011b, 0x08181832, 0x260fac09, 0x3333802f, 0x0a06661a, 0x0116191f, 
    0x453333ab, 0x1e1f2a30, 0x2f26341d, 0xfe1b1e80, 0x0e321bb0, 0x05032c06, 0x341d1eac, 0x33802f26, 0x2a304533, 0x2006021f, 0x0400050f, 0x55004000, 
    0xab01c001, 0x12000300, 0x25001600, 0x35370000, 0x07371533, 0x06141516, 0x36363507, 0x07273435, 0x33350335, 0x36342715, 0x06061537, 0x37171415, 
    0x26372315, 0x32ab2aeb, 0x26384832, 0x5530252f, 0x3848d52a, 0x30252f26, 0xeb323280, 0x33c08080, 0x5c3b4632, 0x420d2c0e, 0x2f25352a, 0x2beafe80, 
    0x5c3b6b2b, 0x420d2c0e, 0x2f25352a, 0x00323380, 0x6b000300, 0x95011500, 0x0600eb01, 0x1a000a00, 0x07250000, 0x33353327, 0x23111715, 0x16321311, 
    0x06141115, 0x26222323, 0x36341135, 0x55550133, 0x562a4055, 0x1911d6d6, 0x11d61119, 0xeb111919, 0x6a6a5656, 0xfe2a0180, 0x197f01d6, 0x1180fe11, 
    0x01111a1a, 0x001a1180, 0x2b000400, 0x95011500, 0x1400eb01, 0x21001c00, 0x00002900, 0x15163201, 0x23061411, 0x33272623, 0x26152311, 0x36343527, 
    0x16320733, 0x26342315, 0x16321523, 0x32352315, 0x34231516, 0x6b012326, 0x11191911, 0x4111032d, 0x191119d6, 0x89616a11, 0x1a4f712a, 0x573e4026, 
    0x012c3e2b, 0xfe1119ea, 0x2b191195, 0x8015012a, 0x119d030b, 0x6289eb1a, 0x2680714f, 0x3e58961a, 0x04003f2c, 0x55004000, 0xab01c001, 0x0b000300, 
    0x2d001300, 0x21130000, 0x32162327, 0x22263436, 0x32061406, 0x22263436, 0x17251406, 0x23061415, 0x35262223, 0x14152135, 0x22232306, 0x37353526, 
    0x32333336, 0x202a016b, 0x131addea, 0xd7131a13, 0x1a13131a, 0x2c290113, 0x0916090c, 0x0c00ff0c, 0x0c091609, 0xea18072c, 0x602b0118, 0x121c12cb, 
    0x12121c12, 0x1c12121c, 0x09aa80c3, 0x15090d0d, 0x0d0d0915, 0x1680aa09, 0x00000600, 0x00024000, 0x0300c001, 0x17001300, 0x1f001b00, 0x00002300, 
    0x11231125, 0x15163213, 0x23061411, 0x35262223, 0x33363411, 0x15333513, 0x23153337, 0x15333505, 0x15333527, 0xb5aa5501, 0x0e12120e, 0x12120ec0, 
    0x152bf50e, 0x6bfe2b2b, 0x6b2b6b2b, 0xd6fe2a01, 0x0e125501, 0x120ec0fe, 0x40010e12, 0xd5fe120e, 0x80abd6d6, 0x2bd6d62b, 0x02008080, 0x2b002b00, 
    0xd501d501, 0x15000700, 0x35250000, 0x15233507, 0x32373533, 0x14111516, 0x07212306, 0x33363411, 0xab558001, 0x191180ab, 0xd5fe1119, 0xd5111955, 
    0xab4444ab, 0x1119bb45, 0x1a1100ff, 0x11800155, 0x04000019, 0x15001500, 0xeb01eb01, 0x2f000a00, 0x4d003700, 0x35370000, 0x35352622, 0x14150627, 
    0x16333716, 0x23061415, 0x34352622, 0x17323336, 0x23061415, 0x06141523, 0x33152323, 0x15151632, 0x36173233, 0x35373435, 0x06222634, 0x32331515, 
    0x14151516, 0x22232306, 0x34353526, 0x34353336, 0x15163236, 0x671911d5, 0x2bfe5604, 0x59587d01, 0x1f597d7d, 0x2b111a21, 0x802b090c, 0x1f150d09, 
    0x152f2c0a, 0x0959151e, 0x6a090d0d, 0x090d0d09, 0x411f2c1f, 0x1611192a, 0x41161066, 0x0e07b761, 0x597d7d59, 0x360a7d58, 0x092a1a11, 0x090d2a0d, 
    0x442f1d40, 0x0f0ab20e, 0x0a0f1616, 0x0955090d, 0x55090c0c, 0x160a0d09, 0x00162020, 0x2a000300, 0xd5018000, 0x07006b01, 0x16000f00, 0x06120000, 
    0x36262606, 0x21071636, 0x23152315, 0x15252335, 0x32333521, 0x3426ab16, 0x34260126, 0xaa017f26, 0x0180aa80, 0xc0ebfeaa, 0x11013223, 0x34260126, 
    0x70260126, 0x6a2b2b2a, 0x0033802a, 0x20000300, 0xe7016b00, 0x0700a501, 0x16000f00, 0x06120000, 0x36362626, 0x37071616, 0x15270705, 0x07253523, 
    0x16173725, 0x3330b416, 0x33301116, 0x010fa516, 0xaa610e95, 0xfe0f3001, 0x22b62df8, 0x1631011e, 0x16333011, 0x28673011, 0x22222892, 0x5f280460, 
    0x400c4279, 0x15000200, 0xeb019500, 0x0a006b01, 0x00001200, 0x15163201, 0x33352115, 0x06353315, 0x36342622, 0x01141632, 0xfe332395, 0x3cab2b2a, 
    0x34262634, 0x336b0126, 0x96d68023, 0x34268096, 0x00342626, 0x2b000200, 0xee014000, 0x1300c001, 0x00001f00, 0x07061625, 0x22232707, 0x33353526, 
    0x17323315, 0x16363717, 0x33161425, 0x22231533, 0x33353526, 0x0a07e701, 0x95494f0c, 0x4b80261a, 0x18480b1b, 0x74fe190c, 0x80801a26, 0x902a3e2c, 
    0x24061a0c, 0xab1a2695, 0x0b951880, 0x1a650805, 0x2c3f2b26, 0x020000c0, 0x40004000, 0xc001d501, 0x1f001300, 0x32250000, 0x23061416, 0x22233523, 
    0x33353526, 0x16323315, 0x14251515, 0x15333316, 0x35262223, 0xb5013335, 0x0d13130d, 0x261a9560, 0x19116b80, 0x1a26d6fe, 0x3f2c8080, 0x1c12802b, 
    0x1a269512, 0x111a80ab, 0x261a8095, 0xc02c3f2b, 0x40000200, 0xad014000, 0x0b00c001, 0x00002100, 0x33161413, 0x22231533, 0x33353526, 0x23061601, 
    0x23373523, 0x35352622, 0x32331533, 0x33071516, 0x266b1632, 0x2c55551a, 0x3f012b3f, 0x600f1303, 0x261a8015, 0x19116b80, 0x130c1e2a, 0x261a0001, 
    0xc02c3f2b, 0x170fa6fe, 0x1a265540, 0x111a80ab, 0x03000f95, 0x40002b00, 0xd801d501, 0x21001500, 0x00002a00, 0x27071725, 0x27262223, 0x37362627, 
    0x17173633, 0x06153716, 0x15171727, 0x27262223, 0x16173327, 0x26023316, 0x17363626, 0x01061616, 0x51207b5a, 0x05231792, 0x1317031d, 0x230f1601, 
    0x3e303430, 0x28966316, 0x2a2a063c, 0x1824042a, 0x14061c3f, 0x070e0e23, 0x2060c014, 0x7e171d40, 0x03042014, 0x0a251b0c, 0x5722082e, 0x27332b55, 
    0x1f17cad1, 0x23141301, 0x0b0a071c, 0x03001c23, 0x35005500, 0xd601ab01, 0x22001600, 0x00002a00, 0x23270725, 0x35352622, 0x33333634, 0x16171732, 
    0x22153316, 0x07331527, 0x33331614, 0x26222315, 0x36333535, 0x32363426, 0x01061416, 0x6c4b1fab, 0x131d261a, 0x1e101301, 0x3e1a3911, 0x26bf4a38, 
    0x2c80801a, 0x1a2f2b3f, 0x1a1a221a, 0x264b1f54, 0x1d137b1a, 0x18132110, 0x154f2f2f, 0x3f2b261a, 0x1a15c02c, 0x221a1a22, 0x0400001a, 0x55002b00, 
    0xab01d501, 0x07000300, 0x28000b00, 0x35010000, 0x35171523, 0x35171523, 0x22371523, 0x33161406, 0x23061415, 0x35262221, 0x35363235, 0x35232634, 
    0x21333634, 0x01151632, 0x2a2a2a15, 0x11ea2a2a, 0x19111919, 0x11aafe11, 0x19181219, 0x01111911, 0x01191156, 0x602a2a4b, 0x2a602a2a, 0x221aa02a, 
    0x1a11551a, 0x1955111a, 0x551a1112, 0x12191912, 0x15000300, 0xeb012b00, 0x0200d501, 0x1d000600, 0x17130000, 0x21110507, 0x16320111, 0x06141115, 
    0x26222123, 0x36341135, 0x37273333, 0x07173717, 0x019595c0, 0x0180fe00, 0x1a1a1180, 0x1180fe11, 0xa2111a1a, 0x55550f46, 0x2b01460f, 0x012b5556, 
    0x0100ff00, 0xff12192b, 0x19191100, 0x12000111, 0x550f4619, 0x00460f55, 0x15000300, 0xeb014000, 0x0200c001, 0x1a000600, 0x07010000, 0x21110535, 
    0x16320111, 0x06140315, 0x23152323, 0x26222335, 0x36341135, 0x95550133, 0x80fe0001, 0x1a118001, 0x6b111901, 0x19126baa, 0x15011219, 0x01d6ab55, 
    0x0100ff00, 0xff12192b, 0x2b191100, 0x0111192b, 0x00191200, 0x15000200, 0xeb014000, 0x0300c001, 0x00001700, 0x11211125, 0x15163201, 0x23061403, 
    0x35231523, 0x35262223, 0x33363411, 0x80fec001, 0x1a118001, 0x6b111901, 0x19126baa, 0x01951219, 0x0100ff00, 0xff12192b, 0x2b191100, 0x0111192b, 
    0x00191200, 0x80000100, 0x80014000, 0x1400c001, 0x32010000, 0x07151516, 0x27352315, 0x33363435, 0x15333533, 0x01333533, 0x4b1a1056, 0x101a4b6a, 
    0x2a562a01, 0x101b6b01, 0x40404b75, 0x1b10754b, 0x00555555, 0x55000400, 0xc0012b00, 0x0700d501, 0x1b000f00, 0x00002900, 0x34262200, 0x14163236, 
    0x34262206, 0x14163236, 0x23352313, 0x33333637, 0x23171732, 0x35233505, 0x33333634, 0x15151632, 0x72011523, 0x24191924, 0x1924d919, 0xb5192419, 
    0x0b364040, 0x0b1e021e, 0xf5fe4036, 0x40111a20, 0x01201a11, 0x18241980, 0x19192418, 0x24181824, 0xa28092fe, 0x80a21e1e, 0x1a1175a0, 0xa075111a, 
    0x15000300, 0xeb015500, 0x0700a101, 0x14000c00, 0x36370000, 0x26071732, 0x36170722, 0x27071732, 0x07172036, 0x6b072226, 0x2a3daf3e, 0x2b2c7e2c, 
    0x401a4c1a, 0x130162eb, 0xe0502b61, 0x3d3deb50, 0x2b2c2c2b, 0xeb401a1a, 0x4f2b6161, 0x0300004f, 0x2b005500, 0xeb01ab01, 0x13000b00, 0x00002b00, 
    0x35233525, 0x15231523, 0x35331533, 0x35331527, 0x06222634, 0x15163217, 0x23061415, 0x35262221, 0x33363435, 0x36343533, 0x15151632, 0x2a405501, 
    0x572a4040, 0x27362784, 0x1a1a11c2, 0x1100ff11, 0x15111a1a, 0xab3f583f, 0x2a40402a, 0x2bd54040, 0x27271b2b, 0xd6111946, 0x11191911, 0x2b1911d6, 
    0x2c3f3f2c, 0x0500002b, 0x55001500, 0xaa01eb01, 0x0b000500, 0x19001100, 0x00002800, 0x07173637, 0x26330706, 0x17163727, 0x37272637, 0x36211716, 
    0x26071736, 0x32250706, 0x06150315, 0x26222306, 0x37373435, 0x5c406b36, 0xd625311c, 0x200c0f0b, 0x31272b18, 0xfe33450b, 0x4f9b3b2a, 0x2d773d19, 
    0x340b1301, 0x120f1803, 0x036f0519, 0x3d0340eb, 0x0a0b2506, 0x2a18103e, 0x193c1427, 0x0e2f3b33, 0x2d290839, 0xedfe0a80, 0x19140e01, 0xf80a0b12, 
    0x02000008, 0x15004000, 0xeb01c001, 0x23001500, 0x15130000, 0x33363627, 0x15151632, 0x15163233, 0x35332715, 0x06222634, 0x06270701, 0x26222123, 
    0x37343535, 0x27be3727, 0x2c293b05, 0x1a11153f, 0x362774dd, 0x1a020127, 0xff060818, 0x171a1100, 0x80011a2c, 0x3628271a, 0x192b2c3f, 0x2bdcb211, 
    0xfe27271b, 0x02181a94, 0x19d61119, 0x001a2b0c, 0x55000400, 0xd5012b00, 0x0600d501, 0x12000a00, 0x00002b00, 0x35071701, 0x17333523, 0x06152335, 
    0x26343632, 0x37140622, 0x14231533, 0x35262206, 0x35262223, 0x23353335, 0x15372715, 0x15163233, 0x40406b01, 0x5515abab, 0x0c0c1249, 0x2ad60d12, 
    0x263426aa, 0x961a112b, 0xeb404056, 0xd5011a11, 0x2b2b4040, 0x804040d6, 0x0c0c120d, 0x1a2a3312, 0x191a2626, 0x2a404011, 0x1a2b4040, 0x03000011, 
    0x15001500, 0xd501d501, 0x0f000300, 0x00001b00, 0x23273337, 0x27070127, 0x26222306, 0x27373435, 0x36272305, 0x15163233, 0x33270714, 0x1f2b4a95, 
    0x1ca00165, 0x5843363b, 0x013c267d, 0x369a4a56, 0x267d5843, 0x2aeb1f63, 0x1b60febb, 0x587d263c, 0x9f3b3643, 0x587d269a, 0x00643643, 0x2b000200, 
    0xd5012b00, 0x0300d501, 0x00000b00, 0x15233525, 0x14163236, 0x34262206, 0x13d66b01, 0xb07d7db0, 0x2a2aeb7d, 0x7db07dea, 0x0200b07d, 0x4000d500, 
    0xc0012b01, 0x0b000300, 0x33130000, 0x34142311, 0x14163236, 0x56d52206, 0x19241956, 0xc0012419, 0x246700ff, 0x19241818, 0x2b000300, 0xd5012b00, 
    0x0400d501, 0x0f000900, 0x33250000, 0x11070606, 0x23171616, 0x26261127, 0x16013634, 0x4c6c07bf, 0xbf076c4c, 0x6f6f512b, 0x076c4cea, 0x6c07aa01, 
    0x56febf4c, 0x7aa67a08, 0x2b000400, 0xd5012b00, 0x0400d501, 0x0f000a00, 0x00001700, 0x37363625, 0x16142623, 0x37061117, 0x022e3315, 0x06141632, 
    0x01342622, 0x07533a15, 0x4056c094, 0x0794693f, 0x7db0a753, 0x577db07d, 0x563a5307, 0x01086082, 0x94080852, 0x7d33533a, 0xb07d7db0, 0x55000300, 
    0xab015500, 0x0700ab01, 0x19000f00, 0x34120000, 0x14163236, 0x34062206, 0x14163236, 0x34262206, 0x16323336, 0x22230614, 0x3c563bde, 0x1908563c, 
    0x24181824, 0x1c1d28d5, 0x1d1c2828, 0x3c561901, 0x703b563c, 0x24191924, 0x28385c19, 0x00273a27, 0x2b000100, 0xd5017600, 0x17009501, 0x07010000, 
    0x26231716, 0x07270727, 0x37173727, 0x07222326, 0x32333627, 0xd5013717, 0x2b072541, 0x55561906, 0x55a02080, 0x49553b3d, 0x5a481e3b, 0x013d4766, 
    0x483b496c, 0x56612e33, 0x56a02080, 0x1e344546, 0x00444f40, 0x2b000100, 0xd5017600, 0x07008a01, 0x27370000, 0x17371737, 0x204b2707, 0x1e9755a0, 
    0x207655b5, 0x1eaa56a0, 0x030056cc, 0x2b004000, 0x0002c001, 0x33001b00, 0x00003f00, 0x15163201, 0x22061415, 0x06072727, 0x07272722, 0x35262206, 
    0x33363435, 0x15333533, 0x32331617, 0x06141537, 0x26222123, 0x33163535, 0x17373732, 0x37373216, 0x35262227, 0x17373734, 0x06141516, 0x261a8001, 
    0x2e0c2219, 0x0c230c2e, 0x220c2e2d, 0x6b1a2619, 0x1e164d2a, 0x090c1416, 0x0c09aafe, 0x161e1713, 0x3e151717, 0x114b1715, 0x2424071a, 0x40011907, 
    0x11211a26, 0x2e2e0c19, 0x2e2e0c0c, 0x2111190c, 0x2b2b261a, 0x620d1695, 0x090c0c09, 0x17160d62, 0x17151517, 0x0b111abe, 0x0b3f3f0b, 0x001a110b, 
    0x2b000c00, 0xd5014000, 0x0300c001, 0x13000700, 0x1b001700, 0x23001f00, 0x2b002700, 0x33002f00, 0x00003900, 0x35231525, 0x35231537, 0x15233517, 
    0x15231533, 0x15231533, 0x15233503, 0x15233517, 0x15233517, 0x15233517, 0x15233503, 0x15233517, 0x15233517, 0x15233517, 0x21113313, 0x80013311, 
    0x562b2b2b, 0x2b2b2bab, 0x2a2a2b2b, 0x2a2a2a2a, 0x2b2b2b2a, 0x2b2b2b2b, 0xfed5ab2b, 0x2bc0d556, 0x2a2a552b, 0x2a2bd5aa, 0x012a2b2b, 0x562a2a00, 
    0x2b552b2b, 0x2a2a552b, 0x2a2a0001, 0x552b2b56, 0x2a552b2b, 0xfe00012a, 0x008001d5, 0x15000400, 0xeb016b00, 0x0a009501, 0x1c001400, 0x00002400, 
    0x16163225, 0x35231515, 0x22362734, 0x15161632, 0x34352115, 0x26223636, 0x16323634, 0x26221614, 0x16323634, 0x1c550114, 0x2a803842, 0x4238b907, 
    0x38d5fe37, 0x26263478, 0x34852534, 0x26342626, 0x172410eb, 0x1e2c3535, 0x17241001, 0x24173535, 0x2634263a, 0x26263426, 0x34262634, 0x00000500, 
    0x00028000, 0x07009501, 0x17000f00, 0x2f002300, 0x32360000, 0x21151516, 0x16253435, 0x23151516, 0x22263435, 0x32363426, 0x22171416, 0x27343627, 
    0x16323336, 0x15270614, 0x35231523, 0x35333523, 0x50ed1533, 0x0100ff58, 0x4038250e, 0x26263491, 0x0a2b2634, 0x09131309, 0x26261a0a, 0x402b40ef, 
    0x23eb2b40, 0x1d2b2b1d, 0x171f061f, 0x48222b2b, 0x26263426, 0x1b032634, 0x26031b44, 0x2b162634, 0x402b4040, 0x0a000040, 0x40004000, 0xd501c001, 
    0x07000300, 0x0f000b00, 0x17001300, 0x1f001b00, 0x2c002300, 0x35250000, 0x35171523, 0x35031523, 0x35171523, 0x35171523, 0x35171523, 0x35271523, 
    0x35171523, 0x35171523, 0x33371523, 0x33112115, 0x01173735, 0x2a2a2a95, 0x2a2a2a56, 0x2a2a2a2a, 0x2a2a2a56, 0x80d52a2a, 0x408080fe, 0x2b2bc040, 
    0x012a2a55, 0x562a2a00, 0x2b552b2b, 0x2a2a552b, 0x552b2baa, 0x2a552b2b, 0x01d5aa2a, 0x40402a2b, 0x2b000500, 0xd5012b00, 0x0500d501, 0x15000d00, 
    0x25001d00, 0x22240000, 0x06332726, 0x34262226, 0x14163236, 0x34262216, 0x14163236, 0x34363206, 0x14062226, 0x14163212, 0x34262206, 0x3b4a2501, 
    0x9e0dda0d, 0x1a13131a, 0x131a8313, 0xb1131a13, 0x8c65658c, 0x7db05365, 0x8b7db07d, 0x61212129, 0x13131a13, 0x1a13131a, 0xd31a1313, 0x65658c65, 
    0x7d1b018c, 0xb07d7db0, 0x2b000500, 0xd5012b00, 0x0500d501, 0x15000d00, 0x25001d00, 0x32360000, 0x36231716, 0x34262236, 0x14163236, 0x34262216, 
    0x14163236, 0x34363206, 0x14062226, 0x14163212, 0x34262206, 0x0d3b4adb, 0x1a220dda, 0x131a1313, 0x13131a83, 0x8cb1131a, 0x658c6565, 0x7d7db053, 
    0x29d57db0, 0x13692121, 0x1a13131a, 0x131a1313, 0x65d31a13, 0x8c65658c, 0xb07d1b01, 0x00b07d7d, 0x55000200, 0xab012b00, 0x1300cb01, 0x00001a00, 
    0x21151725, 0x34353735, 0x34353736, 0x15163236, 0x15161615, 0x35262207, 0x01061433, 0xaafe2b80, 0x122d332b, 0x332d121c, 0x56191280, 0x152bab1a, 
    0x326a2b15, 0x0d0f0b4a, 0x0f0d1313, 0xea324a0b, 0x19111119, 0x55000300, 0xab012b00, 0x0700cb01, 0x21001b00, 0x35250000, 0x06222634, 0x17371515, 
    0x37352115, 0x37363435, 0x32363435, 0x16151516, 0x22061516, 0x14333526, 0x4e2e5501, 0xfe2bd52e, 0x2d332baa, 0x2d121c12, 0x1a226f33, 0x29809556, 
    0x80293737, 0x15152b16, 0x4a326a2b, 0x130d0f0b, 0x0b0f0d13, 0x19ea324a, 0x03001111, 0x2b005500, 0xcb01c001, 0x19001300, 0x00002700, 0x36362725, 
    0x32373337, 0x34353336, 0x15163236, 0x15161615, 0x35262206, 0x16031433, 0x27071716, 0x35373521, 0x37273734, 0x03bf8001, 0x0601020a, 0x12020601, 
    0x332d121c, 0x5619246e, 0x36cb1884, 0xdbfe2b1b, 0x1b3c112b, 0x0501c9c7, 0x0f020301, 0x0d13130d, 0x324a0b0f, 0x121218ea, 0xd0193a01, 0x152b1b39, 
    0x20296b2b, 0x04001c3b, 0x2b002b00, 0xcb01d501, 0x19000500, 0x25001f00, 0x22240000, 0x14333526, 0x15171537, 0x35373521, 0x35373634, 0x16323634, 
    0x16161515, 0x37272617, 0x06251716, 0x37362307, 0x19241201, 0xfe2b5655, 0x2d332baa, 0x2d121c12, 0x46052a33, 0xfe05531e, 0x2b0547cd, 0x192b5305, 
    0x6ad21211, 0x2b15152b, 0x0b4a326a, 0x13130d0f, 0x4a0b0f0d, 0x1e335627, 0x32896740, 0x00406757, 0x55000300, 0xab012b00, 0x0900cb01, 0x24001d00, 
    0x35010000, 0x07331523, 0x23353315, 0x21151717, 0x34353735, 0x34353736, 0x15163236, 0x15161615, 0x35262207, 0x01061433, 0x3b3b6a35, 0x2b863b6a, 
    0x332baafe, 0x121c122d, 0x1280332d, 0x011a5619, 0x4926262f, 0x2b3b2626, 0x6a2b1515, 0x0f0b4a32, 0x0d13130d, 0x324a0b0f, 0x111119ea, 0x04000019, 
    0x40004000, 0xc001c001, 0x11000800, 0x23001a00, 0x32010000, 0x23151516, 0x13350737, 0x14153327, 0x35232306, 0x15370727, 0x3d262223, 0x33363402, 
    0x17271533, 0x11950123, 0x56166b1a, 0x1a6b1656, 0x166a8011, 0x1a118056, 0x5680111a, 0xc0016b16, 0x5680111a, 0xd5fe6b16, 0x1a118056, 0x1656406b, 
    0x80111a6b, 0x6b1a11aa, 0x03005616, 0x55002b00, 0xd501d501, 0x1b000d00, 0x00002f00, 0x35363225, 0x16232734, 0x23061415, 0x22371623, 0x17141506, 
    0x34352633, 0x26333336, 0x15163237, 0x23061411, 0x35262221, 0x33363411, 0x17333733, 0x3f2c0001, 0x26042d02, 0x3421551a, 0x2d023f2c, 0x551a2604, 
    0x19117721, 0xaafe1119, 0x11191911, 0x27802744, 0x072c3f95, 0x1a070e0e, 0x3fd62b26, 0x0e0e072c, 0x2b261a07, 0xff111a40, 0x1a1a1100, 0x11000111, 
    0x002a2a1a, 0x15000400, 0xeb016b00, 0x0a009501, 0x1c001400, 0x00002400, 0x16163225, 0x35231515, 0x22362734, 0x15161632, 0x34352115, 0x26223636, 
    0x16323634, 0x26221614, 0x16323634, 0x1c550114, 0x2a803842, 0x4238b907, 0x38d5fe37, 0x26263478, 0x34852534, 0x26342626, 0x172410eb, 0x1e2c3535, 
    0x17241001, 0x24173535, 0x2634263a, 0x26263426, 0x34262634, 0x15000700, 0xeb016b00, 0x07009501, 0x17000f00, 0x29001f00, 0x3e003100, 0x22000000, 
    0x32161406, 0x22063436, 0x32363426, 0x22261416, 0x32161406, 0x22063436, 0x32363426, 0x35171416, 0x22232634, 0x15151607, 0x26343523, 0x15150622, 
    0x15163225, 0x34352115, 0x17323336, 0x22710136, 0x1a221a1a, 0x2c2c3e0c, 0x22fa2c3e, 0x1a221a1a, 0x2c2c3e0c, 0x47e02c3e, 0x0b261a24, 0x47484720, 
    0x602b2b01, 0x2b602afe, 0x0131312f, 0x1a221975, 0x2c5c221a, 0x3e2b2b3e, 0x1a221949, 0x2c5c221a, 0x3e2b2b3e, 0x1c0a1aa1, 0x1a0d0d0c, 0x1c1c0a1a, 
    0x27601a0a, 0x1f3a3a1f, 0x00161627, 0x55000200, 0xab015500, 0x0700ab01, 0x00000f00, 0x15163236, 0x34352115, 0x34262236, 0x14163236, 0xfe756cca, 
    0x3246ceaa, 0xd5324632, 0x2b2b262f, 0x46325a26, 0x00463333, 0x15000300, 0xeb015500, 0x0700ab01, 0x1b001300, 0x32240000, 0x21151516, 0x33273435, 
    0x23152315, 0x33352335, 0x22163335, 0x32363426, 0x0a011416, 0xaafe756c, 0x2b404015, 0xe32b4040, 0x46323246, 0x262fd532, 0x85262b2b, 0x2b40402b, 
    0x46326b40, 0x00463333, 0x55000400, 0xab015500, 0x0900ab01, 0x19001100, 0x00002100, 0x16163236, 0x35211515, 0x32363634, 0x22061416, 0x22163426, 
    0x21151506, 0x22263435, 0x32161406, 0x40e03436, 0xaafe3f4c, 0x3246493f, 0x81324632, 0x04015658, 0x1a1a266f, 0x12eb1a26, 0x40401a2a, 0x33d22a1a, 
    0x46323246, 0x170c21b6, 0x1ae10c17, 0x26191926, 0x55000200, 0x95018000, 0x05009501, 0x00001100, 0x23113701, 0x15070735, 0x15231533, 0x35233523, 
    0x35013533, 0x60362a60, 0x562a5656, 0x177e0156, 0x0be2ebfe, 0x552b5502, 0x00552b55, 0x40000400, 0xc0014000, 0x0300c001, 0x0b000700, 0x00001b00, 
    0x15233525, 0x15233523, 0x15233523, 0x15163201, 0x23061411, 0x35262221, 0x33363411, 0x2b2b6b01, 0x012b2b2a, 0x1a1a1100, 0x11d6fe11, 0x95111a1a, 
    0xd6d65656, 0x2b019696, 0xd6fe111a, 0x111a1a11, 0x1a112a01, 0x2b000300, 0xd5012b00, 0x1700d501, 0x2a002200, 0x36250000, 0x27263435, 0x23061415, 
    0x06141523, 0x33152323, 0x15151632, 0x35073233, 0x35352622, 0x14150627, 0x16320216, 0x26220614, 0x2d7e0134, 0x111a303b, 0x2a090d2a, 0x150c0980, 
    0x1a11881e, 0x04570566, 0xb07d7db0, 0x43308d7d, 0x09135635, 0x092b1911, 0x090c2b0c, 0x1a295440, 0x14661511, 0x01604112, 0x7db07d76, 0x0200b07d, 
    0x40001500, 0xc001eb01, 0x0c000600, 0x17010000, 0x07352315, 0x37171727, 0x01270715, 0xc02beb00, 0x959556eb, 0xc0019595, 0x6994ab80, 0x52525980, 
    0x00515156, 0x40000100, 0xc0012c00, 0x2600d501, 0x32250000, 0x06141516, 0x34352622, 0x23062737, 0x36342622, 0x37173233, 0x36343526, 0x06141632, 
    0x07272223, 0x17071416, 0x1a800136, 0x25322524, 0x19139701, 0x1a26261a, 0x02961319, 0x26263426, 0x9614181a, 0x12980202, 0x1a1925a9, 0x0a1a2525, 
    0x26115804, 0x57112634, 0x261a050a, 0x12263426, 0x0a0a0a58, 0x02001058, 0x2b005500, 0xf201ab01, 0x20000b00, 0x32370000, 0x27343536, 0x15060706, 
    0x16131614, 0x06141516, 0x34352622, 0x16141537, 0x35363233, 0xfa272634, 0x1f0c3b2b, 0x43283c44, 0x8e644b40, 0x212c4564, 0x04082920, 0x2c2b3b6b, 
    0x0d0e292a, 0x01271c35, 0x54953487, 0x46646446, 0x2108526c, 0x14222d2e, 0x05000f34, 0x2b002b00, 0xd501d501, 0x11000900, 0x21001900, 0x00002900, 
    0x17163236, 0x07222623, 0x32163623, 0x22263436, 0x32121406, 0x22061416, 0x34163426, 0x14163236, 0x34362206, 0x14163236, 0x4adb2206, 0x19230d3b, 
    0x0d231962, 0x65658c1a, 0xb053658c, 0x7db07d7d, 0x131a136a, 0x13831a13, 0x1a13131a, 0x2a2129d5, 0x6557212a, 0x8c65658c, 0xb07d1b01, 0x30b07d7d, 
    0x1a13131a, 0x131a1313, 0x00131a13, 0x2b000500, 0xd5012b00, 0x0700d501, 0x17000f00, 0x23001f00, 0x32360000, 0x22263436, 0x32121406, 0x22061416, 
    0x34163426, 0x14163236, 0x34362206, 0x14163236, 0x33072206, 0x8cba2315, 0x658c6565, 0x7d7db053, 0x136a7db0, 0x1a13131a, 0x131a1383, 0x807e1a13, 
    0x8c655580, 0x018c6565, 0x7db07d1b, 0x1a30b07d, 0x131a1313, 0x13131a13, 0x2040131a, 0x2b000500, 0xd5012b00, 0x0900d501, 0x19001100, 0x29002100, 
    0x32360000, 0x06063337, 0x33272622, 0x34363216, 0x14062226, 0x14163212, 0x34262206, 0x32363416, 0x22061416, 0x32363436, 0x22061416, 0x231962cf, 
    0x3b4a3b0d, 0x8c04230d, 0x658c6565, 0x7d7db053, 0x136a7db0, 0x1a13131a, 0x131a1383, 0x2aab1a13, 0x21292921, 0x658c6580, 0x1b018c65, 0x7d7db07d, 
    0x131a30b0, 0x13131a13, 0x1a13131a, 0x05000013, 0x2b002b00, 0xd501d501, 0x11000500, 0x25001d00, 0x00002d00, 0x17163236, 0x27373623, 0x17372737, 
    0x17071737, 0x17372707, 0x27071707, 0x27372707, 0x32061737, 0x22263436, 0x32121406, 0x22061416, 0x4adb3426, 0x0dda0d3b, 0x17171707, 0x17171617, 
    0x17171717, 0x1717179c, 0x17171617, 0x17171717, 0x65658c89, 0xb053658c, 0x7db07d7d, 0x212129d5, 0x17161754, 0x16161616, 0x17171617, 0x16171643, 
    0x17171717, 0x16161716, 0x658c65ef, 0x1b018c65, 0x7d7db07d, 0x050000b0, 0x2b002b00, 0xd501d501, 0x0b000500, 0x19001100, 0x00002100, 0x27262224, 
    0x07270633, 0x07173727, 0x07173737, 0x32060727, 0x22263436, 0x32121406, 0x22061416, 0x25013426, 0xda0d3b4a, 0x1716a30d, 0x41172e2d, 0x16172d2e, 
    0x658c7217, 0x53658c65, 0xb07d7db0, 0x21298b7d, 0x17177821, 0x17172d2d, 0x17172d2d, 0x8c65c017, 0x018c6565, 0x7db07d1b, 0x0200b07d, 0x40004000, 
    0xc001c001, 0x15000500, 0x37370000, 0x07270727, 0x15163225, 0x23061411, 0x35262221, 0x33363411, 0xa21ec0d5, 0x2a011e4c, 0x12191912, 0x1912d6fe, 
    0xc0951219, 0x1e4ca21f, 0xfe111ac0, 0x1a1a11d6, 0x112a0111, 0x0200001a, 0x40004000, 0xc001c001, 0x13000f00, 0x32010000, 0x14111516, 0x22212306, 
    0x34113526, 0x21053336, 0x95012111, 0x111a1a11, 0x1a11d6fe, 0x2a01111a, 0x2a01d6fe, 0x111ac001, 0x1a11d6fe, 0x2a01111a, 0xfe2b1a11, 0x020000d6, 
    0x2b002b00, 0xd501d501, 0x0f000700, 0x32360000, 0x22263436, 0x32121406, 0x22061416, 0x8cba3426, 0x658c6565, 0x7d7db053, 0x65557db0, 0x8c65658c, 
    0xb07d1b01, 0x00b07d7d, 0x2b000300, 0xd5012b00, 0x0700d501, 0x17000f00, 0x32360000, 0x22263436, 0x32121406, 0x22061416, 0x32363426, 0x22061416, 
    0x8cba3426, 0x658c6565, 0x7d7db053, 0x58a97db0, 0x3f583f3f, 0x658c6555, 0x1b018c65, 0x7d7db07d, 0x583f13b0, 0x00583f3f, 0x2b000100, 0xd5014000, 
    0x0900d501, 0x07250000, 0x37372737, 0x17071717, 0x23840001, 0x3c3c9974, 0x90237499, 0x0d659650, 0x650d8d8d, 0x02000096, 0x40002b00, 0xd501d501, 
    0x0f000500, 0x17250000, 0x27273727, 0x27170717, 0x37273707, 0x00011737, 0x5e471550, 0x2374d524, 0x74238484, 0xb73c3c99, 0x083e5b30, 0x96654356, 
    0x65965050, 0x008d8d0d, 0x2b000200, 0xd5014000, 0x0900d501, 0x00001300, 0x37271725, 0x07072727, 0x07250717, 0x37072717, 0x17373727, 0x15500001, 
    0x24245e47, 0x0115475e, 0x84237425, 0x99742384, 0x30b73c3c, 0x56083e5b, 0x5b3e0856, 0x509665b4, 0x0d659650, 0x05008d8d, 0x00000100, 0x0002ff01, 
    0x13000900, 0x44001f00, 0x00004e00, 0x17163201, 0x27262623, 0x34172707, 0x33152323, 0x35363732, 0x16173227, 0x07141515, 0x35232306, 0x14151607, 
    0x06070607, 0x35262223, 0x33161433, 0x23233432, 0x34323335, 0x23152223, 0x33363734, 0x15161732, 0x17370714, 0x27262207, 0x01161633, 0x08936400, 
    0x35450520, 0x2f6f511d, 0x0a241314, 0x13352f02, 0x23161505, 0x051c3131, 0x190f0506, 0x0f1b1e18, 0x101f1c0c, 0x191a1d10, 0x16100f1c, 0x48040e23, 
    0x640e511d, 0x06200893, 0x87000244, 0x19603b63, 0x39fb511c, 0x1107227b, 0x160c2f59, 0x16152608, 0x1c0b53aa, 0x040c0a0a, 0x0b17180c, 0x3216360e, 
    0x0d0f1117, 0x170c081b, 0x01511cd9, 0x603c6388, 0x40000200, 0xc0012b00, 0x0b00d501, 0x00001300, 0x23112301, 0x23152335, 0x21352311, 0x14163226, 
    0x34262206, 0x2b80c001, 0x01802b2a, 0x1a22d180, 0x011a221a, 0x80ebfe40, 0x2b150180, 0x1a22196a, 0x0500221a, 0x2b002b00, 0xeb01c001, 0x08000400, 
    0x10000c00, 0x00001400, 0x21151713, 0x15330535, 0x21350523, 0x15330315, 0x15332723, 0xfecbf523, 0x402a016b, 0x01d6fe40, 0x4040eb95, 0x01404080, 
    0x2b2b6beb, 0x406a9655, 0x96000140, 0x03009696, 0x40004000, 0xc001d501, 0x0b000700, 0x00002500, 0x34363224, 0x14062226, 0x15333507, 0x06141507, 
    0x26222123, 0x36341135, 0x16322133, 0x22231515, 0x14151506, 0x48013316, 0x1a13131a, 0x15d53513, 0xd6fe111a, 0x12191912, 0x1a112a01, 0x191912c0, 
    0x1c12e012, 0x471c1212, 0x152baaaa, 0x111a1a11, 0x1a112a01, 0x1a15111a, 0x1a11aa11, 0x40000300, 0xc0014000, 0x0700c001, 0x1f000f00, 0x15370000, 
    0x26343521, 0x34360622, 0x14062226, 0x34273216, 0x32213336, 0x14111516, 0x22212306, 0x01803526, 0x58505800, 0x263426c0, 0x19da3426, 0x112a0112, 
    0xfe111a1a, 0x951912d6, 0x251d1515, 0x26347425, 0x95263426, 0x111a1a11, 0x1a11d6fe, 0x0300111a, 0x2b002b00, 0xd501d501, 0x0f000700, 0x00001700, 
    0x26373236, 0x07062226, 0x14062236, 0x34363216, 0x14163226, 0x34262206, 0x012fa2af, 0x01584e58, 0x2626349a, 0xb0982634, 0x7db07d7d, 0x261c4566, 
    0x26ea1d25, 0x34262634, 0x7db07d66, 0x0400b07d, 0x2b001500, 0xeb01c301, 0x25001d00, 0x39002d00, 0x14370000, 0x21153333, 0x34352622, 0x23273737, 
    0x17163335, 0x33171616, 0x07173736, 0x07232306, 0x14163216, 0x34262206, 0x14163226, 0x34262206, 0x35233537, 0x15333533, 0x15231533, 0xfff70599, 
    0x05191100, 0x462b4d1d, 0x24051414, 0x074b960a, 0x190c5225, 0x22c0139f, 0x1a221919, 0x1a1a22bc, 0x40801922, 0x40402a40, 0x1a2b05c5, 0x350a0a11, 
    0x2b2a2aa2, 0x88154d09, 0x1695150e, 0x221a4823, 0x1a221919, 0x1919221a, 0x2b40da22, 0x402b4040, 0x2b000500, 0xd5012b00, 0x0700d801, 0x15000f00, 
    0x1d001900, 0x32360000, 0x22263436, 0x32361406, 0x22061416, 0x15373426, 0x35270717, 0x37270727, 0x37270705, 0x57577cc2, 0xa045577c, 0x70a07070, 
    0x651055cb, 0x621b6243, 0x621b4801, 0x7c58551b, 0xfe7c5757, 0x71719e71, 0x32701b9e, 0x63803c1a, 0x52522052, 0x00205321, 0x2b000500, 0xd5012b00, 
    0x0b00d801, 0x1b001300, 0x23001f00, 0x15010000, 0x15231533, 0x35233523, 0x32063533, 0x22263436, 0x32361406, 0x22061416, 0x07253426, 0x07073727, 
    0x15013727, 0x402a4040, 0x577c2940, 0x45577c57, 0xa07070a0, 0x1b950170, 0x62cb1b62, 0x4001621b, 0x40402b40, 0x58eb402b, 0x7c57577c, 0x719e71fe, 
    0x214c9e71, 0x52202053, 0x05005220, 0x2b002300, 0xd801d501, 0x0b000300, 0x21001d00, 0x00003100, 0x37270713, 0x15062713, 0x32331614, 0x17001603, 
    0x23062707, 0x34352622, 0x27072737, 0x07052737, 0x22073727, 0x33362707, 0x14151632, 0x35362707, 0x12ab2634, 0xd2d2131f, 0x343e5722, 0x19014cf6, 
    0x372f1b25, 0x2f705047, 0x181e1811, 0x1bb2011d, 0x1b731b62, 0x2a2a2118, 0x21137050, 0xba015709, 0xfe0f1e0f, 0x352ad2a0, 0x7a01583e, 0x25e8fe4c, 
    0x712f2f1b, 0x1137464f, 0x1d131f14, 0x2053212e, 0x14200958, 0x282c4f71, 0x3e1c1820, 0x05000057, 0x2b002b00, 0xd801d501, 0x0d000500, 0x19001500, 
    0x00001d00, 0x07173737, 0x32163727, 0x22263436, 0x32361406, 0x22061416, 0x07373426, 0x07053727, 0x69e13727, 0x16448017, 0x57577c0f, 0xa045577c, 
    0x70a07070, 0x621b6268, 0x621b4801, 0x176aca1b, 0xa2164480, 0x57577c58, 0x9e71fe7c, 0x7e9e7171, 0x52522052, 0x00205321, 0x2b000600, 0xd5010000, 
    0x03000402, 0x1a000700, 0x32002600, 0x00004c00, 0x15233501, 0x15233523, 0x21151637, 0x26273734, 0x36171736, 0x37173233, 0x16071636, 0x15151632, 
    0x26220614, 0x24343535, 0x15151632, 0x26220614, 0x17343535, 0x14152135, 0x15232306, 0x26220614, 0x15233535, 0x26220614, 0x22233535, 0x15400126, 
    0x358b1556, 0x1c3400ff, 0x20071008, 0x1a1e1f1a, 0x070e0820, 0x13131a41, 0xa9fe131a, 0x1a13131a, 0x00015513, 0x1316090c, 0x132a131a, 0x0916131a, 
    0x1695010c, 0x3d161616, 0x25424126, 0x070e081c, 0x200e0e20, 0x99080e07, 0x0e950d13, 0x950e1212, 0x0d13130d, 0x12120e95, 0xc20d950e, 0x0c09d5d5, 
    0x12120e4b, 0x0e4b4b0e, 0x4b0e1212, 0x0300000c, 0x2b002b00, 0xd501d501, 0x07000300, 0x00001500, 0x15233525, 0x15233537, 0x15163237, 0x23061411, 
    0x34110721, 0x15013336, 0xc02a2a2a, 0x11191911, 0x1955d5fe, 0x2b2bc011, 0xc0808055, 0x00ff1119, 0x01551a11, 0x00191180, 0x15000400, 0xeb014000, 
    0x0300c001, 0x19001300, 0x00001f00, 0x11211125, 0x15163201, 0x23061411, 0x35262221, 0x33363411, 0x35231517, 0x15171533, 0x35333523, 0x80fec001, 
    0x1a118001, 0x80fe111a, 0x111a1a11, 0xc06a2a55, 0x016a406a, 0x01d4fe2c, 0xfe111a56, 0x1a1a11d6, 0x112a0111, 0x6b40801a, 0x2b6b402b, 0x04000040, 
    0x40004000, 0xc001c001, 0x07000300, 0x1b000b00, 0x35250000, 0x35231523, 0x35231523, 0x32011523, 0x14111516, 0x22212306, 0x34113526, 0x6b013336, 
    0x2b2a2b2b, 0x1100012b, 0xfe111a1a, 0x1a1a11d6, 0x56569511, 0x9696d6d6, 0x111a2b01, 0x1a11d6fe, 0x2a01111a, 0x05001a11, 0x40004000, 0xeb01c001, 
    0x07000300, 0x13000b00, 0x00002900, 0x15233501, 0x15233517, 0x15233517, 0x14062212, 0x34363216, 0x15163237, 0x23061411, 0x35262221, 0x33363411, 
    0x32363633, 0x6b011716, 0x96d6d6d6, 0x0c127496, 0x800c120c, 0x111a1a11, 0x1a11d6fe, 0x0759111a, 0x07202a20, 0x2b2b4001, 0x562a2a55, 0x2b012b2b, 
    0x0d0d120c, 0x111a0c12, 0x1a11d6fe, 0x2a01111a, 0x18131a11, 0x04001318, 0x40004000, 0xeb01c001, 0x0f000700, 0x2d001700, 0x35250000, 0x06222634, 
    0x22121515, 0x32161406, 0x22263436, 0x32161406, 0x32373436, 0x14111516, 0x22212306, 0x34113526, 0x36333336, 0x17163236, 0x50588001, 0x26349a58, 
    0x37263426, 0x120c0c12, 0x1a11800c, 0xd6fe111a, 0x111a1a11, 0x2a200759, 0x1e6b0720, 0x1d25251d, 0x2600011e, 0x34262634, 0x0d120c7b, 0x1a0c120d, 
    0x11d6fe11, 0x01111a1a, 0x131a112a, 0x00131818, 0x40000400, 0xc0014000, 0x0700eb01, 0x0f000b00, 0x00002500, 0x34363212, 0x14062226, 0x15233517, 
    0x15233517, 0x15163213, 0x23061411, 0x35262221, 0x33363411, 0x32363633, 0x12f71716, 0x0c120c0c, 0x2a2a2a2a, 0x1a1a11aa, 0x11d6fe11, 0x59111a1a, 
    0x202a2007, 0x0d950107, 0x120c0c12, 0x558080cd, 0x40012b2b, 0xd6fe111a, 0x111a1a11, 0x1a112a01, 0x13181813, 0x40000300, 0xc0014000, 0x0600eb01, 
    0x24000e00, 0x35250000, 0x17073523, 0x06221235, 0x36321614, 0x16323734, 0x06141115, 0x26222123, 0x36341135, 0x36363333, 0x01171632, 0x6b6b5555, 
    0x0c0c1209, 0x11800c12, 0xfe111a1a, 0x1a1a11d6, 0x20075911, 0xc007202a, 0x6b6a4055, 0x0c000140, 0x120d0d12, 0xfe111a0c, 0x1a1a11d6, 0x112a0111, 
    0x1818131a, 0x03000013, 0x40004000, 0xeb01c001, 0x0e000600, 0x00002400, 0x35233725, 0x36231523, 0x16140622, 0x37343632, 0x11151632, 0x21230614, 
    0x11352622, 0x33333634, 0x16323636, 0x6b000117, 0x74405640, 0x120c0c12, 0x1a11800c, 0xd6fe111a, 0x111a1a11, 0x2a200759, 0x6b800720, 0x0cd55555, 
    0x120d0d12, 0xfe111a0c, 0x1a1a11d6, 0x112a0111, 0x1818131a, 0x03000013, 0x40004000, 0xeb01c001, 0x0d000500, 0x00002300, 0x07273737, 0x22360727, 
    0x32161406, 0x32373436, 0x14111516, 0x22212306, 0x34113526, 0x36333336, 0x17163236, 0x8d1eabd5, 0x12891e37, 0x0c120c0c, 0x1a1a1180, 0x11d6fe11, 
    0x59111a1a, 0x202a2007, 0x1eab9507, 0xd51e378c, 0x0d0d120c, 0x111a0c12, 0x1a11d6fe, 0x2a01111a, 0x18131a11, 0x02001318, 0x15005500, 0xeb01ab01, 
    0x1d000e00, 0x16010000, 0x23061415, 0x15372715, 0x34353632, 0x06222727, 0x07171415, 0x36343526, 0x07173533, 0x651b9001, 0x35555546, 0x35710f4b, 
    0x1b1f0f4b, 0x55554665, 0x32295b01, 0x56406546, 0x354b4055, 0x4b441e1e, 0x1f1b2135, 0x65463229, 0x00555640, 0x00000200, 0x00025500, 0x0600ab01, 
    0x00001900, 0x07273325, 0x37331533, 0x14151616, 0x22212306, 0x36343526, 0x33363637, 0x2b011632, 0x406b6b40, 0x3a297256, 0xebfe2c3f, 0x30424b35, 
    0x3a2d4c15, 0x6a6aeb58, 0x3d039556, 0x4b3f2c2a, 0x05493135, 0x00493027, 0x55000200, 0xab012b00, 0x0400d501, 0x00001400, 0x17371513, 0x16323735, 
    0x06141115, 0x26222123, 0x36341135, 0x36358033, 0x1a1a1195, 0x1100ff11, 0x01111a1a, 0x2020abab, 0x11192aab, 0x1911aafe, 0x56011119, 0x01001911, 
    0x40006b00, 0xc0019501, 0x00000a00, 0x15163201, 0x11072711, 0x01333634, 0x9519116b, 0x01111995, 0xfe111ac0, 0x014040ab, 0x001a1155, 0x6b000200, 
    0x95014000, 0x0400c001, 0x00000f00, 0x11231125, 0x16321337, 0x07271115, 0x33363411, 0x6bd66b01, 0x9519116b, 0x80111995, 0xebfe1501, 0x1a11012f, 
    0x40abfe11, 0x11550140, 0x0300001a, 0x40005500, 0xc001ab01, 0x07000300, 0x00003700, 0x15233501, 0x15233517, 0x16231537, 0x15331515, 0x07141523, 
    0x06231533, 0x27262206, 0x26333523, 0x35233535, 0x37343533, 0x36333523, 0x17372737, 0x37173236, 0x17160717, 0x56562b01, 0x022dd656, 0x2d022b2b, 
    0x463b113c, 0x2d3c113b, 0x022b2b02, 0x180f3c2d, 0x0f2f1e23, 0x1e2f0f1e, 0x010f1823, 0x552b2b00, 0x2aaa2a2a, 0x2b15080e, 0x2b0e0715, 0x1d23231d, 
    0x15070e2b, 0x0e08152b, 0x2311192a, 0x03032e1e, 0x11231e2e, 0x01000019, 0x0d000e00, 0xee01eb01, 0x00001600, 0x07061625, 0x27270607, 0x26272606, 
    0x37173726, 0x17163627, 0x01071616, 0x080107e4, 0xc20f0f31, 0x201e5124, 0x405e1410, 0x2058265c, 0x6b0f111e, 0x31071304, 0x0fc20f0f, 0x58201e11, 
    0x5c405c26, 0x1e200e12, 0x02002451, 0x55001500, 0xab01eb01, 0x1d000e00, 0x33130000, 0x34332707, 0x17323336, 0x22232607, 0x23172506, 0x22230614, 
    0x33163727, 0x23353632, 0x56554080, 0x32466540, 0x211b1f29, 0x15014b35, 0x46654056, 0x1b1f2932, 0x404b3521, 0x55550001, 0x1f1b6546, 0x55204b0f, 
    0x1f1b6546, 0x00354b0f, 0x2b000200, 0xd5015500, 0x0200ab01, 0x00000500, 0x13211301, 0x00012107, 0xd556fed5, 0x01100188, 0x01aafeab, 0x0200da05, 
    0x2b002b00, 0xd501d501, 0x0d000500, 0x37370000, 0x07270727, 0x14163236, 0x34262206, 0xa21ec0d5, 0xb03d1e4c, 0x7db07d7d, 0xa21fc095, 0x7dd51e4c, 
    0xb07d7db0, 0x15000500, 0xeb014000, 0x0300ab01, 0x17001300, 0x1f001b00, 0x11250000, 0x32131123, 0x14111516, 0x22212306, 0x34113526, 0x33173336, 
    0x33352315, 0x33152315, 0xc0012315, 0x1a11c0c0, 0x80fe111a, 0x111a1a11, 0x969696d5, 0x6b969696, 0xebfe1501, 0x111a4001, 0x1a11ebfe, 0x1501111a, 
    0x20e01a11, 0x2015208a, 0x55000200, 0xab012b00, 0x0400d501, 0x00001400, 0x17371513, 0x16323735, 0x06141115, 0x26222123, 0x36341135, 0x36358033, 
    0x1a1a1195, 0x1100ff11, 0x01111a1a, 0x2020abab, 0x11192aab, 0x1911aafe, 0x56011119, 0x02001911, 0x80002b00, 0x8001d501, 0x0b000500, 0x37250000, 
    0x07173727, 0x37270727, 0x37010717, 0x801e6363, 0x801e8c80, 0x9e631e80, 0x801e6262, 0x801e1e80, 0x00621e80, 0x2b000300, 0xd5015500, 0x0300ab01, 
    0x17000700, 0x35010000, 0x35051521, 0x32011521, 0x14111516, 0x22212306, 0x34113526, 0xab013336, 0x5601aafe, 0x5601aafe, 0x12181812, 0x1812aafe, 
    0x55011218, 0x80d52b2b, 0x192b0180, 0x1200ff12, 0x01121919, 0x00191200, 0x40000400, 0xc0014000, 0x0300c001, 0x0b000700, 0x00000f00, 0x23153301, 
    0x15333511, 0x15333521, 0x15333527, 0xabab1501, 0xab80feab, 0xc001abab, 0xd500ff80, 0xab8080d5, 0x0200d5d5, 0x40006b00, 0xc0019501, 0x11000700, 
    0x15010000, 0x37333521, 0x11031733, 0x06141121, 0x26222323, 0xd6fe9501, 0x166a164a, 0x1a0001cb, 0x1a11aa11, 0x2b2bab01, 0xc0fe1515, 0x00ff0001, 
    0x001a1a11, 0x55000400, 0xab012b00, 0x0200d501, 0x0a000600, 0x00001800, 0x17273301, 0x17152335, 0x13152335, 0x06141117, 0x26222123, 0x36341335, 
    0x76150133, 0xaaaa4076, 0x1a8080aa, 0x1100ff11, 0x1119011a, 0xe0754001, 0x2b552b2b, 0x8055012b, 0x191100ff, 0x56011119, 0x04001911, 0x40004000, 
    0xc001c001, 0x17000700, 0x2f001f00, 0x32120000, 0x22263436, 0x32251406, 0x14151516, 0x22212306, 0x34353526, 0x32123336, 0x22263436, 0x32251406, 
    0x14151516, 0x22212306, 0x34353526, 0x22843336, 0x19221a1a, 0x0c094001, 0xaafe090c, 0x090c0c09, 0x1a1a222f, 0x40011922, 0x090c0c09, 0x0c09aafe, 
    0x4001090c, 0x1919221a, 0x090c6622, 0x0d0d0980, 0x0c098009, 0x2219abfe, 0x67221a1a, 0x0980090d, 0x80090c0c, 0x01000d09, 0x6b004900, 0x8901c001, 
    0x00000500, 0x01173737, 0xe2c03727, 0x7700ff1e, 0x1ee3a61d, 0x1e7700ff, 0x09000300, 0xf9016b00, 0x03008901, 0x0d000900, 0x37370000, 0x17010717, 
    0x17372701, 0x37270737, 0x1e771e09, 0xff1f5a01, 0x591f7800, 0x871e8787, 0x1e771ee2, 0xff1e1e01, 0x591e7700, 0x881e88c4, 0x40000300, 0xc0014000, 
    0x0300eb01, 0x1f001b00, 0x35250000, 0x33131521, 0x16323315, 0x06141115, 0x26222123, 0x36341135, 0x33353333, 0x15173315, 0x95013523, 0x2bead6fe, 
    0x1a1a1115, 0x12d6fe11, 0x15121919, 0x6b16aa2b, 0x01eaea6b, 0x111a2b80, 0x1a11d6fe, 0x2a01111a, 0x2b2b1a11, 0x006b6bc0, 0x40000200, 0xc0014000, 
    0x1700c001, 0x00002000, 0x15163201, 0x23061411, 0x35262221, 0x21153335, 0x23152111, 0x33363435, 0x35233713, 0x17372733, 0x11950107, 0xfe111a1a, 
    0x2b1912d6, 0xd6fe2a01, 0x6c12192b, 0x37cece37, 0x016b6b1e, 0xfe111ac0, 0x1a1a11d6, 0x01555511, 0x1155552a, 0x38f3fe1a, 0x6b1e382a, 0x0300006b, 
    0x2b002b00, 0xd501d501, 0x0b000300, 0x00001300, 0x07073725, 0x14163212, 0x34262206, 0x14163216, 0x34262206, 0xaf512f01, 0x7db02851, 0xcb7db07d, 
    0x140d0d14, 0x51afd10d, 0x7d5501af, 0xb07d7db0, 0x0d140d41, 0x0100140d, 0x2b002b00, 0xeb01eb01, 0x00002f00, 0x14163201, 0x15232306, 0x23230614, 
    0x22263435, 0x23151506, 0x35352622, 0x34363233, 0x35232326, 0x33333634, 0x32363435, 0x33151516, 0x15151632, 0x2016b501, 0x19201620, 0x30225111, 
    0x19115122, 0x21211820, 0x11192018, 0x1f2c1f56, 0x01191156, 0x1f2c1f15, 0x20191156, 0x18212118, 0x51111920, 0x51223022, 0x16201911, 0x20162020, 
    0x00561119, 0x2b000400, 0xd5012b00, 0x0e00d501, 0x1e001600, 0x00002600, 0x35363236, 0x23062734, 0x07062722, 0x12141506, 0x06141632, 0x04342622, 
    0x06141632, 0x26342622, 0x06141632, 0xba342622, 0x1307658c, 0x21406e1d, 0xb053014f, 0x7db07d7d, 0x10160a01, 0x70101610, 0x16101016, 0x46655510, 
    0x5a051a16, 0x0c062350, 0x7d1b0146, 0xb07d7db0, 0x10160f53, 0x0f0f1610, 0x16101016, 0x2b000100, 0xd5013900, 0x1400c001, 0x27250000, 0x3435032e, 
    0x17323336, 0x16323336, 0x06061415, 0x1f000107, 0x163b3035, 0x263a3243, 0x43323a26, 0x39453d34, 0x442e301c, 0x44311d37, 0x31442d2d, 0x3e3e5427, 
    0x2b000200, 0xd5013900, 0x1800c001, 0x00002d00, 0x35033e25, 0x22232634, 0x26230706, 0x06222326, 0x021e1415, 0x32131717, 0x0e141516, 0x27070702, 
    0x3435022e, 0x17323336, 0x30020136, 0x2b15362e, 0x082b1920, 0x192b0828, 0x36152b20, 0x6002302e, 0x3b164332, 0x1f1f3530, 0x43343d45, 0x26263a32, 
    0x3c2c2b74, 0x2a20162e, 0x1c16161c, 0x2e16202a, 0x022b2c3c, 0x31444e01, 0x2e44371d, 0x3e1b1c30, 0x3127543e, 0x002d2d44, 0x2b000300, 0xd5012b00, 
    0x0300d501, 0x15000700, 0x35010000, 0x35171523, 0x32131523, 0x14111516, 0x07212306, 0x33363411, 0x2a2a1501, 0x1911c02a, 0xd5fe1119, 0x01111955, 
    0x5655552b, 0x00012b2b, 0x00ff1119, 0x01551a11, 0x00191180, 0x55000200, 0xab012b00, 0x0700d501, 0x00002100, 0x32363436, 0x22061416, 0x35362717, 
    0x06222634, 0x32331614, 0x23061737, 0x35262221, 0x33363413, 0x26c01733, 0x34262634, 0x3f1252c5, 0x2c3f3f58, 0x0b5e1c1f, 0x1100ff0e, 0x1119011a, 
    0x34d180ab, 0x26342626, 0x1f1c524d, 0x583e3e2c, 0x085f123f, 0x56011119, 0x00801911, 0x55000200, 0xca013600, 0x1200ab01, 0x00002100, 0x27071725, 
    0x27222306, 0x07333507, 0x36323316, 0x27063337, 0x23070622, 0x32333636, 0x23153717, 0x63012637, 0x28681f67, 0x2c2c3e30, 0x2d1f3680, 0x2b083927, 
    0x3a278f04, 0x54082b08, 0x2c2c3d38, 0xbd1f3680, 0x1d671f68, 0x36802c2c, 0x2425301f, 0x362530a4, 0x802c2c4a, 0x0d001f36, 0x40004000, 0xc001c001, 
    0x07000300, 0x15001000, 0x1d001900, 0x26002200, 0x2f002b00, 0x38003400, 0x00003c00, 0x15333525, 0x15333503, 0x15211105, 0x35262221, 0x33350511, 
    0x35270614, 0x35071533, 0x22051533, 0x13333526, 0x33352315, 0x23151632, 0x35231507, 0x34231503, 0x23151736, 0x23153735, 0x2b400135, 0x00ff2b2b, 
    0x00ff0001, 0x55011912, 0x2b111a2b, 0x00ff2b2b, 0x552b1912, 0x1a11aa2a, 0x2b2a802b, 0x2b12192b, 0x2b952b2b, 0x2b00012b, 0x00ff2a2b, 0x01111a2b, 
    0x112bd600, 0x2b2bab1a, 0x562a2a55, 0x0001111a, 0x111a2b2b, 0x012b2bd5, 0x1a112b00, 0x562a2aab, 0x09002b2b, 0x40004000, 0xc001c001, 0x07000300, 
    0x1b000b00, 0x23001f00, 0x2c002800, 0x00003000, 0x15333537, 0x15333533, 0x15233537, 0x15163213, 0x23061415, 0x35262223, 0x33363435, 0x15333513, 
    0x15333501, 0x35262211, 0x33352733, 0x33352715, 0x2b2b9515, 0xd5d5802a, 0x111a1a11, 0x191912d5, 0xfe2b8012, 0x19122bd5, 0x2b2b2b2b, 0x2b2b402b, 
    0xd5802b2b, 0x1a0001d5, 0x1a11d511, 0x11d5111a, 0x2b80fe1a, 0x2b00012b, 0x1a00ff2b, 0x2b2b2a11, 0x002a2a56, 0x6b000200, 0x95015500, 0x0300c001, 
    0x00000a00, 0x21152137, 0x33270725, 0x6b153335, 0xd6fe2a01, 0x95952a01, 0x2b808055, 0x809595eb, 0x01000080, 0x40002b00, 0xd501d501, 0x00000900, 
    0x27370725, 0x17173737, 0x00011707, 0x99742384, 0x74993c3c, 0x96509023, 0x8d8d0d65, 0x0096650d, 0x2b000400, 0xd5012b00, 0x0700d501, 0x17000f00, 
    0x00001f00, 0x34363224, 0x14062226, 0x32161426, 0x22263436, 0x34363202, 0x14062226, 0x14163212, 0x34262206, 0x202c3f01, 0x551f2c20, 0x1f1f2c1f, 
    0x1f2c552c, 0x33202c1f, 0xb07d7db0, 0x2c1f8b7d, 0xc12c1f1f, 0x2c1f1f2c, 0x1f00ff20, 0x2c1f1f2c, 0xb07d2b01, 0x00b07d7d, 0x2b000300, 0xd5012b00, 
    0x1500d501, 0x21001900, 0x36010000, 0x22263435, 0x34331506, 0x14163236, 0x15060707, 0x37343315, 0x15233507, 0x14163202, 0x34262206, 0x32144101, 
    0x1a2a3246, 0x1a0d1a22, 0x19192a19, 0x7db0432a, 0x017db07d, 0x231c1410, 0x11233232, 0x0d221a1a, 0x0b211b1b, 0x2a911b21, 0x7d6a012a, 0xb07d7db0, 
    0x2b000300, 0xd5012b00, 0x0700d501, 0x1b000f00, 0x32360000, 0x22263436, 0x32121406, 0x22061416, 0x17053426, 0x27071707, 0x27372707, 0x8cba1737, 
    0x658c6565, 0x7d7db053, 0x0c017db0, 0x1e37371e, 0x371e3737, 0x55371e37, 0x65658c65, 0x7d1b018c, 0xb07d7db0, 0x37371e03, 0x1e37371e, 0x371e3737, 
    0x15000200, 0xd5014000, 0x0500c001, 0x00001c00, 0x17153301, 0x32262707, 0x22061416, 0x33163727, 0x26343632, 0x33150622, 0x33272707, 0x20000134, 
    0x3a5b104b, 0x9e71719e, 0x3d2c1e38, 0x7c58583e, 0x02564057, 0x55014053, 0x371a2d5a, 0x70a070d5, 0x572c1f38, 0x3e57577c, 0x50530356, 0x2b000100, 
    0xd5015500, 0x0a00c001, 0x23370000, 0x17372335, 0x35231523, 0x406ad523, 0x6a40d5d5, 0xc0ab5556, 0x0080abc0, 0x80000300, 0x80012b00, 0x0400d501, 
    0x13000900, 0x37010000, 0x17152335, 0x33150727, 0x07152103, 0x35211517, 0x00012737, 0x55aaaa55, 0x01d5aa55, 0xff555500, 0x01555500, 0x4b4b550b, 
    0x4b5555c0, 0x55808001, 0x55808055, 0x01000055, 0x2b008000, 0xd5018001, 0x00000900, 0x07152113, 0x35211517, 0x01802737, 0xff555500, 0x01555500, 
    0x555580d5, 0x55558080, 0x55000300, 0xab012b00, 0x0700eb01, 0x27000f00, 0x35010000, 0x06222634, 0x32161515, 0x22263436, 0x32371406, 0x14151516, 
    0x22212306, 0x34353526, 0x35333336, 0x16323634, 0x42011515, 0x31273627, 0x221a1a22, 0x1a11ab1a, 0x00ff111a, 0x111a1a11, 0x3f583f15, 0x1b2b5501, 
    0x2b1b2727, 0x1a221ac0, 0x19a6221a, 0x1911d611, 0x11d61119, 0x3f2c2b19, 0x002b2c3f, 0x2b000300, 0xd5012b00, 0x0300d501, 0x0f000700, 0x35010000, 
    0x35171523, 0x32021523, 0x22061416, 0x15013426, 0x432a2a2a, 0xb07d7db0, 0x2b40017d, 0x8080ab2b, 0xb07d4001, 0x00b07d7d, 0x2b000400, 0xd5012b00, 
    0x0300d501, 0x13000b00, 0x00001700, 0x15333513, 0x34363206, 0x14062226, 0x14163212, 0x34262206, 0x15333517, 0x8c5b2aeb, 0x658c6565, 0x7d7db053, 
    0x2ac07db0, 0x2b2b4001, 0x658c65eb, 0x1b018c65, 0x7d7db07d, 0x8080c3b0, 0x15000200, 0xeb014000, 0x0600c001, 0x00001e00, 0x35233537, 0x37173533, 
    0x11151632, 0x21230614, 0x35352622, 0x11211533, 0x35231521, 0xeb333634, 0x8055d6d6, 0x111a1a11, 0x1a1180fe, 0xfe80012b, 0x111a2b80, 0x402a40ab, 
    0x1219c055, 0x1911d5fe, 0x56561119, 0x55562c01, 0x02001a11, 0x34005500, 0xd001ab01, 0x0f000600, 0x11250000, 0x14150607, 0x14163716, 0x34262206, 
    0x00013737, 0xad4c265a, 0x648e6432, 0x015e7932, 0x35265a35, 0x32f94c34, 0x8d64648d, 0x01007932, 0x6b004000, 0x9501d501, 0x00000e00, 0x06071701, 
    0x26222323, 0x36343535, 0x01323333, 0x0d5d5d78, 0x1a11ea16, 0x16ea111a, 0x83838301, 0xd6111912, 0x02001911, 0x6b004000, 0x9501d501, 0x13000400, 
    0x37250000, 0x25152327, 0x23060717, 0x35262223, 0x33363435, 0x55013233, 0x01ea4c4c, 0x0d5d5d0d, 0x1a11ea16, 0x16ea111a, 0xd66b6b95, 0x128383ee, 
    0x11d61119, 0x0a000019, 0x2b002b00, 0xd501d501, 0x0c000700, 0x19001400, 0x23001e00, 0x30002b00, 0x3d003500, 0x33250000, 0x23273436, 0x36071416, 
    0x27062337, 0x23273436, 0x17171406, 0x16233736, 0x06373627, 0x17161507, 0x33272726, 0x23373426, 0x06371406, 0x17263307, 0x17162726, 0x14163226, 
    0x34262206, 0x06485d01, 0x29034806, 0x0a3f203d, 0x64030319, 0x1c320303, 0x390d520d, 0x203d140a, 0x0a143d20, 0x03034850, 0x1cab0648, 0x780d520d, 
    0x0a143d20, 0x7d7db0ad, 0x1cd57db0, 0x2c151c1e, 0x2838148b, 0x152c1552, 0x7f152c15, 0xd62c2c29, 0x38142428, 0x241438aa, 0x2c152a28, 0xb91e1c15, 
    0x2c2c2c29, 0x28241438, 0x7db07d80, 0x0200b07d, 0x40004000, 0xc001c001, 0x1b000800, 0x33010000, 0x07352315, 0x13233727, 0x14153335, 0x22212306, 
    0x34113526, 0x15333336, 0x2b011123, 0x1ed12b95, 0x2b6a4cd1, 0xd6fe111a, 0x12191912, 0xc0019595, 0x1ed14c95, 0x95d6fed1, 0x1a1a1195, 0x112a0111, 
    0xd6fe2b1a, 0x40000600, 0xc0019500, 0x03006b01, 0x0b000700, 0x13000f00, 0x00001700, 0x21152113, 0x15213515, 0x15213525, 0x15333525, 0x15333507, 
    0x15333527, 0xfe2b0195, 0xfe2b01d5, 0xfe2b01d5, 0x2b2b2b80, 0x6b012b2b, 0x2b2bab2b, 0x552a2a56, 0x2bab2b2b, 0x2a2a562b, 0x55000300, 0xab012b00, 
    0x0700eb01, 0x27000f00, 0x35010000, 0x06222634, 0x32161515, 0x22263436, 0x32371406, 0x14151516, 0x22212306, 0x34353526, 0x35333336, 0x16323634, 
    0x42011515, 0x31273627, 0x221a1a22, 0x1a11ab1a, 0x00ff111a, 0x111a1a11, 0x3f583f15, 0x1b2b5501, 0x2b1b2727, 0x1a221ac0, 0x19a6221a, 0x1911d611, 
    0x11d61119, 0x3f2c2b19, 0x002b2c3f, 0x55000300, 0xab012b00, 0x0300eb01, 0x29002100, 0x35250000, 0x32011521, 0x14151516, 0x22212306, 0x34353526, 
    0x35333336, 0x06222634, 0x36342315, 0x15151632, 0x34262206, 0x14163236, 0x00ff8001, 0x1a110001, 0x00ff111a, 0x111a1a11, 0x273627c2, 0x3f583f29, 
    0x1a1a225a, 0xd6551a22, 0x190001d6, 0x1911d611, 0x11d61119, 0x271b2b19, 0x3f2c1b27, 0xc02b2c3f, 0x1a1a221a, 0x04000022, 0x2b005500, 0xeb01ab01, 
    0x0b000300, 0x2b002300, 0x35250000, 0x15131521, 0x26343533, 0x32170622, 0x14151516, 0x22212306, 0x34353526, 0x35333336, 0x16323634, 0x22061515, 
    0x32363426, 0x80011416, 0x843e00ff, 0xc2273627, 0x111a1a11, 0x1a1100ff, 0x3f15111a, 0x225a3f58, 0x1a221a1a, 0x01d6d655, 0x1b2b2b2b, 0x19462727, 
    0x1911d611, 0x11d61119, 0x3f2c2b19, 0xc02b2c3f, 0x1a1a221a, 0x03000022, 0x2b002b00, 0xd501d501, 0x18001000, 0x00002a00, 0x26343625, 0x07072223, 
    0x22232627, 0x17141506, 0x36320217, 0x06222634, 0x14160514, 0x22060707, 0x35262727, 0x33363435, 0x01173233, 0x161f1070, 0x0f100f17, 0x1f16170f, 
    0x1aad5b0f, 0x131a1313, 0x0c0c7401, 0x0c240c96, 0x11190cc0, 0xba0c1296, 0x0f1f2c10, 0x1f0f1010, 0x5b0f1716, 0x1a130c01, 0x751a1313, 0x960c240c, 
    0x0cc00c0c, 0x19119612, 0x0100000c, 0x2b002b00, 0x0002d501, 0x00001700, 0x15163201, 0x23061411, 0x35262221, 0x33363411, 0x15333533, 0x35331523, 
    0x1911ab01, 0xaafe1119, 0x11191911, 0x2a80ab2b, 0x111a8001, 0x191100ff, 0x00011119, 0x55801a11, 0x030080ab, 0x2b005500, 0xd501ab01, 0x0e000200, 
    0x00001c00, 0x13273301, 0x23352335, 0x33152315, 0x13353315, 0x06141117, 0x26222123, 0x36341335, 0x76150133, 0x2a404076, 0x162a4040, 0xff111a80, 
    0x011a1100, 0x40011119, 0x2af6fe75, 0x402a4040, 0x802a0140, 0x191100ff, 0x56011119, 0x02001911, 0x55004000, 0xab01c001, 0x1e000600, 0x17010000, 
    0x35231523, 0x16323723, 0x06141115, 0x33352323, 0x33152135, 0x26222315, 0x36341135, 0x55000133, 0xea402a40, 0x111a1912, 0xd6fe5555, 0x19125555, 
    0x2b011219, 0xd6808056, 0x00ff111a, 0xd52b1a11, 0x111a2bd5, 0x1a110001, 0x40000200, 0xc0014000, 0x0800c001, 0x00001b00, 0x23153301, 0x37270735, 
    0x33351323, 0x23061415, 0x35262221, 0x33363411, 0x11231533, 0x2b952b01, 0x4cd11ed1, 0x111a2b6a, 0x1912d6fe, 0x95951219, 0x4c95c001, 0xfed11ed1, 
    0x119595d6, 0x01111a1a, 0x2b1a112a, 0x0400d6fe, 0x15001500, 0xeb01eb01, 0x0d000600, 0x1b001400, 0x15250000, 0x33270733, 0x35072535, 0x35333523, 
    0x15231507, 0x37153727, 0x17372335, 0x2b011523, 0x406b6b40, 0x406b1601, 0x6b40c040, 0x6b40556b, 0x40c0406b, 0x40406b6b, 0x4056406b, 0x6b405640, 
    0x4015406b, 0x00406b6b, 0x2b000300, 0xd5015500, 0x0d00ab01, 0x25001d00, 0x37250000, 0x34353627, 0x14062226, 0x37323316, 0x15163237, 0x23061411, 
    0x35262221, 0x33363411, 0x14163216, 0x34262206, 0x3e1e6601, 0x3850380f, 0x191a2838, 0x19191183, 0x11aafe11, 0x8a111919, 0x2c20202c, 0x3e1e7c1f, 
    0x38281a19, 0x0f385038, 0xff111af1, 0x1a1a1100, 0x11000111, 0x2c1f6b1a, 0x002c2020, 0x2b000300, 0xd5015500, 0x0300ab01, 0x17000700, 0x35010000, 
    0x35051521, 0x32011521, 0x14111516, 0x22212306, 0x34113526, 0xab013336, 0x5601aafe, 0x5601aafe, 0x12181812, 0x1812aafe, 0x55011218, 0x80d52b2b, 
    0x192b0180, 0x1200ff12, 0x01121919, 0x00191200, 0x2b000200, 0xd5014000, 0x0b00c001, 0x00002f00, 0x26343525, 0x15150622, 0x36321614, 0x15163237, 
    0x23061411, 0x36363523, 0x06142335, 0x23352622, 0x15171614, 0x35262223, 0x33363411, 0x17333733, 0x221a2b01, 0x1a221a1a, 0x19191180, 0x3e2d9611, 
    0x3246322b, 0x962d3e2b, 0x11191911, 0x27802744, 0x1a1155eb, 0x1155111a, 0x19bb1a1a, 0x1100ff11, 0x47082d1a, 0x3333232f, 0x08472f23, 0x01111a2d, 
    0x2b191100, 0x0300002b, 0x40004000, 0xeb01c001, 0x0f000700, 0x00002700, 0x26343525, 0x15150622, 0x14062212, 0x34363216, 0x15163237, 0x23061411, 
    0x35262221, 0x33363411, 0x15333533, 0x15333533, 0x50588001, 0x26349a58, 0x55263426, 0x111a1a11, 0x1912d6fe, 0x2b151219, 0x15802baa, 0x1d25251d, 
    0x26000115, 0x34262634, 0xfe111a66, 0x1a1a11d6, 0x112a0111, 0x2b2b2b1a, 0x0300002b, 0x00000000, 0x0002fe01, 0x43000700, 0x00004d00, 0x34363224, 
    0x14062226, 0x07161737, 0x27270607, 0x14070706, 0x35222323, 0x07272627, 0x26272706, 0x26343737, 0x27353634, 0x36373726, 0x37361717, 0x33333437, 
    0x16171532, 0x17363717, 0x07071617, 0x06141516, 0x15062227, 0x01231714, 0x88012607, 0x1a13131a, 0x03176f13, 0x04031502, 0x040f031a, 0x04062a06, 
    0x051a0a08, 0x03021502, 0x17010117, 0x02150203, 0x060c1a05, 0x062a0604, 0x1a0e0404, 0x02150205, 0x01011703, 0x025e424f, 0x01ab01f7, 0x1a134b0e, 
    0x021a1313, 0x25040311, 0x030b0205, 0x04041d07, 0x0b06041d, 0x04250502, 0x08011103, 0x12010704, 0x04250403, 0x03080b02, 0x1c04041c, 0x020b0902, 
    0x03042504, 0x02070312, 0x425eaa08, 0xab010e08, 0x040002f7, 0x15006b00, 0xeb019501, 0x13000300, 0x1b001700, 0x11250000, 0x32131123, 0x14111516, 
    0x22232306, 0x34113526, 0x15173336, 0x15373523, 0x6b013523, 0x1911d6d6, 0x11d61119, 0x80111919, 0x6b2a2a2a, 0xd6fe2a01, 0x11197f01, 0x1a1180fe, 
    0x8001111a, 0x80d61a11, 0x2b2b5680, 0x55000400, 0xab015500, 0x0900ab01, 0x19001100, 0x00002100, 0x16163236, 0x35211515, 0x32363634, 0x22061416, 
    0x22163426, 0x21151506, 0x22263435, 0x32161406, 0x40e03436, 0xaafe3f4c, 0x3246493f, 0x81324632, 0x04015658, 0x1a1a266f, 0x12eb1a26, 0x40401a2a, 
    0x33d22a1a, 0x46323246, 0x170c21b6, 0x1ae10c17, 0x26191926, 0x00000300, 0x00022b00, 0x0400d501, 0x1f001600, 0x21370000, 0x37270727, 0x15151632, 
    0x21230614, 0x13352622, 0x33333634, 0x21110517, 0x26222115, 0x01951135, 0x4b354b2b, 0x1a1a11e0, 0x11abfe11, 0x1119011a, 0x00ff2b80, 0x80fe8001, 
    0x60c01a11, 0x1a6b6040, 0x1a11d511, 0x0001111a, 0x2b2a1911, 0x192ad5fe, 0x002b0111, 0x40000200, 0xc0014000, 0x0400c001, 0x00002100, 0x23153301, 
    0x16321707, 0x06141515, 0x35262223, 0x33333634, 0x14151632, 0x07071617, 0x36371716, 0x00011617, 0xab4080c0, 0x090c0c09, 0x090cd596, 0x0c0c094b, 
    0x302f0904, 0x0d092f5d, 0x95c00124, 0x090c3640, 0xd50c094b, 0x0c0c0996, 0x0d242809, 0x305d2f09, 0x0c04092f, 0x00000300, 0x00022b00, 0x0300c001, 
    0x0d000700, 0x33130000, 0x35172335, 0x32131523, 0x36010117, 0x2a2a2aeb, 0x7888152a, 0x00ff00ff, 0x2b550176, 0x018080d5, 0xc6fe5b15, 0x005a3b01, 
    0x15000300, 0xeb014000, 0x0300c001, 0x17001300, 0x11250000, 0x32011121, 0x14111516, 0x22212306, 0x34113526, 0x15053336, 0xc0013523, 0x800180fe, 
    0x111a1a11, 0x1a1180fe, 0x5501111a, 0x2c016aaa, 0x5601d4fe, 0xd6fe111a, 0x111a1a11, 0x1a112a01, 0x00808055, 0x0b000100, 0xf5015500, 0x0d00ab01, 
    0x17010000, 0x27372307, 0x37272303, 0x13170733, 0x60609501, 0xa8386055, 0x55606055, 0x01a83860, 0xabababab, 0xabf2fe63, 0x0163abab, 0x0200000e, 
    0x40004000, 0xc001c001, 0x17001300, 0x16010000, 0x22061415, 0x37343526, 0x14150617, 0x35363216, 0x15272734, 0x7c013523, 0x70a07044, 0x57371e44, 
    0x4937577c, 0x3a92012a, 0x70705058, 0x1e3a5850, 0x573e472d, 0x2c473e57, 0x00d5d54d, 0x2b000400, 0xd5014000, 0x0300c001, 0x0f000b00, 0x00001d00, 
    0x35211501, 0x34363204, 0x14062226, 0x15233507, 0x15163237, 0x21152315, 0x34352335, 0x80013336, 0x0c0100ff, 0x120d0d12, 0xeaaa2b0c, 0xff55261a, 
    0x1a265500, 0x5555c001, 0x0d120cc0, 0x6aa1120d, 0x1a26ea6a, 0x80555580, 0x0300261a, 0x2b002b00, 0xd501d501, 0x0d000500, 0x00001500, 0x07171501, 
    0x32023527, 0x22263436, 0x32121406, 0x22061416, 0x0b013426, 0x31701060, 0x8c65658c, 0x7db05365, 0x017db07d, 0x1b39706b, 0xeafe8044, 0x65658c65, 
    0x7d1b018c, 0xb07d7db0, 0x2b000200, 0xd5012b00, 0x0d00d501, 0x00001a00, 0x23061401, 0x34110723, 0x32213336, 0x32171516, 0x27111516, 0x35262223, 
    0x01352135, 0xd5090d6b, 0x01090c55, 0x550d0915, 0xeb550c09, 0x15010c09, 0x0c090001, 0x092b0156, 0x40090c0c, 0xc0fe090c, 0x2b090c55, 0x040000c0, 
    0x2b004000, 0xd501c001, 0x1d001900, 0x25002100, 0x11370000, 0x37173717, 0x37173717, 0x37173717, 0x27072711, 0x27072707, 0x27072707, 0x15213525, 
    0x15213505, 0x15213505, 0x20202040, 0x20202020, 0x20202020, 0x20202020, 0x20202020, 0x20202020, 0x00ff2001, 0x00ff0001, 0x00ff0001, 0x20aa012b, 
    0x20202020, 0x20202020, 0xfe202020, 0x20202056, 0x20202020, 0x20202020, 0x552b2bf5, 0x2b562a2a, 0x0500002b, 0x40002b00, 0xd501d501, 0x10000c00, 
    0x20001800, 0x00004100, 0x17233525, 0x06272607, 0x23372707, 0x21350515, 0x06221215, 0x36321614, 0x06223634, 0x36321614, 0x16321734, 0x06141515, 
    0x26222123, 0x36343535, 0x35263333, 0x32333634, 0x36371717, 0x15163233, 0xab010714, 0x40232d6d, 0x23400808, 0x56016d2d, 0x1274aafe, 0x0c120c0c, 
    0x0c0c1274, 0x12560c12, 0xfe121818, 0x181812aa, 0x26042f12, 0x0b14211a, 0x1a21140b, 0x80d50426, 0x0b57193c, 0x3c19570b, 0x2a2a6a80, 0x120d4001, 
    0x0d120c0c, 0x0c0c120d, 0x12191e12, 0x191912ea, 0x1912ea12, 0x261a070e, 0x1c0f0f1c, 0x0e071a26, 0x15000300, 0xeb014000, 0x0300d501, 0x0a000700, 
    0x35250000, 0x35171523, 0x13071523, 0x2a150113, 0xebd62a2a, 0x5656d5eb, 0x402b2b55, 0x6bfe9501, 0x15000200, 0xd5014000, 0x0500c001, 0x00001c00, 
    0x17153301, 0x32262707, 0x22061416, 0x33163727, 0x26343632, 0x33150622, 0x33272707, 0x20000134, 0x3a5b104b, 0x9e71719e, 0x3d2c1e38, 0x7c58583e, 
    0x02564057, 0x55014053, 0x371a2d5a, 0x70a070d5, 0x572c1f38, 0x3e57577c, 0x50530356, 0x6b000200, 0x95012b00, 0x0700d501, 0x00001800, 0x34363212, 
    0x14062226, 0x15163226, 0x07020e14, 0x35042e07, 0x1f2cea34, 0x091f2c1f, 0x2c1f577c, 0x06100f2b, 0x20273414, 0x2c1f0b01, 0xab2c1f1f, 0x501f3e57, 
    0x11123d46, 0x41451707, 0x003e1f52, 0x2b000300, 0xd5012b00, 0x0500d501, 0x15000d00, 0x15010000, 0x35270717, 0x34363202, 0x14062226, 0x14163212, 
    0x34262206, 0x10600b01, 0x658c3170, 0x53658c65, 0xb07d7db0, 0x706b017d, 0x80441b39, 0x8c65eafe, 0x018c6565, 0x7db07d1b, 0x0200b07d, 0x4b004000, 
    0xc001b501, 0x19000700, 0x32360000, 0x22263436, 0x17171406, 0x27352707, 0x26222306, 0x16323634, 0x17071415, 0x383850a3, 0x6ae03850, 0x26066a20, 
    0x51513a34, 0x06215074, 0x385038d5, 0x6a385038, 0x06116a20, 0x51745021, 0x26343a51, 0x02000006, 0x2b002d00, 0xd501d301, 0x3f000700, 0x32360000, 
    0x22263436, 0x17371406, 0x06070716, 0x07062727, 0x23230607, 0x26272722, 0x27060727, 0x37372627, 0x27373426, 0x36373726, 0x37361717, 0x33333637, 
    0x16171732, 0x17363717, 0x07071617, 0x3ee11416, 0x2c3e2c2c, 0x05072dea, 0x3509042b, 0x02080f15, 0x02085608, 0x35111308, 0x052b0409, 0x01012d07, 
    0x2b05072d, 0x15350904, 0x0802080f, 0x08020856, 0x09351113, 0x07052b04, 0x2cb5012d, 0x3e2c2c3e, 0x0905230a, 0x1503074a, 0x0938060f, 0x0d083809, 
    0x4a070315, 0x07230509, 0x0523071c, 0x03074a09, 0x38060f15, 0x08380909, 0x0703150d, 0x2305094a, 0x03001c07, 0x40004000, 0xc001c001, 0x47003700, 
    0x00004f00, 0x37273424, 0x26272736, 0x27260707, 0x23232627, 0x06070722, 0x07262707, 0x17170607, 0x07171406, 0x16171706, 0x17163737, 0x33331617, 
    0x36373732, 0x37161737, 0x27273637, 0x15163237, 0x23061411, 0x35262221, 0x33363411, 0x14163216, 0x34262206, 0x20017001, 0x031e0405, 0x0c0d2506, 
    0x3c050206, 0x10060106, 0x04052509, 0x2005041e, 0x05200101, 0x06031e04, 0x060c0d25, 0x063c0502, 0x09100601, 0x1e040525, 0x26200504, 0x12191912, 
    0x1912d6fe, 0x22841219, 0x1a221a1a, 0x180514f6, 0x05340604, 0x050a0f02, 0x28060627, 0x020f0707, 0x04063306, 0x05140518, 0x34060418, 0x0a0f0205, 
    0x06062705, 0x0f070728, 0x06330602, 0x1acf1804, 0x11d6fe11, 0x01111a1a, 0x951a112a, 0x1a1a221a, 0x02000022, 0x40000000, 0xc001c001, 0x1e001600, 
    0x32120000, 0x23061416, 0x16372722, 0x34363233, 0x15062226, 0x33270733, 0x06141634, 0x36342622, 0x70a0b032, 0x33425070, 0x3e2f281e, 0x577c5757, 
    0x40555640, 0x1a221aeb, 0xc001221a, 0x2870a070, 0x7c571b1e, 0x553e5757, 0x223f5055, 0x1a221a1a, 0x6b000600, 0x7a010000, 0x02000002, 0x13000500, 
    0x1b001700, 0x00001f00, 0x11152725, 0x07333715, 0x35230717, 0x27372707, 0x33351737, 0x15333513, 0x15333523, 0x15333533, 0x28283d01, 0x7a5c5c3d, 
    0x771e6215, 0x15621e77, 0x2bd62b40, 0x28cf2a2b, 0x50070150, 0x7a5c5b28, 0x781e62a2, 0xa2621e77, 0x2b2b00fe, 0x2b2b2b2b, 0x80000500, 0x80010000, 
    0x03000002, 0x17001300, 0x1f001b00, 0x11250000, 0x32131123, 0x14111516, 0x22232306, 0x34113526, 0x35133336, 0x35231533, 0x35231533, 0x55011533, 
    0x1a11aaaa, 0x11aa111a, 0x95111a1a, 0x802a802b, 0x0001ab2b, 0x550100ff, 0xabfe111a, 0x111a1a11, 0x1a115501, 0x2b2b00fe, 0x2b2b2b2b, 0x15000400, 
    0xeb014000, 0x0500c001, 0x19001500, 0x00002900, 0x36321501, 0x35072634, 0x33353727, 0x15331737, 0x23150717, 0x11172707, 0x32011121, 0x14111516, 
    0x22212306, 0x34113526, 0x00013336, 0x6f26261a, 0x20352020, 0x20203520, 0xe0202035, 0x800180fe, 0x111a1a11, 0x1a1180fe, 0x4001111a, 0x26342680, 
    0x20203595, 0x35202035, 0x20352020, 0x2c014120, 0x5601d4fe, 0xd6fe111a, 0x111a1a11, 0x1a112a01, 0x11000500, 0xef017500, 0x05008b01, 0x0d000900, 
    0x17001100, 0x17010000, 0x27372707, 0x15333507, 0x35231537, 0x15333507, 0x07170727, 0x7b013727, 0x5d217474, 0x562a6f5d, 0x1a2bab2b, 0x74215d5d, 
    0x8b8b0174, 0x70701b8b, 0x2a2a2a85, 0x2a2a2a2a, 0x7070852a, 0x008b8b1b, 0x15000300, 0xeb012200, 0x0b00eb01, 0x28001c00, 0x32120000, 0x34231516, 
    0x15062226, 0x15053423, 0x07270717, 0x26353727, 0x32363435, 0x26141516, 0x23151632, 0x06222634, 0x9f342315, 0x702b8ac2, 0x012b70a0, 0x401e4900, 
    0x20491e40, 0x731f2c1f, 0x3f2a577c, 0x012a3f58, 0x50618aeb, 0x61507070, 0x1e494692, 0x491e4040, 0x16240d46, 0x24161f1f, 0x2c3e57b9, 0x3e2c3f3f, 
    0x15000600, 0xeb011500, 0x0a00eb01, 0x22001600, 0x39002d00, 0x00004500, 0x15333525, 0x15070614, 0x03263523, 0x23153315, 0x34353335, 0x17163236, 
    0x35231533, 0x36343533, 0x01151632, 0x14153335, 0x35231507, 0x35372626, 0x06141533, 0x35231507, 0x15032626, 0x35231533, 0x36343533, 0x6b011632, 
    0x2b131880, 0x802b562a, 0x0c120c2b, 0x2a802bab, 0xfe0c120d, 0x2b2a8055, 0x80ab1813, 0x132a1318, 0x802a5518, 0x0d120c2b, 0x152a2aab, 0x5a5a0720, 
    0x5557010f, 0x09558080, 0x805e0d0d, 0x0d095580, 0xd6fe090d, 0x0f2d2a2a, 0x20075a5a, 0x152a2a15, 0x5a5a0720, 0x3f012007, 0x55808055, 0x000d0d09, 
    0x15000600, 0xeb011500, 0x0a00eb01, 0x22001600, 0x39002d00, 0x00004500, 0x15333525, 0x15070614, 0x03263523, 0x23153315, 0x34353335, 0x17163236, 
    0x35231533, 0x36343533, 0x01151632, 0x14153335, 0x35231507, 0x35372626, 0x06141533, 0x35231507, 0x15032626, 0x35231533, 0x36343533, 0x6b011632, 
    0x2b131880, 0x802b562a, 0x0c120c2b, 0x2a802bab, 0xfe0c120d, 0x2b2a8055, 0x80ab1813, 0x132a1318, 0x802a5518, 0x0d120c2b, 0x152a2aab, 0x5a5a0720, 
    0x5557010f, 0x09558080, 0x805e0d0d, 0x0d095580, 0xd6fe090d, 0x0f2d2a2a, 0x20075a5a, 0x152a2a15, 0x5a5a0720, 0x3f012007, 0x55808055, 0x000d0d09, 
    0x6b000200, 0x95012b00, 0x0b00d501, 0x00001d00, 0x35331513, 0x35331533, 0x35331533, 0x07153317, 0x27352315, 0x34353335, 0x32333336, 0x2aab1516, 
    0x2a162a16, 0xaa40152b, 0x111a1540, 0x011a11aa, 0x2a2a40ab, 0x40402a2a, 0x40408080, 0x11408080, 0x00111919, 0x15000700, 0xeb011500, 0x0700eb01, 
    0x17000f00, 0x27001f00, 0x3b003300, 0x32240000, 0x22061416, 0x32363426, 0x22061416, 0x32063426, 0x22263436, 0x32121406, 0x22061416, 0x32163426, 
    0x22061416, 0x14363426, 0x22232306, 0x33363426, 0x14063233, 0x34262206, 0x3e013236, 0x1a13131a, 0x131a3d13, 0xa5131a13, 0xa07070a0, 0x8ac25f70, 
    0x938ac28a, 0x1a13131a, 0x0e12ab13, 0x12120e40, 0x830e400e, 0x13131a13, 0x1c12c01a, 0x7d1c1212, 0x13131a13, 0xa070d81a, 0x01a07070, 0x8ac28a3b, 
    0x12a1c28a, 0x1c12121c, 0x13131ad4, 0x1a7d131a, 0x131a1313, 0x15000600, 0xeb014000, 0x0300c001, 0x16001300, 0x1c001900, 0x00001f00, 0x11211125, 
    0x15163201, 0x23061411, 0x35262221, 0x33363411, 0x27270713, 0x17252715, 0x23172707, 0x80fec001, 0x1a118001, 0x80fe111a, 0x111a1a11, 0x552b2beb, 
    0x35350135, 0x562b8035, 0xfe2c016a, 0x1a5601d4, 0x11d6fe11, 0x01111a1a, 0xfe1a112a, 0x803636eb, 0x2b2b2b56, 0x0036b62b, 0x40000400, 0xc0014000, 
    0x0300c001, 0x24002000, 0x00002800, 0x23153301, 0x15163217, 0x23061415, 0x34352622, 0x32333336, 0x17141516, 0x16070716, 0x17363717, 0x23152716, 
    0x23152335, 0x2b950135, 0x0c09162b, 0xd596090c, 0x094b090c, 0x09040c0c, 0x2f5d302f, 0x18240d09, 0x012a2b2b, 0x0c602b40, 0x0c094b09, 0x0c0996d5, 
    0x2428090c, 0x5d2f090d, 0x04092f30, 0x2b2b8b0c, 0x05002b2b, 0x00005500, 0xd501ab01, 0x17000300, 0x1f001b00, 0x00002300, 0x15333521, 0x14151603, 
    0x35262206, 0x06173734, 0x32161415, 0x27343536, 0x35231527, 0x15333511, 0x15333523, 0x0a2b4001, 0x648e644a, 0x4b3d1e4a, 0x2d3e4b6a, 0x2b802a2a, 
    0xa1012b2b, 0x64465834, 0x34584664, 0x3548261e, 0x48354b4b, 0xd5d55325, 0x2b2b2bfe, 0x04002b2b, 0x15005a00, 0x0002a601, 0x10000800, 0x28001800, 
    0x32010000, 0x22260717, 0x07362707, 0x07173236, 0x16072226, 0x26343632, 0x37140622, 0x11151632, 0x23230614, 0x11352622, 0x01333634, 0x1e436300, 
    0x1e38a038, 0x7c2c0945, 0x5a1f1e2c, 0x1a223b1f, 0x6b1a221a, 0x090c0c09, 0x0c0c0980, 0x45000209, 0x1e38381e, 0x2c2c8145, 0xa11f1f1e, 0x1919221a, 
    0x090c6622, 0x0d0900ff, 0x0001090d, 0x05000c09, 0x00006b00, 0xeb019501, 0x13000f00, 0x23001700, 0x00002700, 0x07061401, 0x26352315, 0x14333526, 
    0x35363216, 0x15333503, 0x15333523, 0x35262236, 0x32363435, 0x14151516, 0x15333503, 0x354b9501, 0x244b352a, 0x31435c43, 0x052a802b, 0x34262634, 
    0x012bab26, 0x0852362b, 0x52084646, 0x3e3e2f36, 0x2bd5fe2f, 0xeb2b2b2b, 0x1a801a26, 0x801a2626, 0x2beffe1a, 0x0300002b, 0x40002b00, 0xd501d501, 
    0x06000200, 0x00001a00, 0x37273737, 0x17353315, 0x06141133, 0x26222123, 0x35331135, 0x33333634, 0xc0151632, 0x5615a0a0, 0x1218802a, 0x1812aafe, 
    0x56121880, 0x6b801812, 0x2b2b6b55, 0x12ebfe2b, 0x01121919, 0x18122b15, 0x04001218, 0x2b001500, 0xeb01eb01, 0x06000200, 0x25001a00, 0x37250000, 
    0x33153527, 0x15331735, 0x21230614, 0x35352622, 0x36343533, 0x16323333, 0x21150515, 0x21230614, 0x35352622, 0x75750001, 0x196b2b55, 0x12d5fe12, 
    0x12196a18, 0xfe191255, 0x185501c0, 0x12d5fe12, 0x4055c019, 0x2b2b2b6b, 0x191912ea, 0x122bea12, 0x80121919, 0x181812eb, 0x0300eb12, 0x40001500, 
    0xd501eb01, 0x0a000700, 0x00002200, 0x34363236, 0x14062226, 0x17273327, 0x15163233, 0x06070606, 0x27222123, 0x34352627, 0x37333336, 0xef173236, 
    0x221a1a22, 0x4080151a, 0x0d09666f, 0x0905280a, 0x20eafe20, 0x0d013609, 0x065d6609, 0x1a950618, 0x221a1a22, 0x0c5e5e91, 0x13912809, 0x02c61f1f, 
    0x8c0c0904, 0x03000909, 0x2b001500, 0xd501c001, 0x23000700, 0x00002b00, 0x14163224, 0x34262206, 0x21173301, 0x14151632, 0x23060707, 0x14070723, 
    0x21153333, 0x34352622, 0x23273737, 0x14163212, 0x34262206, 0x19225a01, 0xfe1a2219, 0x011446d5, 0x030c093c, 0x9f190c4c, 0xf7050113, 0x191100ff, 
    0x2b4d1d05, 0x1a1a226f, 0x1a801922, 0x22191922, 0x0d2a6f01, 0x8a050509, 0x05032316, 0x0a111a2b, 0xfea2350a, 0x19221ad5, 0x07002219, 0x2b002b00, 
    0xd501d501, 0x07000300, 0x0f000b00, 0x17001300, 0x00002500, 0x15233501, 0x15233517, 0x15233517, 0x15233527, 0x15233517, 0x15233517, 0x15163201, 
    0x23061411, 0x34110721, 0x80013336, 0x6bababab, 0x2b2b2a6b, 0x012b2b2b, 0x1919112b, 0x55d5fe11, 0x55011119, 0x2b402b2b, 0x2b2b402b, 0x402b2b80, 
    0x2b402b2b, 0x1900012b, 0x1100ff11, 0x8001551a, 0x03001911, 0x20003400, 0xc001eb01, 0x08000500, 0x00001000, 0x27071701, 0x33271737, 0x23271727, 
    0x33132307, 0x1ecd0113, 0x4e1e6ccb, 0x552c5897, 0x2d187819, 0x016d286d, 0x6dcb1e09, 0x76b94f1e, 0x014040e0, 0x00ebfe15, 0x2b000200, 0xd5012b00, 
    0x0900d501, 0x00001100, 0x27372725, 0x17070727, 0x32023707, 0x22061416, 0x5a013426, 0x29695018, 0x18506929, 0x7db0585a, 0x807db07d, 0x60094567, 
    0x67450861, 0x7d1f0136, 0xb07d7db0, 0x40000300, 0xc0015500, 0x0300ab01, 0x15001100, 0x35250000, 0x23251523, 0x23352315, 0x23352315, 0x17213735, 
    0x35211527, 0x01800001, 0x552b1540, 0x011515d6, 0xfe151556, 0x555580aa, 0x80808055, 0x6b6b2b80, 0x002b2bab, 0x55000400, 0xab016b00, 0x03009501, 
    0x0b000700, 0x00000f00, 0x21152113, 0x15213515, 0x35211535, 0x35231517, 0xfe560155, 0xfe5601aa, 0x01d6d6aa, 0x2bab2a95, 0x2b2b802b, 0x002a2aab, 
    0x2b000400, 0xd5016b00, 0x0a009501, 0x1a001200, 0x00002200, 0x06173237, 0x35231515, 0x16363634, 0x15151632, 0x26343523, 0x36342622, 0x16141632, 
    0x36342622, 0xc0141632, 0x95331d16, 0x4a974237, 0x3411ea50, 0x26342626, 0x1f1f2c76, 0x06eb1f2c, 0x35302e1c, 0x16102417, 0x30301a20, 0x3426601a, 
    0x3b342626, 0x20202c1f, 0x0200002c, 0x6b004000, 0x9501c001, 0x0d000600, 0x07010000, 0x33352335, 0x33150735, 0x27152315, 0x9655c001, 0x9696d696, 
    0x55400155, 0x80402a40, 0x55402a40, 0x6b000200, 0x95014000, 0x0600c001, 0x00000d00, 0x15231713, 0x17233523, 0x33270733, 0x55c03335, 0xea402a40, 
    0x40555540, 0x55c0012a, 0x55d69696, 0x03009655, 0x2b002b00, 0xd501d501, 0x0d000600, 0x00001500, 0x23352325, 0x27172315, 0x35331533, 0x32262733, 
    0x22061416, 0x75013426, 0x4b352b35, 0x352b35a0, 0x7db02d4b, 0xc07db07d, 0xcb4b5555, 0x4a4b5555, 0x7d7db07d, 0x020000b0, 0x35001500, 0xb501eb01, 
    0x1e001700, 0x32010000, 0x14111516, 0x22212306, 0x34113526, 0x15333336, 0x11211123, 0x27033523, 0x15333533, 0x11c00133, 0xfe111a1a, 0x1a1a1180, 
    0x01808011, 0x55408080, 0x01402a40, 0xfe1119b5, 0x1a1a11d5, 0x112b0111, 0xd5fe2a19, 0xfe2a2b01, 0xc0c055eb, 0x15000200, 0xeb014000, 0x0500c001, 
    0x00001500, 0x35233525, 0x32011123, 0x14111516, 0x22212306, 0x34113526, 0xc0013336, 0x8001d5ab, 0x111a1a11, 0x1a1180fe, 0xd56b111a, 0x01d6fe55, 
    0xfe111a55, 0x1a1a11d6, 0x112a0111, 0x0f00001a, 0x40001500, 0xc001eb01, 0x07000300, 0x10000b00, 0x18001400, 0x20001c00, 0x2c002700, 0x34003000, 
    0x3d003900, 0x00004100, 0x15333525, 0x15333523, 0x15333537, 0x14333507, 0x33350106, 0x33350315, 0x33351315, 0x33351315, 0x16320315, 0x35231515, 
    0x35262203, 0x33352733, 0x33351715, 0x36340315, 0x35071533, 0x35271533, 0x6b011533, 0x802b802a, 0x1a2b2b2b, 0x2a2a9afe, 0xd52b2b2a, 0x1a112b2b, 
    0x1a11d5d6, 0x802b2b2b, 0x111ad62b, 0x2b2b2b2b, 0x2b2b2b40, 0x2a2aab2b, 0x1a112bab, 0x2b2b5501, 0x2b2babfe, 0x2b2b5501, 0x2b2b00ff, 0x111a2b01, 
    0x80fe8055, 0x2b2a111a, 0x2b2b552b, 0x1a115501, 0x2a2aaa2b, 0x002b2b55, 0x55000700, 0xab014000, 0x0300c001, 0x0b000700, 0x13000f00, 0x2b001700, 
    0x35010000, 0x35171523, 0x35171523, 0x35271523, 0x35171523, 0x35171523, 0x33011523, 0x23352311, 0x23352315, 0x33112315, 0x33353315, 0x80013315, 
    0x2b2b2b2b, 0x2b2baa2b, 0x012b2b2b, 0x2b2b2b00, 0x2b2b2baa, 0x012baa2b, 0x552b2b40, 0x2b562a2a, 0x2b2bab2b, 0x562a2a55, 0x2b012b2b, 0x2b2b80fe, 
    0x80012b2b, 0x002b2b2b, 0x15000200, 0xeb011500, 0x0300c001, 0x00001c00, 0x23113301, 0x15163203, 0x07071415, 0x35352627, 0x26222337, 0x35233735, 
    0x36373734, 0x56950133, 0x1a115556, 0x09178c0d, 0x1a118715, 0x41030101, 0xc0011d0a, 0x000100ff, 0x11d5111a, 0x09178d0d, 0x1962070d, 0x08290211, 
    0x001a9608, 0x15000200, 0xeb014000, 0x1800eb01, 0x00001c00, 0x15330701, 0x06070714, 0x26222323, 0x37343535, 0x15161737, 0x32330715, 0x33110516, 
    0x01eb0111, 0x0a410301, 0x1a11c01d, 0x09178c0d, 0x1a118715, 0x01562afe, 0x0829022b, 0x1a1a9608, 0x0d11d511, 0x0d09178d, 0xfc196207, 0x00ff0001, 
    0x00000200, 0x00020000, 0x17000002, 0x00002f00, 0x15163201, 0x07071415, 0x36352627, 0x22233736, 0x34353526, 0x33363737, 0x07141527, 0x23230607, 
    0x35352622, 0x17373734, 0x06061516, 0x16323307, 0x120ee001, 0x07116a09, 0x6f010b03, 0x31020c09, 0x02501409, 0x90140931, 0x6a09120e, 0x0b030711, 
    0x0c096f01, 0x0d132b01, 0x69090e8b, 0x0e0a0711, 0x090c0734, 0x7108031b, 0x031b5514, 0x13147108, 0x090e8b0d, 0x0a071169, 0x0c07340e, 0x40000600, 
    0xc0019500, 0x03006b01, 0x0b000700, 0x13000f00, 0x00001700, 0x15333525, 0x23153327, 0x15333515, 0x15213521, 0x15213525, 0x15213525, 0x2b2b9501, 
    0xfe2b2b2b, 0xfe2b0180, 0xfe2b01d5, 0xeb2b01d5, 0x2b802a2a, 0x2b2b2bab, 0x2a2a562b, 0x002b2b55, 0x40000300, 0xc0014000, 0x0300eb01, 0x1f000700, 
    0x33130000, 0x35052315, 0x32011521, 0x14111516, 0x22212306, 0x34113526, 0x35333336, 0x35331533, 0x6b951533, 0xfe00016b, 0x112a01d6, 0xfe111a1a, 
    0x191912d6, 0xaa2b1512, 0x6b2b012b, 0x01eaea55, 0xfe111a55, 0x1a1a11d6, 0x112a0111, 0x2b2b2b1a, 0x0300002b, 0x55001500, 0xab01eb01, 0x13000b00, 
    0x00001b00, 0x17161412, 0x34262615, 0x06153736, 0x34363216, 0x14062226, 0x14163236, 0x34262206, 0x38262f40, 0x26384848, 0x4b4b6a9c, 0x8c3a4b6a, 
    0x658c6565, 0x42542a01, 0x5c0e2c0d, 0x2c0e5c76, 0x6a4bec0d, 0xe06a4b4b, 0x65658c65, 0x0100008c, 0x2b002b00, 0xd501d501, 0x00003500, 0x14151601, 
    0x34262206, 0x15333336, 0x06141516, 0x34352622, 0x06063537, 0x32161415, 0x27343536, 0x14151637, 0x35262206, 0x35373634, 0x14150606, 0x35363216, 
    0x97012734, 0x7db07d3e, 0x1615587d, 0x161a221a, 0x4632241c, 0x261e1932, 0x3d4b6a4b, 0x65573f2e, 0x0132658c, 0x58593e97, 0x7db07d7d, 0x11190cb0, 
    0x19111a1a, 0x2c082d0c, 0x3232231e, 0x1e1b2123, 0x4b353426, 0x472f354b, 0x60082b08, 0x65654641, 0x00324746, 0x15000300, 0xeb012b00, 0x0200d501, 
    0x23000a00, 0x33250000, 0x23133727, 0x23072327, 0x27070713, 0x26372707, 0x17163327, 0x35233736, 0x15333533, 0x06231533, 0x53010707, 0x60162345, 
    0x1865182b, 0x114d602b, 0x6d1e6b42, 0x152b1828, 0xef162e1c, 0x3f962a96, 0x9501351a, 0x00ff395d, 0x00014040, 0x6a422c6c, 0x352c6b1e, 0x3f331f28, 
    0x2b2a2a2b, 0x00013b50, 0x2b000100, 0xd5018000, 0x0a008001, 0x37250000, 0x37270727, 0x37173717, 0x31550115, 0x1e9e5568, 0x31865580, 0x55683180, 
    0x55801e9e, 0x00803186, 0x40000100, 0xd501ab00, 0x06005501, 0x07010000, 0x21352135, 0x55d50135, 0x4001c0fe, 0x40550001, 0x0100402a, 0x80002b00, 
    0x8001d501, 0x00000a00, 0x27153301, 0x27072707, 0x01371737, 0x86318055, 0x9e1e8055, 0x80016855, 0x55863180, 0x559e1e80, 0x01000068, 0x40006b00, 
    0xc0019501, 0x00000a00, 0x15163201, 0x11072711, 0x01333634, 0x9519116b, 0x01111995, 0xfe111ac0, 0x014040ab, 0x001a1155, 0x6b000200, 0x95014000, 
    0x0400c001, 0x00000f00, 0x11231125, 0x16321337, 0x07271115, 0x33363411, 0x6bd66b01, 0x9519116b, 0x80111995, 0xebfe1501, 0x1a11012f, 0x40abfe11, 
    0x11550140, 0x0200001a, 0x15004000, 0xeb01c001, 0x0f000500, 0x37370000, 0x07270727, 0x14151713, 0x26260706, 0xabd53535, 0x1e378d1e, 0x526ec080, 
    0xab956e52, 0x1e378c1e, 0x80560001, 0x14149359, 0x00805993, 0x2b000200, 0xc0014000, 0x0f00c001, 0x00001f00, 0x15163201, 0x23061415, 0x35262221, 
    0x33363435, 0x15163205, 0x23061415, 0x35262221, 0x33363435, 0x0c09ab01, 0x95fe090c, 0x090c0c09, 0x0c096b01, 0x95fe090c, 0x090c0c09, 0x090cc001, 
    0x0d0d0980, 0x0c098009, 0x80090dd5, 0x090c0c09, 0x000d0980, 0x55000300, 0xc0018000, 0x03009501, 0x0b000700, 0x11370000, 0x33131133, 0x11212311, 
    0xc0ab1133, 0xfe404015, 0x018040d5, 0x01ebfe15, 0x01ebfe15, 0x00ebfe15, 0x2b000300, 0xd5016b00, 0x0300ab01, 0x0b000700, 0x33010000, 0x35212315, 
    0x11171533, 0x80011133, 0xabfe5555, 0x01d61555, 0xebebeb80, 0xfe40012a, 0x030000c0, 0x80005500, 0x9501c001, 0x07000300, 0x00000b00, 0x23113301, 
    0x11331121, 0x11331133, 0x6b6b5501, 0x156b00ff, 0xfe95016b, 0xfe1501eb, 0xfe1501eb, 0x030000eb, 0x40002b00, 0xc001c001, 0x13000300, 0x00001700, 
    0x21152113, 0x15163205, 0x23061415, 0x35262221, 0x33363435, 0x15213503, 0xfe95012b, 0x0980016b, 0xfe090c0c, 0x0c0c0995, 0x95011509, 0x2b40c001, 
    0x0980090c, 0x80090c0c, 0xebfe0c09, 0x04004040, 0x6b005500, 0x9501ab01, 0x07000300, 0x0f000b00, 0x21130000, 0x35152115, 0x35051521, 0x35251521, 
    0x01551521, 0x01aafe56, 0x01aafe56, 0x01aafe56, 0x2a950156, 0xaa2b2b56, 0x2b552a2a, 0x0600002b, 0x6b005500, 0x9501c001, 0x07000300, 0x0f000b00, 
    0x17001300, 0x21130000, 0x35152115, 0x35251521, 0x35251521, 0x35071533, 0x35271533, 0x01c01533, 0x0100ff00, 0x0100ff00, 0x5695fe00, 0x56565656, 
    0xd5559501, 0x566a5555, 0x55556b56, 0x6a5555d5, 0x06005656, 0x80005500, 0x9501c001, 0x07000300, 0x0f000b00, 0x17001300, 0x33010000, 0x35232315, 
    0x35171533, 0x35231533, 0x35231533, 0x35271533, 0x55011533, 0x6b806b6b, 0x6beb6b15, 0x6b6b6beb, 0x80809501, 0x80809580, 0x80808080, 0x00808095, 
    0x55000400, 0xc0018000, 0x03009501, 0x0b000700, 0x00000f00, 0x23153313, 0x15333517, 0x11331121, 0x15333533, 0x80ebebd5, 0x6b95fe6b, 0x95016b15, 
    0x80809580, 0xebfe1501, 0x02008080, 0x80005500, 0x9501c001, 0x07000300, 0x21130000, 0x35152115, 0x01551521, 0x0195fe6b, 0x8095016b, 0x00808095, 
    0x2b000300, 0xc0016b00, 0x0f009501, 0x2f001f00, 0x32010000, 0x14111516, 0x22232306, 0x34113526, 0x32333336, 0x14111516, 0x22232306, 0x34113526, 
    0x32233336, 0x14111516, 0x22232306, 0x34113526, 0x15013336, 0x090d0d09, 0x0c0c0940, 0x0c09d609, 0x0940090c, 0xeb090d0d, 0x090c0c09, 0x0c0c0940, 
    0x0c950109, 0x0900ff09, 0x01090c0c, 0x0c0c0900, 0x0900ff09, 0x01090c0c, 0x0c0c0900, 0x0900ff09, 0x01090c0c, 0x000c0900, 0x15000300, 0xeb016000, 
    0x0700a001, 0x19000f00, 0x32120000, 0x22061416, 0x32163426, 0x22263436, 0x32361406, 0x06061716, 0x36272622, 0x262634e6, 0x58142634, 0x3f583f3f, 
    0x1c809e1c, 0x809e801c, 0x40011c1c, 0x26263426, 0x583f8534, 0xcc583f3f, 0x58484858, 0x00484858, 0x15000400, 0xea012b00, 0x0500c001, 0x25001500, 
    0x00003500, 0x16323313, 0x06271515, 0x33161415, 0x06273732, 0x35262223, 0x37273734, 0x26260701, 0x22230627, 0x37362726, 0x22172626, 0x33362707, 
    0x06171632, 0x35362707, 0x03fd2634, 0x0c9f261a, 0x18172c3f, 0x1a060821, 0x1b970226, 0x051b7a01, 0x322b0e35, 0x191c804f, 0xd22b0c37, 0x272e1314, 
    0x1c7f4f2e, 0x083e3118, 0x2640013f, 0x1833041a, 0x0c3f2c17, 0x1a260221, 0x1b970806, 0x051b86fe, 0x58120e34, 0x0c2c3e48, 0x2e08372c, 0x3b48580f, 
    0x14133e2a, 0x05003f2c, 0x40002b00, 0xd501d501, 0x10000c00, 0x20001800, 0x00004100, 0x17233525, 0x06272607, 0x23372707, 0x21350515, 0x06221215, 
    0x36321614, 0x06223634, 0x36321614, 0x16321734, 0x06141515, 0x26222123, 0x36343535, 0x35263333, 0x32333634, 0x36371717, 0x15163233, 0xab010714, 
    0x40232d6d, 0x23400808, 0x56016d2d, 0x1274aafe, 0x0c120c0c, 0x0c0c1274, 0x12560c12, 0xfe121818, 0x181812aa, 0x26042f12, 0x0b14211a, 0x1a21140b, 
    0x80d50426, 0x0b57193c, 0x3c19570b, 0x2a2a6a80, 0x120d4001, 0x0d120c0c, 0x0c0c120d, 0x12191e12, 0x191912ea, 0x1912ea12, 0x261a070e, 0x1c0f0f1c, 
    0x0e071a26, 0x2b000300, 0xd5012b00, 0x0300d501, 0x1c000700, 0x35010000, 0x35051521, 0x32011521, 0x14151516, 0x15232306, 0x23350727, 0x35352622, 
    0x01333634, 0x01aafeab, 0x01aafe56, 0x18181256, 0x55555612, 0x18181256, 0x802b0112, 0x2b2b6b80, 0x12181501, 0x6a1912eb, 0x196a2a2a, 0x1812eb12, 
    0x2b000400, 0xd5014000, 0x0b00d501, 0x13000f00, 0x00002d00, 0x15233525, 0x15233523, 0x15233523, 0x15213505, 0x35331513, 0x15163217, 0x23061415, 
    0x35262221, 0x33363435, 0x36343533, 0x16323333, 0xab011515, 0x2b802b40, 0xfe560140, 0x6b806baa, 0x12181812, 0x1812aafe, 0x19401218, 0x19128012, 
    0x2a2a80d5, 0x6a802a2a, 0x40012a2a, 0x192b2b2b, 0x1912ea12, 0x12ea1219, 0x18122b19, 0x002b1218, 0x2b000200, 0xd5014000, 0x0300d501, 0x00001d00, 
    0x15233501, 0x15163233, 0x23061415, 0x35262221, 0x33363435, 0x36343533, 0x16323333, 0x2b011515, 0x1812d656, 0xaafe1218, 0x12181812, 0x56121856, 
    0x80011812, 0x12192b2b, 0x191912ea, 0x1912ea12, 0x1818122b, 0x01002b12, 0x4b002b00, 0xc001d501, 0x00002000, 0x27071725, 0x23062735, 0x16372722, 
    0x34363233, 0x15062226, 0x33270733, 0x32333634, 0x07141516, 0x6a6b0117, 0x26066b1f, 0x20212634, 0x38281413, 0x4a385038, 0x52355258, 0x22513a39, 
    0x206ad506, 0x2106106b, 0x38081f13, 0x28383850, 0x52395555, 0x27333a51, 0x02000006, 0x6b006b00, 0x95019501, 0x06000200, 0x17010000, 0x15210721, 
    0x8e000121, 0x0107e4fe, 0x01d6fe2a, 0x2a2bd595, 0x2b000300, 0xd5014000, 0x0700c001, 0x23000f00, 0x27250000, 0x17373727, 0x32060717, 0x22263436, 
    0x33131406, 0x16323317, 0x06141115, 0x26222123, 0x36341135, 0x00013333, 0x1b3a3a1b, 0x473a3a1b, 0x583f3f58, 0x27802b3f, 0x19191144, 0x11aafe11, 
    0x44111919, 0x1a1b3b95, 0x1b1a3b3b, 0x3e583f50, 0x0101583e, 0xff11192b, 0x1a1a1100, 0x11000111, 0x04000019, 0x2b002b00, 0xd501d501, 0x1b001300, 
    0x27002300, 0x32120000, 0x06141516, 0x3e342315, 0x26343502, 0x23150622, 0x36321634, 0x06222634, 0x16321214, 0x26220614, 0x33351734, 0x3246dd15, 
    0x18142a40, 0x1a221a14, 0x658c0f2a, 0x53658c65, 0xb07d7db0, 0x012ac07d, 0x1b233280, 0x21171739, 0x110e160f, 0x23111919, 0x658c65f9, 0x1b018c65, 
    0x7d7db07d, 0x2b2bd8b0, 0x40000400, 0xc0016b00, 0x03009501, 0x0b000700, 0x00000f00, 0x21152113, 0x15213515, 0x15213505, 0x15213525, 0xfe800140, 
    0xfe800180, 0xfe800180, 0x01800180, 0x2b562a95, 0x2a2aaa2b, 0x002b2b55, 0x40000300, 0xb5014b00, 0x0b00c001, 0x25001300, 0x23010000, 0x23352315, 
    0x33353335, 0x32063315, 0x22263436, 0x17171406, 0x27352707, 0x26222306, 0x16323634, 0x17071415, 0x152b0001, 0x2b152b2b, 0x3838505d, 0x6ae03850, 
    0x26066a20, 0x51513a34, 0x06215074, 0x2b2b2b01, 0x6b2b2b15, 0x38385038, 0x206a3850, 0x2106116a, 0x51517450, 0x0626343a, 0x40000300, 0xb5014b00, 
    0x0300c001, 0x1d000b00, 0x33130000, 0x32162315, 0x22263436, 0x17171406, 0x27352707, 0x26222306, 0x16323634, 0x17071415, 0x0e6b6b95, 0x50383850, 
    0x206ae038, 0x3426066a, 0x7451513a, 0x01062150, 0x38561540, 0x50383850, 0x6a206a38, 0x50210611, 0x3a515174, 0x00062634, 0x15000500, 0xeb01c000, 
    0x03004001, 0x17000f00, 0x2b001f00, 0x35010000, 0x32371523, 0x14151516, 0x15232306, 0x35073523, 0x15231533, 0x35233523, 0x15231533, 0x35073523, 
    0x35231533, 0x35231523, 0xcb011533, 0x130d2b2b, 0x202b0d13, 0x20206075, 0x20206096, 0x2b202055, 0x0b012020, 0x13351515, 0x130d150d, 0x2020802b, 
    0x20606020, 0x0b606020, 0x3535802b, 0x04002b80, 0x40002b00, 0xc001d501, 0x0d000900, 0x19001100, 0x23250000, 0x33363435, 0x15163233, 0x23153305, 
    0x23153325, 0x15213505, 0x15233523, 0x1ad66b01, 0x1a118011, 0x4040c0fe, 0x40406a01, 0x5601c0fe, 0xaaebd640, 0x111a1a11, 0x4040406a, 0x408080ab, 
    0x02000040, 0x40003500, 0xd501cb01, 0x15001100, 0x26250000, 0x1f352727, 0x021f3502, 0x06071616, 0x21052706, 0x2b012115, 0x1f227c52, 0x3b296a14, 
    0x030d0d71, 0xfe0d1604, 0xfe960198, 0x2017cc6a, 0x32086e0a, 0xc00bb01c, 0x0d17041e, 0x43030c0d, 0x0200002b, 0x40002700, 0xb401da01, 0x15001100, 
    0x16000000, 0x0f060706, 0x37272602, 0x37273717, 0x05363717, 0x01211521, 0x0d0d06d4, 0x2271527c, 0x2a1f3107, 0x9329586a, 0x78fe0d72, 0x6afe9601, 
    0x161a3f01, 0x1e162104, 0x08540c0a, 0x0b991c20, 0xe2041e89, 0x0200002b, 0x55008000, 0x95018001, 0x12000b00, 0x33370000, 0x36321614, 0x06143335, 
    0x33372622, 0x27073315, 0x322b8033, 0x4b2b3246, 0x2a6b4b6a, 0x4b60604b, 0x323223d5, 0x4b4b3523, 0x606077f5, 0x6b000300, 0x9501c000, 0x09004001, 
    0x23001f00, 0x23010000, 0x23153315, 0x33352315, 0x15163223, 0x33152315, 0x14153335, 0x22232306, 0x34353526, 0x15023b36, 0x40950123, 0x60202b2b, 
    0x4a0c09d5, 0x090c202a, 0x0c0c0940, 0x20207509, 0x20152001, 0x090c802b, 0x2b20400b, 0x090c0c09, 0x800c0956, 0x40000200, 0xc0014000, 0x0300c001, 
    0x00001300, 0x15233525, 0x15163225, 0x23061411, 0x35262221, 0x33363411, 0x01d66b01, 0x1a1a1100, 0x11d6fe11, 0xeb111a1a, 0x1ad52a2a, 0x11d6fe11, 
    0x01111a1a, 0x001a112a, 0x2b000300, 0xd5012b00, 0x0500d501, 0x11000900, 0x37370000, 0x07270727, 0x15233517, 0x14163212, 0x34262206, 0x711e8fdc, 
    0xd6d61e29, 0x7d7db013, 0x8fd57db0, 0x1e29711e, 0x012b2b9c, 0x7db07d55, 0x0600b07d, 0x52005a00, 0xa701af01, 0x0f000700, 0x15001200, 0x1b001800, 
    0x36240000, 0x06222634, 0x16121614, 0x26220614, 0x35073634, 0x35231133, 0x11231521, 0x35011533, 0x44614444, 0x58586e44, 0x6c56567c, 0x55015555, 
    0x44885555, 0x61444461, 0x580a0144, 0x7c56567c, 0xfe554058, 0x015555ab, 0x03005555, 0x2b002b00, 0xd501d501, 0x0f000700, 0x00002f00, 0x34363236, 
    0x14062226, 0x14163212, 0x34262206, 0x15152217, 0x36323314, 0x07143335, 0x26222306, 0x37343535, 0x17323336, 0x34231516, 0x26272627, 0x65658cba, 
    0xb053658c, 0x7db07d7d, 0x0f2828d2, 0x15162614, 0x142a281e, 0x13212618, 0x05032615, 0x65550a02, 0x8c65658c, 0xb07d1b01, 0x1bb07d7d, 0x113a063a, 
    0x1213190d, 0x29062a30, 0x15131b17, 0x0a06071c, 0x05000a02, 0x2b003e00, 0xd501c401, 0x4a003600, 0x7c006500, 0x00008d00, 0x27262325, 0x36343526, 
    0x14151632, 0x35363216, 0x22232634, 0x15060706, 0x06161714, 0x37342627, 0x32333636, 0x06141516, 0x34352622, 0x15062226, 0x17161714, 0x27060716, 
    0x32331614, 0x17163236, 0x23060716, 0x35262722, 0x07323334, 0x27262722, 0x36343526, 0x14151632, 0x26343522, 0x14150622, 0x16171617, 0x22030607, 
    0x37363726, 0x16173236, 0x06071617, 0x26272627, 0x07060726, 0x27222506, 0x07222326, 0x37342606, 0x17323336, 0x3e010616, 0x2e212e03, 0x19273626, 
    0x405b1a26, 0x0c134c2e, 0x0314030e, 0x57150f10, 0x27674934, 0x261a2636, 0x2a1c2819, 0x3d020209, 0x0e022937, 0x02010909, 0x280e0c0b, 0x0a0b331a, 
    0x1b030439, 0x64471710, 0x523a1647, 0x1b0d133a, 0x8a030808, 0x20040607, 0x32783230, 0x09061f31, 0x2d1b050a, 0x2d2e6c2e, 0x2c01031c, 0x3c3b0104, 
    0x09063641, 0x41473a05, 0x2b040740, 0x412e210c, 0x1a25251a, 0x11181811, 0x272f563c, 0x25282319, 0x2d09060a, 0x362d1e4e, 0x241a4563, 0x19111a24, 
    0x28381119, 0x0c010b1c, 0x36259c08, 0x0b050302, 0x23130202, 0x03a30b3a, 0x34281e1b, 0x2f44442f, 0x37270a0a, 0x22302737, 0x08071d17, 0x0a020103, 
    0x1a182e06, 0x0a2d181a, 0x27090605, 0x18011717, 0x70042817, 0x031e1e01, 0x20040b07, 0x00100420, 0x15000400, 0xda011500, 0x0300eb01, 0x0b000700, 
    0x00000f00, 0x27071713, 0x27071737, 0x07013707, 0x21152125, 0x793c7852, 0x793c78f2, 0x2e013c5a, 0x0177fe3c, 0x0100ff00, 0x783c7936, 0x783c79f2, 
    0xd2fe3c5a, 0x002b1a3c, 0x6b000300, 0x95012b00, 0x0d00d501, 0x29001f00, 0x36250000, 0x22263435, 0x17141506, 0x35331517, 0x15163226, 0x14150714, 
    0x22232306, 0x26353526, 0x35133435, 0x06141533, 0x26222323, 0x3f2e3d01, 0x122e3f58, 0x577c6956, 0x80090c40, 0x55400c09, 0x56090c80, 0x20e90c09, 
    0x3f3f2c37, 0x0d20372c, 0x57f93131, 0x312c4e3e, 0x090c0c09, 0x3e4e2c31, 0x1515c2fe, 0x000c0c09, 0x15000300, 0xeb014000, 0x0300c001, 0x17001300, 
    0x11250000, 0x14251121, 0x22212306, 0x34113526, 0x32213336, 0x15071516, 0xc0013523, 0xab0180fe, 0x80fe111a, 0x111a1a11, 0x1a118001, 0x016aaa56, 
    0x01d4fe2c, 0x111a1a11, 0x19112b01, 0x80811119, 0x04000080, 0x2b000000, 0xd5010002, 0x24000900, 0x38002800, 0x33130000, 0x07271707, 0x37332737, 
    0x15163237, 0x21352315, 0x23152111, 0x23153315, 0x23353335, 0x11352622, 0x01333634, 0x37152335, 0x15151632, 0x23230614, 0x35352622, 0xff333634, 
    0x34143541, 0x41351435, 0x1911c015, 0x0180fe2a, 0xab2b2b15, 0x1912952b, 0xc0011219, 0x0c096b6b, 0x096b090c, 0x01090c0c, 0x273e2640, 0x40263e27, 
    0x6b121855, 0x2b00ff6b, 0x2b2a2a2b, 0x0001111a, 0x80fe1812, 0x0cc09696, 0x0c09c009, 0x09c0090c, 0x0200000c, 0x00006500, 0xc001a501, 0x2c001c00, 
    0x16250000, 0x06071515, 0x22232306, 0x36372727, 0x33163233, 0x36343517, 0x15151632, 0x27173233, 0x36343526, 0x14151632, 0x26343507, 0x01150622, 
    0x01101392, 0x0d910c12, 0x07116a09, 0x0103010a, 0x131a1349, 0x71080311, 0x3850382b, 0x1f2c202a, 0x041409ad, 0x090f0c71, 0x0107116a, 0x120ee50f, 
    0x02800e12, 0x28341c32, 0x35283838, 0x1f16501b, 0x0300161f, 0x2b006b00, 0xd5019501, 0x2d001300, 0x00003500, 0x06063325, 0x35262223, 0x15373634, 
    0x14150606, 0x36323316, 0x17363427, 0x17161533, 0x15331617, 0x33152722, 0x15151632, 0x22233523, 0x34343526, 0x14163236, 0x12012206, 0x273a082c, 
    0x25303e2c, 0x1a261813, 0x2a362115, 0x06070116, 0x3832241c, 0x19114032, 0x1a116b2a, 0x19192419, 0x30258024, 0x3a272c3e, 0x21072c08, 0x18261a15, 
    0x0d1c18d1, 0x1f060301, 0x49292a27, 0x6a75111a, 0x24d9111a, 0x19241818, 0x2b000200, 0xd5016b00, 0x06009501, 0x00000d00, 0x15372725, 0x07231533, 
    0x35071735, 0x40013523, 0x95955555, 0x95555580, 0x405555eb, 0x5540562a, 0x002a4055, 0x40000500, 0xc0012b00, 0x0300d501, 0x1f001b00, 0x27002300, 
    0x35250000, 0x32011521, 0x14111516, 0x22212306, 0x34113526, 0x35333336, 0x35331533, 0x15071533, 0x15233523, 0x15233523, 0x95013523, 0x2a01d6fe, 
    0x111a1a11, 0x1912d6fe, 0x2b151219, 0x2b152baa, 0x2b2b2a2b, 0x01ebeb55, 0xfe111a56, 0x191911d5, 0x112b0111, 0x2a2a2a1a, 0x2a2a962a, 0x2a2a2a2a, 
    0x2b000300, 0xd5012b00, 0x0700d501, 0x1b000f00, 0x36250000, 0x06333736, 0x26370706, 0x16352726, 0x06271716, 0x17161406, 0x34262615, 0x15013736, 
    0x40074930, 0x80506808, 0x50304907, 0x32ea0868, 0x51324e4e, 0x6c516f6f, 0x50304807, 0x30ea0769, 0x08410748, 0x087f5068, 0x08566c56, 0xa67a0841, 
    0x0300087a, 0x2b002b00, 0xd501d501, 0x0d000600, 0x00001900, 0x33373625, 0x37070606, 0x16352726, 0x06271716, 0x17161406, 0x34262615, 0x15013736, 
    0x08980d1b, 0x0c284f69, 0x08694f1c, 0x1a1a11ea, 0x6f6f5111, 0x2008c351, 0xea076c4d, 0x07980820, 0x07284d6c, 0x07222822, 0xa67a0898, 0x0b00087a, 
    0x55004000, 0xab01c001, 0x07000300, 0x0f000b00, 0x17001300, 0x1f001b00, 0x27002300, 0x00002b00, 0x21152113, 0x15333517, 0x15333521, 0x15333517, 
    0x15333523, 0x15333523, 0x15333523, 0x15333523, 0x15333537, 0x15333523, 0x15333523, 0xfe800140, 0xfeabd580, 0x2baaab80, 0x2a802b80, 0x2b802b80, 
    0x6af56bea, 0xab016bf5, 0x2b2b5556, 0x2bab2b2b, 0x2b2b2b2b, 0x2b2b2b2b, 0x2a2a562b, 0x2a2a2a2a, 0x40000400, 0xc0015500, 0x0300ab01, 0x0b000700, 
    0x00000f00, 0x21152113, 0x15213515, 0x15213505, 0x15213525, 0xfe800140, 0xfe800180, 0xfe800180, 0x01800180, 0x406a56ab, 0x16169640, 0x002b2b40, 
    0x00000300, 0x00026b00, 0x07009501, 0x2f001500, 0x32240000, 0x22263436, 0x23271406, 0x26263335, 0x14062223, 0x36323316, 0x15161637, 0x26220614, 
    0x07373435, 0x23060623, 0x36342622, 0x23273333, 0x7b013335, 0x34262634, 0x3c3cae26, 0x1a142107, 0x141a2626, 0x3829ff21, 0x063d5a3e, 0x3908233b, 
    0x3e3e2d27, 0x4c2bf72d, 0x3426955e, 0x05342626, 0x2617132b, 0x92182634, 0x2d2b3c03, 0x142d3d3d, 0x30253b12, 0x2b3e5a3d, 0x0200002a, 0x32005500, 
    0xce01ab01, 0x11000600, 0x21370000, 0x07272734, 0x15163706, 0x26220614, 0x37373435, 0x26000180, 0xf9265a5a, 0x648e6432, 0x37d57932, 0x265d5e26, 
    0x47463248, 0x46476464, 0x05007932, 0x2a002b00, 0xc001d501, 0x33002b00, 0x43003b00, 0x00004b00, 0x06071e25, 0x07060716, 0x23232606, 0x26270622, 
    0x36362627, 0x37363637, 0x33363736, 0x17323336, 0x17161732, 0x34361616, 0x14163236, 0x34262206, 0x14163236, 0x34262206, 0x14163236, 0x34062206, 
    0x14163236, 0x72012206, 0x0d040d02, 0x09010c03, 0x0b030503, 0x1c530727, 0x07531c04, 0x14030b27, 0x210a1611, 0x0413120a, 0x0c0b0603, 0x13040305, 
    0x03220912, 0x1f1f2c1f, 0x2c1f7f2c, 0x9f2c1f1f, 0x1f1f2c1f, 0x2c1f7f2c, 0xc32c1f1f, 0x0e040d02, 0x10060e05, 0x2a041107, 0x0a0a0108, 0x142a0801, 
    0x0b16122a, 0x06160b28, 0x02010102, 0x280b1606, 0x20202c51, 0x2c751f2c, 0x202c1f1f, 0x1f1f2c20, 0x2c36202c, 0x1f2c2020, 0xab000200, 0x55012b00, 
    0x0d00d501, 0x00001500, 0x15231525, 0x35233523, 0x16323634, 0x34261615, 0x14163236, 0x55012206, 0x262a4040, 0x952a2634, 0x18182419, 0x6a56eb24, 
    0x261a966a, 0x7f111a26, 0x24181824, 0x04000019, 0x40001500, 0xd501ea01, 0x0f000700, 0x1f001700, 0x16010000, 0x36270714, 0x16072734, 0x36270714, 
    0x32062734, 0x21151516, 0x34363435, 0x14163236, 0xac012206, 0x2c233e3e, 0x2020232c, 0xb80e0e24, 0xaafe756c, 0x32463256, 0xd5014632, 0x223eab41, 
    0x25308333, 0x24205823, 0xaa132d13, 0x2b2b262f, 0x32468c26, 0x00324632, 0x40000b00, 0xc0014000, 0x0b00c001, 0x13000f00, 0x1b001700, 0x23001f00, 
    0x2b002700, 0x33002f00, 0x15010000, 0x26343523, 0x33352323, 0x35011632, 0x35331533, 0x35331533, 0x35031533, 0x35231533, 0x35071533, 0x35071533, 
    0x35271533, 0x35051533, 0x33071533, 0xc0012315, 0x6a1a262b, 0xfe3f2c6a, 0x2b2a2b80, 0x2b802a2b, 0x2b2b2b80, 0x2b2b2b2b, 0x2b2b2a01, 0x55012b2b, 
    0x261a6a6a, 0xbffe3f2b, 0x2b2b2b2b, 0x55012b2b, 0x2b2b2b2b, 0xab2b2b55, 0x2a562b2b, 0x2b2b562a, 0x03002b2a, 0x00005500, 0xeb01c001, 0x22001a00, 
    0x00002700, 0x35270725, 0x35230627, 0x37373616, 0x32333336, 0x14151516, 0x06352707, 0x02331707, 0x06141632, 0x03342622, 0x27072317, 0x4040c001, 
    0x1a0d0797, 0x101e1238, 0x1d130113, 0x1d144c14, 0x22512086, 0x1a221a1a, 0x4b2b3660, 0x40404020, 0x2e019720, 0x21131901, 0x7b141c10, 0x314c141a, 
    0x01860d11, 0x1a221a6b, 0xfafe221a, 0x00204a36, 0x15000100, 0xeb018000, 0x33008001, 0x14000000, 0x27222306, 0x14151607, 0x35262206, 0x06273734, 
    0x16072722, 0x22061415, 0x33363426, 0x26371732, 0x32363435, 0x07141516, 0x17323617, 0x34352637, 0xeb013236, 0x0308111a, 0x221a024c, 0x0637021a, 
    0x0261060a, 0x1a1a221a, 0x61030811, 0x1a221901, 0x10033601, 0x1a024c03, 0x22660122, 0x064c0119, 0x19191105, 0x37060511, 0x06610202, 0x1a1a1105, 
    0x61011922, 0x1a110803, 0x0308111a, 0x4b010136, 0x1a110506, 0x40000200, 0xc0014000, 0x0500c001, 0x00001e00, 0x07171501, 0x23173527, 0x07262637, 
    0x32161406, 0x33353637, 0x22060714, 0x36342627, 0x01371732, 0x5b0f4a0b, 0x2c3b91d5, 0x562b2c7b, 0x2b2b2c7c, 0x38a03838, 0x389e7038, 0x5a55013a, 
    0x6a371a2d, 0x012c3c2d, 0x58782c2b, 0x4f3d2b2c, 0x37383837, 0x3c38709d, 0x2b000200, 0xd5012b00, 0x0500d501, 0x00000d00, 0x35273725, 0x32261523, 
    0x22061416, 0x5a013426, 0x43206011, 0xb07d7db0, 0x3a1ca67d, 0x7dea806f, 0xb07d7db0, 0x15000100, 0xeb010000, 0x2c000002, 0x11010000, 0x23230614, 
    0x36272722, 0x32333633, 0x34351717, 0x15163236, 0x34353315, 0x15163236, 0x34353315, 0x15163236, 0x34353315, 0x01163236, 0x9b2333eb, 0x1ba81924, 
    0x070a0701, 0x1a135c06, 0x1c121513, 0x1a131512, 0x1a131613, 0xfe8b0113, 0x193223ca, 0x03061aab, 0x130dfe34, 0xcb960d13, 0x0e12120e, 0x130db6cb, 
    0x76b60d13, 0x0013130d, 0x40000100, 0xc0014000, 0x2700c001, 0x32250000, 0x23061737, 0x23272622, 0x34263335, 0x33352337, 0x32333636, 0x23260717, 
    0x33070622, 0x14062315, 0x23153317, 0x40011616, 0x36262733, 0x14633e4a, 0x0101414b, 0x63144b41, 0x26364a3e, 0x42273327, 0x02897b12, 0x127b8902, 
    0x26227541, 0x2b384831, 0x2b071c07, 0x26314838, 0x2b222922, 0x2b0e0e0e, 0x05002922, 0x2b002b00, 0xd501d501, 0x21001800, 0x41002500, 0x00005500, 
    0x26341125, 0x33172323, 0x33153335, 0x07062315, 0x07270717, 0x32330717, 0x17162736, 0x37373636, 0x37021f23, 0x27342726, 0x06331523, 0x26222306, 
    0x32333634, 0x27371717, 0x06222326, 0x32331614, 0x16323736, 0x06141115, 0x23272323, 0x11352622, 0x33333634, 0x0cc00117, 0x2919bc09, 0x0a1b4d17, 
    0x3a0f3a1f, 0x962b1113, 0x09960c09, 0x02100c0f, 0x05075503, 0x380e0c0d, 0x032f5402, 0x1e151416, 0x0d13151e, 0x19021a02, 0x33332421, 0xbe2f2524, 
    0x11191911, 0x119615ab, 0x80111919, 0x16015513, 0x16560c09, 0x24271616, 0x13391039, 0xb10c2b3b, 0x1d0e1113, 0x10170808, 0x460f0b2f, 0x0c21040b, 
    0x1f2a1f14, 0x0119010d, 0x33483317, 0x11199c30, 0x1911eafe, 0x01111940, 0x40191116, 0x00000400, 0xe5010000, 0x0700e501, 0x18001100, 0x00002d00, 
    0x14163236, 0x34262206, 0x32212737, 0x07141516, 0x33070607, 0x07072327, 0x27070514, 0x26222306, 0x27373435, 0x35262223, 0x27373734, 0x22843727, 
    0x19221a1a, 0x1f01c0e1, 0x4c030c09, 0x2b6cc70c, 0x01011332, 0x0d3d1b4c, 0x121a1115, 0x19119f1e, 0x5e2f1d05, 0x221a801b, 0x85221919, 0x05090dc0, 
    0x2b168a05, 0x0503232b, 0x123d1ba5, 0x0d161119, 0x0a111a1d, 0x5e63350a, 0x0200001b, 0x2b005500, 0xd501ab01, 0x25001700, 0x32250000, 0x23263436, 
    0x15270722, 0x33362733, 0x06141632, 0x23272223, 0x17131616, 0x23061411, 0x35262221, 0x33363413, 0x3f2c0001, 0x203a2c3f, 0x1422551b, 0x2c2c1f2e, 
    0x2516271f, 0x804c350c, 0x00ff111a, 0x19011a11, 0x583f8011, 0x551c313e, 0x3e2b2822, 0x231d202c, 0xff805501, 0x19191100, 0x11560111, 0x04000019, 
    0x06000000, 0xdb01d501, 0x14001100, 0x20001800, 0x32010000, 0x14111516, 0x33270706, 0x33272335, 0x27152335, 0x17273317, 0x03152335, 0x23270701, 
    0x01271107, 0x181911ab, 0x94699511, 0x7eaba915, 0x2b2b2b29, 0xba01652b, 0x55c07a1b, 0x19d5012b, 0x1100ff11, 0x2b950119, 0x7e292b15, 0x2b6b2bc0, 
    0xfe06012b, 0x557a1b46, 0x002b6a01, 0x6b000300, 0x95014000, 0x0700c001, 0x1d001300, 0x33010000, 0x33352115, 0x17073337, 0x17371707, 0x27372737, 
    0x11072707, 0x06141121, 0x26222323, 0xfe4a4b01, 0x6a164ad6, 0x1e2d2e81, 0x2d1e2d2d, 0x2d2d1e2d, 0x1a000153, 0x1a11aa11, 0x2b2bab01, 0x2d2ebd15, 
    0x1e2d2d1e, 0x2e1e2e2d, 0x0001b62e, 0x1a1100ff, 0x0100001a, 0x2b002b00, 0xd501d501, 0x00002b00, 0x17231501, 0x15232707, 0x15270717, 0x27073523, 
    0x07233537, 0x35233727, 0x17372733, 0x37273533, 0x15333517, 0x15071737, 0x07173733, 0x4559d501, 0x642b631e, 0x452a451f, 0x632b641f, 0x5959451e, 
    0x2b631e45, 0x2a451f64, 0x2b641f45, 0x01451e63, 0x1f452a15, 0x1e632b64, 0x45595945, 0x642b631e, 0x452a451f, 0x632b641f, 0x5959451e, 0x2b631e45, 
    0x00451f64, 0x15000600, 0xeb016b00, 0x03009501, 0x0f000b00, 0x1b001700, 0x00002f00, 0x23273301, 0x34363216, 0x14062226, 0x15233527, 0x34363206, 
    0x14062226, 0x23353327, 0x23151725, 0x26220614, 0x06142335, 0x23352622, 0x33363435, 0x566b4001, 0x131a2815, 0x40131a13, 0x121c4e55, 0x20121c12, 
    0x2b015555, 0x34263680, 0x34267526, 0x12192b26, 0xe0561501, 0x13131a13, 0x5656771a, 0x131a138a, 0x56771a13, 0x1a6a802a, 0x1a1a2626, 0xc01a2626, 
    0x01001812, 0x8d000000, 0x73010002, 0x00002700, 0x14163200, 0x27272206, 0x32161737, 0x22263436, 0x07070607, 0x34262206, 0x17173236, 0x22262707, 
    0x32161406, 0x37373637, 0x43605d01, 0x1b226043, 0x3c161920, 0x153c2a2a, 0x213c1347, 0x60434360, 0x18211b22, 0x2a2a3c16, 0x1347153c, 0x4473013c, 
    0x1822445e, 0x2a16151c, 0x3e152a3c, 0x44213512, 0x1822445e, 0x2a16151c, 0x3e152a3c, 0x02003512, 0x40004000, 0xc701c001, 0x1b001700, 0x26010000, 
    0x16360726, 0x26260717, 0x17160637, 0x37342607, 0x17363334, 0x37071716, 0x74010717, 0x303e8332, 0x317a3173, 0x20150631, 0x3f3f3d32, 0x51624601, 
    0x891f9938, 0x3244011f, 0x31061520, 0x73317a31, 0x32833e30, 0x3fb33f3d, 0x06084601, 0x8a1fb838, 0x0300001e, 0x40002b00, 0xc001d501, 0x1d000300, 
    0x00002b00, 0x15233501, 0x15163233, 0x23061415, 0x15233523, 0x35262223, 0x33363435, 0x33373533, 0x33071517, 0x14153335, 0x22212306, 0x33353526, 
    0xd6562b01, 0x11191911, 0x12805680, 0x55111918, 0x802b552b, 0x12199556, 0x1912d6fe, 0x2a6b0195, 0x40111a2a, 0x2b2b1a11, 0x11401219, 0x2b2b2a1a, 
    0x5515c02a, 0x12191912, 0x06000055, 0x40004000, 0xc001c001, 0x0f000700, 0x1f001700, 0x37002700, 0x32000000, 0x22263436, 0x32161406, 0x22263436, 
    0x32261406, 0x22263436, 0x32261406, 0x22263436, 0x32161406, 0x22263436, 0x32011406, 0x14111516, 0x22212306, 0x34113526, 0x52013336, 0x1c12121c, 
    0x121c1212, 0x4e121c12, 0x1c12121c, 0x121c4e12, 0x12121c12, 0x1c12121c, 0x11150112, 0xfe111a1a, 0x1a1a11d6, 0x12400111, 0x1c12121c, 0x121c12d2, 
    0x124e1c12, 0x1c12121c, 0x121c124e, 0x12d21c12, 0x1c12121c, 0x111a2e01, 0x1a11d6fe, 0x2a01111a, 0x05001a11, 0x40001500, 0xc001eb01, 0x25000500, 
    0x4b004300, 0x00005300, 0x06063337, 0x32162622, 0x16323736, 0x34363233, 0x06222326, 0x22262623, 0x26220706, 0x14062223, 0x36323316, 0x06251633, 
    0x06060706, 0x26272622, 0x34262726, 0x37363637, 0x33363736, 0x16171632, 0x14161716, 0x32363424, 0x22061416, 0x32363436, 0x22061416, 0x340cc0a0, 
    0x66213440, 0x04010d4f, 0x1a1a1101, 0x01040111, 0x4f664f0d, 0x0104010d, 0x111a1a11, 0x0d010401, 0x20046b01, 0x725f1617, 0x2117165e, 0x04020204, 
    0x1d111721, 0x5d3a4936, 0x04211716, 0x10c5fe02, 0x160f0f16, 0x10160f5b, 0x1dd51610, 0x3c4d2323, 0x221a012f, 0x3c2f011a, 0x1a012f3c, 0x2f011a22, 
    0x0725184b, 0x2f3f3f2f, 0x08182507, 0x2518080c, 0x30182607, 0x2507303e, 0x1b0c0818, 0x16101016, 0x10161010, 0x00101610, 0x2b000400, 0xc0012b00, 
    0x0700d501, 0x28000f00, 0x00002d00, 0x34363224, 0x14062226, 0x34363206, 0x14062226, 0x14151625, 0x26222306, 0x06062327, 0x35262223, 0x23273734, 
    0x21173335, 0x16322714, 0x5e012315, 0x1a13131a, 0x131aad13, 0x01131a13, 0x1f2b1911, 0x2d042a1c, 0x1f1c2904, 0x2f2d272c, 0x3701144a, 0xab6447ab, 
    0x131a1355, 0x13131a13, 0x1a13131a, 0x1f211745, 0x1b1b252b, 0x2c1f2b25, 0x2b2b5e16, 0x4664f939, 0x2b000100, 0xd5012b00, 0x1b00d501, 0x17250000, 
    0x27071707, 0x27072707, 0x27072737, 0x27372737, 0x17371737, 0x17071737, 0xb7011737, 0x1e1e2d1e, 0x1e1f2d1f, 0x4cb74c1f, 0x2d1e1e1e, 0x2d1f1e1e, 
    0x4c1f1e1f, 0xc31e4cb7, 0x1e1f2d1f, 0x1e1e2d1e, 0x4cb74c1e, 0x2d1f1e1f, 0x2d1e1e1f, 0x4c1e1e1e, 0x001f4cb7, 0x55000300, 0xd5014000, 0x0300c001, 
    0x19000700, 0x21370000, 0x35012115, 0x32371523, 0x14151516, 0x15232306, 0x23230614, 0x35352622, 0xfe560155, 0x2b5601aa, 0x1818122b, 0x23322b12, 
    0x6b332380, 0x4015012b, 0x12196b40, 0x40191140, 0x23333323, 0x020000d5, 0x2b005500, 0xd501c001, 0x17000f00, 0x07010000, 0x15161615, 0x26220614, 
    0x15373435, 0x34121133, 0x14163236, 0x6b012206, 0x4b3c2e80, 0x2b404b6a, 0x121c12c0, 0x82011c12, 0x1802c142, 0x19191110, 0x250c1911, 0x7dfe8001, 
    0x1c12121c, 0x08000012, 0x2b002b00, 0xc001d501, 0x1e000e00, 0x26002200, 0x2e002a00, 0x4a004200, 0x16010000, 0x37230707, 0x37262736, 0x06073337, 
    0x07161717, 0x36372307, 0x37262727, 0x06073337, 0x23351317, 0x23352315, 0x23352315, 0x23352315, 0x15333715, 0x21230614, 0x35352622, 0x36343533, 
    0x17173233, 0x36342616, 0x06141632, 0x21390122, 0x03290106, 0x06221505, 0x05022901, 0x06225713, 0x05022802, 0x06220213, 0x05022802, 0x2b2a0913, 
    0x2b2b2a2b, 0x19e7832a, 0x11aafe11, 0x131d4019, 0x041d1014, 0x19241875, 0x83012419, 0x0c092f20, 0x2e22151b, 0x141b0d09, 0x092e2101, 0x01141b0c, 
    0x0d092e22, 0xd1fe141b, 0x80808080, 0x80808080, 0x1911abab, 0x10ab1119, 0x21101c14, 0x19246405, 0x00192419, 0x55000500, 0xab012b00, 0x0300d501, 
    0x0b000700, 0x1f000f00, 0x33130000, 0x33112315, 0x35172315, 0x35051521, 0x32011521, 0x14111516, 0x22212306, 0x34113526, 0x2aab3336, 0xd52a2a2a, 
    0x000100ff, 0x000100ff, 0x111a1912, 0x1a1100ff, 0x00011219, 0x4000016b, 0xeb6b6b15, 0x8001c1c1, 0xaafe1218, 0x11191911, 0x18125601, 0x2b000400, 
    0xd5014000, 0x0700c001, 0x51001f00, 0x00008100, 0x32363400, 0x22061416, 0x26272207, 0x26273727, 0x16323523, 0x07061717, 0x27222306, 0x06072226, 
    0x26272205, 0x06072223, 0x26272223, 0x06072223, 0x26272223, 0x06072223, 0x37323523, 0x17323336, 0x37323316, 0x17323336, 0x37323316, 0x17323336, 
    0x22153316, 0x22232627, 0x22230607, 0x22232627, 0x27220607, 0x07222326, 0x32352306, 0x32333637, 0x32331617, 0x17323637, 0x37323316, 0x17323336, 
    0x2b013316, 0x1f1f2c1f, 0x0d0c912c, 0x15450c04, 0x34293520, 0x03068918, 0x0d0b0c0d, 0x0d163216, 0x17171101, 0x0b0d0e0b, 0x17171817, 0x0b0d0e0b, 
    0x17171817, 0x0b0d0e0b, 0x0b0d1817, 0x17171817, 0x0b0d0e0b, 0x17171817, 0x0b0d0e0b, 0x17171817, 0x17170e0b, 0x0b0d0e0b, 0x17171817, 0x0b0d0e0b, 
    0x0b173017, 0x170b0e0d, 0x170b0d17, 0x0b171718, 0x170b0d0e, 0x0d0b1730, 0x17170b0e, 0x0d0b1718, 0x1f2c7501, 0x55202c1f, 0x45050308, 0x13352016, 
    0x01048818, 0x0d0d0808, 0x070e6008, 0x070e0e07, 0x070e0e07, 0x072b0e07, 0x07070e0e, 0x07070e0e, 0x8b070e0e, 0x0e07070e, 0x0e07070e, 0x0e07070e, 
    0x0e0e072b, 0x0e0e0707, 0x0e0e0707, 0x02000007, 0x6b002b00, 0x9501d501, 0x13000f00, 0x16010000, 0x36211716, 0x35263736, 0x16323634, 0x21051415, 
    0x27012115, 0xfe04563f, 0x3f560480, 0x1a221a04, 0xaa0100ff, 0x5a0156fe, 0x4141610d, 0x070a0d61, 0x11191911, 0x002acf07, 0x2b000600, 0xd5011500, 
    0x0200d501, 0x29001900, 0x31002d00, 0x00003900, 0x27332725, 0x36342622, 0x06221533, 0x33161415, 0x15163233, 0x34352315, 0x16372326, 0x23151516, 
    0x23263435, 0x35363235, 0x33071433, 0x33372315, 0x37252315, 0x23270701, 0x6b013335, 0x1d363f3f, 0x111d2a2a, 0x21101716, 0x19202c1e, 0x251e3c11, 
    0x10243120, 0x20272017, 0x20203520, 0x011a76fe, 0xd5951b6b, 0x5b3fac95, 0x202a3a2b, 0x1a111015, 0x1b221c27, 0x0e521714, 0x2c2c243a, 0x17203324, 
    0x40c21e11, 0x1bd54040, 0x961b95fe, 0x05000040, 0x6b002b00, 0xd501d501, 0x2c001600, 0x34003000, 0x00003800, 0x15163201, 0x34352315, 0x22232326, 
    0x33363426, 0x15062215, 0x37331614, 0x15151616, 0x26343523, 0x36323523, 0x23263435, 0x15163235, 0x15330714, 0x15333723, 0x15212523, 0x1f560121, 
    0x1119202b, 0x2a2a1d21, 0x1716111d, 0x251e5d10, 0x10243120, 0x1d101717, 0x2020272a, 0xfe202035, 0xfe400176, 0x262601c0, 0x141c231d, 0x2a3a2b17, 
    0x11101520, 0x3a0e351a, 0x24303023, 0x11172032, 0x2a201710, 0x40c51e1d, 0x40404040, 0x2b000200, 0xd5012b00, 0x0700d501, 0x00001700, 0x26070601, 
    0x16373627, 0x17163205, 0x14333636, 0x07060706, 0x26262726, 0x202a4a01, 0x43082a20, 0x44e7fe43, 0x70212170, 0x114c5f44, 0x4c151519, 0x1733015f, 
    0x5f172222, 0x42674343, 0x54423333, 0x05061b86, 0x861b0803, 0x00000100, 0x00022b00, 0x4e00d501, 0x16010000, 0x06070714, 0x06072723, 0x07022f22, 
    0x23231417, 0x07022f22, 0x22232314, 0x07233735, 0x23231617, 0x07272722, 0x23231617, 0x37273522, 0x21352635, 0x37263716, 0x36161716, 0x22272627, 
    0x34372627, 0x17161633, 0x07021e17, 0xff011714, 0x02190101, 0x02070f02, 0x170e0209, 0x1404112f, 0x0a140202, 0x04150419, 0x08238717, 0x03140602, 
    0x06221c01, 0x04160602, 0x0117150d, 0x082f3012, 0x07081c0e, 0x24090209, 0x020c0201, 0x07291d04, 0x05070304, 0x3e010201, 0x20010301, 0x04160302, 
    0x70051e04, 0x51030488, 0x04036211, 0x05444287, 0x3c276602, 0x52380205, 0x01150990, 0x140e1622, 0x070b0405, 0x03010e1c, 0x25040305, 0x08040311, 
    0x0205080f, 0x07000000, 0x03005a00, 0x09040100, 0x60000000, 0x03000000, 0x09040100, 0x1c000100, 0x03006000, 0x09040100, 0x0e000200, 0x03007c00, 
    0x09040100, 0x52000300, 0x03008a00, 0x09040100, 0x1c000400, 0x03006000, 0x09040100, 0x1a000500, 0x0300dc00, 0x09040100, 0x2a000600, 0x4300f600, 
    0x70006f00, 0x72007900, 0x67006900, 0x74006800, 0x32002000, 0x31003000, 0x20003500, 0x6f004700, 0x67006f00, 0x65006c00, 0x20002c00, 0x6e004900, 
    0x2e006300, 0x41002000, 0x6c006c00, 0x52002000, 0x67006900, 0x74006800, 0x20007300, 0x65005200, 0x65007300, 0x76007200, 0x64006500, 0x4d002e00, 
    0x74006100, 0x72006500, 0x61006900, 0x20006c00, 0x63004900, 0x6e006f00, 0x52007300, 0x67006500, 0x6c007500, 0x72006100, 0x6f004600, 0x74006e00, 
    0x6f004600, 0x67007200, 0x20006500, 0x2e003200, 0x20003000, 0x20003a00, 0x61004d00, 0x65007400, 0x69007200, 0x6c006100, 0x49002000, 0x6f006300, 
    0x73006e00, 0x3a002000, 0x38002000, 0x32002d00, 0x32002d00, 0x31003000, 0x56003600, 0x72006500, 0x69007300, 0x6e006f00, 0x31002000, 0x30002e00, 
    0x31003100, 0x61004d00, 0x65007400, 0x69007200, 0x6c006100, 0x63004900, 0x6e006f00, 0x2d007300, 0x65005200, 0x75006700, 0x61006c00, 0x00007200, 
    0x00000300, 0x00000000, 0x320083ff, 0x00000000, 0x00000000, 0x00000000, 0x00000000, 0x00000000, 0x01000000, 0x0200ffff, 0x00000100, 0x00000c00, 
    0x00001c00, 0x02000200, 0x27000300, 0x28000100, 0x0200cc03, 0x00000400, 0x00000100, 0x00000100, 0x1e000a00, 0x01003400, 0x6e74616c, 0x04000800, 
    0x00000000, 0x0100ffff, 0x01000000, 0x657a6973, 0x04000800, 0xa0000000, 0x00000000, 0x00000000, 0x00000000, 0x00000100, 0x1e000a00, 0x01002c00, 
    0x6e74616c, 0x04000800, 0x00000000, 0x0100ffff, 0x01000000, 0x6167696c, 0x00000800, 0x00000100, 0x04000100, 0x00000400, 0x08000100, 0xfc680100, 
    0x38001900, 0xe2085400, 0xa017ec0e, 0xa81f901c, 0x6e2be029, 0xb22f4c2d, 0x8e396e31, 0x0a40303d, 0xba4aaa40, 0x12509e4b, 0x32625a5e, 0x9266a462, 
    0xb8688a68, 0x04000100, 0x0b00e202, 0x0d001100, 0x1c001f00, 0x0e002100, 0x16002100, 0x1b001c00, 0x92004800, 0x0801ce00, 0x78014001, 0xe401ae01, 
    0x44021602, 0x9e027202, 0xf002c802, 0x3e031803, 0x86036203, 0xcc03aa03, 0x0c04ec03, 0x4c042c04, 0x8c046c04, 0xc804aa04, 0x0205e604, 0x3a051e05, 
    0x72055605, 0xa8058e05, 0xdc05c205, 0x1006f605, 0x44062a06, 0x74065c06, 0xa4068c06, 0xd006ba06, 0xfc06e606, 0x28071207, 0x52073e07, 0x7a076607, 
    0xa2078e07, 0xca07b607, 0xee07dc07, 0x0e08fe07, 0x2e081e08, 0x4e083e08, 0x68085c08, 0x7e087408, 0xa4028608, 0x16001d00, 0x19001f00, 0x1b001600, 
    0x0d001200, 0x12002000, 0x21000e00, 0x16000d00, 0x11001b00, 0x23001600, 0x11001600, 0x0e002200, 0x0d001900, 0x22002000, 0x21001600, 0xa7021200, 
    0x16001c00, 0x19001f00, 0x1b001600, 0x0d001200, 0x12002000, 0x21000e00, 0x19000d00, 0x14001200, 0x1c001f00, 0x1a001c00, 0x1f000d00, 0x11001200, 
    0x10002200, 0x11001200, 0x1b00a602, 0x1f001600, 0x16001900, 0x12001b00, 0x20000d00, 0x0e001200, 0x0d002100, 0x12001900, 0x1f001400, 0x1c001c00, 
    0x0d001a00, 0x1c001b00, 0x1a001f00, 0x19000e00, 0x1b00a902, 0x1f001600, 0x16001900, 0x12001b00, 0x20000d00, 0x0e001200, 0x0d002100, 0x12001f00, 
    0x19001000, 0x1b001600, 0x0d001200, 0x1c001b00, 0x1a001f00, 0x19000e00, 0x1a00a502, 0x1f001600, 0x16001900, 0x12001b00, 0x20000d00, 0x0e001200, 
    0x0d002100, 0x12001900, 0x1f001400, 0x1c001c00, 0x0d001a00, 0x25001200, 0x1f002100, 0xa8020e00, 0x16001a00, 0x19001f00, 0x1b001600, 0x0d001200, 
    0x12002000, 0x21000e00, 0x1f000d00, 0x10001200, 0x16001900, 0x12001b00, 0x12000d00, 0x21002500, 0x0e001f00, 0x1800a302, 0x1f001600, 0x16001900, 
    0x12001b00, 0x20000d00, 0x0e001200, 0x0d002100, 0x19001300, 0x21000e00, 0x0e000d00, 0x14001b00, 0x12001900, 0x6a021100, 0x1f001600, 0x1c001f00, 
    0x0d002400, 0x1f001100, 0x1d001c00, 0x11000d00, 0x24001c00, 0x0d001b00, 0x16001000, 0x10001f00, 0x12001900, 0x1600e502, 0x10001000, 0x22001c00, 
    0x21001b00, 0x0f000d00, 0x19000e00, 0x1b000e00, 0x12001000, 0x24000d00, 0x19000e00, 0x12001900, 0xdb002100, 0x16001500, 0x1d001f00, 0x0e001900, 
    0x12001b00, 0x1c001a00, 0x12001100, 0x16000d00, 0x0e001b00, 0x21001000, 0x23001600, 0xf6021200, 0x20001400, 0x16002000, 0x1b001400, 0x12001a00, 
    0x21001b00, 0x21000d00, 0x1f002200, 0x12001b00, 0x0d001100, 0x1b001600, 0x1300f502, 0x20002000, 0x14001600, 0x1a001b00, 0x1b001200, 0x0d002100, 
    0x12001f00, 0x22002100, 0x1b001f00, 0x11001200, 0x1300dc00, 0x1f001600, 0x19001d00, 0x1b000e00, 0x1a001200, 0x11001c00, 0x0d001200, 0x10000e00, 
    0x16002100, 0x12002300, 0x1200b100, 0x11001100, 0x10000d00, 0x1f001600, 0x19001000, 0x0d001200, 0x22001c00, 0x19002100, 0x1b001600, 0xe8021200, 
    0x11001100, 0x0d001100, 0x15002000, 0x1d001c00, 0x16001d00, 0x14001b00, 0x10000d00, 0x1f000e00, 0xf4022100, 0x20001100, 0x16002000, 0x1b001400, 
    0x12001a00, 0x21001b00, 0x1f000d00, 0x21001200, 0x1f002200, 0xa2021b00, 0x16001100, 0x19001f00, 0x1b001600, 0x0d001200, 0x12002000, 0x21000e00, 
    0x13000d00, 0x0e001900, 0xdb002100, 0x16001000, 0x1d001f00, 0x0e001900, 0x12001b00, 0x1c001a00, 0x12001100, 0x1c000d00, 0x13001300, 0x0f00f302, 
    0x20002000, 0x14001600, 0x1a001b00, 0x1b001200, 0x0d002100, 0x0e001900, 0x12002100, 0x0f008b01, 0x20002000, 0x20001600, 0x0e002100, 0x21001b00, 
    0x1d000d00, 0x1c001500, 0x1c002100, 0x0f006902, 0x1f001f00, 0x24001c00, 0x11000d00, 0x1c001f00, 0x0d001d00, 0x1c001100, 0x1b002400, 0x0f00dc00, 
    0x1f001600, 0x19001d00, 0x1b000e00, 0x1a001200, 0x11001c00, 0x0d001200, 0x1b001c00, 0x0f00bb03, 0x1f001600, 0x1c001d00, 0x21001f00, 0x20000d00, 
    0x22001500, 0x21002100, 0x12001900, 0x0f00e402, 0x10001000, 0x22001c00, 0x21001b00, 0x0f000d00, 0x19000e00, 0x1b000e00, 0x12001000, 0x0e00e702, 
    0x10001000, 0x22001c00, 0x21001b00, 0x10000d00, 0x1f001600, 0x19001000, 0x7f021200, 0x1f000e00, 0x1c001f00, 0x0d002400, 0x1c001100, 0x1b002400, 
    0x0e002400, 0x11001f00, 0x0e00f202, 0x20002000, 0x14001600, 0x1a001b00, 0x1b001200, 0x0d002100, 0x1b001600, 0xbc031100, 0x19000d00, 0x0d001900, 
    0x1b001600, 0x19001000, 0x20002200, 0x23001600, 0x6b021200, 0x1f000d00, 0x1c001f00, 0x0d002400, 0x1f001100, 0x1d001c00, 0x22000d00, 0x88011d00, 
    0x11000d00, 0x0d001100, 0x1c002100, 0x1d000d00, 0x1c001500, 0x1c002100, 0x6c022000, 0x1f000d00, 0x1c001f00, 0x0d002400, 0x1c001300, 0x24001f00, 
    0x1f000e00, 0xe3021100, 0x10000d00, 0x12001000, 0x20002000, 0x0f001600, 0x19001600, 0x21001600, 0xd8002600, 0x10000d00, 0x12001000, 0x20002000, 
    0x0e000d00, 0x0e001900, 0x1a001f00, 0x7c022000, 0x1f000c00, 0x1c001f00, 0x0d002400, 0x1d002200, 0x0e002400, 0x11001f00, 0x0c000c01, 0x21002100, 
    0x10000e00, 0x0d001500, 0x1c001a00, 0x12001b00, 0x66002600, 0x11000c00, 0x0d001100, 0x1c002100, 0x1e000d00, 0x12002200, 0x12002200, 0x0c00ef02, 
    0x1d002000, 0x10001200, 0x0d002100, 0x0e001f00, 0x16002100, 0xee021c00, 0x1b000c00, 0x1c001b00, 0x1b002200, 0x12001000, 0x12001a00, 0x21001b00, 
    0x0c005b02, 0x11001100, 0x19000d00, 0x10001c00, 0x21000e00, 0x1c001600, 0xd7001b00, 0x10000c00, 0x12001000, 0x20002000, 0x0e000d00, 0x0e001900, 
    0x1a001f00, 0x0b00e602, 0x10001000, 0x22001c00, 0x21001b00, 0x0f000d00, 0x25001c00, 0x0b00d900, 0x10001000, 0x20001200, 0x0d002000, 0x16002100, 
    0x12001a00, 0x0b001f02, 0x11001100, 0x0e000d00, 0x1d000d00, 0x1c001500, 0x1c002100, 0x0b000b01, 0x21002100, 0x10000e00, 0x0d001500, 0x16001300, 
    0x12001900, 0x0a00f102, 0x20002000, 0x14001600, 0x1a001b00, 0x1b001200, 0x68022100, 0x1f000a00, 0x1c001f00, 0x0d002400, 0x0e000f00, 0x18001000, 
    0x0a00a203, 0x10001000, 0x20001200, 0x16002000, 0x19000f00, 0xb0001200, 0x11000a00, 0x0d001100, 0x16001000, 0x10001f00, 0x12001900, 0x0a00f002, 
    0x20002000, 0x20001200, 0x1a002000, 0x1b001200, 0x8c012100, 0x22000a00, 0x16001100, 0x21001c00, 0x0e001f00, 0x18001000, 0x0a004a01, 0x21002100, 
    0x10000e00, 0x1a001500, 0x1b001200, 0x6a002100, 0x1f000900, 0x0d002100, 0x1f002100, 0x10000e00, 0xeb021800, 0x19000900, 0x1f000e00, 0x0d001a00, 
    0x13001c00, 0x2b001300, 0x11000900, 0x0d001100, 0x19000e00, 0x1f001200, 0xda002100, 0x11000900, 0x0d001100, 0x19000e00, 0x1f000e00, 0xea021a00, 
    0x19000900, 0x1f000e00, 0x0d001a00, 0x11000e00, 0xf7021100, 0x22000900, 0x1c002100, 0x12001f00, 0x12001b00, 0x8a012400, 0x20000900, 0x16002000, 
    0x21002000, 0x1b000e00, 0xec022100, 0x19000800, 0x1f000e00, 0x0d001a00, 0x1b001c00, 0x08002d00, 0x0d002300, 0x16002100, 0x12001a00, 0x9a031f00, 
    0x19000700, 0x0d001900, 0x22001c00, 0xb2002100, 0x1f000700, 0x15001000, 0x23001600, 0xaf001200, 0x11000700, 0x0d001100, 0x1c000f00, 0xed022500, 
    0x1b000700, 0x1f001100, 0x16001c00, 0x5f001100, 0x16000700, 0x1d001f00, 0x0e001900, 0xba032600, 0x10000700, 0x22000d00, 0x16001b00, 0x89012100, 
    0x11000600, 0x22001700, 0x21002000, 0x0500e902, 0x0e001900, 0x1a001f00, 0x05002c00, 0x0f001900, 0x1a002200, 0x04006702, 0x1d001d00, 0xae002000, 
    0x11000300, 0x82021100, 0x11000300, 0x37000f00, 0x9c007000, 0xec00c400, 0x38011201, 0x80015c01, 0xc201a201, 0x0202e201, 0x42022202, 0x82026202, 
    0xbc02a002, 0xf402d802, 0x28030e03, 0x5c034203, 0x90037603, 0xc403aa03, 0xf803de03, 0x2c041204, 0x60044604, 0x94047a04, 0xc604ae04, 0xf604de04, 
    0x22050c05, 0x4e053805, 0x76056205, 0x9a058805, 0xbe05ac05, 0xdc05ce05, 0xf405e805, 0xde000006, 0x0e001500, 0x21002100, 0x1f001200, 0x0d002600, 
    0x15001000, 0x1f000e00, 0x16001400, 0x14001b00, 0x13000d00, 0x19002200, 0xe3001900, 0x19001300, 0x12002200, 0x1c002100, 0x21001c00, 0x0d001500, 
    0x1c001000, 0x1b001b00, 0x10001200, 0x12002100, 0xe5001100, 0x19001300, 0x12002200, 0x1c002100, 0x21001c00, 0x0d001500, 0x12002000, 0x1f000e00, 
    0x15001000, 0x1b001600, 0x75001400, 0x1f001200, 0x1b000e00, 0x16001100, 0x14001b00, 0x24000d00, 0x21000e00, 0x1f001200, 0x0e001a00, 0x18001f00, 
    0x1200e400, 0x22001900, 0x21001200, 0x1c001c00, 0x15002100, 0x11000d00, 0x20001600, 0x0f000e00, 0x12001900, 0xe9001100, 0x1f001100, 0x14001600, 
    0x21001500, 0x12001b00, 0x20002000, 0x1a000d00, 0x11001200, 0x22001600, 0x11011a00, 0x1c001100, 0x11001f00, 0x1f001200, 0x15000d00, 0x1f001c00, 
    0x27001600, 0x1b001c00, 0x0e002100, 0xfb021900, 0x1c001000, 0x18001c00, 0x0e001a00, 0x18001f00, 0x1c000d00, 0x21002200, 0x16001900, 0x12001b00, 
    0x0f00e600, 0x16001f00, 0x15001400, 0x1b002100, 0x20001200, 0x0d002000, 0x22000e00, 0x1c002100, 0x0f00be03, 0x20002200, 0x1b001600, 0x20001200, 
    0x0d002000, 0x12001000, 0x21001b00, 0x1f001200, 0x0f001801, 0x1f001c00, 0x12001100, 0x0d001f00, 0x12002300, 0x21001f00, 0x10001600, 0x19000e00, 
    0x0f00e700, 0x16001f00, 0x15001400, 0x1b002100, 0x20001200, 0x0d002000, 0x16001500, 0x15001400, 0x0f008302, 0x22001900, 0x21001200, 0x1c001c00, 
    0x15002100, 0x0e000d00, 0x11002200, 0x1c001600, 0x0f00e100, 0x21000e00, 0x12002100, 0x26001f00, 0x22000d00, 0x18001b00, 0x1c001b00, 0x1b002400, 
    0x0f00fb02, 0x1c001c00, 0x1a001800, 0x1f000e00, 0x0d001800, 0x1c000f00, 0x11001f00, 0x1f001200, 0x0e00e800, 0x16001f00, 0x15001400, 0x1b002100, 
    0x20001200, 0x0d002000, 0x1c001900, 0x0e012400, 0x1c000d00, 0x11001f00, 0x1f001200, 0x0f000d00, 0x21001c00, 0x1c002100, 0x8d011a00, 0x19000d00, 
    0x1f002200, 0x10000d00, 0x1f001600, 0x22001000, 0x0e001900, 0xdd001f00, 0x0e000d00, 0x21002100, 0x1f001200, 0x0d002600, 0x19000e00, 0x1f001200, 
    0x12012100, 0x1c000c00, 0x11001f00, 0x1f001200, 0x16000d00, 0x1b001b00, 0x1f001200, 0x0c009701, 0x16001f00, 0x15001400, 0x1b002100, 0x20001200, 
    0x0d002000, 0x10010a00, 0x1c000c00, 0x11001f00, 0x1f001200, 0x10000d00, 0x19001c00, 0x1f001c00, 0x0c000f01, 0x1f001c00, 0x12001100, 0x0d001f00, 
    0x19001000, 0x0e001200, 0x96011f00, 0x1f000c00, 0x14001600, 0x21001500, 0x12001b00, 0x20002000, 0x09000d00, 0x0c009501, 0x16001f00, 0x15001400, 
    0x1b002100, 0x20001200, 0x0d002000, 0x94010800, 0x1f000c00, 0x14001600, 0x21001500, 0x12001b00, 0x20002000, 0x07000d00, 0x0c009301, 0x16001f00, 
    0x15001400, 0x1b002100, 0x20001200, 0x0d002000, 0x92010600, 0x1f000c00, 0x14001600, 0x21001500, 0x12001b00, 0x20002000, 0x05000d00, 0x0c009101, 
    0x16001f00, 0x15001400, 0x1b002100, 0x20001200, 0x0d002000, 0xba020400, 0x22000c00, 0x0f000f00, 0x12001900, 0x10000d00, 0x0e001500, 0x21001f00, 
    0x0c009801, 0x1c001f00, 0x12001800, 0x0d001b00, 0x1a001600, 0x14000e00, 0xbd031200, 0x12000c00, 0x10000e00, 0x0d001500, 0x10000e00, 0x12001000, 
    0x20002000, 0x0c001601, 0x1f001c00, 0x12001100, 0x0d001f00, 0x21002000, 0x19002600, 0xdf001200, 0x0e000c00, 0x21002100, 0x1f001200, 0x0d002600, 
    0x22001300, 0x19001900, 0x0c001501, 0x1f001c00, 0x12001100, 0x0d001f00, 0x16001f00, 0x15001400, 0x14012100, 0x1c000c00, 0x11001f00, 0x1f001200, 
    0x1c000d00, 0x21002200, 0x1f001200, 0x0b008e01, 0x22001900, 0x0d001f00, 0x16001900, 0x12001b00, 0x1f000e00, 0x0b001301, 0x1f001c00, 0x12001100, 
    0x0d001f00, 0x12001900, 0x21001300, 0x0b00e000, 0x21000e00, 0x12002100, 0x26001f00, 0x20000d00, 0x11002100, 0x0a001701, 0x1f001c00, 0x12001100, 
    0x0d001f00, 0x1c002100, 0x0d011d00, 0x1c000a00, 0x11001f00, 0x1f001200, 0x0e000d00, 0x19001900, 0x0a00fc02, 0x14002200, 0x1f000d00, 0x1d001200, 
    0x1f001c00, 0x22022100, 0x22000a00, 0x20001f00, 0x0d002100, 0x1c001a00, 0x12001100, 0x0900e200, 0x22001900, 0x21001200, 0x1c001c00, 0x15002100, 
    0x0900b300, 0x10000e00, 0x20001800, 0x0e001d00, 0x12001000, 0x08002302, 0x12001200, 0x15001b00, 0x1f001200, 0xfa021200, 0x1c000800, 0x18001c00, 
    0x0e001a00, 0x18001f00, 0x08008f01, 0x22001900, 0x0d001f00, 0x13001c00, 0x7c001300, 0x22000800, 0x16002000, 0x12001b00, 0x20002000, 0x07009001, 
    0x22001900, 0x0d001f00, 0x1b001c00, 0x0600f802, 0x10000e00, 0x22001800, 0x99011d00, 0x1f000500, 0x20002200, 0xfd021500, 0x22000500, 0x19001600, 
    0xb4001100, 0x19000500, 0x10001c00, 0xf9021800, 0x1c000400, 0x18001c00, 0xae005600, 0x0e01de00, 0x62013801, 0xb2018a01, 0x0002da01, 0x48022402, 
    0x8a026a02, 0xc602a802, 0x0203e402, 0x3e032003, 0x7a035c03, 0xb4039803, 0xec03d003, 0x24040804, 0x5c044004, 0x92047804, 0xc604ac04, 0xfa04e004, 
    0x2e051405, 0x5e054605, 0x8e057605, 0xbe05a605, 0xee05d605, 0x1e060606, 0x4c063606, 0x78066206, 0xa4068e06, 0xce06ba06, 0xf606e206, 0x1e070a07, 
    0x46073207, 0x6a075807, 0x8e077c07, 0xb207a007, 0xd607c407, 0xf607e607, 0x12080408, 0x2e082008, 0x48083c08, 0x60085408, 0x78086c08, 0x8c088208, 
    0xa0089608, 0xa601aa08, 0x1c001700, 0x21001b00, 0x1c001f00, 0x0d001900, 0x1c001d00, 0x1b001600, 0x0d002100, 0x22001100, 0x19001d00, 0x10001600, 
    0x21000e00, 0xdc021200, 0x15001700, 0x10001200, 0x0d001800, 0x1c000f00, 0x0d002500, 0x22001c00, 0x19002100, 0x1b001600, 0x0d001200, 0x19000f00, 
    0x1b000e00, 0x17021800, 0x1c001400, 0x19001900, 0x10001200, 0x16002100, 0x1b001c00, 0x0d002000, 0x1c000f00, 0x18001c00, 0x0e001a00, 0x18001f00, 
    0x1400ac00, 0x19000e00, 0x0d001900, 0x16001a00, 0x20002000, 0x11001200, 0x1c000d00, 0x21002200, 0x1c001400, 0x1b001600, 0x93001400, 0x15001300, 
    0x21000e00, 0x0f000d00, 0x0f002200, 0x19000f00, 0x0d001200, 0x22001c00, 0x19002100, 0x1b001600, 0x9f011200, 0x12001300, 0x21001b00, 0x1f001200, 
    0x13000d00, 0x10001c00, 0x20002200, 0x20000d00, 0x1f002100, 0x1b001c00, 0xaa021400, 0x1c001300, 0x13001b00, 0x1f001600, 0x0e001a00, 0x16002100, 
    0x1b001c00, 0x1b000d00, 0x1a002200, 0x12000f00, 0x01031f00, 0x15001200, 0x1c001f00, 0x12001a00, 0x1f000d00, 0x0e001200, 0x12001100, 0x0d001f00, 
    0x1c001a00, 0x12001100, 0x11005701, 0x12001f00, 0x21000e00, 0x0d001200, 0x12001b00, 0x0d002400, 0x1c001300, 0x11001900, 0x1f001200, 0x1100a001, 
    0x1b001200, 0x12002100, 0x0d001f00, 0x1c001300, 0x22001000, 0x0d002000, 0x12002400, 0x18000e00, 0x1000aa02, 0x1b001c00, 0x16001300, 0x1a001f00, 
    0x21000e00, 0x1c001600, 0x0d001b00, 0x22001b00, 0x88031a00, 0x0e000f00, 0x11001f00, 0x1a000d00, 0x1a001200, 0x12000f00, 0x20001f00, 0x16001500, 
    0x4e011d00, 0x19000e00, 0x22001c00, 0x0d001100, 0x1c001100, 0x1b002400, 0x1c001900, 0x11000e00, 0x0e00ff02, 0x0e001500, 0x14001b00, 0x0d001200, 
    0x16001500, 0x21002000, 0x1f001c00, 0x2e002600, 0x19000e00, 0x20001c00, 0x11001200, 0x10000d00, 0x1d000e00, 0x16002100, 0x1b001c00, 0x0e00a303, 
    0x1a001c00, 0x0e001d00, 0x12001f00, 0x0e000d00, 0x1f001f00, 0x24001c00, 0x59012000, 0x0e000e00, 0x21002000, 0x10000d00, 0x1b001c00, 0x12001b00, 
    0x21001000, 0x11001200, 0x0e00c103, 0x16001500, 0x11001900, 0x13000d00, 0x16001f00, 0x1b001200, 0x19001100, 0x8d032600, 0x0e000e00, 0x12001a00, 
    0x0e001f00, 0x12000d00, 0x15001b00, 0x1b000e00, 0x12001000, 0x0e007600, 0x19000e00, 0x0d001900, 0x1c002100, 0x0e000d00, 0x21001000, 0x1c001600, 
    0xae011b00, 0x1f000e00, 0x1d001c00, 0x19000d00, 0x1b000e00, 0x20001100, 0x0e001000, 0x12001d00, 0x0d00a501, 0x1b001c00, 0x1f002100, 0x19001c00, 
    0x1d000d00, 0x16001c00, 0x21001b00, 0x0d007002, 0x12001500, 0x1f002300, 0x1b001c00, 0x1f000d00, 0x14001600, 0x21001500, 0x0d00b800, 0x1b001c00, 
    0x12002100, 0x21001b00, 0x1d000d00, 0x20000e00, 0x12002100, 0x0d008703, 0x1f000e00, 0x0d001100, 0x16001400, 0x21001300, 0x0e001000, 0x11001f00, 
    0x0d009700, 0x1b001c00, 0x0e002100, 0x21001000, 0x1d000d00, 0x1c001500, 0x12001b00, 0x0d00af01, 0x1c001f00, 0x0d001d00, 0x1f001c00, 0x14001600, 
    0x1b001600, 0x19000e00, 0x0d008200, 0x19000e00, 0x0d001900, 0x12001f00, 0x12001000, 0x23001600, 0x11001200, 0x0d00b001, 0x1c001f00, 0x0d001d00, 
    0x1c001d00, 0x21001f00, 0x0e001f00, 0x21001600, 0x0c009800, 0x1b001c00, 0x0e002100, 0x21001000, 0x1a000d00, 0x16000e00, 0x51011900, 0x19000c00, 
    0x22001c00, 0x0d001100, 0x1d002200, 0x1c001900, 0x11000e00, 0x0c009c01, 0x1a000e00, 0x1f001200, 0x0d000e00, 0x1f001300, 0x1b001c00, 0xb6002100, 
    0x1c000c00, 0x21001b00, 0x1b001200, 0x0d002100, 0x1c001000, 0x26001d00, 0x0c004c01, 0x1c001900, 0x11002200, 0x10000d00, 0x1f001600, 0x19001000, 
    0x6f021200, 0x15000c00, 0x23001200, 0x1c001f00, 0x0d001b00, 0x12001900, 0x21001300, 0x0c000003, 0x12001500, 0x18001000, 0x10000d00, 0x1f001600, 
    0x19001000, 0x89031200, 0x0e000b00, 0x11001f00, 0x21000d00, 0x0e001f00, 0x12002300, 0x1d021900, 0x1f000b00, 0x1d001c00, 0x1f000d00, 0x21001c00, 
    0x21000e00, 0xa1011200, 0x1c000b00, 0x19001900, 0x10001200, 0x16002100, 0x1b001c00, 0x9e012000, 0x0e000b00, 0x12001a00, 0x0e001f00, 0x1f000d00, 
    0x19001c00, 0x9d011900, 0x0e000b00, 0x12001a00, 0x0e001f00, 0x1f000d00, 0x0e001200, 0x92001f00, 0x15000b00, 0x21000e00, 0x0f000d00, 0x0f002200, 
    0x19000f00, 0xb7001200, 0x1c000b00, 0x21001b00, 0x1b001200, 0x0d002100, 0x22001000, 0x50012100, 0x19000b00, 0x22001c00, 0x0d001100, 0x22001e00, 
    0x22001200, 0xb1011200, 0x1f000b00, 0x1d001c00, 0x20000d00, 0x22001e00, 0x1f000e00, 0x04031200, 0x1f000b00, 0x11001200, 0x21001600, 0x10000d00, 
    0x1f000e00, 0x81001100, 0x0e000b00, 0x19001900, 0x1a000d00, 0x20001600, 0x12002000, 0xc0031100, 0x15000a00, 0x19001600, 0x0d001100, 0x0e001000, 
    0x12001f00, 0x0a008300, 0x19000e00, 0x0d001900, 0x1d002000, 0x16001900, 0xa2012100, 0x1c000a00, 0x1c001900, 0x0d001f00, 0x12001900, 0x20001b00, 
    0x0a004d01, 0x1c001900, 0x11002200, 0x11000d00, 0x1b001c00, 0x9b011200, 0x0e000a00, 0x12001a00, 0x0e001f00, 0x0e000d00, 0x21001900, 0x0a008000, 
    0x19000e00, 0x0d001900, 0x12001a00, 0x14001f00, 0x85001200, 0x19000900, 0x0e001200, 0x0d001f00, 0x19000e00, 0xad011900, 0x1f000900, 0x1d001c00, 
    0x13000d00, 0x12001f00, 0xa7011200, 0x1f000900, 0x1d001c00, 0x04000d00, 0x0d000900, 0xdb020c00, 0x15000900, 0x10001200, 0x0d001800, 0x1c000f00, 
    0x9b032500, 0x1c000900, 0x26001d00, 0x16001f00, 0x15001400, 0x4f012100, 0x19000900, 0x22001c00, 0x0d001100, 0x13001c00, 0x7f001300, 0x0e000900, 
    0x19001900, 0x1a000d00, 0x11000e00, 0x87001200, 0x1c000800, 0x21001b00, 0x10000e00, 0x20002100, 0x0800a301, 0x19001c00, 0x1f001c00, 0x27001600, 
    0xab011200, 0x1f000800, 0x1d001c00, 0x0a000d00, 0x08000d00, 0x0800aa01, 0x1c001f00, 0x0d001d00, 0x0d000800, 0xa8010700, 0x1f000800, 0x1d001c00, 
    0x06000d00, 0x05000d00, 0x0800ac01, 0x1c001f00, 0x0d001d00, 0x16001100, 0x5a011b00, 0x1c000800, 0x1d001a00, 0x21002200, 0x1f001200, 0x08007e00, 
    0x19000e00, 0x0d001900, 0x1b001200, 0xa4011100, 0x1c000700, 0x1d001a00, 0x1f000e00, 0x86001200, 0x1c000700, 0x1a001a00, 0x1b001200, 0x6d022100, 
    0x0e000600, 0x10001b00, 0x19001200, 0x0600bf03, 0x20000e00, 0x1b001600, 0xb9001c00, 0x1f000600, 0x0e001200, 0x12002100, 0x06009a01, 0x1a000e00, 
    0x1f001200, 0xfe020e00, 0x0e000600, 0x15001000, 0x11001200, 0x05004b01, 0x1c001900, 0x11002200, 0x0500b500, 0x12001900, 0x1f000e00, 0x05000203, 
    0x0e001900, 0x20002000, 0x05006e02, 0x12001500, 0x18001000, 0x05007102, 0x1c001900, 0x12002000, 0x0400a901, 0x1c001f00, 0x84001d00, 0x15000400, 
    0x21000e00, 0x04000303, 0x11001c00, 0x7d001200, 0x0e000400, 0x19001900, 0x0400bd02, 0x18000e00, 0x58011200, 0x0e000400, 0x21002000, 0x60002f00, 
    0xac008600, 0xf800d200, 0x40011c01, 0x84016201, 0xc601a601, 0x0602e601, 0x46022602, 0x82026402, 0xbe02a002, 0xfa02dc02, 0x30031603, 0x60034803, 
    0x90037803, 0xbe03a803, 0xea03d403, 0x16040004, 0x3e042a04, 0x64045204, 0x84047404, 0xa2049404, 0xbe04b004, 0xd604cc04, 0xe804e004, 0x1200b502, 
    0x0d001c00, 0x1c001b00, 0x0d002100, 0x16001100, 0x21002000, 0x1f002200, 0x0d000f00, 0x13001c00, 0x85021300, 0x1c001200, 0x1b000d00, 0x21001c00, 
    0x11000d00, 0x20001600, 0x22002100, 0x0f001f00, 0x0e000d00, 0x21001900, 0x12002b02, 0x1f001600, 0x10001200, 0x16002100, 0x1b001c00, 0x0d002000, 
    0x1f002100, 0x1b000e00, 0x16002000, 0x2a022100, 0x16001200, 0x12001f00, 0x21001000, 0x1c001600, 0x20001b00, 0x1f000d00, 0x16000e00, 0x24001900, 
    0x26000e00, 0x11002902, 0x1f001600, 0x10001200, 0x16002100, 0x1b001c00, 0x0d002000, 0x22002000, 0x24000f00, 0x26000e00, 0x1100b602, 0x0d001c00, 
    0x1c001b00, 0x0d002100, 0x16001100, 0x21002000, 0x1f002200, 0x0d000f00, 0x1b001c00, 0x10008502, 0x11001b00, 0x13000d00, 0x1f001c00, 0x0e002400, 
    0x11001f00, 0x19002000, 0x20000e00, 0x2a021500, 0x16001000, 0x12001f00, 0x21001000, 0x1c001600, 0x20001b00, 0x21000d00, 0x0e001f00, 0x1b001600, 
    0x10002802, 0x1f001600, 0x10001200, 0x16002100, 0x1b001c00, 0x0d002000, 0x12001300, 0x1f001f00, 0x28022600, 0x16000f00, 0x12001f00, 0x21001000, 
    0x1c001600, 0x20001b00, 0x0f000d00, 0x0e001c00, 0x2c022100, 0x16000f00, 0x12001f00, 0x21001000, 0x1c001600, 0x20001b00, 0x24000d00, 0x19000e00, 
    0x25021800, 0x16000f00, 0x12001f00, 0x21001000, 0x1c001600, 0x20001b00, 0x0f000d00, 0x18001600, 0x5d011200, 0x12000f00, 0x12002300, 0x1c001900, 
    0x12001d00, 0x0d001f00, 0x1c000f00, 0x1f000e00, 0x5c011100, 0x12000f00, 0x18002000, 0x1c002100, 0x0d001d00, 0x16002400, 0x11001b00, 0x24001c00, 
    0x5a022000, 0x16000e00, 0x12001f00, 0x21001000, 0x1c001600, 0x20001b00, 0x1f000d00, 0x1b002200, 0x0e002702, 0x1f001600, 0x10001200, 0x16002100, 
    0x1b001c00, 0x0d002000, 0x0e001000, 0xeb001f00, 0x12000e00, 0x12002300, 0x1c001900, 0x12001d00, 0x0d001f00, 0x1c001a00, 0x12001100, 0x0e002602, 
    0x1f001600, 0x10001200, 0x16002100, 0x1b001c00, 0x0d002000, 0x22000f00, 0x86022000, 0x1c000e00, 0x1b000d00, 0x21001c00, 0x11000d00, 0x20001600, 
    0x22002100, 0x0f001f00, 0x0e00b903, 0x19001200, 0x21001200, 0x0d001200, 0x1c001300, 0x12001f00, 0x12002300, 0x86011f00, 0x12000d00, 0x16002300, 
    0x12001000, 0x0d002000, 0x21001c00, 0x12001500, 0xd5001f00, 0x12000c00, 0x12001900, 0x12002100, 0x20000d00, 0x12002400, 0x1d001200, 0x0b00a603, 
    0x1b001c00, 0x21002200, 0x20000d00, 0x0e001a00, 0x19001900, 0x0b005b01, 0x20001200, 0x21001800, 0x1d001c00, 0x1a000d00, 0x10000e00, 0x0b000703, 
    0x20001200, 0x1f001000, 0x1d001600, 0x16002100, 0x1b001c00, 0x0b00a503, 0x1b001c00, 0x21002200, 0x19000d00, 0x1f000e00, 0x12001400, 0x0b004201, 
    0x0e001f00, 0x0d001400, 0x0e001500, 0x11001b00, 0x12001900, 0x0a002402, 0x1f001600, 0x10001200, 0x16002100, 0x1b001c00, 0x84012000, 0x12000a00, 
    0x16002300, 0x12001000, 0x15000d00, 0x0f002200, 0x0a008800, 0x0e001600, 0x12001900, 0x0d001f00, 0x16002000, 0xa4031d00, 0x0e000a00, 0x12002100, 
    0x1f000d00, 0x1b000e00, 0x12001400, 0x0a00ea00, 0x21000e00, 0x0d000e00, 0x20002200, 0x14000e00, 0x87021200, 0x1f000900, 0x23001600, 0x0d001200, 
    0x21001200, 0x84020e00, 0x16000900, 0x10002000, 0x13000d00, 0x19002200, 0x05031900, 0x0e000900, 0x15002000, 0x1c000f00, 0x1f000e00, 0x0a031100, 
    0x1c000800, 0x12001b00, 0x0e000d00, 0x19001900, 0x0700b301, 0x21001200, 0x16000e00, 0x20001900, 0x0700ec00, 0x23001200, 0x10001600, 0x20001200, 
    0x07008900, 0x0e001600, 0x1d001900, 0x11000e00, 0x0600b201, 0x15001200, 0x27000e00, 0xbe021200, 0x1c000600, 0x0e001a00, 0x1b001600, 0x0600ba00, 
    0x0e001f00, 0x21001300, 0x06032000, 0x12000600, 0x12001900, 0x12002100, 0x04000903, 0x1b001c00, 0x5e011200, 0x1c000400, 0x18001000, 0x03000803, 
    0x20001b00, 0x0300ed00, 0x1f002300, 0x3e001e00, 0x96006e00, 0xda00b800, 0x1a01fa00, 0x58013a01, 0x92017601, 0xca01ae01, 0xfa01e201, 0x2a021202, 
    0x56024002, 0x82026c02, 0xaa029602, 0xce02bc02, 0xea02de02, 0x0203f602, 0x8d030e03, 0x1b001700, 0x0e001500, 0x10001b00, 0x0d001200, 0x15001d00, 
    0x21001c00, 0x0d001c00, 0x1f002100, 0x1b000e00, 0x19002000, 0x21000e00, 0xb1021200, 0x1b001300, 0x0e001500, 0x10001b00, 0x11001200, 0x12000d00, 
    0x10001b00, 0x26001f00, 0x21001d00, 0x1c001600, 0xb7011b00, 0x25001000, 0x1c001d00, 0x22002000, 0x12001f00, 0x1a000d00, 0x1b001600, 0x20002200, 
    0x05000d00, 0x1000b601, 0x1d002500, 0x20001c00, 0x1f002200, 0x0d001200, 0x16001a00, 0x22001b00, 0x0d002000, 0x88020400, 0x23000f00, 0x1b001200, 
    0x0d002100, 0x23000e00, 0x16000e00, 0x0e001900, 0x19000f00, 0xb9011200, 0x25000f00, 0x1c001d00, 0x22002000, 0x12001f00, 0x1d000d00, 0x22001900, 
    0x0d002000, 0xb8010500, 0x25000f00, 0x1c001d00, 0x22002000, 0x12001f00, 0x1d000d00, 0x22001900, 0x0d002000, 0xb7010400, 0x25000e00, 0x1c001d00, 
    0x22002000, 0x12001f00, 0x1b000d00, 0x14001200, 0x05000d00, 0x0e00b601, 0x1d002500, 0x20001c00, 0x1f002200, 0x0d001200, 0x12001b00, 0x0d001400, 
    0xba010400, 0x25000d00, 0x1c001d00, 0x22002000, 0x12001f00, 0x27000d00, 0x1f001200, 0x5c021c00, 0x11000d00, 0x21001600, 0x19000d00, 0x10001c00, 
    0x21000e00, 0x1c001600, 0x29001b00, 0x1f000d00, 0x1c001f00, 0x0d001f00, 0x22001c00, 0x19002100, 0x1b001600, 0x72021200, 0x25000b00, 0x0e001d00, 
    0x11001b00, 0x19000d00, 0x20001200, 0x0c032000, 0x25000b00, 0x21001600, 0x21000d00, 0x0d001c00, 0x1d000e00, 0x73021d00, 0x25000b00, 0x0e001d00, 
    0x11001b00, 0x1a000d00, 0x1f001c00, 0xb4031200, 0x22000b00, 0x1c001f00, 0x20000d00, 0x1a002600, 0x1c000f00, 0x89021900, 0x23000a00, 0x1b001200, 
    0x0d002100, 0x22000f00, 0x26002000, 0x0a009303, 0x12002300, 0x21001b00, 0x20000d00, 0x0e001200, 0x61022100, 0x23000a00, 0x20000d00, 0x0e002100, 
    0x16002100, 0x1b001c00, 0x0a008a02, 0x12002300, 0x21001b00, 0x1b000d00, 0x21001c00, 0x2f001200, 0x1e000900, 0x0e002200, 0x16001900, 0x12002700, 
    0x0e031f00, 0x25000900, 0x12002100, 0x20001b00, 0x1c001600, 0xb5011b00, 0x25000800, 0x1c001d00, 0x22002000, 0x12001f00, 0x08003000, 0x1d002500, 
    0x16001900, 0x16001000, 0x0d032100, 0x25000700, 0x19001d00, 0x1f001c00, 0x8a001200, 0x1a000500, 0x16000e00, 0x8c031900, 0x17000500, 0x10001200, 
    0x0b032100, 0x23000500, 0x1b001200, 0x28002100, 0x1f000500, 0x1c001f00, 0xb4011f00, 0x11000400, 0x21001600, 0xb6005a00, 0x2601ee00, 0x82015401, 
    0xd601ac01, 0x2a020002, 0x7a025202, 0xca02a202, 0x1603f002, 0x62033c03, 0xaa038603, 0xf203ce03, 0x38041604, 0x7a045a04, 0xb8049a04, 0xf404d604, 
    0x30051205, 0x6c054e05, 0xa4058805, 0xdc05c005, 0x1406f805, 0x4c063006, 0x80066606, 0xb4069a06, 0xe806ce06, 0x1c070207, 0x4c073407, 0x7c076407, 
    0xac079407, 0xdc07c407, 0x0a08f407, 0x36082008, 0x62084c08, 0x8c087808, 0xb408a008, 0xdc08c808, 0x0209f008, 0x26091409, 0x4a093809, 0x6e095c09, 
    0x92098009, 0xb609a409, 0xd809c809, 0xf409e609, 0x0e0a020a, 0x240a1a0a, 0x2d012e0a, 0x1c001b00, 0x1a001f00, 0x21000e00, 0x21000d00, 0x25001200, 
    0x11002100, 0x1f001600, 0x10001200, 0x16002100, 0x1b001c00, 0x1f000d00, 0x21000d00, 0x0d001c00, 0x2c011900, 0x1c001b00, 0x1a001f00, 0x21000e00, 
    0x21000d00, 0x25001200, 0x11002100, 0x1f001600, 0x10001200, 0x16002100, 0x1b001c00, 0x19000d00, 0x21000d00, 0x0d001c00, 0x23011f00, 0x1c001600, 
    0x1a001f00, 0x21000e00, 0x16000d00, 0x11001b00, 0x1b001200, 0x0d002100, 0x1b001600, 0x1f001000, 0x0e001200, 0x12002000, 0x16002201, 0x1f001c00, 
    0x0e001a00, 0x0d002100, 0x1b001600, 0x12001100, 0x21001b00, 0x11000d00, 0x10001200, 0x12001f00, 0x20000e00, 0x26011200, 0x1c001400, 0x1a001f00, 
    0x21000e00, 0x19000d00, 0x20001600, 0x0d002100, 0x22000f00, 0x19001900, 0x21001200, 0x11001200, 0x14002b01, 0x1f001c00, 0x0e001a00, 0x0d002100, 
    0x21002000, 0x16001f00, 0x12001800, 0x15002100, 0x1c001f00, 0x14002200, 0x27011500, 0x1c001400, 0x1a001f00, 0x21000e00, 0x19000d00, 0x20001600, 
    0x0d002100, 0x22001b00, 0x0f001a00, 0x1f001200, 0x11001200, 0x14001a01, 0x1f001c00, 0x0e001a00, 0x0d002100, 0x19000e00, 0x14001600, 0x0d001b00, 
    0x22001700, 0x21002000, 0x13001600, 0x25012600, 0x1c001300, 0x1a001f00, 0x21000e00, 0x19000d00, 0x1b001600, 0x0d001200, 0x1d002000, 0x10000e00, 
    0x1b001600, 0x19011400, 0x1c001300, 0x1a001f00, 0x21000e00, 0x0e000d00, 0x16001900, 0x1b001400, 0x10000d00, 0x1b001200, 0x12002100, 0xc7011f00, 
    0x16001300, 0x21001900, 0x1f001200, 0x10000d00, 0x1b001200, 0x12002100, 0x0d001f00, 0x1c001300, 0x22001000, 0x6b002000, 0x16001300, 0x12000f00, 
    0x0d001f00, 0x0e001a00, 0x22001b00, 0x19000e00, 0x1f000d00, 0x10001200, 0x1f001c00, 0x20011100, 0x1c001200, 0x1a001f00, 0x21000e00, 0x10000d00, 
    0x19001c00, 0x1f001c00, 0x1f000d00, 0x20001200, 0x21001200, 0x12006c00, 0x0f001600, 0x1f001200, 0x20000d00, 0x0e001a00, 0x21001f00, 0x1f000d00, 
    0x10001200, 0x1f001c00, 0x1c011100, 0x1c001200, 0x1a001f00, 0x21000e00, 0x0e000d00, 0x16001900, 0x1b001400, 0x1f000d00, 0x14001600, 0x21001500, 
    0x12007700, 0x0e001200, 0x22002100, 0x12001f00, 0x0d001100, 0x19001d00, 0x26000e00, 0x19000d00, 0x20001600, 0xcc012100, 0x16001100, 0x21001900, 
    0x1f001200, 0x21000d00, 0x19001600, 0x0d002100, 0x15002000, 0x13001600, 0x21012100, 0x1c001100, 0x1a001f00, 0x21000e00, 0x10000d00, 0x19001c00, 
    0x1f001c00, 0x21000d00, 0x25001200, 0x1b012100, 0x1c001100, 0x1a001f00, 0x21000e00, 0x0e000d00, 0x16001900, 0x1b001400, 0x19000d00, 0x13001200, 
    0x2e012100, 0x1c001100, 0x1a001f00, 0x21000e00, 0x22000d00, 0x11001b00, 0x1f001200, 0x16001900, 0x12001b00, 0x1f011100, 0x1c001100, 0x1a001f00, 
    0x21000e00, 0x10000d00, 0x19001c00, 0x1f001c00, 0x13000d00, 0x19001600, 0x2e011900, 0x1c001000, 0x1a001f00, 0x21000e00, 0x22000d00, 0x11001b00, 
    0x1f001200, 0x16001900, 0x12001b00, 0x10001103, 0x23000e00, 0x1f001c00, 0x21001600, 0x0d001200, 0x22001c00, 0x19002100, 0x1b001600, 0x11031200, 
    0x0e000f00, 0x1c002300, 0x16001f00, 0x12002100, 0x0f000d00, 0x1f001c00, 0x12001100, 0x75021f00, 0x22000f00, 0x19001900, 0x10002000, 0x12001f00, 
    0x1b001200, 0x12000d00, 0x16002500, 0xc6012100, 0x16000e00, 0x21001900, 0x1f001200, 0x0f000d00, 0x0e000d00, 0x11001b00, 0x24000d00, 0x0e009503, 
    0x16001900, 0x15001400, 0x0d002100, 0x0e002100, 0x12001800, 0x13001c00, 0xc2031300, 0x16000e00, 0x1b002100, 0x20001200, 0x0d002000, 0x12001000, 
    0x21001b00, 0x1f001200, 0x0e007800, 0x0e001200, 0x22002100, 0x12001f00, 0x0d001100, 0x16002300, 0x12001100, 0xcd011c00, 0x16000e00, 0x21001900, 
    0x1f001200, 0x23000d00, 0x1b001600, 0x0e002100, 0x12001400, 0x0e00c303, 0x12001f00, 0x0d001200, 0x1f000f00, 0x0e001200, 0x13001800, 0x20000e00, 
    0x8b022100, 0x1c000e00, 0x11001900, 0x1f001200, 0x20000d00, 0x12001d00, 0x16001000, 0x19000e00, 0x0d00c501, 0x19001600, 0x12002100, 0x0d001f00, 
    0x0d000c00, 0x19001d00, 0x20002200, 0x0d005201, 0x19001600, 0x0d001200, 0x1c001100, 0x1b002400, 0x1c001900, 0x11000e00, 0x0d00d000, 0x1b001c00, 
    0x0d002100, 0x1c001100, 0x1b002400, 0x1c001900, 0x11000e00, 0x0d002401, 0x1f001c00, 0x0e001a00, 0x0d002100, 0x21001600, 0x19000e00, 0x10001600, 
    0x0d005601, 0x19001c00, 0x12001100, 0x0d001f00, 0x15002000, 0x1f000e00, 0x11001200, 0x0d00c901, 0x19001600, 0x12002100, 0x0d001f00, 0x1f001300, 
    0x1a000e00, 0x20001200, 0x0d001603, 0x16001900, 0x0d001d00, 0x1c002100, 0x13000d00, 0x1c001f00, 0x21001b00, 0x0d004301, 0x1f001c00, 0x0e001a00, 
    0x0d002100, 0x15002000, 0x1d000e00, 0x20001200, 0x0c002901, 0x1f001c00, 0x0e001a00, 0x0d002100, 0x22001e00, 0x21001c00, 0x15031200, 0x19000c00, 
    0x1d001600, 0x21000d00, 0x0d001c00, 0x0e000f00, 0x18001000, 0x0c001e01, 0x1f001c00, 0x0e001a00, 0x0d002100, 0x19001000, 0x0e001200, 0xc8011f00, 
    0x16000c00, 0x21001900, 0x1f001200, 0x11000d00, 0x0e001f00, 0x0e001a00, 0x0c002801, 0x1f001c00, 0x0e001a00, 0x0d002100, 0x0e001d00, 0x1b001600, 
    0x14032100, 0x16000c00, 0x11001b00, 0x1f000d00, 0x1d001200, 0x0e001900, 0x12001000, 0x0c001303, 0x1b001600, 0x0d001100, 0x1b001600, 0x1d000d00, 
    0x14000e00, 0x31001200, 0x0e000c00, 0x21002000, 0x13000d00, 0x1f001c00, 0x0e002400, 0x11001f00, 0x0b00cb01, 0x19001600, 0x12002100, 0x0d001f00, 
    0x1c001b00, 0x12001b00, 0x0b00bb00, 0x19001600, 0x12002100, 0x0d001f00, 0x16001900, 0x21002000, 0x0b009c03, 0x1b001600, 0x12001400, 0x1d001f00, 
    0x16001f00, 0x21001b00, 0x0b002a01, 0x1f001c00, 0x0e001a00, 0x0d002100, 0x16002000, 0x12002700, 0x0b005501, 0x19001c00, 0x12001100, 0x0d001f00, 
    0x1d001c00, 0x1b001200, 0x0b009403, 0x16001900, 0x15001400, 0x0d002100, 0x0e001900, 0x11001b00, 0x0b001d01, 0x1f001c00, 0x0e001a00, 0x0d002100, 
    0x1c000f00, 0x11001900, 0x0b003200, 0x20000e00, 0x0d002100, 0x12001f00, 0x16002400, 0x11001b00, 0x0b005301, 0x19001600, 0x0d001200, 0x1d002200, 
    0x1c001900, 0x11000e00, 0x0a007402, 0x19002200, 0x20001900, 0x1f001000, 0x12001200, 0x61001b00, 0x1c000a00, 0x24001f00, 0x1f000e00, 0x0d001100, 
    0x03000600, 0x0a00ca01, 0x19001600, 0x12002100, 0x0d001f00, 0x11001500, 0xcf011f00, 0x19000a00, 0x20000e00, 0x0d001500, 0x22000e00, 0x1c002100, 
    0x0a006000, 0x1f001c00, 0x0e002400, 0x11001f00, 0x04000d00, 0x80020300, 0x16000a00, 0x20001f00, 0x0d002100, 0x0e001d00, 0x12001400, 0x0900d001, 
    0x0e001900, 0x15002000, 0x1c000d00, 0x13001300, 0x09002f01, 0x1b002200, 0x21001000, 0x1c001600, 0x20001b00, 0x09007400, 0x0f001600, 0x1f001200, 
    0x1d000d00, 0x1b001600, 0x09006800, 0x0f001600, 0x1f001200, 0x1b000d00, 0x24001200, 0x09006200, 0x1f001c00, 0x0e002400, 0x11001f00, 0x08000d00, 
    0x09006700, 0x0f001600, 0x1f001200, 0x11000d00, 0x1f002300, 0x0800c201, 0x19001600, 0x12002100, 0x0d001f00, 0xc1010a00, 0x16000800, 0x21001900, 
    0x1f001200, 0x09000d00, 0x0800c001, 0x19001600, 0x12002100, 0x0d001f00, 0xbf010800, 0x16000800, 0x21001900, 0x1f001200, 0x07000d00, 0x08001203, 
    0x12001200, 0x0f001100, 0x10000e00, 0xbd011800, 0x16000800, 0x21001900, 0x1f001200, 0x06000d00, 0x0800bc01, 0x19001600, 0x12002100, 0x0d001f00, 
    0xbb010500, 0x16000800, 0x21001900, 0x1f001200, 0x04000d00, 0x0800d101, 0x0e001900, 0x15002000, 0x1c000d00, 0x10031b00, 0x0e000800, 0x1c002300, 
    0x16001f00, 0x12002100, 0x0800c401, 0x19001600, 0x12002100, 0x0d001f00, 0xc3010c00, 0x16000800, 0x21001900, 0x1f001200, 0x0b000d00, 0x0700bd00, 
    0x1f001c00, 0x0e002400, 0x11001f00, 0x06002d02, 0x16001900, 0x15001400, 0x54012100, 0x1c000600, 0x11001900, 0x1f001200, 0x0600be01, 0x19001600, 
    0x12002100, 0x8b001f00, 0x1c000500, 0x22001f00, 0xce011a00, 0x19000500, 0x1f000e00, 0xd2011200, 0x19000400, 0x1d001600, 0x0400bc00, 0x0e001900, 
    0x0f031400, 0x0e000400, 0x12001000, 0x2c001500, 0x60004800, 0x8e007800, 0xb800a400, 0xde00cc00, 0x0001f000, 0x20011001, 0x40013001, 0x58014c01, 
    0x70016401, 0x86017c01, 0x0d00ef00, 0x20001d00, 0x1b000d00, 0x21001c00, 0x13000d00, 0x25001600, 0x11001200, 0x0b00c403, 0x19001c00, 0x0d001300, 
    0x1c001000, 0x1f002200, 0x12002000, 0x0b00b503, 0x21000d00, 0x0e001f00, 0x20001b00, 0x0e001900, 0x12002100, 0x0a00f300, 0x0e001f00, 0x15001d00, 
    0x10001600, 0x12000d00, 0x19031e00, 0x1f000a00, 0x22001c00, 0x0d001d00, 0x1c002400, 0x18001f00, 0x0900c002, 0x1c001f00, 0x1d002200, 0x0e000d00, 
    0x11001100, 0x0900ee00, 0x20001d00, 0x13000d00, 0x25001600, 0x11001200, 0x0800d501, 0x16001f00, 0x0d001100, 0x13001c00, 0xd3011300, 0x1f000800, 
    0x11000e00, 0x12001600, 0x21001b00, 0x0700d601, 0x16001f00, 0x0d001100, 0x1b001c00, 0x07001703, 0x21001200, 0x0e000d00, 0x1d001d00, 0x0700be00, 
    0x20001200, 0x22002100, 0x12001f00, 0x07005f01, 0x1a000e00, 0x1d001200, 0x11000e00, 0x0700f000, 0x20001d00, 0x1c000d00, 0x13001300, 0x05001803, 
    0x0e001f00, 0x12001100, 0x05009d03, 0x23000e00, 0x19001200, 0x05003300, 0x1a000e00, 0x20001200, 0x0500d401, 0x0e001f00, 0x1b001600, 0x0500bf02, 
    0x1c001f00, 0x1d002200, 0x0400cc03, 0x0e001c00, 0x97032100, 0x16000300, 0x17001300, 0x52003000, 0x90007200, 0xc600ac00, 0xf800e000, 0x22010e01, 
    0x44013401, 0x64015401, 0x84017401, 0xa2019401, 0xba01ae01, 0xce01c401, 0x1b03d801, 0x16001000, 0x15001400, 0x16001900, 0x15001400, 0x0d002100, 
    0x12001f00, 0x1c001a00, 0x12002300, 0x0f001e03, 0x22001c00, 0x14001f00, 0x0e001900, 0x20002000, 0x12000d00, 0x1d001a00, 0x26002100, 0x0e001f03, 
    0x22001c00, 0x14001f00, 0x0e001900, 0x20002000, 0x13000d00, 0x19002200, 0x1b031900, 0x16000d00, 0x15001400, 0x16001900, 0x15001400, 0x0d002100, 
    0x13001c00, 0x35001300, 0x16000c00, 0x15001400, 0x1e000d00, 0x0e002200, 0x16001900, 0x26002100, 0x0c008e03, 0x19001200, 0x0d001d00, 0x22001c00, 
    0x19002100, 0x1b001600, 0x61011200, 0x12000b00, 0x11000e00, 0x12002000, 0x0d002100, 0x16001a00, 0xd9011000, 0x11000a00, 0x0d001f00, 0x21002000, 
    0x1c001f00, 0x14001b00, 0x09004401, 0x14001600, 0x19001500, 0x14001600, 0x21001500, 0x0800da01, 0x1f001100, 0x24000d00, 0x0e001200, 0xdb011800, 
    0x12000700, 0x19000e00, 0x1b001600, 0x1c031400, 0x16000700, 0x21002000, 0x1f001c00, 0x60012600, 0x12000700, 0x11000e00, 0x12002000, 0xc5032100, 
    0x1c000700, 0x0d002100, 0x22002100, 0x34000f00, 0x12000700, 0x1f000e00, 0x1b001600, 0xd7011400, 0x11000700, 0x0d001f00, 0x13001c00, 0xd8011300, 
    0x11000600, 0x0d001f00, 0x1b001c00, 0x05002e02, 0x21001c00, 0x19001200, 0x05002003, 0x21002100, 0x20001d00, 0x04001a03, 0x19001200, 0x92031d00, 
    0x21000400, 0x1d002100, 0x04001d03, 0x1a001c00, 0x5d001200, 0x11000200, 0x2c001500, 0x82005c00, 0xca00a600, 0x1201ee00, 0x54013401, 0x92017401, 
    0xca01ae01, 0xfe01e401, 0x30021802, 0x48023c02, 0x5e025402, 0x17009803, 0x11001b00, 0x21001200, 0x1f001200, 0x16001a00, 0x0e001b00, 0x12002100, 
    0x10000d00, 0x12001500, 0x18001000, 0x0f000d00, 0x25001c00, 0x1200dd01, 0x0e001a00, 0x12001400, 0x0e000d00, 0x1d002000, 0x10001200, 0x0d002100, 
    0x0e001f00, 0x16002100, 0x32011c00, 0x1b001100, 0x12002000, 0x21001f00, 0x11000d00, 0x16001f00, 0x12002300, 0x13000d00, 0x19001600, 0x8d001200, 
    0x1b001100, 0x12002300, 0x21001f00, 0x10000d00, 0x19001c00, 0x1f001c00, 0x0d002000, 0x13001c00, 0xa0031300, 0x1a001100, 0x1c001d00, 0x21001f00, 
    0x1b000e00, 0x0d002100, 0x12001100, 0x16002300, 0x12001000, 0x34012000, 0x1b001100, 0x12002000, 0x21001f00, 0x16000d00, 0x23001b00, 0x21001600, 
    0x21000e00, 0x1c001600, 0x24031b00, 0x1b001000, 0x12002300, 0x21001f00, 0x10000d00, 0x19001c00, 0x1f001c00, 0x0d002000, 0x1b001c00, 0x0f00a800, 
    0x1d001a00, 0x1f001c00, 0x0d002100, 0x1c001000, 0x21001b00, 0x10000e00, 0x20002100, 0x0f003301, 0x20001b00, 0x1f001200, 0x0d002100, 0x1a001200, 
    0x21001c00, 0x10001600, 0x1b001c00, 0x0e003101, 0x20001b00, 0x1f001200, 0x0d002100, 0x1c001000, 0x1a001a00, 0x1b001200, 0x24032100, 0x1b000d00, 
    0x12002300, 0x21001f00, 0x10000d00, 0x19001c00, 0x1f001c00, 0x8c002000, 0x1a000d00, 0x1c001d00, 0x21001f00, 0x12000d00, 0x1d002500, 0x1f001c00, 
    0x22032100, 0x1b000c00, 0x1c001300, 0x1c000d00, 0x21002200, 0x16001900, 0x12001b00, 0x0c003601, 0x20001b00, 0x1f001200, 0x0d002100, 0x15001d00, 
    0x21001c00, 0x30011c00, 0x1b000c00, 0x12002000, 0x21001f00, 0x10000d00, 0x0e001500, 0x21001f00, 0x0b003501, 0x20001b00, 0x1f001200, 0x0d002100, 
    0x16001900, 0x18001b00, 0x05002303, 0x1d001b00, 0x21002200, 0x0500bf00, 0x0f001b00, 0x25001c00, 0x0500dc01, 0x0e001a00, 0x12001400, 0x04002103, 
    0x13001b00, 0xde011c00, 0x20000300, 0x0d001c00, 0x46001c00, 0x96006e00, 0xe000bc00, 0x26010401, 0x64014601, 0x9a018001, 0x6501ac01, 0x12001400, 
    0x0f002600, 0x0e001c00, 0x11001f00, 0x0e000d00, 0x1f001f00, 0x24001c00, 0x1f000d00, 0x14001600, 0x21001500, 0x13006401, 0x26001200, 0x1c000f00, 
    0x1f000e00, 0x0d001100, 0x1f000e00, 0x1c001f00, 0x0d002400, 0x12001900, 0x21001300, 0x13006301, 0x26001200, 0x1c000f00, 0x1f000e00, 0x0d001100, 
    0x1f000e00, 0x1c001f00, 0x0d002400, 0x1c001100, 0x1b002400, 0x12006701, 0x26001200, 0x1c000f00, 0x1f000e00, 0x0d001100, 0x0e000f00, 0x18001000, 
    0x1d002000, 0x10000e00, 0x66011200, 0x12001100, 0x0f002600, 0x0e001c00, 0x11001f00, 0x0e000d00, 0x1f001f00, 0x24001c00, 0x22000d00, 0x68011d00, 
    0x12001100, 0x0f002600, 0x0e001c00, 0x11001f00, 0x10000d00, 0x1d000e00, 0x19002000, 0x10001c00, 0x77021800, 0x12001000, 0x0f002600, 0x0e001c00, 
    0x11001f00, 0x10000d00, 0x1b001c00, 0x1f002100, 0x19001c00, 0x0f006a01, 0x26001200, 0x1c000f00, 0x1f000e00, 0x0d001100, 0x12001f00, 0x22002100, 
    0x1b001f00, 0x0e006c01, 0x26001200, 0x1c000f00, 0x1f000e00, 0x0d001100, 0x1c002300, 0x10001600, 0x69011200, 0x12000d00, 0x0f002600, 0x0e001c00, 
    0x11001f00, 0x15000d00, 0x11001600, 0x6b011200, 0x12000c00, 0x0f002600, 0x0e001c00, 0x11001f00, 0x21000d00, 0x0f000e00, 0x08006201, 0x26001200, 
    0x1c000f00, 0x1f000e00, 0xc6031100, 0x16000700, 0x10002100, 0x12001500, 0x4f001b00, 0xd000a000, 0x2401fc00, 0x6e014a01, 0xb6019201, 0xfe01da01, 
    0x42022002, 0x86026402, 0xc402a602, 0x0003e202, 0x3c031e03, 0x76035a03, 0xae039203, 0xe603ca03, 0x1e040204, 0x56043a04, 0x8a047004, 0xbe04a404, 
    0xf204d804, 0x24050c05, 0x54053c05, 0x84056c05, 0xb4059c05, 0xe405cc05, 0x1006fa05, 0x3c062606, 0x68065206, 0x90067c06, 0xb806a406, 0xe006cc06, 
    0x0807f406, 0x2e071c07, 0x50074007, 0x70076007, 0x90078007, 0xae07a007, 0xca07bc07, 0xe207d607, 0xf807ee07, 0x0c080208, 0x37021608, 0x1c001700, 
    0x0e001000, 0x0d001900, 0x1c001000, 0x23001b00, 0x1b001200, 0x12001600, 0x10001b00, 0x0d001200, 0x21002000, 0x1f001c00, 0x3e021200, 0x1c001500, 
    0x0e001000, 0x0d001900, 0x0e001900, 0x1b002200, 0x1f001100, 0x0d002600, 0x12002000, 0x23001f00, 0x10001600, 0x3b021200, 0x1c001300, 0x0e001000, 
    0x0d001900, 0x1f001400, 0x10001c00, 0x1f001200, 0x0d002600, 0x21002000, 0x1f001c00, 0xf2001200, 0x1c001200, 0x0e001000, 0x16002100, 0x1b001c00, 
    0x20000d00, 0x0e001200, 0x10001f00, 0x16001500, 0x14001b00, 0x11004802, 0x10001c00, 0x19000e00, 0x1d000d00, 0x20001c00, 0x0d002100, 0x13001c00, 
    0x16001300, 0x12001000, 0x11003a02, 0x10001c00, 0x19000e00, 0x14000d00, 0x20000e00, 0x20000d00, 0x0e002100, 0x16002100, 0x1b001c00, 0x1100f100, 
    0x10001c00, 0x21000e00, 0x1c001600, 0x0d001b00, 0x16001100, 0x0e002000, 0x19000f00, 0x11001200, 0x11009e03, 0x14001600, 0x21001500, 0x22000f00, 
    0x0f001900, 0x1c000d00, 0x21002200, 0x16001900, 0x12001b00, 0x11006e01, 0x1d000e00, 0x1c002100, 0x0d001d00, 0x15001000, 0x1c001f00, 0x12001a00, 
    0x1c000f00, 0x18001c00, 0x10004e02, 0x10001c00, 0x21000e00, 0x1c001600, 0x0d001b00, 0x16001500, 0x21002000, 0x1f001c00, 0x33022600, 0x1c001000, 
    0x0e001000, 0x0d001900, 0x21000e00, 0x1f002100, 0x10000e00, 0x16002100, 0x1b001c00, 0x10004902, 0x10001c00, 0x19000e00, 0x1d000d00, 0x16001f00, 
    0x21001b00, 0x20000d00, 0x1c001500, 0x4a021d00, 0x1c001000, 0x0e001000, 0x0d001900, 0x12001f00, 0x21002000, 0x22000e00, 0x0e001f00, 0x21001b00, 
    0x0f004902, 0x10001c00, 0x19000e00, 0x1d000d00, 0x16001f00, 0x21001b00, 0x15002000, 0x1d001c00, 0x0e003602, 0x10001c00, 0x19000e00, 0x10000d00, 
    0x1f000e00, 0x24000d00, 0x20000e00, 0x33021500, 0x1c000e00, 0x0e001000, 0x0d001900, 0x10000e00, 0x16002100, 0x16002300, 0x26002100, 0x0e004c02, 
    0x10001c00, 0x19000e00, 0x20000d00, 0x16001500, 0x1d001d00, 0x1b001600, 0x3c021400, 0x1c000e00, 0x0e001000, 0x0d001900, 0x1c001500, 0x1d002000, 
    0x21001600, 0x19000e00, 0x0e007001, 0x1d000e00, 0x1c002100, 0x0d001d00, 0x16002400, 0x11001b00, 0x24001c00, 0x44022000, 0x1c000e00, 0x0e001000, 
    0x0d001900, 0x15001d00, 0x1f000e00, 0x0e001a00, 0x26001000, 0x0d003902, 0x10001c00, 0x19000e00, 0x13000d00, 0x1c001900, 0x16001f00, 0x21002000, 
    0x0d004302, 0x10001c00, 0x19000e00, 0x1d000d00, 0x1f000e00, 0x16001800, 0x14001b00, 0x0d001e02, 0x1b001600, 0x12001800, 0x0d001100, 0x0e001000, 
    0x12001a00, 0x0e001f00, 0x0d003f02, 0x10001c00, 0x19000e00, 0x19000d00, 0x0f001600, 0x0e001f00, 0x26001f00, 0x0d003d00, 0x0f001600, 0x0e001f00, 
    0x26001f00, 0x1a000d00, 0x20002200, 0x10001600, 0x0d003c00, 0x0f001600, 0x0e001f00, 0x26001f00, 0x0f000d00, 0x1c001c00, 0x20001800, 0x0d00c102, 
    0x10001c00, 0x21000e00, 0x1c001600, 0x0d001b00, 0x16001000, 0x26002100, 0x0d003102, 0x10001c00, 0x19000e00, 0x0e000d00, 0x1f001600, 0x1c001d00, 
    0x21001f00, 0x0d002603, 0x0f000e00, 0x19001200, 0x1c000d00, 0x21002200, 0x16001900, 0x12001b00, 0x0c008f00, 0x10001c00, 0x21000e00, 0x1c001600, 
    0x0d001b00, 0x13001c00, 0x2c031300, 0x1c000c00, 0x18001000, 0x1c000d00, 0x21002200, 0x16001900, 0x12001b00, 0x0c004a02, 0x10001c00, 0x19000e00, 
    0x11000d00, 0x1b001600, 0x1b001600, 0x30021400, 0x0e000c00, 0x12002600, 0x20001f00, 0x10000d00, 0x12001900, 0x1f000e00, 0x0c00d600, 0x24001c00, 
    0x1d000d00, 0x16001f00, 0x1f001c00, 0x21001600, 0x41022600, 0x1c000c00, 0x0e001000, 0x0d001900, 0x1c001a00, 0x16002300, 0x20001200, 0x0c004501, 
    0x1b001600, 0x0e001200, 0x0d001f00, 0x10002000, 0x19000e00, 0x90001200, 0x1c000b00, 0x0e001000, 0x16002100, 0x1b001c00, 0x1c000d00, 0x46021b00, 
    0x1c000b00, 0x0e001000, 0x0d001900, 0x16001d00, 0x27002700, 0x38020e00, 0x1c000b00, 0x0e001000, 0x0d001900, 0x1f001100, 0x1b001600, 0x3b001800, 
    0x16000b00, 0x1f000f00, 0x1f000e00, 0x0d002600, 0x11000e00, 0xe1011100, 0x12000b00, 0x18000e00, 0x1f000d00, 0x1a001200, 0x23001c00, 0x3d021200, 
    0x1c000b00, 0x0e001000, 0x0d001900, 0x1c001500, 0x12002100, 0x42021900, 0x1c000b00, 0x0e001000, 0x0d001900, 0x13001c00, 0x12001300, 0x45021f00, 
    0x1c000b00, 0x0e001000, 0x0d001900, 0x15001d00, 0x1b001c00, 0xa8031200, 0x16000b00, 0x12001b00, 0x24000d00, 0x16001200, 0x15001400, 0xa7032100, 
    0x16000a00, 0x12001b00, 0x20000d00, 0x26002100, 0x12001900, 0x0a004002, 0x10001c00, 0x19000e00, 0x1a000d00, 0x19000e00, 0x35021900, 0x1c000a00, 
    0x0e001000, 0x0d001900, 0x0e001000, 0x12001300, 0x0a006f01, 0x1d000e00, 0x1c002100, 0x0d001d00, 0x0e001a00, 0x4d021000, 0x1c000a00, 0x0e001000, 
    0x0d001900, 0x0e002100, 0x16002500, 0x0a004702, 0x10001c00, 0x19000e00, 0x1d000d00, 0x0e001900, 0x4b022600, 0x1c000900, 0x0e001000, 0x0d001900, 
    0x12002000, 0x34021200, 0x1c000900, 0x0e001000, 0x0d001900, 0x0e000f00, 0x32021f00, 0x1c000900, 0x0e001000, 0x0d001900, 0x21000e00, 0x81021a00, 
    0x0e000900, 0x21002000, 0x1d000d00, 0x14000e00, 0xe9011200, 0x1c000900, 0x18001c00, 0x0d002000, 0x24002100, 0x2b031c00, 0x1c000900, 0x18001000, 
    0x1c000d00, 0x12001d00, 0xe8011b00, 0x1c000900, 0x18001c00, 0x0d002000, 0x1b001c00, 0xdf011200, 0x0e000900, 0x11001b00, 0x10002000, 0x1d000e00, 
    0x8e001200, 0x16000900, 0x12002300, 0x15000d00, 0x19001200, 0xe0011d00, 0x12000800, 0x18000e00, 0x0e000d00, 0x11001100, 0x08002703, 0x1b000e00, 
    0x22001400, 0x14000e00, 0x2d031200, 0x1c000700, 0x0e002600, 0x21001900, 0xe7012600, 0x1c000700, 0x18001c00, 0x0d002000, 0xe6010900, 0x1c000700, 
    0x18001c00, 0x0d002000, 0xe5010800, 0x1c000700, 0x18001c00, 0x0d002000, 0xab020700, 0x16000700, 0x12002300, 0x21000d00, 0xe3012300, 0x1c000700, 
    0x18001c00, 0x0d002000, 0x2f020600, 0x0e000600, 0x12002600, 0x20001f00, 0x06002803, 0x22000e00, 0x10001b00, 0x6d011500, 0x0e000600, 0x21001d00, 
    0x1d001c00, 0x0500ea01, 0x22001c00, 0x12001d00, 0x0500e401, 0x1c001c00, 0x20001800, 0x05002503, 0x0f000e00, 0x19001200, 0x0400e201, 0x1b001200, 
    0xc0002000, 0x16000400, 0x18001b00, 0x04003600, 0x1c001c00, 0x29031d00, 0x16000400, 0x21002000, 0x04002a03, 0x10001c00, 0x27001800, 0x76005000, 
    0xbe009a00, 0x0201e000, 0x44012401, 0x82016401, 0xbc01a001, 0xf001d601, 0x22020a02, 0x50023a02, 0x7c026602, 0xa8029202, 0xd002bc02, 0xf802e402, 
    0x1c030a03, 0x3c032c03, 0x56034a03, 0x6c036203, 0x80037603, 0x92038a03, 0x2e039a03, 0x0e001200, 0x18001f00, 0x1b002200, 0x12001f00, 0x11000e00, 
    0x1a000d00, 0x16000e00, 0x0f001900, 0x25001c00, 0x1100eb01, 0x1b001c00, 0x10001c00, 0x1f001500, 0x1a001c00, 0x0d001200, 0x15001d00, 0x21001c00, 
    0x20001c00, 0x11009300, 0x20001200, 0x12002000, 0x14001b00, 0x1f001200, 0x1c000d00, 0x21002200, 0x16001900, 0x12001b00, 0x10003c00, 0x0d002600, 
    0x16001900, 0x1f000f00, 0x1f000e00, 0x0d002600, 0x1c000f00, 0x18001c00, 0xf3002000, 0x22001000, 0x21001900, 0x21001600, 0x0e001f00, 0x18001000, 
    0x0e000d00, 0x11002200, 0x1c001600, 0x10003d00, 0x0d002600, 0x16001900, 0x1f000f00, 0x1f000e00, 0x0d002600, 0x22001a00, 0x16002000, 0x48011000, 
    0x1c000f00, 0x12001b00, 0x16002100, 0x0e002700, 0x16002100, 0x1b001c00, 0x1c000d00, 0xbb021b00, 0x22000f00, 0x21001900, 0x19001600, 0x1b001600, 
    0x0d001200, 0x15001000, 0x1f000e00, 0xec012100, 0x1c000e00, 0x16002300, 0x0d001200, 0x1f001000, 0x0e001200, 0x16002100, 0x1b001c00, 0x0e003b00, 
    0x0d002600, 0x16001900, 0x1f000f00, 0x1f000e00, 0x0d002600, 0x11000e00, 0xd1001100, 0x1c000d00, 0x12002300, 0x21000d00, 0x0d001c00, 0x1b001600, 
    0x1c000f00, 0xa9002500, 0x0e000c00, 0x19001600, 0x1c000d00, 0x21002200, 0x16001900, 0x12001b00, 0x0c003801, 0x11001c00, 0x0d001200, 0x1c001000, 
    0x1a001a00, 0x1b001200, 0x20022100, 0x1c000c00, 0x16002300, 0x0d001200, 0x16001300, 0x21001900, 0x1f001200, 0x0b005002, 0x0d002600, 0x1c001900, 
    0x0e001000, 0x16002100, 0x1b001c00, 0x0b006d00, 0x20002200, 0x10001600, 0x23000d00, 0x11001600, 0x1c001200, 0x0a007702, 0x1f001c00, 0x0d001200, 
    0x1c001500, 0x16001f00, 0x37012700, 0x12000a00, 0x14001f00, 0x0d001200, 0x26002100, 0x12001d00, 0x0a00ed01, 0x20002200, 0x10001600, 0x1b000d00, 
    0x21001c00, 0xc2001200, 0x0e000a00, 0x18001f00, 0x1b002200, 0x12001f00, 0x11000e00, 0x0a00a903, 0x21001c00, 0x1f001c00, 0x26001000, 0x19001000, 
    0x78021200, 0x1c000900, 0x12001f00, 0x23000d00, 0x1f001200, 0x39012100, 0x1c000900, 0x12001100, 0x12000d00, 0x16001100, 0x41012100, 0x1c000900, 
    0x12001b00, 0x0d002600, 0x13001c00, 0x92001300, 0x12000900, 0x20002000, 0x1b001200, 0x12001400, 0xc3021f00, 0x1c000800, 0x11001c00, 0x0f000d00, 
    0x11000e00, 0x08003800, 0x10001600, 0x1b000d00, 0x1b001c00, 0x39001200, 0x16000700, 0x0d001000, 0x13001c00, 0x91001300, 0x12000700, 0x20002000, 
    0x14000e00, 0x71011200, 0x12000600, 0x1c001a00, 0x26001f00, 0x05007201, 0x22001c00, 0x12002000, 0x05003a00, 0x23001c00, 0x12001600, 0x0400c202, 
    0x1c001c00, 0xc1001100, 0x0e000400, 0x19001600, 0x04008d02, 0x1f001c00, 0x76021200, 0x12000400, 0x22001b00, 0x03004f02, 0x1d000e00, 0x03008c02, 
    0x20001a00, 0x03003700, 0x10001600, 0x36001a00, 0x8a006000, 0xd400b000, 0x1601f600, 0x52013401, 0x8a016e01, 0xc201a601, 0xfa01de01, 0x2e021402, 
    0x60024802, 0x8a027602, 0xac029c02, 0xc802ba02, 0xc802d202, 0x1c001400, 0x16002100, 0x16001300, 0x0e001000, 0x16002100, 0x1b001c00, 0x0d002000, 
    0x0e001d00, 0x20002200, 0x11001200, 0x1400c702, 0x21001c00, 0x13001600, 0x10001600, 0x21000e00, 0x1c001600, 0x20001b00, 0x0e000d00, 0x21001000, 
    0x23001600, 0xc5021200, 0x1c001200, 0x16002100, 0x16001300, 0x0e001000, 0x16002100, 0x1b001c00, 0x0d002000, 0x1c001b00, 0x12001b00, 0x1100c602, 
    0x21001c00, 0x13001600, 0x10001600, 0x21000e00, 0x1c001600, 0x20001b00, 0x1c000d00, 0x13001300, 0x1000c702, 0x21001c00, 0x13001600, 0x10001600, 
    0x21000e00, 0x1c001600, 0x20001b00, 0x1c000d00, 0xf0011b00, 0x0e000f00, 0x16002300, 0x0e001400, 0x12002100, 0x0f000d00, 0x13001200, 0x1f001c00, 
    0x8e021200, 0x12000e00, 0x24002100, 0x1f001c00, 0x0d001800, 0x1c001900, 0x18001000, 0x11001200, 0x0e003f00, 0x21001c00, 0x16000d00, 0x21001b00, 
    0x1f001200, 0x20001200, 0x12002100, 0xb3021100, 0x1c000d00, 0x12000d00, 0x10001b00, 0x26001f00, 0x21001d00, 0x1c001600, 0xc4021b00, 0x1c000d00, 
    0x16002100, 0x16001300, 0x0e001000, 0x16002100, 0x1b001c00, 0xb2022000, 0x12000d00, 0x24002100, 0x1f001c00, 0x0d001800, 0x15001000, 0x10001200, 
    0xf1011800, 0x0e000d00, 0x16002300, 0x0e001400, 0x12002100, 0x1b000d00, 0x25001200, 0xf7002100, 0x1c000d00, 0x0d002400, 0x0e002400, 0x19001900, 
    0x0e001d00, 0x12001d00, 0xef011f00, 0x0e000d00, 0x22002100, 0x12001f00, 0x1d000d00, 0x1c001200, 0x19001d00, 0x3e001200, 0x12000c00, 0x0d002400, 
    0x12001f00, 0x12001900, 0x20000e00, 0x20001200, 0x0c00f500, 0x21001200, 0x1c002400, 0x18001f00, 0x24000d00, 0x13001600, 0xf4001600, 0x12000c00, 
    0x24002100, 0x1f001c00, 0x0d001800, 0x12001000, 0x19001900, 0x0b00f800, 0x24001c00, 0x24000d00, 0x11001600, 0x12001400, 0x20002100, 0x0a005102, 
    0x23000e00, 0x14001600, 0x21000e00, 0x1c001600, 0xd3001b00, 0x12000900, 0x21002500, 0x24000d00, 0x12001200, 0x2f031800, 0x1c000800, 0x12002100, 
    0x0e000d00, 0x11001100, 0x07005d02, 0x0e001200, 0x0d001f00, 0x12001a00, 0x06009400, 0x0d001c00, 0x16002000, 0xee011a00, 0x0e000600, 0x22002100, 
    0x12001f00, 0x04007900, 0x21001c00, 0xf6001200, 0x13000300, 0x06001000, 0x2e000e00, 0x64004c00, 0x90007c00, 0x0f003003, 0x12001d00, 0x0d001b00, 
    0x1b001600, 0x0f000d00, 0x1c001f00, 0x20002400, 0x1f001200, 0x0e00ac02, 0x11001b00, 0x1a001200, 0x1b000e00, 0x0d001100, 0x16002300, 0x12001100, 
    0x31031c00, 0x1d000b00, 0x1b001200, 0x16000d00, 0x0d001b00, 0x12001b00, 0x99032400, 0x13000b00, 0x19001300, 0x1b001600, 0x0d001200, 0x16001d00, 
    0x32031b00, 0x1d000900, 0x1b001200, 0x24000d00, 0x21001600, 0xaa031500, 0x1d000700, 0x10000e00, 0x21001600, 0x57002600, 0xe200b000, 0x42011201, 
    0xa2017201, 0xfc01d001, 0x4e022602, 0x9e027602, 0xec02c602, 0x38031203, 0x84035e03, 0xcc03a803, 0x1404f003, 0x5a043804, 0x9e047c04, 0xe004c004, 
    0x20050005, 0x5e054005, 0x9a057c05, 0xd605b805, 0x1206f405, 0x4e063006, 0x88066c06, 0xc006a406, 0xf806dc06, 0x30071407, 0x66074c07, 0x9a078007, 
    0xce07b407, 0x0208e807, 0x32081a08, 0x5e084808, 0x8a087408, 0xb408a008, 0xda08c808, 0xfe08ec08, 0x22091009, 0x44093409, 0x64095409, 0x82097409, 
    0x9e099009, 0xb609aa09, 0xce09c209, 0xe609da09, 0xfc09f209, 0x1802060a, 0x15001800, 0x21001c00, 0x0d001c00, 0x16002000, 0x12002700, 0x20000d00, 
    0x19001200, 0x10001200, 0x0d002100, 0x10000e00, 0x22002100, 0x19000e00, 0x17001902, 0x1c001500, 0x1c002100, 0x20000d00, 0x27001600, 0x0d001200, 
    0x12002000, 0x12001900, 0x21001000, 0x19000d00, 0x1f000e00, 0x12001400, 0x17001a02, 0x1c001500, 0x1c002100, 0x20000d00, 0x27001600, 0x0d001200, 
    0x12002000, 0x12001900, 0x21001000, 0x20000d00, 0x0e001a00, 0x19001900, 0x17008f02, 0x1c001500, 0x12001b00, 0x0f000d00, 0x22001900, 0x21001200, 
    0x1c001c00, 0x15002100, 0x20000d00, 0x12001d00, 0x18000e00, 0x1f001200, 0x17003803, 0x1f001200, 0x0d001a00, 0x12001100, 0x16002300, 0x12001000, 
    0x16000d00, 0x13001b00, 0x1f001c00, 0x0e001a00, 0x16002100, 0x1b001c00, 0x16009f03, 0x10001600, 0x22002100, 0x12001f00, 0x16000d00, 0x0d001b00, 
    0x16001d00, 0x21001000, 0x1f002200, 0x0d001200, 0x19000e00, 0x36032100, 0x12001500, 0x1a001f00, 0x10000d00, 0x1b001c00, 0x0e002100, 0x21001000, 
    0x10000d00, 0x19000e00, 0x1b001200, 0x0e001100, 0x42001f00, 0x0e001400, 0x20002200, 0x0d001200, 0x16001000, 0x10001f00, 0x12001900, 0x1c000d00, 
    0x21002200, 0x16001900, 0x12001b00, 0x13004500, 0x0e001900, 0x0d002600, 0x16001000, 0x10001f00, 0x12001900, 0x1c000d00, 0x21002200, 0x16001900, 
    0x12001b00, 0x13004100, 0x22000e00, 0x12002000, 0x10000d00, 0x1f001600, 0x19001000, 0x0d001200, 0x16001300, 0x19001900, 0x11001200, 0x1300f701, 
    0x1b000e00, 0x1f001c00, 0x1a000e00, 0x0d000e00, 0x16002400, 0x12001100, 0x0e000d00, 0x14001b00, 0x12001900, 0x1300f501, 0x1b000e00, 0x1f001c00, 
    0x1a000e00, 0x0d000e00, 0x1c001500, 0x16001f00, 0x1c002700, 0x21001b00, 0x19000e00, 0x12003f03, 0x24001c00, 0x1f001200, 0x20000d00, 0x21001200, 
    0x16002100, 0x14001b00, 0x0d002000, 0x12001b00, 0x44002400, 0x19001200, 0x26000e00, 0x10000d00, 0x1f001600, 0x19001000, 0x0d001200, 0x16001300, 
    0x19001900, 0x11001200, 0x1200b902, 0x12001600, 0x10000d00, 0x0e001500, 0x21001f00, 0x1c000d00, 0x21002200, 0x16001900, 0x12001b00, 0x6f001100, 
    0x19001200, 0x26000e00, 0x16001900, 0x21002000, 0x0e000d00, 0x11001100, 0x10000d00, 0x12001500, 0x18001000, 0x12003d03, 0x10001600, 0x22002100, 
    0x12001f00, 0x16000d00, 0x0d001b00, 0x16001d00, 0x21001000, 0x1f002200, 0x37031200, 0x12001100, 0x1a001f00, 0x11000d00, 0x21000e00, 0x0d000e00, 
    0x12002000, 0x21002100, 0x1b001600, 0x5e021400, 0x12001100, 0x20001f00, 0x1b001c00, 0x1d000d00, 0x1b001600, 0x10000d00, 0x1f001600, 0x19001000, 
    0xf6011200, 0x0e001100, 0x1c001b00, 0x0e001f00, 0x0e001a00, 0x23000d00, 0x1f001200, 0x16002100, 0x0e001000, 0x96001900, 0x1c001100, 0x21001f00, 
    0x0f000e00, 0x12001900, 0x24000d00, 0x13001600, 0x0d001600, 0x13001c00, 0xf4011300, 0x0e001100, 0x1c001b00, 0x0e001f00, 0x0e001a00, 0x13000d00, 
    0x20001600, 0x0d001500, 0x26001200, 0x44001200, 0x19001000, 0x26000e00, 0x10000d00, 0x1f001600, 0x19001000, 0x0d001200, 0x16001300, 0x19001900, 
    0x10003803, 0x1f001200, 0x0d001a00, 0x12001100, 0x16002300, 0x12001000, 0x16000d00, 0x13001b00, 0x36031c00, 0x12001000, 0x1a001f00, 0x10000d00, 
    0x1b001c00, 0x0e002100, 0x21001000, 0x10000d00, 0x19000e00, 0x1000f401, 0x1b000e00, 0x1f001c00, 0x1a000e00, 0x0d000e00, 0x16001300, 0x15002000, 
    0x26001200, 0x35031200, 0x12000f00, 0x1a001f00, 0x10000d00, 0x1a000e00, 0x1f001200, 0x0d000e00, 0x16001a00, 0xa3001000, 0x15000f00, 0x1b001c00, 
    0x19001200, 0x1b001600, 0x0d001800, 0x1f001200, 0x20000e00, 0x90021200, 0x15000f00, 0x1b001c00, 0x0d001200, 0x1c001300, 0x24001f00, 0x1f000e00, 
    0x12001100, 0xa6001100, 0x15000f00, 0x1b001c00, 0x19001200, 0x1b001600, 0x0d001800, 0x12002000, 0x22002100, 0xad021d00, 0x12000e00, 0x20001f00, 
    0x1b001c00, 0x19000e00, 0x23000d00, 0x11001600, 0x1c001200, 0x0e00a500, 0x1c001500, 0x12001b00, 0x16001900, 0x18001b00, 0x1f000d00, 0x1b001600, 
    0xcc021400, 0x12000e00, 0x1d001c00, 0x12001900, 0x1c000d00, 0x21002200, 0x16001900, 0x12001b00, 0x0e00cf02, 0x1f001200, 0x1c002000, 0x0d001b00, 
    0x22001c00, 0x19002100, 0x1b001600, 0x3c031200, 0x12000e00, 0x1a001f00, 0x20000d00, 0x0e001000, 0x0d001b00, 0x16002400, 0x16001300, 0x0e003b03, 
    0x1f001200, 0x0d001a00, 0x15001d00, 0x1b001c00, 0x0d001200, 0x20001a00, 0xa4001400, 0x15000e00, 0x1b001c00, 0x19001200, 0x1b001600, 0x0d001800, 
    0x1c001900, 0x18001000, 0x0e00a700, 0x12001f00, 0x12002000, 0x21001b00, 0x21000d00, 0x0d001c00, 0x19000e00, 0xfc011900, 0x16000e00, 0x21001000, 
    0x1f002200, 0x0d001200, 0x20000e00, 0x1d000d00, 0x13001100, 0x0e00ac03, 0x12001f00, 0x1b001400, 0x1b000e00, 0x0d002100, 0x1c002400, 0x0e001a00, 
    0xb7021b00, 0x1f000d00, 0x1c001600, 0x16001f00, 0x26002100, 0x15000d00, 0x14001600, 0x39031500, 0x12000d00, 0x1a001f00, 0x16000d00, 0x12001100, 
    0x21001b00, 0x21001600, 0x96032600, 0x19000d00, 0x26000e00, 0x13000d00, 0x1f001c00, 0x24000d00, 0x1f001c00, 0x73011800, 0x15000d00, 0x1b001c00, 
    0x0d001200, 0x1b000e00, 0x1f001100, 0x16001c00, 0x76011100, 0x15000d00, 0x1b001c00, 0x19001200, 0x1b001600, 0x0d001800, 0x13001c00, 0x69001300, 
    0x19000d00, 0x26000e00, 0x16001900, 0x21002000, 0x1d000d00, 0x0e001900, 0xfb012600, 0x15000d00, 0x21001c00, 0x0d001c00, 0x16001900, 0x1f000f00, 
    0x1f000e00, 0x91022600, 0x15000d00, 0x1b001c00, 0x0d001200, 0x1b001600, 0x21000d00, 0x19000e00, 0x94021800, 0x15000c00, 0x1b001c00, 0x0d001200, 
    0x0e001d00, 0x20002200, 0x11001200, 0x0c009302, 0x1c001500, 0x12001b00, 0x1a000d00, 0x20001600, 0x12002000, 0x92021100, 0x15000c00, 0x1b001c00, 
    0x0d001200, 0x1c001900, 0x18001000, 0x11001200, 0x0c007401, 0x1c001500, 0x12001b00, 0x16000d00, 0x15001d00, 0x1b001c00, 0xfa011200, 0x15000c00, 
    0x21001c00, 0x0d001c00, 0x0e001000, 0x12001a00, 0x0e001f00, 0x0c004600, 0x0e001900, 0x19002600, 0x20001600, 0x0d002100, 0x11000e00, 0x21021100, 
    0x15000c00, 0x21001c00, 0x0d001c00, 0x16001300, 0x21001900, 0x1f001200, 0x0b00f901, 0x1c001500, 0x1c002100, 0x0e000d00, 0x0f001900, 0x1a002200, 
    0x0b008501, 0x24001c00, 0x1f001200, 0x16000d00, 0x1d001b00, 0x21002200, 0x0a004300, 0x0e001900, 0x0d002600, 0x1f000e00, 0x1c001f00, 0x3a032400, 
    0x12000a00, 0x1a001f00, 0x1a000d00, 0x11001200, 0x0e001600, 0x0a00ce02, 0x1f001200, 0x1c002000, 0x0d001b00, 0x11000e00, 0x4e021100, 0x12000a00, 
    0x20001f00, 0x1b001c00, 0x1d000d00, 0x1b001600, 0x0a00ca02, 0x1f000e00, 0x26002100, 0x1a000d00, 0x11001c00, 0xb8021200, 0x16000900, 0x0d001200, 
    0x15001000, 0x1f000e00, 0x75012100, 0x15000900, 0x1b001c00, 0x19001200, 0x1b001600, 0x52021800, 0x16000800, 0x0d001b00, 0x1f001100, 0x1d001c00, 
    0x0800fd01, 0x1f001c00, 0x1f002100, 0x16000e00, 0xd0022100, 0x19000800, 0x20002200, 0x1c000d00, 0x12001b00, 0x0800f301, 0x1b000e00, 0x1f001c00, 
    0x1a000e00, 0xb3030e00, 0x0e000800, 0x0d001b00, 0x1c002100, 0x19001c00, 0x08003303, 0x14000e00, 0x23001200, 0x12001600, 0x34032400, 0x0e000700, 
    0x1a002600, 0x1b001200, 0x3a012100, 0x22000700, 0x19000f00, 0x20001600, 0xf2011500, 0x0e000700, 0x12001900, 0x21002100, 0x3e031200, 0x1c000700, 
    0x26001900, 0x12001a00, 0xd2021f00, 0x22000600, 0x19000f00, 0x10001600, 0x0600cb02, 0x1c001200, 0x19001d00, 0xcd021200, 0x12000600, 0x20001f00, 
    0x1b001c00, 0x05004003, 0x16001f00, 0x21001b00, 0x05004000, 0x22000e00, 0x12002000, 0x0500f801, 0x1c001500, 0x1c002100, 0x0500ae02, 0x24001c00, 
    0x1f001200, 0x05005302, 0x0e001900, 0x12001000, 0x05009500, 0x1c001500, 0x12001b00, 0x0500c902, 0x14000e00, 0x20001200, 0x0400d102, 0x19001c00, 
    0xc7031900, 0x1c000400, 0x19001c00, 0x0400ab03, 0x21001200, 0x07002000, 0x3c001000, 0x84006400, 0xc000a400, 0x9700d800, 0x22001500, 0x10001600, 
    0x0d001800, 0x1c001000, 0x21001b00, 0x10000e00, 0x20002100, 0x11000d00, 0x0e001600, 0x12001900, 0x98001f00, 0x22001300, 0x10001600, 0x0d001800, 
    0x1c001000, 0x21001b00, 0x10000e00, 0x20002100, 0x1a000d00, 0x16000e00, 0x70001900, 0x22000f00, 0x22001200, 0x0d001200, 0x19001d00, 0x26000e00, 
    0x1b000d00, 0x25001200, 0x42032100, 0x22000f00, 0x20001200, 0x16002100, 0x1b001c00, 0x0e000d00, 0x20001b00, 0x12002400, 0x41031f00, 0x22000d00, 
    0x1f001200, 0x0d002600, 0x22000f00, 0x19001600, 0x12001100, 0x48001f00, 0x22000b00, 0x22001200, 0x0d001200, 0x22001a00, 0x16002000, 0x47001000, 
    0x22000500, 0x22001200, 0x2c001200, 0x88005a00, 0xe000b400, 0x34010a01, 0x7c015801, 0xbe019e01, 0xfc01de01, 0x38021a02, 0x70025402, 0xa4028a02, 
    0xd602be02, 0x0603ee02, 0x32031c03, 0x5a034603, 0x82036e03, 0xa6039403, 0xc603b603, 0xe603d603, 0x0204f403, 0x1e041004, 0x3a042c04, 0x54044804, 
    0x6a046004, 0x1600dd02, 0x11000e00, 0x1c001600, 0x0f000d00, 0x21002200, 0x1c002100, 0x0d001b00, 0x1b002200, 0x15001000, 0x10001200, 0x12001800, 
    0xc6001100, 0x12001500, 0x1c001a00, 0x12002300, 0x10000d00, 0x1f001600, 0x19001000, 0x0d001200, 0x22001c00, 0x19002100, 0x1b001600, 0xff011200, 
    0x1c001500, 0x0e002100, 0x12002100, 0x0c000d00, 0x0d000300, 0x12001100, 0x1f001400, 0x12001200, 0x0d002000, 0x10001000, 0xb6032400, 0x12001400, 
    0x1c001a00, 0x12002300, 0x20000d00, 0x1c001500, 0x1d001d00, 0x1b001600, 0x0d001400, 0x0e001000, 0x21001f00, 0x1400de02, 0x11000e00, 0x1c001600, 
    0x0f000d00, 0x21002200, 0x1c002100, 0x0d001b00, 0x15001000, 0x10001200, 0x12001800, 0x71001100, 0x12001100, 0x1c001a00, 0x12002300, 0x13000d00, 
    0x1c001f00, 0x0d001a00, 0x22001e00, 0x22001200, 0xad031200, 0x12001100, 0x1c001000, 0x11001f00, 0x23000d00, 0x16001c00, 0x12001000, 0x1c000d00, 
    0x12002300, 0xdd021f00, 0x0e001000, 0x16001100, 0x0d001c00, 0x22000f00, 0x21002100, 0x1b001c00, 0x1c000d00, 0x13001300, 0x0f005502, 0x20001200, 
    0x0e002100, 0x1f002200, 0x1b000e00, 0x0d002100, 0x12001a00, 0x22001b00, 0x0f00de02, 0x11000e00, 0x1c001600, 0x0f000d00, 0x21002200, 0x1c002100, 
    0x0d001b00, 0x1b001c00, 0x0e00ae03, 0x22001c00, 0x11001b00, 0x11001200, 0x10000d00, 0x1f001c00, 0x12001b00, 0xfe011f00, 0x12000e00, 0x1c001a00, 
    0x12002300, 0x1f000d00, 0x11001200, 0x12000d00, 0x12002600, 0x0e004503, 0x1d001200, 0x1f001c00, 0x0d002100, 0x1f001d00, 0x0f001c00, 0x12001900, 
    0xc5001a00, 0x12000d00, 0x1c001a00, 0x12002300, 0x10000d00, 0x1f001600, 0x19001000, 0x4a001200, 0x12000d00, 0x12001000, 0x21001b00, 0x0e000d00, 
    0x21001000, 0x1f001c00, 0xc8032000, 0x1c000c00, 0x1a001c00, 0x20000d00, 0x1f001200, 0x16002300, 0x12001000, 0x0c00b703, 0x20001200, 0x1c002100, 
    0x12001f00, 0x1d000d00, 0x14000e00, 0x01021200, 0x1c000c00, 0x0e002100, 0x12002100, 0x1f000d00, 0x14001600, 0x21001500, 0x0b009900, 0x1b001600, 
    0x0d001400, 0x1c002300, 0x22001900, 0x12001a00, 0x0b005402, 0x21000e00, 0x0d001200, 0x12001f00, 0x16002300, 0x24001200, 0x0b000002, 0x21001c00, 
    0x21000e00, 0x0d001200, 0x12001900, 0x21001300, 0x0a006002, 0x20001200, 0x0e002100, 0x1f002200, 0x1b000e00, 0x4c002100, 0x12000a00, 0x12001d00, 
    0x21000e00, 0x1c000d00, 0x12001b00, 0x0900c800, 0x1d001200, 0x26001900, 0x0e000d00, 0x19001900, 0x09006400, 0x1d001200, 0x0e001900, 0x0d002600, 
    0x03000600, 0x09006300, 0x1d001200, 0x0e001900, 0x0d002600, 0x03000400, 0x0900b402, 0x0d002300, 0x1c001500, 0x18001c00, 0x1d002200, 0x08006500, 
    0x1d001200, 0x0e001900, 0x0d002600, 0xad000800, 0x20000800, 0x0d002000, 0x12001300, 0x11001200, 0x07008f03, 0x1c001200, 0x11001f00, 0x1f001200, 
    0x07004603, 0x20001200, 0x1c002100, 0x12001f00, 0x07004303, 0x10001200, 0x16001200, 0x21001d00, 0x07007902, 0x13001200, 0x12001f00, 0x15002000, 
    0x0600af03, 0x24001c00, 0x1b001600, 0x4b001400, 0x12000600, 0x12001d00, 0x21000e00, 0x0600c900, 0x1d001200, 0x1f001c00, 0xc4002100, 0x12000600, 
    0x1c001a00, 0x12002300, 0x06007701, 0x22001c00, 0x12002100, 0x44031f00, 0x12000600, 0x12001100, 0x1a001200, 0x06004d00, 0x1d001200, 0x0e001900, 
    0xc7002600, 0x12000500, 0x19001d00, 0x49002600, 0x0e000500, 0x16001100, 0x47031c00, 0x1c000400, 0x1a001c00, 0x0400c300, 0x11001200, 0x75001c00, 
    0x4401ec00, 0xae017c01, 0x1202e001, 0x76024402, 0xd602a602, 0x32030403, 0x8e036003, 0xea03bc03, 0x42041604, 0x9a046e04, 0xf204c604, 0x46051c05, 
    0x9a057005, 0xec05c405, 0x3c061406, 0x8a066406, 0xd406b006, 0x1c07f806, 0x64074007, 0xac078807, 0xf207d007, 0x36081408, 0x76085608, 0xb6089608, 
    0xf408d608, 0x30091209, 0x6c094e09, 0xa4098809, 0xdc09c009, 0x140af809, 0x4c0a300a, 0x840a680a, 0xbc0aa00a, 0xf00ad60a, 0x240b0a0b, 0x520b3c0b, 
    0x7e0b680b, 0xaa0b940b, 0xd60bc00b, 0x020cec0b, 0x2e0c180c, 0x580c440c, 0x800c6c0c, 0xa80c940c, 0xd00cbc0c, 0xf40ce20c, 0x180d060d, 0x3a0d2a0d, 
    0x5a0d4a0d, 0x7a0d6a0d, 0x980d8a0d, 0xb40da60d, 0xce0dc20d, 0xe60dda0d, 0xfc0df20d, 0x100e060e, 0x240e1a0e, 0x380e2e0e, 0x0001400e, 0x16002b00, 
    0x1b001400, 0x19000e00, 0x10000d00, 0x19001200, 0x22001900, 0x0e001900, 0x0d001f00, 0x1c001000, 0x1b001b00, 0x10001200, 0x12002100, 0x0d001100, 
    0x1c001b00, 0x16000d00, 0x21001b00, 0x1f001200, 0x12001b00, 0x0d002100, 0x0d000700, 0x0e000f00, 0xd9021f00, 0x12001b00, 0x21001b00, 0x1a001600, 
    0x1b001200, 0x0d002100, 0x12002300, 0x26001f00, 0x11000d00, 0x20001600, 0x0e002000, 0x16002100, 0x13002000, 0x12001600, 0xfe001100, 0x12001800, 
    0x21002100, 0x1b001600, 0x20001400, 0x20000d00, 0x20002600, 0x12002100, 0x0d001a00, 0x0e001100, 0x11002600, 0x12001f00, 0x1a000e00, 0x18005303, 
    0x21001200, 0x16002100, 0x14001b00, 0x0d002000, 0x1b001600, 0x22001d00, 0x0d002100, 0x1c001000, 0x1d001a00, 0x20001c00, 0x21001600, 0x52031200, 
    0x12001800, 0x21002100, 0x1b001600, 0x20001400, 0x16000d00, 0x1d001b00, 0x21002200, 0x10000d00, 0x1a001c00, 0x1c001d00, 0x12001b00, 0x21001b00, 
    0x1800da02, 0x1b001200, 0x16002100, 0x12001a00, 0x21001b00, 0x23000d00, 0x1f001200, 0x0d002600, 0x0e002000, 0x16002100, 0x13002000, 0x12001600, 
    0x7e021100, 0x22001800, 0x11000f00, 0x1f001600, 0x10001200, 0x1c002100, 0x26001f00, 0x0e000d00, 0x1f001f00, 0x24001c00, 0x1f000d00, 0x14001600, 
    0x21001500, 0x17007d02, 0x0f002200, 0x16001100, 0x12001f00, 0x21001000, 0x1f001c00, 0x0d002600, 0x1f000e00, 0x1c001f00, 0x0d002400, 0x12001900, 
    0x21001300, 0x17004c03, 0x21001200, 0x16002100, 0x14001b00, 0x0d002000, 0x0e000f00, 0x18001000, 0x1d002200, 0x1f000d00, 0x20001200, 0x1c002100, 
    0x12001f00, 0x16000101, 0x14001600, 0x0e001b00, 0x0d001900, 0x12001000, 0x19001900, 0x19002200, 0x1f000e00, 0x1b000d00, 0x0d001c00, 0x16002000, 
    0x51031a00, 0x12001600, 0x21002100, 0x1b001600, 0x20001400, 0x16000d00, 0x1d001b00, 0x21002200, 0x0e000d00, 0x21001b00, 0x1b001200, 0x0e001b00, 
    0x16009d00, 0x0e002100, 0x0d002600, 0x1f001d00, 0x1a001600, 0x1f000e00, 0x0d002600, 0x0e001900, 0x11001b00, 0x10002000, 0x1d000e00, 0x9b001200, 
    0x21001600, 0x26000e00, 0x10000d00, 0x1f002200, 0x12001f00, 0x21001b00, 0x19000d00, 0x1b000e00, 0x20001100, 0x0e001000, 0x12001d00, 0x16000501, 
    0x14001600, 0x0e001b00, 0x0d001900, 0x16002400, 0x16001300, 0x07000d00, 0x0f000d00, 0x1f000e00, 0x19000d00, 0x10001c00, 0xd6021800, 0x12001600, 
    0x21001b00, 0x1a001600, 0x1b001200, 0x0d002100, 0x16001100, 0x20002000, 0x21000e00, 0x20001600, 0x16001300, 0x11001200, 0x15005503, 0x21001200, 
    0x16002100, 0x14001b00, 0x0d002000, 0x1b001600, 0x22001d00, 0x0d002100, 0x23002000, 0x11001600, 0x1c001200, 0x15004b03, 0x21001200, 0x16002100, 
    0x14001b00, 0x0d002000, 0x1d000e00, 0x19001d00, 0x10001600, 0x21000e00, 0x1c001600, 0x20001b00, 0x15009c00, 0x0e002100, 0x0d002600, 0x22001000, 
    0x1f001f00, 0x1b001200, 0x0d002100, 0x1c001d00, 0x21001f00, 0x0e001f00, 0x21001600, 0x1500ff00, 0x14001600, 0x0e001b00, 0x0d001900, 0x12001000, 
    0x19001900, 0x19002200, 0x1f000e00, 0x07000d00, 0x0f000d00, 0x1f000e00, 0x15009e00, 0x0e002100, 0x0d002600, 0x1f001d00, 0x1a001600, 0x1f000e00, 
    0x0d002600, 0x1c001d00, 0x21001f00, 0x0e001f00, 0x21001600, 0x1500f900, 0x1f001000, 0x12001200, 0x0d001b00, 0x1c001900, 0x18001000, 0x19000d00, 
    0x1b000e00, 0x20001100, 0x0e001000, 0x12001d00, 0x14000201, 0x14001600, 0x0e001b00, 0x0d001900, 0x12001000, 0x19001900, 0x19002200, 0x1f000e00, 
    0x1b000d00, 0x19002200, 0x57021900, 0x21001400, 0x1f001c00, 0x0d001200, 0x0e001a00, 0x19001900, 0x11000d00, 0x1f001600, 0x10001200, 0x1c002100, 
    0x26001f00, 0x1400fb00, 0x1f001000, 0x12001200, 0x0d001b00, 0x1c001900, 0x18001000, 0x1f000d00, 0x21001c00, 0x21000e00, 0x1c001600, 0xfa001b00, 
    0x10001400, 0x12001f00, 0x1b001200, 0x19000d00, 0x10001c00, 0x0d001800, 0x1c001d00, 0x21001f00, 0x0e001f00, 0x21001600, 0x14006703, 0x0e002400, 
    0x0d001d00, 0x12002300, 0x21001f00, 0x10001600, 0x19000e00, 0x10000d00, 0x1f001600, 0x19001000, 0x03011200, 0x16001300, 0x1b001400, 0x19000e00, 
    0x10000d00, 0x19001200, 0x22001900, 0x0e001900, 0x0d001f00, 0x13001c00, 0x4f031300, 0x12001300, 0x21002100, 0x1b001600, 0x20001400, 0x0f000d00, 
    0x16001f00, 0x15001400, 0x1b002100, 0x20001200, 0x54032000, 0x12001300, 0x21002100, 0x1b001600, 0x20001400, 0x16000d00, 0x1d001b00, 0x21002200, 
    0x15000d00, 0x1a001100, 0xd8021600, 0x12001300, 0x21001b00, 0x1a001600, 0x1b001200, 0x0d002100, 0x0e002000, 0x16002100, 0x13002000, 0x12001600, 
    0x4d031100, 0x12001200, 0x21002100, 0x1b001600, 0x20001400, 0x0f000d00, 0x22001900, 0x21001200, 0x1c001c00, 0x15002100, 0x12006403, 0x1d002200, 
    0x1f001200, 0x16002300, 0x1c002000, 0x0d001f00, 0x10000e00, 0x1c001000, 0x1b002200, 0x04012100, 0x16001100, 0x1b001400, 0x19000e00, 0x24000d00, 
    0x13001600, 0x0d001600, 0x0d000700, 0x0e000f00, 0xab001f00, 0x21001100, 0x1d001c00, 0x20000d00, 0x1f001000, 0x12001200, 0x0d001b00, 0x15002000, 
    0x1f000e00, 0x50031200, 0x12001100, 0x21002100, 0x1b001600, 0x20001400, 0x12000d00, 0x15002100, 0x1f001200, 0x12001b00, 0xd7022100, 0x12001100, 
    0x21001b00, 0x1a001600, 0x1b001200, 0x0d002100, 0x12001b00, 0x21002200, 0x0e001f00, 0x56031900, 0x12001100, 0x21002100, 0x1b001600, 0x20001400, 
    0x1c000d00, 0x12002300, 0x20001f00, 0x0e001000, 0xb8031b00, 0x1d001100, 0x0e001200, 0x12001800, 0x0d001f00, 0x1c001b00, 0x12002100, 0x0d002000, 
    0x13001c00, 0x72001300, 0x19001100, 0x24001c00, 0x1a000d00, 0x21001c00, 0x1c001600, 0x0d001b00, 0x16002300, 0x12001100, 0x68031c00, 0x26001100, 
    0x21002000, 0x1a001200, 0x22000d00, 0x11001d00, 0x21000e00, 0x0d001200, 0x19000e00, 0x4f032100, 0x12001000, 0x21002100, 0x1b001600, 0x20001400, 
    0x11000d00, 0x20001600, 0x19001d00, 0x26000e00, 0x10006703, 0x0e002400, 0x0d001d00, 0x12002300, 0x21001f00, 0x10000d00, 0x1f001600, 0x19001000, 
    0x68031200, 0x26001000, 0x21002000, 0x1a001200, 0x22000d00, 0x11001d00, 0x21000e00, 0x0d001200, 0x23002100, 0x0f003c01, 0x1f002100, 0x18001600, 
    0x21001200, 0x1f001500, 0x22001c00, 0x15001400, 0x20000d00, 0x0f00fc00, 0x1f001000, 0x12001200, 0x0d001b00, 0x1c001f00, 0x0e002100, 0x16002100, 
    0x1b001c00, 0x0f005d03, 0x1c001500, 0x1d001d00, 0x1b001600, 0x0d001400, 0x0e000f00, 0x18002000, 0x21001200, 0x0f000601, 0x14001600, 0x0e001b00, 
    0x0d001900, 0x16002400, 0x16001300, 0x1c000d00, 0x13001300, 0x0f005903, 0x21001200, 0x16002100, 0x14001b00, 0x0d002000, 0x12001f00, 0x1c001a00, 
    0x12002100, 0x0e009602, 0x1a001600, 0x10000d00, 0x1f000e00, 0x0d001100, 0x19000e00, 0x1f001200, 0x54002100, 0x22000e00, 0x1f001f00, 0x22001c00, 
    0x11001b00, 0x20000d00, 0x22001c00, 0x11001b00, 0x0e005803, 0x21001200, 0x16002100, 0x14001b00, 0x0d002000, 0x1c001d00, 0x12002400, 0x57031f00, 
    0x12000e00, 0x21002100, 0x1b001600, 0x20001400, 0x1d000d00, 0x1c001500, 0x12001b00, 0x0e005a03, 0x21001200, 0x16002100, 0x14001b00, 0x0d002000, 
    0x1c002300, 0x10001600, 0x05021200, 0x24000d00, 0x21001600, 0x15001000, 0x10000d00, 0x1a000e00, 0x1f001200, 0x5f030e00, 0x1d000d00, 0x0e001200, 
    0x12001800, 0x0d001f00, 0x1c001b00, 0x12002100, 0x7d012000, 0x1d000d00, 0x0e001200, 0x12001800, 0x0d001f00, 0x1f001400, 0x22001c00, 0x5e001d00, 
    0x1c000d00, 0x21001f00, 0x0f000d00, 0x0d002600, 0x19000e00, 0x15001d00, 0xca030e00, 0x1a000d00, 0x18001c00, 0x1b001600, 0x0d001400, 0x1c001f00, 
    0x1a001c00, 0x9c022000, 0x26000d00, 0x21002000, 0x1a001200, 0x22000d00, 0x11001d00, 0x21000e00, 0x5e031200, 0x15000d00, 0x1d001c00, 0x16001d00, 
    0x14001b00, 0x10000d00, 0x1f000e00, 0x50002100, 0x18000d00, 0x1d001600, 0x1d000d00, 0x12001f00, 0x16002300, 0x22001c00, 0x6e002000, 0x22000d00, 
    0x20000f00, 0x1f001000, 0x1d001600, 0x16002100, 0x1b001c00, 0x4e032000, 0x12000d00, 0x21002100, 0x1b001600, 0x20001400, 0x10000d00, 0x19001200, 
    0x9a021900, 0x26000d00, 0x10001b00, 0x11000d00, 0x20001600, 0x0f000e00, 0x12001900, 0x9a001100, 0x1d000d00, 0x0e001200, 0x12001800, 0x0d001f00, 
    0x15001d00, 0x1b001c00, 0x06021200, 0x24000c00, 0x21001600, 0x15001000, 0x23000d00, 0x11001600, 0x1c001200, 0x0c009b02, 0x1b002600, 0x0d001000, 
    0x1f001d00, 0x0f001c00, 0x12001900, 0xe1021a00, 0x21000c00, 0x1f000e00, 0x1c000d00, 0x21002200, 0x16001900, 0x12001b00, 0x0c00aa00, 0x1f001000, 
    0x12001200, 0x0d001b00, 0x15002000, 0x1f000e00, 0xe1021200, 0x21000b00, 0x1f000e00, 0x0f000d00, 0x1f001c00, 0x12001100, 0x60031f00, 0x1d000a00, 
    0x19001200, 0x10001900, 0x12001500, 0x18001000, 0x0a009802, 0x20001a00, 0x13000d00, 0x16000e00, 0x12001900, 0x65031100, 0x24000a00, 0x1d000e00, 
    0x15000d00, 0x1f001c00, 0x27001600, 0x0a00c903, 0x1c001a00, 0x12001800, 0x13000d00, 0x12001f00, 0x7b011200, 0x1a000a00, 0x1f000e00, 0x1d002100, 
    0x1c001500, 0x12001b00, 0x0a00cb00, 0x19001200, 0x10001200, 0x0d002100, 0x19000e00, 0xfd001900, 0x11000a00, 0x20000d00, 0x1c002100, 0x0e001f00, 
    0x12001400, 0x0a009f00, 0x0e002400, 0x0d001d00, 0x0e001000, 0x19001900, 0x62022000, 0x21000a00, 0x12001f00, 0x21001200, 0x16002300, 0x24001200, 
    0x0a000302, 0x1f002100, 0x16000e00, 0x15001400, 0x12002100, 0xbc021b00, 0x15000a00, 0x24001c00, 0x10000d00, 0x0e001500, 0x21001f00, 0x0a004601, 
    0x1c001500, 0x21001f00, 0x21000d00, 0x25001200, 0x53002100, 0x22000900, 0x21000f00, 0x21001600, 0x12001900, 0xe0022000, 0x21000900, 0x1f000e00, 
    0x15000d00, 0x19000e00, 0x02021300, 0x19000900, 0x11001600, 0x20001200, 0x1c001500, 0x66032400, 0x24000900, 0x1d000e00, 0x23000d00, 0x1f001200, 
    0x4f002100, 0x18000900, 0x1d001600, 0x1b000d00, 0x25001200, 0x3b012100, 0x1d000900, 0x10000e00, 0x0d001200, 0x0e000f00, 0x56021f00, 0x0e000900, 
    0x12002100, 0x19001900, 0x21001600, 0x79011200, 0x12000800, 0x22001000, 0x16001f00, 0x26002100, 0x08007a01, 0x1a001600, 0x10000d00, 0x1f000e00, 
    0x5c031100, 0x15000800, 0x1d001c00, 0x21000d00, 0x1c002400, 0x08004803, 0x15001000, 0x11001200, 0x19002200, 0x4a031200, 0x12000800, 0x21002100, 
    0x1b001600, 0x20001400, 0x07006303, 0x0f002200, 0x12001700, 0x21001000, 0x07004e00, 0x22001500, 0x13001300, 0x12001900, 0x07009502, 0x0d001100, 
    0x0e001000, 0x11001f00, 0x07007c01, 0x12001d00, 0x18000e00, 0x1f001200, 0x07007801, 0x0e001000, 0x1b001b00, 0x1f001200, 0x07000701, 0x1c002100, 
    0x0e001f00, 0x12001400, 0x0600d302, 0x15001000, 0x1c001c00, 0x51001900, 0x1b000600, 0x1c001c00, 0x12002700, 0x06004903, 0x0e001200, 0x10001f00, 
    0x63021500, 0x22000600, 0x24000f00, 0x26000e00, 0x05006103, 0x0e002100, 0x20001f00, 0x0500d402, 0x0e001500, 0x12001f00, 0x05000402, 0x26002100, 
    0x12001900, 0x05006203, 0x1c002100, 0x12001f00, 0x0400cd00, 0x1f001c00, 0xdf022100, 0x21000400, 0x1f000e00, 0x04005b03, 0x1c001500, 0xcc001d00, 
    0x12000400, 0x11001b00, 0x04009902, 0x1b002600, 0xca001000, 0x0e000400, 0x12002300, 0x04005200, 0x1c002100, 0x97021d00, 0x1a000300, 0xcb032000, 
    0x1d000300, 0x2d000e00, 0x90005c00, 0xd000b200, 0x0c01ee00, 0x44012801, 0x7c016001, 0xb2019801, 0xe201ca01, 0x1002fa01, 0x3a022602, 0x62024e02, 
    0x8a027602, 0xb2029e02, 0xd602c402, 0xfa02e802, 0x1c030c03, 0x3c032c03, 0x5c034c03, 0x76036a03, 0x8e038203, 0xa4039a03, 0xb803ae03, 0xca03c203, 
    0x6602d203, 0x1f001900, 0x1b000e00, 0x13002000, 0x1f001200, 0x24000d00, 0x21001600, 0x16001500, 0x0d001b00, 0x0d000e00, 0x21002000, 0x21000e00, 
    0x1c001600, 0x75031b00, 0x1f001000, 0x1b001200, 0x16001100, 0x14001b00, 0x1b000d00, 0x22001200, 0x1f002100, 0x19000e00, 0x0e006e03, 0x22001500, 
    0x0f001a00, 0x0d002000, 0x1d002200, 0x11000d00, 0x24001c00, 0x7f011b00, 0x0e000e00, 0x19000f00, 0x21001200, 0x0e000d00, 0x11001b00, 0x1c001f00, 
    0x11001600, 0x0e006a03, 0x0f000e00, 0x22000d00, 0x20001b00, 0x19001200, 0x10001200, 0x12002100, 0x72031100, 0x1f000d00, 0x10000e00, 0x0d001800, 
    0x15001000, 0x1b000e00, 0x12001400, 0x9e022000, 0x16000d00, 0x12001a00, 0x21000d00, 0x0d001c00, 0x12001900, 0x23000e00, 0x78031200, 0x22000d00, 
    0x1b001f00, 0x11001200, 0x16000d00, 0x0d001b00, 0x1c001b00, 0x74032100, 0x1f000d00, 0x1b001200, 0x16001100, 0x14001b00, 0x11000d00, 0x24001c00, 
    0x75031b00, 0x1f000d00, 0x1b001200, 0x16001100, 0x14001b00, 0x13000d00, 0x0e001900, 0x9d022100, 0x0e000c00, 0x0d001d00, 0x1b000e00, 0x0d001100, 
    0x19001d00, 0x26000e00, 0x0b007603, 0x12001f00, 0x11001b00, 0x1b001600, 0x0d001400, 0x1d002200, 0x0b00ce00, 0x25001200, 0x0d002100, 0x1c001300, 
    0x1a001f00, 0x21000e00, 0x0b004701, 0x25001200, 0x0d002100, 0x16001300, 0x19001200, 0x20001100, 0x0a006c03, 0x22001500, 0x0f001a00, 0x11000d00, 
    0x24001c00, 0x80011b00, 0x0e000a00, 0x19000f00, 0x21001200, 0x1a000d00, 0x10000e00, 0x0900a103, 0x22001c00, 0x15001000, 0x0e000d00, 0x1d001d00, 
    0x09000d02, 0x1a001600, 0x1f001200, 0x1c000d00, 0x13001300, 0x09000902, 0x1a001600, 0x19001200, 0x1d000e00, 0x12002000, 0x09000702, 0x14000e00, 
    0x13000d00, 0x10000e00, 0x20001200, 0x09000f02, 0x0e001f00, 0x20001b00, 0x1c001300, 0x1a001f00, 0x09007703, 0x1f002200, 0x12001b00, 0x0d001100, 
    0x1b001600, 0x09007303, 0x0e001f00, 0x20001b00, 0x0e001900, 0x12002100, 0x08006d03, 0x22001500, 0x0f001a00, 0x22000d00, 0x0e021d00, 0x1c000800, 
    0x0e001b00, 0x16001900, 0x26002100, 0x08006b03, 0x12001500, 0x21000e00, 0x1f001200, 0x0a022000, 0x16000800, 0x12001a00, 0x0d001f00, 0x03000400, 
    0x0800b003, 0x1a001600, 0x19001200, 0x1b001600, 0x08021200, 0x12000700, 0x21002500, 0x1f002200, 0xa0001200, 0x12000700, 0x21002500, 0x1a002000, 
    0x59022000, 0x1f000700, 0x13000e00, 0x16001300, 0x0b021000, 0x16000700, 0x12001a00, 0x0d001f00, 0x58020600, 0x12000700, 0x1f001f00, 0x16000e00, 
    0x7e011b00, 0x0e000600, 0x19000f00, 0x21001200, 0x05004901, 0x21001600, 0x12001900, 0x05000c02, 0x1a001600, 0x1f001200, 0x05006402, 0x0e001f00, 
    0x1b001600, 0x05007003, 0x11001c00, 0x26000e00, 0x04008101, 0x26001c00, 0x65022000, 0x1f000400, 0x1a000e00, 0x04001002, 0x1b002200, 0x71031200, 
    0x1c000400, 0x19001900, 0x03006f03, 0x10001c00, 0x03006903, 0x0f000e00, 0x02008201, 0x06002300, 0x26000e00, 0x52003e00, 0x6a006000, 0x0b007b02, 
    0x13001b00, 0x19001c00, 0x0d001100, 0x1c001a00, 0x12001f00, 0x0b007a02, 0x13001b00, 0x19001c00, 0x0d001100, 0x12001900, 0x20002000, 0x0900d200, 
    0x0e001b00, 0x10001f00, 0x16001500, 0x12002300, 0x0600b103, 0x11001d00, 0x21000e00, 0xcf001200, 0x1b000400, 0x1c001100, 0x03000801, 0x0f002000, 
    0x4c002500, 0xa4007800, 0xec00ca00, 0x2e010e01, 0x68014c01, 0xa0018401, 0xd601bc01, 0x0802f001, 0x38022002, 0x68025002, 0x98028002, 0xc402ae02, 
    0xf002da02, 0x1c030603, 0x46033203, 0x6e035a03, 0x96038203, 0xba03a803, 0xde03cc03, 0x15003e01, 0x1f001200, 0x16002100, 0x0e001000, 0x0d001900, 
    0x19000e00, 0x14001600, 0x0d001b00, 0x12001000, 0x21001b00, 0x1f001200, 0x15003d01, 0x1f001200, 0x16002100, 0x0e001000, 0x0d001900, 0x19000e00, 
    0x14001600, 0x0d001b00, 0x1c000f00, 0x21002100, 0x1a001c00, 0x12003f01, 0x1f001200, 0x16002100, 0x0e001000, 0x0d001900, 0x19000e00, 0x14001600, 
    0x0d001b00, 0x1c002100, 0x55001d00, 0x16001000, 0x12001100, 0x0d001c00, 0x1c001000, 0x19001900, 0x10001200, 0x16002100, 0x1b001c00, 0x10001102, 
    0x12001600, 0x0d002400, 0x1c001000, 0x13001a00, 0x1f001c00, 0x0e002100, 0x19000f00, 0x87011200, 0x16000f00, 0x12001100, 0x14001c00, 0x1a000e00, 
    0x0d001200, 0x20000e00, 0x12002000, 0x86032100, 0x16000e00, 0x16002000, 0x16000f00, 0x16001900, 0x26002100, 0x1c000d00, 0x13001300, 0x0d007f03, 
    0x12001600, 0x0d002400, 0x12001500, 0x11000e00, 0x16001900, 0x12001b00, 0x0d005500, 0x11001600, 0x1c001200, 0x19000d00, 0x0f001600, 0x0e001f00, 
    0x26001f00, 0x0d007c03, 0x12001600, 0x0d002400, 0x0e001000, 0x1c001f00, 0x20002200, 0x19001200, 0x0d007903, 0x1f001200, 0x13001600, 0x12001600, 
    0x0d001100, 0x20002200, 0x1f001200, 0x0c001202, 0x12001600, 0x0d002400, 0x1c001000, 0x1d001a00, 0x10000e00, 0x57002100, 0x16000c00, 0x12001100, 
    0x10001c00, 0x1a000e00, 0x1c000d00, 0x13001300, 0x0b008303, 0x12001600, 0x0d002400, 0x21002000, 0x12001f00, 0x1a000e00, 0x0b007d03, 0x12001600, 
    0x0d002400, 0x1c001000, 0x22001900, 0x1b001a00, 0x0b007b00, 0x11001600, 0x1c001200, 0x19000d00, 0x0f000e00, 0x19001200, 0x0b008103, 0x12001600, 
    0x0d002400, 0x1c001a00, 0x22001100, 0x12001900, 0x0b007a03, 0x12001600, 0x0d002400, 0x14000e00, 0x1b001200, 0x0e001100, 0x0b005800, 0x19001c00, 
    0x1a002200, 0x0d001200, 0x1c001100, 0x1b002400, 0x0b005900, 0x19001c00, 0x1a002200, 0x0d001200, 0x22001a00, 0x12002100, 0x0a008503, 0x20001600, 
    0x0f001600, 0x19001600, 0x21001600, 0x7b032600, 0x16000a00, 0x24001200, 0x0e000d00, 0x1f001f00, 0x26000e00, 0x0a007a00, 0x11001600, 0x1c001200, 
    0x10000d00, 0x19000e00, 0xa0021900, 0x1c000a00, 0x10001600, 0x0d001200, 0x15001000, 0x21000e00, 0x0a001102, 0x12001600, 0x0d002400, 0x1c001000, 
    0x13001a00, 0x82032600, 0x16000a00, 0x24001200, 0x1e000d00, 0x16002200, 0x21001900, 0x0a005a00, 0x19001c00, 0x1a002200, 0x0d001200, 0x13001c00, 
    0x9f021300, 0x16000900, 0x1f000f00, 0x21000e00, 0x1c001600, 0x84031b00, 0x16000900, 0x24001200, 0x24000d00, 0x12001200, 0x80031800, 0x16000900, 
    0x24001200, 0x19000d00, 0x20001600, 0xa1002100, 0x1c000900, 0x10001600, 0x1a001200, 0x16000e00, 0x5b001900, 0x1c000900, 0x22001900, 0x12001a00, 
    0x22000d00, 0x1b021d00, 0x16000800, 0x1b001400, 0x21001200, 0x12002100, 0x08007e03, 0x12001600, 0x0d002400, 0x0e001100, 0x56002600, 0x16000800, 
    0x12001100, 0x10001c00, 0x1a000e00, 0x0800a102, 0x1b001d00, 0x19000d00, 0x10001c00, 0xa2001800, 0x1d000700, 0x0d001b00, 0x12001800, 0x17002600, 
    0x54003000, 0x94007400, 0xce00b200, 0x0201ea00, 0x2a011601, 0x52013e01, 0x78016601, 0x9a018a01, 0xba01aa01, 0xd601ca01, 0xea01e001, 0x8803f201, 
    0x0e001100, 0x19001900, 0x21001200, 0x1a000d00, 0x1a001200, 0x12000f00, 0x20001f00, 0x16001500, 0x15021d00, 0x0f000f00, 0x16000d00, 0x10001b00, 
    0x1b000e00, 0x12001100, 0x10002000, 0x1b001200, 0x87032100, 0x0e000f00, 0x19001900, 0x21001200, 0x14000d00, 0x13001600, 0x10002100, 0x1f000e00, 
    0x0a011100, 0x16000e00, 0x16001300, 0x21000d00, 0x21001200, 0x12001500, 0x16001f00, 0x14001b00, 0x0d001c02, 0x0d000f00, 0x1f001600, 0x11001600, 
    0x20001200, 0x12001000, 0x21001b00, 0x0d008903, 0x19000e00, 0x12001900, 0x0d002100, 0x1f002100, 0x23000e00, 0x19001200, 0x0b00b203, 0x21000e00, 
    0x15001000, 0x19000d00, 0x21000e00, 0x1f001200, 0x09007300, 0x0f001200, 0x0e000d00, 0x20002000, 0x21001200, 0x0900f700, 0x19000e00, 0x1d001900, 
    0x1d000e00, 0x1f001200, 0x09004001, 0x0e001f00, 0x0d001d00, 0x12002100, 0x21002500, 0x09000901, 0x13001600, 0x0d001600, 0x1c001900, 0x18001000, 
    0x09001402, 0x0d000f00, 0x19001000, 0x22001c00, 0x26001100, 0x0800d502, 0x0e001500, 0x20002100, 0x1c001500, 0x16022100, 0x0f000800, 0x20000d00, 
    0x1b002200, 0x26001b00, 0x0700f800, 0x11001600, 0x12001400, 0x20002100, 0x07001302, 0x0d000f00, 0x22000e00, 0x1c002100, 0x0700d400, 0x12001200, 
    0x12001800, 0x11001b00, 0x07002a00, 0x1f000e00, 0x16001b00, 0x14001b00, 0x05008301, 0x21000e00, 0x15001000, 0x04008a03, 0x1f001c00, 0xb0021800, 
    0x16000400, 0x16001300, 0x03005c00, 0x0f001200, 0x0200af02, 0x01001000, 0x8b030400, 0x1c001400, 0x21002200, 0x0f002200, 0x0d001200, 0x12002000, 
    0x1f000e00, 0x15001000, 0x11001200, 0x13000d00, 0x1f001c00, 0x08000300, 0x34002200, 0x0c005f02, 0x1c001c00, 0x0d001a00, 0x22001c00, 0x0d002100, 
    0x0e001a00, 0x91031d00, 0x1c000800, 0x1a001c00, 0x1c000d00, 0x21002200, 0x07009003, 0x1c001c00, 0x0d001a00, 0x1b001600, 0x04000200, 0x06000600, 
    0x0e000000, 0x01001600, 0x24001800, 0x26000a00, 0x17002700, 
};

