// File: 'Roboto-Light.ttf' (167000 bytes)
// Exported using binary_to_compressed_c.cpp
static const unsigned int roboto_light_size = 167000;
static const unsigned int roboto_light_data[167000/4] =
{
    0x00000100, 0x00011200, 0x20000400, 0x46454447, 0x82b042b4, 0x98160200, 0x62020000, 0x534f5047, 0xd7121aff, 0xfc180200, 0xcc5d0000, 0x42555347, 
    0x59e482eb, 0xc8760200, 0x90150000, 0x322f534f, 0x91b11e97, 0x58040200, 0x60000000, 0x70616d63, 0x6d51eec6, 0xd0090200, 0x82060000, 0x20747663, 
    0x9e04bb2f, 0x4c130200, 0x58000000, 0x6d677066, 0xab22fa7f, 0x54100200, 0xbc010000, 0x70736167, 0x13000800, 0x8c160200, 0x0c000000, 0x66796c67, 
    0x0485ffbc, 0x2c010000, 0x56e40100, 0x786d6468, 0x70526047, 0xb8040200, 0x18050000, 0x64616568, 0x69d259fc, 0xc4ef0100, 0x36000000, 0x61656868, 
    0x970aa90a, 0x34040200, 0x24000000, 0x78746d68, 0x3fbdd255, 0xfcef0100, 0x38140000, 0x61636f6c, 0x7496f615, 0xa4e50100, 0x1e0a0000, 0x7078616d, 
    0x5c033e07, 0x84e50100, 0x20000000, 0x656d616e, 0x2c6d513d, 0xa4130200, 0xc8020000, 0x74736f70, 0x64006dff, 0x6c160200, 0x20000000, 0x70657270, 
    0x570f2f7a, 0x10120200, 0x3a010000, 0x64000500, 0x28030000, 0x0300b005, 0x09000600, 0x0f000c00, 0x0cb26f00, 0x12111110, 0x100cb039, 0xb0d000b0, 
    0x06b0100c, 0x100cb0d0, 0xb0d009b0, 0x0db0100c, 0x00b000d0, 0x02b05845, 0x02b11b2f, 0xb0593e1e, 0xb0584500, 0xb11b2f00, 0x593e0e00, 0x000204b2, 
    0xb2391211, 0x11000205, 0x07b23912, 0x12110002, 0x0208b239, 0x39121100, 0xb2dc0ab0, 0x1100020c, 0x0db23912, 0x12110002, 0x1002b039, 0x30dc0eb0, 
    0x11212131, 0x01110321, 0x03011101, 0x01350121, 0xfd280321, 0x36c4023c, 0xbafeeefe, 0x02e40c01, 0x01fefe03, 0x05fdfd02, 0x05a4fab0, 0x027dfd07, 
    0x0211fb77, 0x025efd78, 0x5e02885e, 0x99000200, 0x3e01f8ff, 0x0300b005, 0x3c000d00, 0x0f0e06b2, 0xb0391211, 0x00b01006, 0x00b000d0, 0x02b05845, 
    0x02b11b2f, 0xb0593e1e, 0xb0584500, 0xb11b2f0c, 0x593e0e0c, 0xb00506b1, 0x21582b0a, 0x59f41bd8, 0xb0d001b0, 0x31302f01, 0x33032301, 0x32363403, 
    0x06141516, 0x1c012622, 0x8a7c066f, 0x2d2d4c2c, 0x95012c4c, 0x96fa1b04, 0x222f2f22, 0x002d2d21, 0x8f000200, 0xdf013b04, 0x04000006, 0x15000900, 
    0x2f03b000, 0xb0d002b0, 0x07b02f02, 0x1003b0d0, 0x30d008b0, 0x23031331, 0x03173313, 0xf3331323, 0x61035014, 0x045114ec, 0xfe740561, 0x8cc501c7, 
    0xc501c7fe, 0x55000200, 0xb1040000, 0x1b00b005, 0x91001f00, 0x4500b000, 0x2f0cb058, 0x1e0cb11b, 0x00b0593e, 0x10b05845, 0x10b11b2f, 0xb0593e1e, 
    0xb0584500, 0xb11b2f02, 0x593e0e02, 0x584500b0, 0x1b2f1ab0, 0x3e0e1ab1, 0x0c1db259, 0x39121102, 0x2f1db07c, 0x0300b118, 0x582b0ab0, 0xf41bd821, 
    0xd004b059, 0xb0101db0, 0x1db0d006, 0xd00bb010, 0xb12f0bb0, 0x0ab00308, 0xd821582b, 0xb059f41b, 0x0eb0100b, 0x100bb0d0, 0xb0d012b0, 0x14b01008, 
    0x101db0d0, 0xb0d016b0, 0x18b01000, 0x1008b0d0, 0x30d01eb0, 0x03210131, 0x35231323, 0x35211321, 0x03331321, 0x03331321, 0x03231533, 0x03211533, 
    0x13210323, 0xfef10221, 0x4d634dc6, 0x531001ff, 0x2901e9fe, 0x014f634f, 0x4f644f3b, 0xff53f7e5, 0x644deffe, 0x533b01dc, 0x9a01c5fe, 0x9a0166fe, 
    0x60b9015d, 0x60fea001, 0x60fea001, 0x5d47fe60, 0xf70166fe, 0x0100b901, 0x30ff7300, 0x8d06fd03, 0x7b002b00, 0x2d2c03b2, 0x00391211, 0xb02f0ab0, 
    0xb0584500, 0xb11b2f09, 0x593e1e09, 0x584500b0, 0x1b2f0cb0, 0x3e1e0cb1, 0x4500b059, 0x2f20b058, 0x1420b11b, 0x00b0593e, 0x22b05845, 0x22b11b2f, 
    0xb2593e0e, 0x11092202, 0x09b03912, 0x0113b110, 0x582b0ab0, 0xf41bd821, 0x1002b059, 0xb00119b1, 0x21582b0a, 0x59f41bd8, 0xb01022b0, 0x22b0d01f, 
    0x0129b110, 0x582b0ab0, 0xf41bd821, 0x01313059, 0x26272634, 0x36343526, 0x15333537, 0x23151616, 0x22232634, 0x16141506, 0x15161604, 0x15070614, 
    0x26263523, 0x16143335, 0x03363233, 0xe2b69085, 0x66acc8b6, 0xa377c1b0, 0x929f8e8d, 0x4f9f5f01, 0xc965b3cd, 0xa3b678dc, 0x6701b38e, 0x473f8d6f, 
    0xcba39bc3, 0x10caca0e, 0xb99dc7e8, 0x87787c95, 0x68956d77, 0xbe0ec9a4, 0xc5e30dbd, 0x0098b19c, 0x6d000500, 0x8405ebff, 0x0c00c505, 0x26001a00, 
    0x38003400, 0xb0006e00, 0x37b02f35, 0x4500b02f, 0x2f02b058, 0x1e02b11b, 0x00b0593e, 0x24b05845, 0x24b11b2f, 0xb0593e0e, 0x0ab01002, 0x2f0ab0d0, 
    0xb00410b1, 0x21582b0a, 0x59f41bd8, 0xb11002b0, 0x0ab00417, 0xd821582b, 0xb059f41b, 0x1db01024, 0x2f1db0d0, 0xb11024b0, 0x0ab0042a, 0xd821582b, 
    0xb059f41b, 0x31b1101d, 0x2b0ab004, 0x1bd82158, 0x313059f4, 0x32363413, 0x14151516, 0x26222306, 0x16141735, 0x35363233, 0x23263435, 0x01150622, 
    0x16323634, 0x06141515, 0x17352622, 0x32331614, 0x34353536, 0x06222326, 0x01270515, 0xf8a16d17, 0x7b7c9fa1, 0x576761a4, 0x54686555, 0x7c026953, 
    0xa1a3f6a1, 0x6760a3f6, 0x67655657, 0xfe685456, 0xc7024b08, 0x8298044b, 0x4788abab, 0x8aa8ab80, 0x79785d07, 0x795d4960, 0xd3fc6478, 0x8aa9aa82, 
    0xa9aa8247, 0x785e0588, 0x60496279, 0xe8637675, 0x30720430, 0x6c000300, 0xcf04ecff, 0x1e00c405, 0x35002900, 0x2db27b00, 0x12113736, 0x102db039, 
    0xb0d017b0, 0x20b0102d, 0x00b000d0, 0x06b05845, 0x06b11b2f, 0xb0593e1e, 0xb0584500, 0xb11b2f13, 0x593e0e13, 0x584500b0, 0x1b2f18b0, 0x3e0e18b1, 
    0x060db259, 0x39121113, 0x130615b2, 0xb2391211, 0x1113061e, 0x1fb13912, 0x2b0ab001, 0x1bd82158, 0x24b259f4, 0x12111306, 0x062cb239, 0x39121113, 
    0xb11006b0, 0x0ab00133, 0xd821582b, 0x3059f41b, 0x26260131, 0x33363435, 0x14151632, 0x36010707, 0x07143335, 0x06272317, 0x26222306, 0x37363435, 
    0x37363213, 0x06072701, 0x03161415, 0x36371714, 0x26343536, 0x01062223, 0xb64f5794, 0xa6ac8b99, 0x5b9001a0, 0x90c7806f, 0x73cf4f7e, 0x9d7df4d0, 
    0x44ab5baa, 0x2e0e69fe, 0x8731b4c4, 0x6c524083, 0x0374625a, 0x51a5691a, 0x7ca1b299, 0xfe7c8b90, 0xf8ba932e, 0x4e92e8ab, 0x6ab2d558, 0x41fd76bd, 
    0xd801474d, 0x96a0230f, 0x2c049f83, 0x2e64a67a, 0x694e4a6e, 0x0100007e, 0x42047700, 0x0006e200, 0x0c000500, 0x2f04b000, 0xb0d002b0, 0x31302f02, 
    0x12230313, 0x11e23335, 0x0566055a, 0x01cffe73, 0x01009628, 0x2afe8c00, 0x60066d02, 0x10001200, 0x141308b2, 0x00391211, 0xb02f04b0, 0x31302f0f, 
    0x12123413, 0x020e1737, 0x12141502, 0x26071712, 0x708c0202, 0x421d7cd8, 0x5f3f6682, 0x7f1d64a6, 0x4c026dd8, 0x019b01da, 0x2f514a55, 0xcbfef8b4, 
    0x7efed1c4, 0x4d4ad9fe, 0x0153014c, 0x01000097, 0x2afe2100, 0x60060202, 0x10001100, 0x131207b2, 0x00391211, 0xb02f04b0, 0x31302f0e, 0x02021401, 
    0x12362707, 0x02343512, 0x16372702, 0x02021212, 0x1d81d66d, 0x6060a762, 0x7e1d60a9, 0x3d0270d6, 0xfe69fedc, 0x464d4eae, 0x87012601, 0x8101cfe5, 
    0x4d452f01, 0xfeaefe4d, 0x01000064, 0x7d021d00, 0xb0054a03, 0x20000e00, 0x4500b000, 0x2f04b058, 0x1e04b11b, 0x00b0593e, 0x00b019d0, 0x09b0182f, 
    0x09b019d0, 0x3130182f, 0x05372501, 0x25033303, 0x07130517, 0x01270303, 0x20b4fe69, 0x68044c01, 0x21440108, 0x55dfb3fe, 0x0355ccd6, 0x7b656ce8, 
    0x8bfe7201, 0xfe73657f, 0x31013fda, 0x003dd1fe, 0x4b000100, 0x31049200, 0x0b00b604, 0xb0001b00, 0x00b02f09, 0x1009b0d0, 0xb00106b1, 0x21582b0a, 
    0x59f41bd8, 0x30d003b0, 0x15210131, 0x11231121, 0x11213521, 0x01760233, 0x7945febb, 0xb2014efe, 0x70e40279, 0xe2011efe, 0x00d20170, 0x3c000100, 
    0x0f01f0fe, 0x0700bc00, 0xb0001200, 0x04b12f08, 0x2b0ab005, 0x1bd82158, 0x313059f4, 0x37362713, 0x14153335, 0x035b4783, 0x34f0fe75, 0x7d9b837a, 
    0x010000d0, 0x50023100, 0xb5021002, 0x12000300, 0x2f02b000, 0xb00101b1, 0x21582b0a, 0x59f41bd8, 0x21013130, 0x10022135, 0xdf0121fe, 0x00655002, 
    0x91000100, 0x3c01f8ff, 0x08009c00, 0xb0001c00, 0xb0584500, 0xb11b2f07, 0x593e0e07, 0xb00502b1, 0x21582b0a, 0x59f41bd8, 0x34373130, 0x14163236, 
    0x91262206, 0x2e2e502d, 0x23482d50, 0x2d463131, 0x0100002d, 0x83ff1e00, 0xb005ea02, 0x13000300, 0x2f00b000, 0x584500b0, 0x1b2f02b0, 0x3e1e02b1, 
    0x17313059, 0x8b330123, 0x6c60026d, 0x002d067d, 0x78000200, 0xf703ecff, 0x0d00c405, 0x48001b00, 0x1d1c0ab2, 0xb0391211, 0x11b0100a, 0x00b000d0, 
    0x0ab05845, 0x0ab11b2f, 0xb0593e1e, 0xb0584500, 0xb11b2f03, 0x593e0e03, 0xb1100ab0, 0x0ab00111, 0xd821582b, 0xb059f41b, 0x18b11003, 0x2b0ab001, 
    0x1bd82158, 0x313059f4, 0x23021001, 0x11030222, 0x32331210, 0x34071312, 0x06222302, 0x12141107, 0x37123233, 0xdce2f703, 0xe403e6d8, 0x04e4d8db, 
    0xa2a5a378, 0xa1a902a4, 0x0201a5a0, 0xfeccfe5f, 0x013901c1, 0x0105012b, 0xfe3c0133, 0x06d7fecf, 0xfa0001fa, 0xf9e2fef4, 0x0201f8fe, 0x010000f9, 
    0x0000b200, 0xb505b602, 0x3a000600, 0x4500b000, 0x2f05b058, 0x1e05b11b, 0x00b0593e, 0x00b05845, 0x00b11b2f, 0xb2593e0e, 0x11050004, 0x04b03912, 
    0x0103b12f, 0x582b0ab0, 0xf41bd821, 0x0302b259, 0x39121105, 0x23213130, 0x25350511, 0x78b60233, 0xf00174fe, 0x93200514, 0x0100b870, 0x00006900, 
    0xc4051904, 0x50001900, 0x1b1a09b2, 0x00391211, 0x584500b0, 0x1b2f11b0, 0x3e1e11b1, 0x4500b059, 0x2f00b058, 0x0e00b11b, 0x18b1593e, 0x2b0ab001, 
    0x1bd82158, 0x02b059f4, 0x1104b2d0, 0x39121100, 0xb11011b0, 0x0ab00109, 0xd821582b, 0xb259f41b, 0x11001116, 0x31303912, 0x01352121, 0x34353636, 
    0x06222326, 0x36342315, 0x16323336, 0x07061415, 0x19042101, 0xf30170fc, 0x8ea2607c, 0x6f77b593, 0xe1c883cd, 0x6afea07f, 0x025cfd02, 0x58ba8f36, 
    0x96bca18a, 0xd273ca7b, 0xb5f266b5, 0x010035fe, 0xecff6200, 0xc405f403, 0x81002b00, 0x2d2c1cb2, 0x00391211, 0x584500b0, 0x1b2f10b0, 0x3e1e10b1, 
    0x4500b059, 0x2f1cb058, 0x0e1cb11b, 0x01b2593e, 0x1211101c, 0x2f01b039, 0x01015fb2, 0x012fb25d, 0x4fb45d01, 0x02015f01, 0x1010b071, 0xb00108b1, 
    0x21582b0a, 0x59f41bd8, 0x1c100bb2, 0xb0391211, 0x2ab11001, 0x2b0ab001, 0x1bd82158, 0x16b259f4, 0x1211012a, 0x1c21b239, 0x39121110, 0xb1101cb0, 
    0x0ab00124, 0xd821582b, 0x3059f41b, 0x32330131, 0x34353636, 0x06222326, 0x36342315, 0x16323336, 0x07061415, 0x14151616, 0x26222306, 0x14333526, 
    0x36323316, 0x23263435, 0x7c930123, 0x9e519a67, 0x78b38c94, 0xc67bca72, 0x887485e4, 0x82ccf48c, 0xc27877d9, 0xbbad9b98, 0x190378b6, 0x8c537f49, 
    0x7187a59e, 0xbcd866bb, 0x262cb169, 0xe4bb80b9, 0x8b7cbb68, 0x92979faf, 0x0200009a, 0x00004300, 0xb0054b04, 0x0e000a00, 0xb0004a00, 0xb0584500, 
    0xb11b2f09, 0x593e1e09, 0x584500b0, 0x1b2f04b0, 0x3e0e04b1, 0x0901b259, 0x39121104, 0xb12f01b0, 0x0ab00102, 0xd821582b, 0xb059f41b, 0x01b0d006, 
    0xd00bb010, 0x0b0608b2, 0xb2391211, 0x1104090d, 0x31303912, 0x23153301, 0x21112311, 0x01330135, 0x03071121, 0x78e3e368, 0xa20253fd, 0x026efd83, 
    0xd501351a, 0x0190fe65, 0xfc034470, 0x400325fc, 0x0100005c, 0xecffa800, 0xb0051604, 0x69001d00, 0x1f1e1ab2, 0x00391211, 0x584500b0, 0x1b2f01b0, 
    0x3e1e01b1, 0x4500b059, 0x2f0db058, 0x0e0db11b, 0x01b0593e, 0x0103b110, 0x582b0ab0, 0xf41bd821, 0x0107b259, 0x3912110d, 0xb22f07b0, 0x11010d11, 
    0x0db03912, 0x0114b110, 0x582b0ab0, 0xf41bd821, 0x1007b059, 0xb0011ab1, 0x21582b0a, 0x59f41bd8, 0x0d011db2, 0x30391211, 0x21131331, 0x36032115, 
    0x15123233, 0x22230614, 0x16332726, 0x36323316, 0x23263435, 0xda070622, 0xfdd80247, 0x9d75338f, 0xcfe4eac5, 0x7311ecbe, 0x9c8fa811, 0x559ab29f, 
    0xea02467e, 0xfe6fc602, 0x00ff5014, 0xd4fee6d5, 0xc69995bf, 0x2bcaa0b7, 0x0200003e, 0xecff8200, 0xbb050804, 0x23001600, 0x03b26500, 0x12112524, 
    0x1003b039, 0x00d017b0, 0x584500b0, 0x1b2f00b0, 0x3e1e00b1, 0x4500b059, 0x2f0fb058, 0x0e0fb11b, 0x00b0593e, 0x0101b110, 0x582b0ab0, 0xf41bd821, 
    0x0008b259, 0x3912110f, 0xb22f08b0, 0x110f0805, 0x17b13912, 0x2b0ab001, 0x1bd82158, 0x0fb059f4, 0x011eb110, 0x582b0ab0, 0xf41bd821, 0x01313059, 
    0x00202315, 0x33363603, 0x14151232, 0x22230606, 0x10353500, 0x22032500, 0x14150706, 0x36323316, 0x03263435, 0xfbfe0e4b, 0x3c10d4fe, 0xe3c073ba, 
    0xd17fc66a, 0x6401fafe, 0x72db4701, 0x9cc321c5, 0x05adad8c, 0xcdfe69bb, 0x5b53effe, 0x8ed6f7fe, 0x2f017fe4, 0x870178f0, 0xfd04ad01, 0x6668879a, 
    0xa9def0be, 0x0100d0ac, 0x00004d00, 0xb0050a04, 0x33000600, 0x4500b000, 0x2f05b058, 0x1e05b11b, 0x00b0593e, 0x01b05845, 0x01b11b2f, 0xb0593e0e, 
    0x03b11005, 0x2b0ab001, 0x1bd82158, 0x00b259f4, 0x12110503, 0x01313039, 0x21012301, 0x0a042135, 0x027d92fd, 0x03c4fc6a, 0xfa6b05bd, 0x664a0595, 
    0x6a000300, 0x0904ecff, 0x1600c405, 0x2c002000, 0x24b28300, 0x12112e2d, 0x1024b039, 0xb0d009b0, 0x1eb01024, 0x00b000d0, 0x14b05845, 0x14b11b2f, 
    0xb0593e1e, 0xb0584500, 0xb11b2f09, 0x593e0e09, 0x14092ab2, 0xb0391211, 0x5fb22f2a, 0xb25d012a, 0x5d012a2f, 0x5f2a4fb4, 0xb171022a, 0x0ab0011a, 
    0xd821582b, 0xb259f41b, 0x111a2a03, 0x0fb23912, 0x12112a1a, 0x1009b039, 0xb0011eb1, 0x21582b0a, 0x59f41bd8, 0xb11014b0, 0x0ab00124, 0xd821582b, 
    0x3059f41b, 0x06140131, 0x15161607, 0x22230614, 0x36343526, 0x35262637, 0x16203634, 0x20263403, 0x33161006, 0x34033632, 0x06222326, 0x33161415, 
    0xe3033632, 0x987e6c84, 0xfdd3d1fe, 0x806c7f92, 0xeb8001e9, 0xd2fec252, 0x9b9fbac0, 0x86ad26bc, 0x89a9a988, 0x3904ab87, 0x2b2ab371, 0xdbbb7ec0, 
    0xc27cbcda, 0x71b32a2b, 0xfcd8d6b5, 0xacaf8895, 0xa4a5eafe, 0xa77d4503, 0x9c8083a1, 0x0200009d, 0xf5ff6500, 0xc405ec03, 0x24001700, 0x1fb26100, 
    0x12112625, 0x101fb039, 0x00d00bb0, 0x584500b0, 0x1b2f0bb0, 0x3e1e0bb1, 0x4500b059, 0x2f12b058, 0x0e12b11b, 0x03b2593e, 0x12110b12, 0x2f03b039, 
    0xb11012b0, 0x0ab00114, 0xd821582b, 0xb059f41b, 0x18b11003, 0x2b0ab001, 0x1bd82158, 0x0bb059f4, 0x011fb110, 0x582b0ab0, 0xf41bd821, 0x01313059, 
    0x22230606, 0x34352626, 0x32333636, 0x10151112, 0x37232100, 0x25002433, 0x35373632, 0x22232634, 0x16141506, 0xbe407403, 0x68be7c6f, 0xdb82c76f, 
    0xfeb0fef4, 0x2a0116a7, 0x10010501, 0xbf78a9fe, 0x8e9db928, 0xa202afb6, 0xe280675e, 0x83ec9086, 0xe6fecdfe, 0xfe76fe6c, 0x01046874, 0x728fc320, 
    0xe5f5de45, 0x00dfa7ae, 0x7f00ffff, 0x2c01f8ff, 0x26003704, 0x00ee1200, 0x12000700, 0x9b03f0ff, 0x3c00ffff, 0x2101f0fe, 0x27003704, 0xe5ff1200, 
    0x06009b03, 0x00001000, 0x4d000100, 0x8803e500, 0x06003b04, 0x00b23c00, 0x12110807, 0x00b00039, 0x05b05845, 0x05b11b2f, 0xb2593e1a, 0x11050702, 
    0x02b03912, 0x0101b12f, 0x582b0ab0, 0xf41bd821, 0x1005b059, 0xb00106b1, 0x21582b0a, 0x59f41bd8, 0x01133130, 0x01350115, 0xb802d015, 0x3b03c5fc, 
    0xd4fe8f02, 0x617b017e, 0x007e7a01, 0x95000200, 0xd703a201, 0x0300a703, 0x27000700, 0x2f07b000, 0xb0d003b0, 0x00b12f03, 0x2b0ab001, 0x1bd82158, 
    0x07b059f4, 0x0104b110, 0x582b0ab0, 0xf41bd821, 0x01313059, 0x11213521, 0x03213521, 0x03befcd7, 0x03befc42, 0x6a3d0342, 0x006afbfd, 0x7c000100, 
    0xc903e700, 0x06003d04, 0xb0003200, 0xb0584500, 0xb11b2f02, 0x593e1a02, 0xb00101b1, 0x21582b0a, 0x59f41bd8, 0x020705b2, 0xb0391211, 0x06b12f05, 
    0x2b0ab001, 0x1bd82158, 0x313059f4, 0x01350101, 0x03350115, 0x0339fd43, 0x02b3fc4d, 0x7b2f0193, 0xfe6186fe, 0x02007c85, 0xf8ff5400, 0xc4054b03, 
    0x24001800, 0x09b24b00, 0x12112625, 0x1009b039, 0x00d01db0, 0x584500b0, 0x1b2f10b0, 0x3e1e10b1, 0x4500b059, 0x2f22b058, 0x0e22b11b, 0x1cb1593e, 
    0x2b0ab005, 0x1bd82158, 0x00b059f4, 0x2f00b0d0, 0xb11010b0, 0x0ab00109, 0xd821582b, 0x3059f41b, 0x043e0131, 0x23263435, 0x23070622, 0x32333636, 
    0x06141516, 0x03150607, 0x32333634, 0x06141516, 0x01262223, 0xc63c0278, 0x77851f39, 0x77029378, 0xaca8da02, 0x718962c7, 0x26272b87, 0x27262d2d, 
    0x7694012b, 0x6151c390, 0x898f7d3e, 0xc9c5a475, 0x7ebd6cac, 0xb2feb55f, 0x222f2f22, 0x002d2d21, 0x71000200, 0xe6063bfe, 0x36008c05, 0x80004200, 
    0x444324b2, 0xb0391211, 0x40b01024, 0x2bb000d0, 0x2f33b02f, 0x584500b0, 0x1b2f04b0, 0x3e0e04b1, 0x4500b059, 0x2f09b058, 0x0e09b11b, 0x07b2593e, 
    0x12110433, 0x3310b239, 0x39121104, 0xb02f10b0, 0x3ab11009, 0x2b0ab003, 0x1bd82158, 0x17b059f4, 0x1033b0d0, 0xb0021db1, 0x21582b0a, 0x59f41bd8, 
    0xb1102bb0, 0x0ab00224, 0xd821582b, 0xb059f41b, 0x3fb11010, 0x2b0ab002, 0x1bd82158, 0x313059f4, 0x23020e01, 0x06272622, 0x37262223, 0x3233023e, 
    0x06031716, 0x36323316, 0x21001237, 0x02020422, 0x32330412, 0x06173736, 0x24222306, 0x12121302, 0x04323324, 0x16160112, 0x13373233, 0x06222326, 
    0x05da0602, 0x6172ad62, 0xbe6c147a, 0x0f128a8c, 0x4d6dbf77, 0x0a334d74, 0x997b574f, 0xa6fe1309, 0xfed3a1fe, 0x9d18c4ad, 0x5cdb3d01, 0x391f3cb2, 
    0xfefa68cc, 0x0c0cb398, 0xf58001dd, 0xaa6201ff, 0x5a0bbbfb, 0x2d58b94a, 0xa36f5b43, 0x9301024c, 0x5c6687fb, 0xa3cdf2c2, 0x412b8fff, 0x8074c6fd, 
    0x9501cef1, 0xfed39901, 0xfe08fe7e, 0x232cce81, 0xe1332650, 0x1b01a701, 0xad011601, 0x66fed5eb, 0x6d6401fe, 0x310402ff, 0x00c9feb1, 0x1e000200, 
    0xe1040000, 0x0700b005, 0x54000a00, 0x0c0b0ab2, 0xb0391211, 0x04b0100a, 0x00b000d0, 0x04b05845, 0x04b11b2f, 0xb0593e1e, 0xb0584500, 0xb11b2f02, 
    0x593e0e02, 0x584500b0, 0x1b2f06b0, 0x3e0e06b1, 0x0408b259, 0x39121102, 0xb12f08b0, 0x0ab00100, 0xd821582b, 0xb259f41b, 0x1102040a, 0x31303912, 
    0x23032101, 0x23013301, 0x03012101, 0x966bfdca, 0x75270281, 0xfc802702, 0xfe4802fa, 0xfe9801dc, 0xfab00568, 0x03010250, 0x03000019, 0x0000b800, 
    0xb0057604, 0x17000e00, 0x70002000, 0x222102b2, 0xb0391211, 0x11b01002, 0x1002b0d0, 0x00d01fb0, 0x584500b0, 0x1b2f01b0, 0x3e1e01b1, 0x4500b059, 
    0x2f00b058, 0x0e00b11b, 0x18b2593e, 0x12110001, 0x2f18b039, 0x01182fb2, 0x010fb15d, 0x582b0ab0, 0xf41bd821, 0x0f08b259, 0x39121118, 0xb11000b0, 
    0x0ab00110, 0xd821582b, 0xb059f41b, 0x1fb11001, 0x2b0ab001, 0x1bd82158, 0x313059f4, 0x32211133, 0x06141516, 0x15161607, 0x01230614, 0x36322111, 
    0x23263435, 0x36362125, 0x23263435, 0xae01b821, 0x6b7bf2ea, 0xdef99b7f, 0x710194fe, 0x9cb1b99e, 0x500185fe, 0xb1afa99a, 0xb005cdfe, 0xa771bcc1, 
    0x7fc21c24, 0xbc02d9c1, 0x8fa1acfd, 0x03679d87, 0x858c858b, 0x83000100, 0xbf04ecff, 0x1c00c405, 0x03b24200, 0x12111e1d, 0x00b00039, 0x0cb05845, 
    0x0cb11b2f, 0xb0593e1e, 0xb0584500, 0xb11b2f03, 0x593e0e03, 0xb1100cb0, 0x0ab00112, 0xd821582b, 0xb059f41b, 0x19b11003, 0x2b0ab001, 0x1bd82158, 
    0x313059f4, 0x23040601, 0x27022622, 0x36123435, 0x17043233, 0x22210223, 0x14151102, 0x36323312, 0x19bf0437, 0xa2e8e9fe, 0x880188f9, 0x01eaa6ff, 
    0x2e7c160f, 0xebc69bfe, 0xc4c1c3e5, 0xe6c60117, 0x2901a2f4, 0x01c2bdbf, 0xdffda32c, 0xd8fe7301, 0xfcb2fbfe, 0xb9b9d4fe, 0xb8000200, 0xbd040000, 
    0x0b00b005, 0x48001500, 0x171615b2, 0xb0391211, 0x02b01015, 0x00b000d0, 0x01b05845, 0x01b11b2f, 0xb0593e1e, 0xb0584500, 0xb11b2f00, 0x593e0e00, 
    0xb11001b0, 0x0ab0010c, 0xd821582b, 0xb059f41b, 0x0db11000, 0x2b0ab001, 0x1bd82158, 0x313059f4, 0x32211133, 0x15151204, 0x23040214, 0x32211101, 
    0x34351100, 0x01b82700, 0x1c01b397, 0xe1fe9e9f, 0x01edfeba, 0x1601e614, 0x05e0eefe, 0xd0fea3b0, 0xfec386c2, 0x4705a4d2, 0x310121fb, 0xfb800401, 
    0x00012e01, 0xb8000100, 0x42040000, 0x0b00b005, 0xb0005600, 0xb0584500, 0xb11b2f06, 0x593e1e06, 0x584500b0, 0x1b2f04b0, 0x3e0e04b1, 0x060bb259, 
    0x39121104, 0xb22f0bb0, 0x5d010b2f, 0xb00100b1, 0x21582b0a, 0x59f41bd8, 0xb11004b0, 0x0ab00102, 0xd821582b, 0xb059f41b, 0x08b11006, 0x2b0ab001, 
    0x1bd82158, 0x313059f4, 0x21112101, 0x21112115, 0x21112115, 0x57fddc03, 0x76fc0f03, 0xf6fc8503, 0xba02a902, 0x0568aefd, 0xdbfd69b0, 0xb8000100, 
    0x3e040000, 0x0900b005, 0xb0004400, 0xb0584500, 0xb11b2f04, 0x593e1e04, 0x584500b0, 0x1b2f02b0, 0x3e0e02b1, 0x0409b259, 0x39121102, 0x2f09b07c, 
    0x0100b118, 0x582b0ab0, 0xf41bd821, 0x1004b059, 0xb00106b1, 0x21582b0a, 0x59f41bd8, 0x21013130, 0x21112311, 0x21112115, 0x59fdda03, 0xfc86037b, 
    0x02a702f5, 0x0558fda8, 0xcafd69b0, 0x91000100, 0xd304ecff, 0x2200c405, 0x0bb25f00, 0x12112423, 0x00b00039, 0x0bb05845, 0x0bb11b2f, 0xb0593e1e, 
    0xb0584500, 0xb11b2f03, 0x593e0e03, 0x0b030fb2, 0xb0391211, 0x12b1100b, 0x2b0ab001, 0x1bd82158, 0x03b059f4, 0x011ab110, 0x582b0ab0, 0xf41bd821, 
    0x0b22b259, 0x39121103, 0xb12f22b0, 0x0ab0011f, 0xd821582b, 0x3059f41b, 0x04062531, 0x02242223, 0x00103527, 0x17043221, 0x23262623, 0x15110222, 
    0x33161614, 0x37363732, 0x21352111, 0xfe40d304, 0xfeaba9ef, 0x010192f6, 0xe1020132, 0x7b1a1201, 0xcca7cf1b, 0x89d371ee, 0x244a729f, 0x020279fe, 
    0xa4665bad, 0xb8c22c01, 0x5f012f01, 0xa5a0c9e5, 0xf8fedefe, 0x8cffa6ac, 0x012c2132, 0x01006878, 0x0000b800, 0xb005ef04, 0x52000b00, 0x4500b000, 
    0x2f06b058, 0x1e06b11b, 0x00b0593e, 0x0ab05845, 0x0ab11b2f, 0xb0593e1e, 0xb0584500, 0xb11b2f00, 0x593e0e00, 0x584500b0, 0x1b2f04b0, 0x3e0e04b1, 
    0x0609b259, 0x39121100, 0xb22f09b0, 0x5d01092f, 0xb00102b1, 0x21582b0a, 0x59f41bd8, 0x23213130, 0x23112111, 0x21113311, 0xef043311, 0x7bc0fc7c, 
    0x7c40037b, 0x46fdba02, 0x72fdb005, 0x01008e02, 0x0000d300, 0xb0054e01, 0x1d000300, 0x4500b000, 0x2f02b058, 0x1e02b11b, 0x00b0593e, 0x00b05845, 
    0x00b11b2f, 0x30593e0e, 0x11232131, 0x7b4e0133, 0x00b0057b, 0x47000100, 0xb703ecff, 0x0f00b005, 0x05b23000, 0x12111110, 0x00b00039, 0x00b05845, 
    0x00b11b2f, 0xb0593e1e, 0xb0584500, 0xb11b2f05, 0x593e0e05, 0xb0010cb1, 0x21582b0a, 0x59f41bd8, 0x33013130, 0x23061411, 0x33352622, 0x32331614, 
    0x3b033736, 0xd4c9ef7c, 0x97a67be4, 0x0502af8b, 0xcf01fcb0, 0x9ec7def6, 0x009eb89f, 0xb8000100, 0xe7040000, 0x0b00b005, 0x09b24c00, 0x12110d0c, 
    0x00b00039, 0x04b05845, 0x04b11b2f, 0xb0593e1e, 0xb0584500, 0xb11b2f07, 0x593e1e07, 0x584500b0, 0x1b2f02b0, 0x3e0e02b1, 0x4500b059, 0x2f0ab058, 
    0x0e0ab11b, 0x00b2593e, 0x12110204, 0x0406b239, 0x39121102, 0x07013130, 0x33112311, 0x01330111, 0x00022301, 0x027b7bcd, 0x9efd9bea, 0x02969102, 
    0xf7fdcad3, 0xeffcb005, 0x78fd1103, 0x0100d8fc, 0x0000b800, 0xb0050304, 0x29000500, 0x4500b000, 0x2f04b058, 0x1e04b11b, 0x00b0593e, 0x02b05845, 
    0x02b11b2f, 0xb1593e0e, 0x0ab00100, 0xd821582b, 0x3059f41b, 0x15212531, 0x01331121, 0xfccf0234, 0x68687cb5, 0x0100b005, 0x0000b800, 0xb0053306, 
    0x59000e00, 0x4500b000, 0x2f00b058, 0x1e00b11b, 0x00b0593e, 0x02b05845, 0x02b11b2f, 0xb0593e1e, 0xb0584500, 0xb11b2f04, 0x593e0e04, 0x584500b0, 
    0x1b2f08b0, 0x3e0e08b1, 0x4500b059, 0x2f0cb058, 0x0e0cb11b, 0x01b2593e, 0x12110400, 0x0007b239, 0x39121104, 0x04000ab2, 0x30391211, 0x33020931, 
    0x13112311, 0x13012301, 0x01112311, 0x0219025b, 0x0a7ba41b, 0xfd5fe2fd, 0x057b0ae4, 0x05fbfab0, 0x0250fa05, 0xfa8a027a, 0xfdff04fc, 0x0582fd7f, 
    0x010000b0, 0x0000b800, 0xb005f404, 0x4c000900, 0x0b0a01b2, 0x00391211, 0x584500b0, 0x1b2f05b0, 0x3e1e05b1, 0x4500b059, 0x2f08b058, 0x1e08b11b, 
    0x00b0593e, 0x00b05845, 0x00b11b2f, 0xb0593e0e, 0xb0584500, 0xb11b2f03, 0x593e0e03, 0x000502b2, 0xb2391211, 0x11000507, 0x31303912, 0x11012321, 
    0x01331123, 0xf4043311, 0x7cbbfc7b, 0x7a46037c, 0x22fbde04, 0x21fbb005, 0x0200df04, 0xecff7d00, 0xc405ec04, 0x1d000f00, 0x04b24800, 0x12111f1e, 
    0x1004b039, 0x00d013b0, 0x584500b0, 0x1b2f0bb0, 0x3e1e0bb1, 0x4500b059, 0x2f04b058, 0x0e04b11b, 0x0bb0593e, 0x0113b110, 0x582b0ab0, 0xf41bd821, 
    0x1004b059, 0xb0011ab1, 0x21582b0a, 0x59f41bd8, 0x14013130, 0x22230402, 0x34351100, 0x04202412, 0x10071712, 0x02222302, 0x12101511, 0x11123233, 
    0xfe8bec04, 0xfeffa9fe, 0x02018dc6, 0x01015001, 0xee7b038c, 0xf0f1cbcf, 0x02ead1ce, 0xd0fec989, 0x016d01a4, 0x01c79636, 0xfea2a533, 0x0110c3d8, 
    0xfe2a0107, 0x98f4fed5, 0xd1fefdfe, 0x0b012b01, 0xb8000200, 0x92040000, 0x0a00b005, 0x4f001300, 0x15140ab2, 0xb0391211, 0x0cb0100a, 0x00b000d0, 
    0x03b05845, 0x03b11b2f, 0xb0593e1e, 0xb0584500, 0xb11b2f01, 0x593e0e01, 0x01030bb2, 0xb0391211, 0x00b12f0b, 0x2b0ab001, 0x1bd82158, 0x03b059f4, 
    0x0112b110, 0x582b0ab0, 0xf41bd821, 0x01313059, 0x21112311, 0x14150432, 0x21252306, 0x34353632, 0x01212726, 0xf0017b33, 0xfd0701e3, 0x018efef0, 
    0xbbbcb375, 0x0283feac, 0x05affd51, 0xcdcbe8b0, 0x98aa68df, 0x0002b397, 0x79000200, 0xe80402ff, 0x1500c405, 0x48002300, 0x252408b2, 0xb0391211, 
    0x20b01008, 0x00b000d0, 0x11b05845, 0x11b11b2f, 0xb0593e1e, 0xb0584500, 0xb11b2f08, 0x593e0e08, 0xb11011b0, 0x0ab00119, 0xd821582b, 0xb059f41b, 
    0x20b11008, 0x2b0ab001, 0x1bd82158, 0x313059f4, 0x07021401, 0x06010705, 0x02242223, 0x12343527, 0x04323324, 0x10271512, 0x02222302, 0x12101511, 
    0x11123233, 0x8893e804, 0xfe550901, 0xa65552d7, 0x018efdfe, 0xa702018d, 0x8d0201aa, 0xcad0ee7b, 0xd0ceeff1, 0xd08902ec, 0xe74fcbfe, 0x1701014c, 
    0xc52d01a4, 0x3301c7a3, 0xcefea4a5, 0x070101c8, 0xd5fe2a01, 0xfe98f4fe, 0x01d1fefd, 0x000b012a, 0xb5000200, 0xbb040000, 0x0e00b005, 0x63001700, 
    0x191816b2, 0xb0391211, 0x05b01016, 0x00b000d0, 0x04b05845, 0x04b11b2f, 0xb0593e1e, 0xb0584500, 0xb11b2f02, 0x593e0e02, 0x584500b0, 0x1b2f0db0, 
    0x3e0e0db1, 0x0410b259, 0x39121102, 0xb12f10b0, 0x0ab00100, 0xd821582b, 0xb259f41b, 0x1104000b, 0x04b03912, 0x0116b110, 0x582b0ab0, 0xf41bd821, 
    0x01313059, 0x11231121, 0x15043221, 0x01070614, 0x21012315, 0x34353632, 0x02212326, 0x7c59fed8, 0x01e9d901, 0x018aa406, 0xf9fc836c, 0xbc9b7901, 
    0xa5feb1c4, 0xa2fd5e02, 0xcbe2b005, 0xfd29d68c, 0xc7020d95, 0xaa9a8cb0, 0x58000100, 0x6c04ecff, 0x2700c405, 0x09b26600, 0x12112928, 0x00b00039, 
    0x09b05845, 0x09b11b2f, 0xb0593e1e, 0xb0584500, 0xb11b2f1d, 0x593e0e1d, 0x091d02b2, 0xb2391211, 0x111d090e, 0x09b03912, 0x0111b110, 0x582b0ab0, 
    0xf41bd821, 0x1002b059, 0xb00117b1, 0x21582b0a, 0x59f41bd8, 0x091d22b2, 0xb0391211, 0x25b1101d, 0x2b0ab001, 0x1bd82158, 0x313059f4, 0x24263401, 
    0x34352627, 0x16323324, 0x34231516, 0x06222326, 0x04161415, 0x14151616, 0x24222304, 0x14333526, 0x36323316, 0xfeaaf003, 0x0194683c, 0xe591d613, 
    0xaccc7c7e, 0x01b2c6a7, 0xfe66ca88, 0xfe9ae1ed, 0xe67b85ff, 0x01ceaabf, 0x7f8d7966, 0xa7ac6a4b, 0x7bc870d1, 0x7895b595, 0x736b8c6f, 0xd0ac6da0, 
    0x9a80c66e, 0x010096b2, 0x00003400, 0xb0059404, 0x2f000700, 0x4500b000, 0x2f06b058, 0x1e06b11b, 0x00b0593e, 0x02b05845, 0x02b11b2f, 0xb0593e0e, 
    0x00b11006, 0x2b0ab001, 0x1bd82158, 0x04b059f4, 0x013130d0, 0x11231121, 0x04213521, 0x7b0dfe94, 0x60040efe, 0xb9fa4705, 0x00694705, 0xa2000100, 
    0xa304ecff, 0x1100b005, 0x05b23d00, 0x12111312, 0x00b00039, 0x00b05845, 0x00b11b2f, 0xb0593e1e, 0xb0584500, 0xb11b2f09, 0x593e1e09, 0x584500b0, 
    0x1b2f05b0, 0x3e0e05b1, 0x010eb159, 0x582b0ab0, 0xf41bd821, 0x01313059, 0x23020e11, 0x11272422, 0x16141133, 0x11353620, 0x8001a304, 0xfee697e9, 
    0xd27a05eb, 0x05d16801, 0x931efcb0, 0xdefb75da, 0x27fceb03, 0xb6cccbb8, 0x0100da03, 0x00001f00, 0xb005d104, 0x31000800, 0x4500b000, 0x2f03b058, 
    0x1e03b11b, 0x00b0593e, 0x07b05845, 0x07b11b2f, 0xb0593e1e, 0xb0584500, 0xb11b2f05, 0x593e0e05, 0x050301b2, 0x30391211, 0x37172531, 0x23013301, 
    0x6f023301, 0xca010908, 0x76e2fd87, 0xb486e2fd, 0xfc041f1f, 0xb00550fa, 0x3d000100, 0xf7060000, 0x1200b005, 0xb0005900, 0xb0584500, 0xb11b2f03, 
    0x593e1e03, 0x584500b0, 0x1b2f08b0, 0x3e1e08b1, 0x4500b059, 0x2f11b058, 0x1e11b11b, 0x00b0593e, 0x0ab05845, 0x0ab11b2f, 0xb0593e0e, 0xb0584500, 
    0xb11b2f0f, 0x593e0e0f, 0x0a0301b2, 0xb2391211, 0x110a0306, 0x0db23912, 0x12110a03, 0x01313039, 0x33013717, 0x01371701, 0x01230133, 0x23010727, 
    0xc5013301, 0x3c01372d, 0x3638016f, 0x7e070130, 0xfe768bfe, 0xfe2425b6, 0x8cfe76ae, 0xe289017e, 0xfb3104d8, 0x04e4dacf, 0x0450fa27, 0xfb909073, 
    0x00b0058d, 0x37000100, 0xaf040000, 0x0b00b005, 0xb0005300, 0xb0584500, 0xb11b2f01, 0x593e1e01, 0x584500b0, 0x1b2f0ab0, 0x3e1e0ab1, 0x4500b059, 
    0x2f04b058, 0x0e04b11b, 0x00b0593e, 0x07b05845, 0x07b11b2f, 0xb2593e0e, 0x11040100, 0x06b23912, 0x12110401, 0x0003b239, 0x39121106, 0x000609b2, 
    0x30391211, 0x33010131, 0x01230101, 0x01012301, 0x01730233, 0x1efe939a, 0xfe94f101, 0x9256fe58, 0x1dfef201, 0x02480393, 0xfd32fd68, 0xfd7c021e, 
    0x02e20284, 0x010000ce, 0x00001800, 0xb005ae04, 0x31000800, 0x4500b000, 0x2f01b058, 0x1e01b11b, 0x00b0593e, 0x07b05845, 0x07b11b2f, 0xb0593e1e, 
    0xb0584500, 0xb11b2f04, 0x593e0e04, 0x040100b2, 0x30391211, 0x33010131, 0x11231101, 0x63023301, 0xfd8ebd01, 0xf3fd7bf2, 0x03960292, 0xfd74fc1a, 
    0x032402dc, 0x0100008c, 0x00005a00, 0xb0057204, 0x46000900, 0x4500b000, 0x2f07b058, 0x1e07b11b, 0x00b0593e, 0x02b05845, 0x02b11b2f, 0xb1593e0e, 
    0x0ab00100, 0xd821582b, 0xb259f41b, 0x11020004, 0x07b03912, 0x0105b110, 0x582b0ab0, 0xf41bd821, 0x0509b259, 0x39121107, 0x21373130, 0x01352115, 
    0x15213521, 0xfb8303ef, 0xfc6003e8, 0x68de03ba, 0xea045d68, 0x01005869, 0xc8fea300, 0x8006ed01, 0x24000700, 0x2f04b000, 0xb12f07b0, 0x0ab00100, 
    0xd821582b, 0xb059f41b, 0x03b11004, 0x2b0ab001, 0x1bd82158, 0x313059f4, 0x33112301, 0x21112115, 0xd2d2ed01, 0x4a01b6fe, 0x14f91a06, 0x00b80766, 
    0x30000100, 0x050383ff, 0x0300b005, 0xb0001300, 0x00b02f02, 0x00b05845, 0x00b11b2f, 0x30593e1e, 0x01331331, 0x02753023, 0xb0057560, 0x0100d3f9, 
    0xc8fe0000, 0x80064b01, 0x27000700, 0x2f02b000, 0xb02f01b0, 0x05b11002, 0x2b0ab001, 0x1bd82158, 0x01b059f4, 0x0106b110, 0x582b0ab0, 0xf41bd821, 
    0x11313059, 0x35211121, 0x01231133, 0xd3b5fe4b, 0xf88006d3, 0xec066648, 0x4d000100, 0xfc02d902, 0x0600b005, 0x00b22b00, 0x12110807, 0x00b00039, 
    0x03b05845, 0x03b11b2f, 0xb2593e1e, 0x11030701, 0x01b03912, 0x0300b22f, 0x39121101, 0x30d005b0, 0x23030131, 0x23013301, 0x74e4a501, 0x015a2b01, 
    0x1205742a, 0xd702c7fd, 0x010029fd, 0x9bff0100, 0x00007203, 0x1c000300, 0x4500b000, 0x2f03b058, 0x0e03b11b, 0x00b1593e, 0x2b0ab001, 0x1bd82158, 
    0x313059f4, 0x21352105, 0x8ffc7203, 0x65657103, 0x67000100, 0xb601e804, 0x03000006, 0xb0001f00, 0x03b02f01, 0x2f03b0d0, 0x1f030fb4, 0xb25d0203, 
    0x11030100, 0xb0193912, 0x30182f00, 0x03230131, 0x6db60133, 0xe80490e2, 0x02001801, 0xecff6400, 0x4e04c703, 0x29001e00, 0x17b28800, 0x12112b2a, 
    0x1017b039, 0x00d020b0, 0x584500b0, 0x1b2f17b0, 0x3e1a17b1, 0x4500b059, 0x2f00b058, 0x0e00b11b, 0x00b0593e, 0x05b05845, 0x05b11b2f, 0xb2593e0e, 
    0x11001702, 0x0cb23912, 0x12110017, 0x2f0cb039, 0x3f0c2fb4, 0xb05d020c, 0x10b11017, 0x2b0ab001, 0x1bd82158, 0x13b259f4, 0x12110c17, 0x13b07c39, 
    0x05b0182f, 0x011fb110, 0x582b0ab0, 0xf41bd821, 0x100cb059, 0xb00123b1, 0x21582b0a, 0x59f41bd8, 0x26213130, 0x23060627, 0x34352622, 0x35333324, 
    0x22232634, 0x34271506, 0x16323336, 0x17141117, 0x36322515, 0x06233537, 0x16141506, 0x05124703, 0x9c6dc33f, 0xeb0701c1, 0x7d898fd9, 0xaff078a4, 
    0x2103d1b5, 0xbd7808fe, 0xcab3d62b, 0x52643387, 0x9e85ae59, 0x85747bb8, 0x81015a80, 0xfea2b5bd, 0x0c4e9d00, 0xee617456, 0x5b6f7f02, 0x02000078, 
    0xecff9b00, 0x00060304, 0x1b000f00, 0x13b26600, 0x12111d1c, 0x1013b039, 0x00d00cb0, 0xb02f08b0, 0xb0584500, 0xb11b2f0c, 0x593e1a0c, 0x584500b0, 
    0x1b2f06b0, 0x3e0e06b1, 0x4500b059, 0x2f03b058, 0x0e03b11b, 0x05b2593e, 0x1211060c, 0x0c0ab239, 0x39121106, 0xb1100cb0, 0x0ab00113, 0xd821582b, 
    0xb059f41b, 0x19b11003, 0x2b0ab001, 0x1bd82158, 0x313059f4, 0x23021401, 0x23072722, 0x36113311, 0x11123233, 0x23263427, 0x11070622, 0x36323316, 
    0xbde00304, 0x700574e2, 0xc0e07277, 0x97a678df, 0x5a29a073, 0x02a794e4, 0xd7fefd12, 0x000694a8, 0xfeb19dfd, 0x03fbfedb, 0x6d71e9d6, 0xeacc18fe, 
    0x5e000100, 0xcc03ecff, 0x1d004e04, 0x10b24d00, 0x12111f1e, 0x00b00039, 0x10b05845, 0x10b11b2f, 0xb0593e1a, 0xb0584500, 0xb11b2f08, 0x593e0e08, 
    0xb00100b1, 0x21582b0a, 0x59f41bd8, 0x100803b2, 0xb2391211, 0x11081014, 0x10b03912, 0x0117b110, 0x582b0ab0, 0xf41bd821, 0x25313059, 0x33373632, 
    0x2223020e, 0x34353502, 0x32333636, 0x26231716, 0x06222326, 0x16141515, 0xa97d2c02, 0x72057307, 0xf9d56cbd, 0xb28cd170, 0x087308e7, 0xb3a27fa7, 
    0x708d51b3, 0x015ca363, 0xa024fa28, 0xadd486f6, 0xd3ea9c7f, 0x00e8cf23, 0x6c000200, 0xd303ecff, 0x0f000006, 0x63001a00, 0x1c1b18b2, 0xb0391211, 
    0x03b01018, 0x06b000d0, 0x4500b02f, 0x2f03b058, 0x1a03b11b, 0x00b0593e, 0x08b05845, 0x08b11b2f, 0xb0593e0e, 0xb0584500, 0xb11b2f0c, 0x593e0e0c, 
    0x080305b2, 0xb2391211, 0x1108030a, 0x13b13912, 0x2b0ab001, 0x1bd82158, 0x03b059f4, 0x0118b110, 0x582b0ab0, 0xf41bd821, 0x13313059, 0x32331234, 
    0x11331117, 0x23062723, 0x17110222, 0x32331614, 0x23261137, 0xe16c0622, 0x7773dbc1, 0xdf730570, 0xa679e5bb, 0x5d5ddd97, 0x02a897db, 0x2b01fc27, 
    0xfa5f02ad, 0x01a49000, 0x0700012d, 0x01c3efcf, 0x00edd3fc, 0x5a000200, 0xd503ecff, 0x17004e04, 0x65001f00, 0x212009b2, 0xb0391211, 0x18b01009, 
    0x00b000d0, 0x09b05845, 0x09b11b2f, 0xb0593e1a, 0xb0584500, 0xb11b2f00, 0x593e0e00, 0x00091cb2, 0xb0391211, 0x0db12f1c, 0x2b0ab001, 0x1bd82158, 
    0x00b059f4, 0x0112b110, 0x582b0ab0, 0xf41bd821, 0x0915b259, 0x39121100, 0xb11009b0, 0x0ab00118, 0xd821582b, 0x3059f41b, 0x26220531, 0x34353526, 
    0x32333636, 0x21151512, 0x33161415, 0x17373632, 0x06220106, 0x26352107, 0x8a3f0226, 0xd8797cdf, 0xfce7c57e, 0x60a0d3fc, 0x844b3c93, 0xb987effe, 
    0x05890214, 0xf38814a8, 0xfa9c2b97, 0xe9f3fe8f, 0xf5b81743, 0xbf394d46, 0xa7c6fc03, 0x00c49c0d, 0x3f000100, 0xb1020000, 0x15001506, 0x0fb26800, 
    0x12111716, 0x00b00039, 0x08b05845, 0x08b11b2f, 0xb0593e20, 0xb0584500, 0xb11b2f03, 0x593e1a03, 0x584500b0, 0x1b2f11b0, 0x3e1a11b1, 0x4500b059, 
    0x2f00b058, 0x0e00b11b, 0x11b0593e, 0x0101b110, 0x582b0ab0, 0xf41bd821, 0xd002b059, 0xb11008b0, 0x0ab0010d, 0xd821582b, 0xb059f41b, 0x13b01002, 
    0xd014b0d0, 0x11333130, 0x35333523, 0x32333634, 0x23260717, 0x15150622, 0x11211521, 0xa9b3b3f2, 0x093b4497, 0x6e633b32, 0xfefe0201, 0x8362d803, 
    0x6411b2a6, 0x86717b0c, 0x0028fc62, 0x6c000200, 0xd40351fe, 0x1a004e04, 0x86002600, 0x282724b2, 0xb0391211, 0x0bb01024, 0x00b000d0, 0x03b05845, 
    0x03b11b2f, 0xb0593e1a, 0xb0584500, 0xb11b2f06, 0x593e1a06, 0x584500b0, 0x1b2f0bb0, 0x3e100bb1, 0x4500b059, 0x2f17b058, 0x0e17b11b, 0x05b2593e, 
    0x12111703, 0x0b0fb239, 0x39121117, 0xb1100bb0, 0x0ab00111, 0xd821582b, 0xb259f41b, 0x11170315, 0x17b03912, 0x011eb110, 0x582b0ab0, 0xf41bd821, 
    0x1003b059, 0xb00124b1, 0x21582b0a, 0x59f41bd8, 0x34133130, 0x17323312, 0x14113337, 0x26222306, 0x33163727, 0x35373632, 0x02222306, 0x16141735, 
    0x11373233, 0x22232626, 0xc1e16c06, 0x700673dd, 0xcd71c8ea, 0xaf7f433b, 0x7303a896, 0x79e4bcdc, 0x5cdd97a6, 0x976f9e2a, 0xfe2702a8, 0x9cb02901, 
    0xf4d1dcfb, 0x9c485465, 0xa0889db1, 0x05ff2c01, 0x01c6efcf, 0xed6d68f7, 0x9c000100, 0xcc030000, 0x13000006, 0x0cb24a00, 0x12111514, 0x12b00039, 
    0x4500b02f, 0x2f03b058, 0x1a03b11b, 0x00b0593e, 0x07b05845, 0x07b11b2f, 0xb0593e0e, 0xb0584500, 0xb11b2f10, 0x593e0e10, 0x070300b2, 0xb0391211, 
    0x0cb11003, 0x2b0ab001, 0x1bd82158, 0x313059f4, 0x33363601, 0x11171632, 0x26261123, 0x07062223, 0x33112311, 0xb83b1301, 0x01aaae6d, 0x85790177, 
    0x7729ab6f, 0x61830377, 0xfdc4c46a, 0x91c7023a, 0xfd768b8e, 0x0000061b, 0x95000200, 0x3a010000, 0x0300c405, 0x3f000c00, 0x0e0d06b2, 0xb0391211, 
    0x01b01006, 0x00b000d0, 0x02b05845, 0x02b11b2f, 0xb0593e1a, 0xb0584500, 0xb11b2f00, 0x593e0e00, 0xb01002b0, 0x0bb0d00b, 0x0506b12f, 0x582b0ab0, 
    0xf41bd821, 0x21313059, 0x03331123, 0x16323634, 0x26220614, 0x78782201, 0x2d4c2c8d, 0x042c4c2d, 0x2239013a, 0x2e442f2f, 0x0200002e, 0x4bfe98ff, 
    0xc4053501, 0x16000c00, 0x0db24b00, 0x12111817, 0x100db039, 0x00d000b0, 0x584500b0, 0x1b2f0cb0, 0x3e1a0cb1, 0x4500b059, 0x2f04b058, 0x1004b11b, 
    0x09b1593e, 0x2b0ab001, 0x1bd82158, 0x0cb059f4, 0xd013b010, 0xb12f13b0, 0x0ab0050d, 0xd821582b, 0x3059f41b, 0x14110131, 0x27222306, 0x32331637, 
    0x32131135, 0x23061416, 0x36342622, 0x8c901d01, 0x2c023336, 0x273cb22e, 0x26272c2c, 0x3a042b2b, 0x9e9645fb, 0xcd0d6313, 0x8a01b904, 0x2e2e442f, 
    0x01002f44, 0x00009c00, 0x0006e203, 0x51000c00, 0x4500b000, 0x2f04b058, 0x2004b11b, 0x00b0593e, 0x08b05845, 0x08b11b2f, 0xb0593e1a, 0xb0584500, 
    0xb11b2f02, 0x593e0e02, 0x584500b0, 0x1b2f0bb0, 0x3e0e0bb1, 0x020ab259, 0x39121108, 0xb0100ab0, 0x06b2d000, 0x12110208, 0x1006b039, 0x30d001b0, 
    0x11070131, 0x11331123, 0x01330137, 0x9d012301, 0x71787889, 0xfe979e01, 0x8ff30135, 0xfe842102, 0xfc000663, 0x97017a29, 0x8efd38fe, 0xaa000100, 
    0x22010000, 0x03000006, 0xb0001d00, 0xb0584500, 0xb11b2f02, 0x593e2002, 0x584500b0, 0x1b2f00b0, 0x3e0e00b1, 0x21313059, 0x01331123, 0x06787822, 
    0x01000000, 0x00009600, 0x4e048406, 0x78002000, 0x222105b2, 0x00391211, 0x584500b0, 0x1b2f04b0, 0x3e1a04b1, 0x4500b059, 0x2f09b058, 0x1a09b11b, 
    0x00b0593e, 0x00b05845, 0x00b11b2f, 0xb0593e1a, 0xb0584500, 0xb11b2f0c, 0x593e0e0c, 0x584500b0, 0x1b2f15b0, 0x3e0e15b1, 0x4500b059, 0x2f1eb058, 
    0x0e1eb11b, 0x01b2593e, 0x12110c09, 0x0906b239, 0x3912110c, 0xb11009b0, 0x0ab00111, 0xd821582b, 0xb059f41b, 0x3130d01a, 0x36361701, 0x36172033, 
    0x13203336, 0x26112311, 0x06062326, 0x11231107, 0x22232626, 0x23110706, 0x04090111, 0x016eb43c, 0xc23a4500, 0x075c0175, 0x8b7b0178, 0x780ab281, 
    0x71868101, 0x047827a2, 0x6262b03a, 0xfe6d65d2, 0x022efd84, 0x028c91c9, 0x34fd75a3, 0x898bd202, 0x1afd7f81, 0x01003a04, 0x00009c00, 0x4e04cc03, 
    0x54001300, 0x15140db2, 0x00391211, 0x584500b0, 0x1b2f04b0, 0x3e1a04b1, 0x4500b059, 0x2f00b058, 0x1a00b11b, 0x00b0593e, 0x08b05845, 0x08b11b2f, 
    0xb0593e0e, 0xb0584500, 0xb11b2f11, 0x593e0e11, 0x080401b2, 0xb0391211, 0x0db11004, 0x2b0ab001, 0x1bd82158, 0x313059f4, 0x36361701, 0x17163233, 
    0x26112311, 0x06222326, 0x11231107, 0x3d040e01, 0xaaae6eb6, 0x79017701, 0x29ab6f85, 0xb93a0477, 0xc4c46964, 0xc7023afd, 0x768b8e91, 0x3a041bfd, 
    0x5a000200, 0x2004ecff, 0x0f004e04, 0x45001e00, 0x201f04b2, 0xb0391211, 0x13b01004, 0x00b000d0, 0x04b05845, 0x04b11b2f, 0xb0593e1a, 0xb0584500, 
    0xb11b2f0c, 0x593e0e0c, 0xb00113b1, 0x21582b0a, 0x59f41bd8, 0xb11004b0, 0x0ab0011b, 0xd821582b, 0x3059f41b, 0x36341331, 0x00323336, 0x06141515, 
    0x00222306, 0x16141735, 0x35363233, 0x26263435, 0x15062223, 0x8cdd795a, 0x790c01d8, 0xfed78ddc, 0xa3c978f3, 0xa65cc9a2, 0x02caa06b, 0x8bfa9c2d, 
    0x19fad1fe, 0x0188fb9d, 0xc209fa2f, 0x17ccf9f9, 0xfb71ce7c, 0x020000cb, 0x60fe9b00, 0x4e040204, 0x1c000f00, 0x13b27000, 0x12111e1d, 0x1013b039, 
    0x00d00cb0, 0x584500b0, 0x1b2f0cb0, 0x3e1a0cb1, 0x4500b059, 0x2f09b058, 0x1a09b11b, 0x00b0593e, 0x06b05845, 0x06b11b2f, 0xb0593e10, 0xb0584500, 
    0xb11b2f03, 0x593e0e03, 0x030c05b2, 0xb2391211, 0x11030c0a, 0x0cb03912, 0x0113b110, 0x582b0ab0, 0xf41bd821, 0x1003b059, 0xb0011ab1, 0x21582b0a, 
    0x59f41bd8, 0x14013130, 0x27222302, 0x33112311, 0x32333617, 0x34271112, 0x06222326, 0x16161107, 0x04363233, 0xdebce002, 0x066f7776, 0xddc2de75, 
    0x6e98aa78, 0xa02b2a9e, 0x02a9976d, 0xd7fefd12, 0x05d8fd9c, 0xfead99da, 0x04fbfeda, 0x656af0cf, 0x625df9fd, 0x020000f1, 0x60fe6c00, 0x4e04d303, 
    0x1b000f00, 0x19b26d00, 0x12111d1c, 0x1019b039, 0x00d003b0, 0x584500b0, 0x1b2f03b0, 0x3e1a03b1, 0x4500b059, 0x2f06b058, 0x1a06b11b, 0x00b0593e, 
    0x08b05845, 0x08b11b2f, 0xb0593e10, 0xb0584500, 0xb11b2f0c, 0x593e0e0c, 0x0c0305b2, 0xb2391211, 0x110c030a, 0x13b13912, 0x2b0ab001, 0x1bd82158, 
    0x03b059f4, 0x0119b110, 0x582b0ab0, 0xf41bd821, 0x13313059, 0x32331234, 0x11333717, 0x23061123, 0x17350222, 0x32331614, 0x26261137, 0x6c062223, 
    0x72dbc3e1, 0x76787006, 0x79e4bed7, 0x60d796a9, 0x97699f2d, 0xfe2702aa, 0x93a72901, 0x260226fa, 0xff2c019a, 0xbbefd205, 0x69611202, 0x010000ef, 
    0x00009c00, 0x4e049302, 0x47000e00, 0x100f0bb2, 0x00391211, 0x584500b0, 0x1b2f0cb0, 0x3e1a0cb1, 0x4500b059, 0x2f08b058, 0x1a08b11b, 0x00b0593e, 
    0x06b05845, 0x06b11b2f, 0xb0593e0e, 0x02b1100c, 0x2b0ab007, 0x1bd82158, 0x0ab259f4, 0x1211060c, 0x01313039, 0x06222326, 0x11231107, 0x33361733, 
    0x90021732, 0x9b702b26, 0x02757721, 0x1d32d25f, 0x7d07d403, 0x0419fd77, 0x0dc0ac3a, 0x65000100, 0x9c03ecff, 0x25004e04, 0x09b26d00, 0x12112726, 
    0x00b00039, 0x09b05845, 0x09b11b2f, 0xb0593e1a, 0xb0584500, 0xb11b2f1c, 0x593e0e1c, 0x091c02b2, 0xb2391211, 0x111c090d, 0x2bb43912, 0x020d3b0d, 
    0x1009b05d, 0xb00110b1, 0x21582b0a, 0x59f41bd8, 0xb11002b0, 0x0ab00116, 0xd821582b, 0xb259f41b, 0x11091c20, 0x1cb03912, 0x0123b110, 0x582b0ab0, 
    0xf41bd821, 0x01313059, 0x26242634, 0x36343526, 0x15163233, 0x23263423, 0x14150622, 0x16160416, 0x23061415, 0x33352622, 0x32331616, 0x8f240336, 
    0x4d9fe0fe, 0xdbb5a7d6, 0x76799f78, 0x3b01778f, 0xb2dd4c9d, 0x0778ebbd, 0x9a7d86a3, 0x6c591301, 0x51724f3d, 0x90b3a780, 0x54697e5f, 0x544a5951, 
    0xa4895476, 0x75698cb7, 0x0100006e, 0xecff1700, 0x4f054902, 0x61001500, 0x17160eb2, 0x00391211, 0x584500b0, 0x1b2f01b0, 0x3e1a01b1, 0x4500b059, 
    0x2f13b058, 0x1a13b11b, 0x00b0593e, 0x0db05845, 0x0db11b2f, 0xb0593e0e, 0x00b01001, 0x2f00b0d0, 0xb11001b0, 0x0ab00103, 0xd821582b, 0xb059f41b, 
    0x08b1100d, 0x2b0ab001, 0x1bd82158, 0x03b059f4, 0xd011b010, 0x30d012b0, 0x33110131, 0x14112315, 0x37323316, 0x22230617, 0x23113526, 0x01113335, 
    0x41e0e056, 0x05431e4c, 0x707b512f, 0x4f05c7c7, 0xfd62ebfe, 0x0a585a2f, 0x8b8f1162, 0x0162d202, 0x01000015, 0xecff9800, 0x3a04ca03, 0x51001000, 
    0x12110ab2, 0x00391211, 0x584500b0, 0x1b2f06b0, 0x3e1a06b1, 0x4500b059, 0x2f0db058, 0x1a0db11b, 0x00b0593e, 0x0fb05845, 0x0fb11b2f, 0xb0593e0e, 
    0xb0584500, 0xb11b2f02, 0x593e0e02, 0x0f0d00b2, 0xb1391211, 0x0ab0010a, 0xd821582b, 0x3059f41b, 0x23062531, 0x11272622, 0x33101133, 0x33113720, 
    0x54032311, 0xb4aded6c, 0x01fa7702, 0x74784504, 0xc5c99d89, 0x4ffdc002, 0x03d7cbfe, 0x00c6fb0f, 0x26000100, 0xb1030000, 0x06003a04, 0x00b23800, 
    0x12110807, 0x00b00039, 0x01b05845, 0x01b11b2f, 0xb0593e1a, 0xb0584500, 0xb11b2f05, 0x593e1a05, 0x584500b0, 0x1b2f03b0, 0x3e0e03b1, 0x0500b259, 
    0x39121103, 0x01253130, 0x01230133, 0x01ed0133, 0x6cfe7b49, 0x7b6afe61, 0xfb9503a5, 0x003a04c6, 0x3f000100, 0xc1050000, 0x12003a04, 0xb0005900, 
    0xb0584500, 0xb11b2f03, 0x593e1a03, 0x584500b0, 0x1b2f08b0, 0x3e1a08b1, 0x4500b059, 0x2f11b058, 0x1a11b11b, 0x00b0593e, 0x0ab05845, 0x0ab11b2f, 
    0xb0593e0e, 0xb0584500, 0xb11b2f0f, 0x593e0e0f, 0x0a1101b2, 0xb2391211, 0x110a1106, 0x0db23912, 0x12110a11, 0x25313039, 0x33013717, 0x13371701, 
    0x01230133, 0x23010727, 0x9f013301, 0x04011812, 0x1c010166, 0xfe7cde17, 0xeafe66c5, 0xeffe0d0d, 0x7bc6fe66, 0x03625df9, 0x72cbfc3c, 0xfb3e0369, 
    0x3b5a03c6, 0x04a7fc3c, 0x0100003a, 0x00003000, 0x3a04b203, 0x53000b00, 0x4500b000, 0x2f01b058, 0x1a01b11b, 0x00b0593e, 0x0ab05845, 0x0ab11b2f, 
    0xb0593e1a, 0xb0584500, 0xb11b2f04, 0x593e0e04, 0x584500b0, 0x1b2f07b0, 0x3e0e07b1, 0x0a00b259, 0x39121104, 0x040a06b2, 0xb2391211, 0x11060003, 
    0x09b23912, 0x12110006, 0x01313039, 0x01013301, 0x23010123, 0x01330101, 0x8e2401f0, 0x7f0191fe, 0xfeccfe8d, 0x7e018dcc, 0x028d91fe, 0xfdb70183, 
    0x01d9fded, 0x0236feca, 0x00130227, 0x20000100, 0xb0034bfe, 0x10003a04, 0x03b24400, 0x12111211, 0x00b00039, 0x01b05845, 0x01b11b2f, 0xb0593e1a, 
    0xb0584500, 0xb11b2f0f, 0x593e1a0f, 0x584500b0, 0x1b2f06b0, 0x3e1006b1, 0x0f00b259, 0x39121106, 0xb0010ab1, 0x21582b0a, 0x59f41bd8, 0x01253130, 
    0x06070133, 0x27272223, 0x37363217, 0x01330137, 0x813c01f3, 0x591832fe, 0x01312bba, 0x266d583e, 0x8368fe35, 0xfb8e03ac, 0x0ec5380e, 0x6a570663, 
    0x00310492, 0x57000100, 0xaa030000, 0x09003a04, 0xb0004600, 0xb0584500, 0xb11b2f07, 0x593e1a07, 0x584500b0, 0x1b2f02b0, 0x3e0e02b1, 0x0100b159, 
    0x582b0ab0, 0xf41bd821, 0x0004b259, 0x39121102, 0xb11007b0, 0x0ab00105, 0xd821582b, 0xb259f41b, 0x11070509, 0x31303912, 0x21152137, 0x35210135, 
    0x02eb1521, 0x02adfcbf, 0x0384fd90, 0x58656513, 0x59677b03, 0x44000100, 0x9a026cfe, 0x18003d06, 0x0bb22d00, 0x12111a19, 0x0db00039, 0x2f00b02f, 
    0x000d07b2, 0xb0391211, 0x06b12f07, 0x2b0ab001, 0x1bd82158, 0x13b259f4, 0x12110706, 0x01313039, 0x35352626, 0x32352310, 0x36363511, 0x11061737, 
    0x16071415, 0x17121515, 0xaaa87d02, 0xa801e7e7, 0xb8f41aa9, 0xfef304b8, 0xbbe2326c, 0x680701dd, 0xb7e50501, 0x4e4f33e2, 0xf6d5c7fe, 0xe4f14d49, 
    0x0051dcfe, 0xb2000100, 0x1701f2fe, 0x0300b005, 0xb0001300, 0x00b02f00, 0x02b05845, 0x02b11b2f, 0x30593e1e, 0x11230131, 0x65170133, 0x06f2fe65, 
    0x010000be, 0x6cfe0900, 0x3d065f02, 0x2d001800, 0x1a190db2, 0x00391211, 0xb02f0bb0, 0x11b22f18, 0x1211180b, 0x2f11b039, 0xb00112b1, 0x21582b0a, 
    0x59f41bd8, 0x111205b2, 0x30391211, 0x13361331, 0x26373435, 0x27103535, 0x15161637, 0x15331015, 0x14151122, 0xf3090706, 0xf4c1c104, 0xe7a7ab1a, 
    0xfea8aae7, 0x240151bc, 0x4444fde0, 0x3c01d5fb, 0xe5334f4c, 0xfbfedfba, 0xddf9fe68, 0x0032e2bb, 0x91000100, 0xe604a701, 0x18001303, 0x12b23a00, 
    0x12111a19, 0x0fb00039, 0xd000b02f, 0xb0100fb0, 0x15b0d015, 0x0103b12f, 0x582b0ab0, 0xf41bd821, 0x100fb059, 0xb00108b1, 0x21582b0a, 0x59f41bd8, 
    0xb01003b0, 0x3130d00c, 0x23061401, 0x23022e22, 0x07150622, 0x32333634, 0x16161716, 0x35363233, 0x81a7e604, 0x58b67d48, 0x6c635932, 0x854a86a2, 
    0x3760435c, 0xfc026858, 0xa137c095, 0x01707629, 0x523ebd95, 0x6d7e333f, 0x8c000200, 0x310199fe, 0x03004e04, 0x3f000c00, 0x0e0d06b2, 0xb0391211, 
    0x00b01006, 0x00b000d0, 0x0ab05845, 0x0ab11b2f, 0xb0593e1a, 0xb0584500, 0xb11b2f02, 0x593e1602, 0xb1100ab0, 0x0ab00507, 0xd821582b, 0xb059f41b, 
    0x00b0d000, 0x1331302f, 0x13231333, 0x26220614, 0x16323634, 0x7c076fae, 0x2d4c2c89, 0x022c4c2d, 0x05e7fbb2, 0x2e2e2265, 0x002e2e44, 0x77000100, 
    0xe5030bff, 0x21002605, 0x1bb25100, 0x12112322, 0x12b00039, 0x2f08b02f, 0x584500b0, 0x1b2f11b0, 0x3e1a11b1, 0x4500b059, 0x2f07b058, 0x0e07b11b, 
    0x00b1593e, 0x2b0ab003, 0x1bd82158, 0x07b059f4, 0xd00ab010, 0xb01011b0, 0x11b0d014, 0x031bb110, 0x582b0ab0, 0xf41bd821, 0x25313059, 0x33373632, 
    0x15070606, 0x02263523, 0x12343535, 0x15333537, 0x23171616, 0x22232626, 0x14151506, 0x7b450216, 0x087309a9, 0xb97894cd, 0x78bad3d4, 0x7306c89b, 
    0xa27fa708, 0x8b51b3b3, 0x10c48b72, 0x0117e5e4, 0xde24e91e, 0xdc172301, 0x9cd210db, 0xd3ea9c7f, 0x00e8cf23, 0x5d000100, 0x46040000, 0x2100c405, 
    0x1cb27100, 0x12112322, 0x00b00039, 0x14b05845, 0x14b11b2f, 0xb0593e1e, 0xb0584500, 0xb11b2f05, 0x593e0e05, 0x14051fb2, 0xb0391211, 0x00b12f1f, 
    0x2b0ab001, 0x1bd82158, 0x05b059f4, 0x0103b110, 0x582b0ab0, 0xf41bd821, 0xd007b059, 0xb0d008b0, 0x0db01000, 0x101fb0d0, 0xb2d00fb0, 0x11140517, 
    0x14b03912, 0x011bb110, 0x582b0ab0, 0xf41bd821, 0x01313059, 0x21071613, 0x33352115, 0x27363736, 0x33352303, 0x33363403, 0x23151632, 0x22232634, 
    0x21131506, 0x09940115, 0xe9024202, 0x33621bfc, 0x0902141a, 0xdd09b8bc, 0x7bd3b6b9, 0x947d8196, 0x02580109, 0xaeebfe85, 0x0d68685a, 0x01524a5e, 
    0x22016816, 0xb1d3edc8, 0x9bb19487, 0x0068defe, 0x6d000200, 0x5f05e5ff, 0x1b00f104, 0x41002a00, 0x2c2b03b2, 0xb0391211, 0x20b01003, 0x00b000d0, 
    0x03b05845, 0x03b11b2f, 0xb0593e0e, 0x10b0d010, 0x1003b02f, 0xb00120b1, 0x21582b0a, 0x59f41bd8, 0xb11010b0, 0x0ab00128, 0xd821582b, 0x3059f41b, 
    0x06062531, 0x07272223, 0x35263727, 0x37273734, 0x17203617, 0x16071737, 0x17071415, 0x16140107, 0x36323316, 0x26343536, 0x06062026, 0xc84e6b04, 
    0x9ba5e271, 0x857c9f55, 0xa5a755a8, 0xaaa5ac01, 0x7a82ab56, 0xf8fb56a3, 0x8180e281, 0xde8380e0, 0x83e000ff, 0x98514885, 0xa8a1569e, 0xababe3db, 
    0x8e8caa57, 0xaaaf58ad, 0xa4a9d7e0, 0x8a7b0257, 0xef8c8bf0, 0x88ef8b8a, 0x0100ef88, 0x00001800, 0xb0050604, 0x71001600, 0x181700b2, 0x00391211, 
    0x584500b0, 0x1b2f01b0, 0x3e1e01b1, 0x4500b059, 0x2f0bb058, 0x0e0bb11b, 0x00b2593e, 0x1211010b, 0x0107b239, 0x3912110b, 0xb02f07b0, 0x03b0d003, 
    0x0205b12f, 0x582b0ab0, 0xf41bd821, 0x1007b059, 0xb00209b1, 0x21582b0a, 0x59f41bd8, 0xb0d00db0, 0x0fb01007, 0x1005b0d0, 0xb0d011b0, 0x13b01003, 
    0x1001b0d0, 0x30d015b0, 0x33010131, 0x21152101, 0x21152115, 0x21112311, 0x21352135, 0x33012135, 0x6d010f02, 0x0171fe8a, 0x019afe39, 0x7b9afe66, 
    0x62019efe, 0x39019efe, 0x028b72fe, 0xfdd502db, 0x58cc5911, 0x4401bcfe, 0x0259cc58, 0x020000ef, 0xf2fe9f00, 0xb0051701, 0x07000300, 0xb0001800, 
    0x00b02f00, 0x06b05845, 0x06b11b2f, 0xb2593e1e, 0x2b030105, 0x11133130, 0x23111133, 0x789f3311, 0xf2fe7878, 0xfdfc0303, 0xf602c803, 0x66000200, 
    0x5f0411fe, 0x3600c405, 0x84004500, 0x474625b2, 0xb0391211, 0x3eb01025, 0x09b000d0, 0x4500b02f, 0x2f25b058, 0x1e25b11b, 0x3fb2593e, 0x12110925, 
    0x103fb039, 0xb00118b1, 0x21582b0a, 0x59f41bd8, 0x3f1803b2, 0xb0391211, 0x0fb01009, 0x1009b0d0, 0xb00112b1, 0x21582b0a, 0x59f41bd8, 0x092537b2, 
    0xb0391211, 0x32b11037, 0x2b0ab001, 0x1bd82158, 0x1fb259f4, 0x12113237, 0x1025b039, 0xb0d029b0, 0x2cb11025, 0x2b0ab001, 0x1bd82158, 0x313059f4, 
    0x07061401, 0x14151616, 0x26222306, 0x37352627, 0x32331614, 0x26343536, 0x26262426, 0x37363435, 0x34352626, 0x16323324, 0x26342315, 0x15062223, 
    0x17161614, 0x0625021e, 0x16141506, 0x36171716, 0x26343536, 0x7b5f0427, 0xfc615b6d, 0x44c16dd9, 0xb1cf7886, 0xa045bca0, 0x59ae9efe, 0x5c566a75, 
    0xe0d50201, 0xa1c078f9, 0x983ebaa5, 0x58bdc49f, 0x766c67fd, 0x5ccba147, 0xad868470, 0x8b64af01, 0x6e8c3021, 0x3938c0a4, 0x9c02cc72, 0x4d718baf, 
    0x67604e5e, 0x8d64658f, 0x6c8c2f21, 0xcde2c3a1, 0x7389b792, 0x2d4c5e4f, 0xef8e6733, 0x5359740d, 0x1c384c60, 0x6256730d, 0x02003876, 0x24058900, 
    0xc505e402, 0x13000900, 0xb0001e00, 0x02b12f08, 0x2b0ab005, 0x1bd82158, 0x0cb059f4, 0x1008b0d0, 0xb0d012b0, 0x31302f12, 0x32363413, 0x06141516, 
    0x34252622, 0x15163236, 0x26220614, 0x2d4c2c89, 0x012c4c2d, 0x2d4c2cb6, 0x052c4c2d, 0x2f2f2274, 0x2e2e2122, 0x2f2f2220, 0x2e2e2122, 0x6b000300, 
    0xf605ebff, 0x1800c405, 0x37002800, 0x1db29900, 0x12113938, 0x101db039, 0xb0d00eb0, 0x34b0101d, 0x00b000d0, 0x2cb05845, 0x2cb11b2f, 0xb0593e1e, 
    0xb0584500, 0xb11b2f34, 0x593e0e34, 0x2c3402b2, 0xb0391211, 0x0fb42f02, 0x02021f02, 0x2c08b25d, 0x39121134, 0xb42f08b0, 0x08100800, 0x0cb25d02, 
    0x12110208, 0x020eb139, 0x582b0ab0, 0xf41bd821, 0x1002b059, 0xb00215b1, 0x21582b0a, 0x59f41bd8, 0x080218b2, 0xb0391211, 0x1db11034, 0x2b0ab004, 
    0x1bd82158, 0x2cb059f4, 0x0425b110, 0x582b0ab0, 0xf41bd821, 0x01313059, 0x26200614, 0x36343535, 0x23151620, 0x06222334, 0x16141515, 0x35363233, 
    0x04121425, 0x12243233, 0x24023435, 0x02042223, 0x24123407, 0x15120420, 0x23040214, 0x04022422, 0xd4fea461, 0x2a01b8b7, 0x6ad863a6, 0x6a6c7e80, 
    0xa3c2fc6d, 0xa7a82601, 0xa6a72201, 0xaba7ddfe, 0x55a0dafe, 0x014b01bb, 0xbb4a0180, 0xc6b5feb4, 0xb6b5fec5, 0xa2985f02, 0xae5ab5d4, 0xe098a1d5, 
    0x865b8da2, 0x7a766aa3, 0xb4ccfeb0, 0xb33301b2, 0xb13101b2, 0xaed0feb6, 0xc75a01ca, 0xcaa6fec7, 0xd1a8fec5, 0x005801cf, 0x9d000200, 0xf802b302, 
    0x1c00c405, 0x82002500, 0x27260fb2, 0xb0391211, 0x1eb0100f, 0x00b000d0, 0x16b05845, 0x16b11b2f, 0xb2593e1e, 0x11162604, 0x04b03912, 0xd000b02f, 
    0xb22f00b0, 0x11041602, 0x0bb23912, 0x12111604, 0x2f0bb039, 0xb11016b0, 0x0ab0030f, 0xd821582b, 0xb259f41b, 0x110f0b12, 0x0d403912, 0x121c120c, 
    0x123c122c, 0x125c124c, 0x04b05d06, 0x031db110, 0x582b0ab0, 0xf41bd821, 0x100bb059, 0xb00321b1, 0x21582b0a, 0x59f41bd8, 0x26013130, 0x22230627, 
    0x36343526, 0x34353333, 0x06222326, 0x36342715, 0x15163233, 0x25171411, 0x35373632, 0x14152223, 0x060f8902, 0x84758757, 0x508ba2a7, 0x6b675a51, 
    0x927c86a6, 0x35b2fe1a, 0xe6811f73, 0x332bc102, 0x6e64756c, 0x5e553d7a, 0x66064847, 0xfe868f83, 0x51575cc5, 0x92a82c3c, 0xffff007e, 0x94007b00, 
    0x9d034003, 0x92012600, 0x0700ed0f, 0x44019201, 0x0100edff, 0x82017c00, 0x0803a803, 0x1b000500, 0x2f04b000, 0xb0d001b0, 0x04b02f01, 0x0102b110, 
    0x582b0ab0, 0xf41bd821, 0x01313059, 0x35211123, 0x78a80321, 0x2c034cfd, 0x1c018201, 0x0400006a, 0xebff6600, 0xc405f205, 0x1c000d00, 0x3b003200, 
    0x3ab29e00, 0x12113d3c, 0x103ab039, 0xb0d004b0, 0x19b0103a, 0x103ab0d0, 0x00d021b0, 0x584500b0, 0x1b2f03b0, 0x3e1e03b1, 0x4500b059, 0x2f0bb058, 
    0x0e0bb11b, 0x11b1593e, 0x2b0ab004, 0x1bd82158, 0x03b059f4, 0x0419b110, 0x582b0ab0, 0xf41bd821, 0x0b1eb259, 0x39121103, 0xb22f1eb0, 0x11030b20, 
    0x20b03912, 0x2000b42f, 0x5d022010, 0x201e33b2, 0xb0391211, 0x1db12f33, 0x2b0ab002, 0x1bd82158, 0x26b259f4, 0x1211331d, 0x101eb039, 0xb0d02db0, 
    0x3bb11020, 0x2b0ab002, 0x1bd82158, 0x313059f4, 0x24123413, 0x15120420, 0x20040214, 0x14370224, 0x24200412, 0x02343512, 0x04222324, 0x23110502, 
    0x16322111, 0x16071415, 0x17161416, 0x35262315, 0x27232634, 0x35363233, 0x23272634, 0x4b01bb66, 0x4b018001, 0xb5feb6bb, 0xb5fe76fe, 0x01a755b6, 
    0x014e0123, 0xfea2a524, 0xfea8abdd, 0xcf01a6dd, 0x93020162, 0x38488d9e, 0x0e660908, 0xb5bc5a4b, 0x6a576951, 0xcad902ae, 0xc7c75a01, 0xc7caa6fe, 
    0xcfcfa8fe, 0xb3c75801, 0xb1b1ccfe, 0xb0b23501, 0xb1b43001, 0xfef1cffe, 0x7b4703a7, 0x1a40857d, 0x1744986d, 0x59922410, 0x45545b4a, 0x00024955, 
    0x89000100, 0xf4023f05, 0x0300a005, 0x01b21900, 0x12110504, 0x02b00039, 0x0300b12f, 0x582b0ab0, 0xf41bd821, 0x01313059, 0x02213521, 0x0295fdf4, 
    0x613f056b, 0x8f000200, 0x7602d403, 0x0900c405, 0x3e001400, 0x161503b2, 0xb0391211, 0x12b01003, 0x00b000d0, 0x07b05845, 0x07b11b2f, 0xb0593e1e, 
    0x0cb0d00c, 0x0203b12f, 0x582b0ab0, 0xf41bd821, 0x1007b059, 0xb00212b1, 0x21582b0a, 0x59f41bd8, 0x14013130, 0x26222306, 0x16323634, 0x32161405, 
    0x26343536, 0x02062223, 0x65648e76, 0x8fc69290, 0x845973fe, 0x41425656, 0x68ca045a, 0x93ce8f8e, 0x58436793, 0x5a454358, 0x0200005a, 0x00005400, 
    0xf304e803, 0x0f000b00, 0xb0004100, 0x00b02f09, 0x0db05845, 0x0db11b2f, 0xb0593e0e, 0x00b01009, 0x1009b0d0, 0xb00106b1, 0x21582b0a, 0x59f41bd8, 
    0xb0d003b0, 0x0eb1100d, 0x2b0ab001, 0x1bd82158, 0x05b259f4, 0x1211060e, 0x01313039, 0x11211521, 0x35211123, 0x01331121, 0x02213521, 0xfe870161, 
    0x62fe6f79, 0x016f9e01, 0x03bdfc62, 0x663d0343, 0xb6014afe, 0xfbb60166, 0x0100650d, 0x99024c00, 0xb9059b02, 0x57001600, 0x181708b2, 0x00391211, 
    0x584500b0, 0x1b2f0eb0, 0x3e1e0eb1, 0x4500b059, 0x2f00b058, 0x1200b11b, 0x16b1593e, 0x2b0ab002, 0x1bd82158, 0x02b059f4, 0x0003b2d0, 0x3912110e, 
    0xb1100eb0, 0x0ab00208, 0xd821582b, 0xb259f41b, 0x11000e0b, 0x14b23912, 0x12110e00, 0x01313039, 0x36013521, 0x23263435, 0x23150622, 0x16323634, 
    0x020f1415, 0xfd9b0221, 0x6a4001c5, 0x5e574f51, 0x8efc9e69, 0x01e23776, 0x4b9902b6, 0x496e3a01, 0x49594d3f, 0x667c8e6c, 0xd1377a65, 0x47000100, 
    0x8b028e02, 0x2600b905, 0x20b27700, 0x12112827, 0x00b00039, 0x0eb05845, 0x0eb11b2f, 0xb0593e1e, 0xb0584500, 0xb11b2f19, 0x593e1219, 0x0e1901b2, 
    0x7c391211, 0x182f01b0, 0x01016fb2, 0x100eb071, 0xb00207b1, 0x21582b0a, 0x59f41bd8, 0x0e010ab2, 0xb0391211, 0x25b11001, 0x2b0ab002, 0x1bd82158, 
    0x14b259f4, 0x12110125, 0x251db239, 0x39121119, 0xb11019b0, 0x0ab00220, 0xd821582b, 0x3059f41b, 0x36330131, 0x26343536, 0x15062223, 0x33363423, 
    0x14151632, 0x15160706, 0x22230614, 0x14333526, 0x36323316, 0x23233435, 0x51560b01, 0x4c51565f, 0x779d6960, 0x464c9280, 0x81829ea2, 0x54696aa3, 
    0x49ce5d57, 0x48025304, 0x4a4a3e3c, 0x787c603a, 0x185e3866, 0x7c66932a, 0x513e677f, 0x008e424c, 0x7c000100, 0xcc01e804, 0x03000006, 0xb0001e00, 
    0x00b02f02, 0x2f00b0d0, 0x1f000fb4, 0xb05d0200, 0x03b01002, 0x03b019d0, 0x3130182f, 0x23033301, 0xe7913b01, 0xfe000669, 0x010000e8, 0x60fea200, 
    0x3a04d303, 0x65001300, 0x15140eb2, 0x00391211, 0x584500b0, 0x1b2f00b0, 0x3e1a00b1, 0x4500b059, 0x2f08b058, 0x1a08b11b, 0x00b0593e, 0x11b05845, 
    0x11b11b2f, 0xb0593e10, 0xb0584500, 0xb11b2f0a, 0x593e0e0a, 0x584500b0, 0x1b2f0eb0, 0x3e0e0eb1, 0x0104b159, 0x582b0ab0, 0xf41bd821, 0x080cb259, 
    0x3912110a, 0x0a0810b2, 0x30391211, 0x14110131, 0x36323316, 0x11331137, 0x23062723, 0x23112722, 0x7e190111, 0x1d9a8489, 0x62076d78, 0x7757b8d5, 
    0x84fd3a04, 0x7473b9b4, 0xc6fb0203, 0xfd7dae9a, 0x00da05f7, 0x53000100, 0x21030000, 0x0b00b005, 0x03b22b00, 0x12110d0c, 0x00b00039, 0x09b05845, 
    0x09b11b2f, 0xb0593e1e, 0xb0584500, 0xb11b2f00, 0x593e0e00, 0x090001b2, 0x30391211, 0x23112131, 0x35262622, 0x33332434, 0x6ca90211, 0x0176de96, 
    0x02e0e40a, 0x8bd57408, 0x50faffd5, 0xa3000100, 0x4d017b02, 0x08002003, 0x03b22300, 0x12110a09, 0x00b00039, 0x02b05845, 0x02b11b2f, 0xb1593e18, 
    0x0ab00507, 0xd821582b, 0x3059f41b, 0x36341331, 0x06141632, 0x2ca32622, 0x502e2e50, 0x23cd022c, 0x2f463030, 0x0100002f, 0x4dfe6200, 0x00008f01, 
    0x5c000e00, 0x100f00b2, 0x00391211, 0x584500b0, 0x1b2f06b0, 0x3e1006b1, 0x4500b059, 0x2f00b058, 0x0e00b11b, 0x0cb6593e, 0x2c001c00, 0xb45d0300, 
    0x06300620, 0x01b25d02, 0x12110600, 0x2f01b039, 0xb11006b0, 0x0ab00607, 0xd821582b, 0xb059f41b, 0x0db11001, 0x2b0ab006, 0x1bd82158, 0x313059f4, 
    0x15160733, 0x27230614, 0x34353632, 0xf6372726, 0x889ea50c, 0x57715907, 0x15401d59, 0x4e6c5c96, 0x2c3a3741, 0x01007f08, 0x99027e00, 0xaf05d001, 
    0x33000600, 0x4500b000, 0x2f05b058, 0x1e05b11b, 0x00b0593e, 0x00b05845, 0x00b11b2f, 0xb2593e12, 0x11050004, 0x04b03912, 0x0203b12f, 0x582b0ab0, 
    0xf41bd821, 0x01313059, 0x35071123, 0xd0013325, 0x4401e86a, 0x0299020e, 0x6b5a4697, 0x87000200, 0x0e03b202, 0x0d00c405, 0x42001a00, 0x1c1b0ab2, 
    0xb0391211, 0x11b0100a, 0x00b000d0, 0x03b05845, 0x03b11b2f, 0xb2593e1e, 0x11031b0a, 0x0ab03912, 0x0311b12f, 0x582b0ab0, 0xf41bd821, 0x1003b059, 
    0xb00318b1, 0x21582b0a, 0x59f41bd8, 0x34133130, 0x16323336, 0x06141515, 0x35262223, 0x33161417, 0x35353632, 0x06222634, 0x92b18715, 0x92b0b193, 
    0x716cb293, 0x74736368, 0x6c0473c8, 0x9ebfbf99, 0xbdbe995e, 0x8672059f, 0x735f7884, 0x00758885, 0x7300ffff, 0x4303a200, 0x2600b003, 0x00129301, 
    0x93010700, 0x00005101, 0x7300ffff, 0x77050000, 0x2700ae05, 0xf5ffc601, 0x27009802, 0x16019401, 0x07010800, 0xc1022002, 0x10000000, 0x4500b000, 
    0x2f05b058, 0x1e05b11b, 0x3130593e, 0x6400ffff, 0x9c050000, 0x2700ae05, 0xea009401, 0x27000800, 0xe6ffc601, 0x07019802, 0x0103c501, 0x10000000, 
    0x4500b000, 0x2f09b058, 0x1e09b11b, 0x3130593e, 0x7600ffff, 0xea050000, 0x2700b905, 0xa6019401, 0x27000800, 0x34032002, 0x07010000, 0x2f001f02, 
    0x10009902, 0x4500b000, 0x2f21b058, 0x1e21b11b, 0x3130593e, 0x58000200, 0x540381fe, 0x19004d04, 0x5c002300, 0x252409b2, 0xb0391211, 0x1db01009, 
    0x00b000d0, 0x21b05845, 0x21b11b2f, 0xb0593e1a, 0xb0584500, 0xb11b2f10, 0x593e1610, 0xb11021b0, 0x0ab0051d, 0xd821582b, 0xb059f41b, 0x19b0d019, 
    0x1003b22f, 0x39121119, 0xb11010b0, 0x0ab00109, 0xd821582b, 0xb259f41b, 0x11101915, 0x31303912, 0x07020e01, 0x16141506, 0x37363233, 0x23060633, 
    0x34352622, 0x37363736, 0x06141337, 0x34352622, 0x02163236, 0xbc320227, 0x80865117, 0x78028e77, 0xb2abd202, 0x558f6acb, 0x2c880207, 0x4c2d2d4c, 
    0x7baf022c, 0x691ebc76, 0x8c8c8183, 0xc8c5a675, 0x87ca6fad, 0x01456d47, 0x2f2f224f, 0x2e2e2122, 0x11000200, 0x1f070000, 0x0f00b005, 0x8d001200, 
    0x141312b2, 0xb0391211, 0x06b01012, 0x00b000d0, 0x06b05845, 0x06b11b2f, 0xb0593e1e, 0xb0584500, 0xb11b2f00, 0x593e0e00, 0x584500b0, 0x1b2f04b0, 
    0x3e0e04b1, 0x0611b259, 0x39121100, 0xb12f11b0, 0x0ab00102, 0xd821582b, 0xb059f41b, 0x08b11006, 0x2b0ab001, 0x1bd82158, 0x0ab259f4, 0x12110006, 
    0x2f0ab039, 0x010a2fb2, 0x010cb15d, 0x582b0ab0, 0xf41bd821, 0x1000b059, 0xb0010eb1, 0x21582b0a, 0x59f41bd8, 0x000612b2, 0x30391211, 0x03212131, 
    0x01230321, 0x13211521, 0x13211521, 0x03210121, 0xcffc1f07, 0xe6acfd11, 0x03710392, 0x174afd60, 0xb7fd4d02, 0xfabe021a, 0x230d02ad, 0x7bfe8501, 
    0xfd66b005, 0xa2fd66df, 0x3d039101, 0x5d000100, 0xc6036400, 0x0b00ce03, 0xb0003800, 0x09b22f03, 0x1211030c, 0x2f09b039, 0x090304b2, 0xb2391211, 
    0x1103090a, 0x01b23912, 0x12110a04, 0x1003b039, 0xb2d005b0, 0x11040a07, 0x09b03912, 0xd00bb010, 0x01373130, 0x01013701, 0x07010117, 0x015d0101, 
    0x4fa9fe66, 0x57015601, 0x01a9fe4f, 0x9afe4f66, 0x01b39bfe, 0x505e016d, 0x5e01a2fe, 0xfea2fe50, 0x6c014f93, 0x030094fe, 0xadff7d00, 0xe105fa04, 
    0x20001700, 0x68002900, 0x2b2a04b2, 0xb0391211, 0x1db01004, 0x1004b0d0, 0x00d026b0, 0x584500b0, 0x1b2f10b0, 0x3e1e10b1, 0x4500b059, 0x2f04b058, 
    0x0e04b11b, 0x1ab2593e, 0x12110410, 0x1023b239, 0x39121104, 0xb01023b0, 0x10b0d01b, 0x011db110, 0x582b0ab0, 0xf41bd821, 0x101ab059, 0xb0d024b0, 
    0x26b11004, 0x2b0ab001, 0x1bd82158, 0x313059f4, 0x04021401, 0x07272223, 0x11263723, 0x24123435, 0x37173233, 0x13160733, 0x01171005, 0x02222326, 
    0x27342511, 0x32331601, 0xec041112, 0xa9fefe8b, 0x686585ba, 0x018db689, 0x94e0a802, 0x8695676b, 0x7a0cfc01, 0xbf777802, 0x7903f1cb, 0x6b91fd50, 
    0x02ead199, 0xd0fec989, 0xd9a061a4, 0x935401b8, 0xa53301c7, 0xb4eda98c, 0xfe9ee7fe, 0xea0399fb, 0xfed5fe83, 0x8ed306f4, 0x015423fc, 0x000b012b, 
    0xb7000200, 0x48040000, 0x0d00b005, 0x59001500, 0x171610b2, 0xb0391211, 0x02b01010, 0x00b000d0, 0x00b05845, 0x00b11b2f, 0xb0593e1e, 0xb0584500, 
    0xb11b2f0b, 0x593e0e0b, 0x0b0001b2, 0xb0391211, 0x10b22f01, 0x12110b00, 0x2f10b039, 0xb00109b1, 0x21582b0a, 0x59f41bd8, 0xb11001b0, 0x0ab0010e, 
    0xd821582b, 0x3059f41b, 0x21110131, 0x15161632, 0x21070614, 0x13112311, 0x36322111, 0x01272610, 0x8f45012f, 0xd3f471d4, 0x7878aefe, 0xc09d4401, 
    0xb00597b7, 0xbd66d0fe, 0x04e1b97b, 0xb005bcfe, 0x8efd6bfe, 0xab1801ab, 0x01000004, 0xecff9700, 0x08064804, 0x50002c00, 0x2e2d23b2, 0x00391211, 
    0xb02f05b0, 0xb0584500, 0xb11b2f00, 0x593e0e00, 0x584500b0, 0x1b2f15b0, 0x3e0e15b1, 0x050fb259, 0x39121115, 0xb0011cb1, 0x21582b0a, 0x59f41bd8, 
    0x051522b2, 0xb0391211, 0x2ab11005, 0x2b0ab001, 0x1bd82158, 0x313059f4, 0x34112321, 0x16323336, 0x020e1415, 0x021e1415, 0x23061415, 0x37272622, 
    0x32331616, 0x2e343536, 0x36343502, 0x23263435, 0x0f010322, 0x99aabf78, 0x19471bbf, 0xd459bf53, 0x28b654a4, 0x439a2522, 0xb758947a, 0x5b7e7e5c, 
    0x670404f7, 0x8aa9d9c8, 0x5281603a, 0x8e683830, 0xb4924f89, 0x1d652030, 0x3d628034, 0x4d878671, 0x5d54e060, 0x00cefe77, 0x55000300, 0x7a06ecff, 
    0x2b004e04, 0x3f003700, 0x03b2c800, 0x12114140, 0x1003b039, 0xb0d02fb0, 0x3bb01003, 0x00b000d0, 0x18b05845, 0x18b11b2f, 0xb0593e1a, 0xb0584500, 
    0xb11b2f1e, 0x593e1a1e, 0x584500b0, 0x1b2f00b0, 0x3e0e00b1, 0x4500b059, 0x2f06b058, 0x0e06b11b, 0x03b2593e, 0x1211001e, 0x060db239, 0x39121118, 
    0xb02f0db0, 0x11b11018, 0x2b0ab001, 0x1bd82158, 0x14b259f4, 0x1211180d, 0x1e1bb239, 0x39121100, 0x001e3cb2, 0xb0391211, 0x22b12f3c, 0x2b0ab001, 
    0x1bd82158, 0x00b059f4, 0x0127b110, 0x582b0ab0, 0xf41bd821, 0x1e29b259, 0x39121100, 0xb11006b0, 0x0ab0012c, 0xd821582b, 0xb059f41b, 0x30b1100d, 
    0x2b0ab001, 0x1bd82158, 0x11b059f4, 0xd038b010, 0x22053130, 0x06062726, 0x35262223, 0x21373634, 0x23263435, 0x27150622, 0x32333634, 0x36361716, 
    0x17163233, 0x14152115, 0x37323316, 0x32250617, 0x21113736, 0x07070622, 0x22011614, 0x35210706, 0xf1042634, 0x3c3cc78b, 0xbaa98be4, 0x0e01cddd, 
    0xa6827e7f, 0x7db6e977, 0xbd3c28b1, 0x02e1c474, 0xacc00bfd, 0x912f8bb9, 0xbb5bf7fb, 0x8900ff2d, 0x830109ac, 0xb4848203, 0xa17b0213, 0x62616d14, 
    0x9d90a96c, 0x845803b3, 0x0d698294, 0x6a6bb490, 0xd9f17164, 0xe3c91d6a, 0x64845776, 0x2c01405c, 0x6114697a, 0xc4980370, 0xb39a1fa8, 0x95000200, 
    0x1f04ecff, 0x1d002a06, 0x61002c00, 0x2e2d0eb2, 0xb0391211, 0x22b0100e, 0x00b000d0, 0x19b05845, 0x19b11b2f, 0xb0593e20, 0xb0584500, 0xb11b2f07, 
    0x593e0e07, 0x07190eb2, 0xb0391211, 0x19b02f0e, 0x0118b110, 0x582b0ab0, 0xf41bd821, 0x100eb059, 0xb00122b1, 0x21582b0a, 0x59f41bd8, 0xb11007b0, 
    0x0ab00129, 0xd821582b, 0x3059f41b, 0x13160131, 0x06061415, 0x26262223, 0x33123435, 0x26171632, 0x37270727, 0x16372726, 0x03173717, 0x23262627, 
    0x14150622, 0x32331616, 0x2b033536, 0xca7006ee, 0x7cd4827e, 0xad64c7ef, 0xe1a82a3b, 0xce89ce33, 0xc2a7f227, 0x27023633, 0xb3a16fae, 0x8d659f5a, 
    0xfa1705af, 0x9f6e68fe, 0xe37b8dff, 0x0e01e588, 0xa8fb434d, 0x6a80498b, 0x8c486743, 0xebfc4979, 0xd2605339, 0x65b367b9, 0x0300d3f9, 0xd2004800, 
    0x93042e04, 0x0c000300, 0x53001500, 0x171607b2, 0xb0391211, 0x00b01007, 0x1007b0d0, 0x00d010b0, 0xb12f02b0, 0x0ab00701, 0xd821582b, 0xb059f41b, 
    0x0bb01002, 0x582b0ab0, 0x59dc1bd8, 0x0ab006b0, 0x1bd8582b, 0x01b059dc, 0xb00fb010, 0xd8582b0a, 0xb059dc1b, 0x2b0ab014, 0xdc1bd858, 0x01313059, 
    0x01213521, 0x16323634, 0x26220614, 0x32363411, 0x22061416, 0xfc2e0426, 0xfde6031a, 0x2e502cc1, 0x2c2c502e, 0x502e2e50, 0x7484022c, 0x30234801, 
    0x2f2f4630, 0x302306fd, 0x2e2e4630, 0x59000300, 0x1f0474ff, 0x1900be04, 0x2d002300, 0x04b26800, 0x12112f2e, 0x1004b039, 0xb0d020b0, 0x2ab01004, 
    0x00b000d0, 0x04b05845, 0x04b11b2f, 0xb0593e1a, 0xb0584500, 0xb11b2f11, 0x593e0e11, 0x11041db2, 0xb2391211, 0x11110427, 0x27b03912, 0xd01eb010, 
    0xb11004b0, 0x0ab00120, 0xd821582b, 0xb059f41b, 0x28b0101d, 0x1011b0d0, 0xb0012ab1, 0x21582b0a, 0x59f41bd8, 0x34133130, 0x32333636, 0x07333717, 
    0x15151616, 0x23060614, 0x23072722, 0x35262637, 0x17161433, 0x22232601, 0x34251506, 0x16012726, 0x35363233, 0x8cdd7959, 0x5e4e6472, 0x7a685e64, 
    0x5c6c8cdc, 0x64635e4f, 0x4547776e, 0x5b4b8501, 0xd702caa1, 0x7dfe3f42, 0xc9a15644, 0xfa9c2d02, 0xcca0308b, 0x2193ea48, 0x2988fc9c, 0xee47cba1, 
    0x3dbe6e98, 0xfb2b1a03, 0xb6670bcb, 0x22eafc3f, 0x0200ccf9, 0x60fe9f00, 0x00060704, 0x1c000f00, 0x13b26600, 0x12111e1d, 0x1013b039, 0x00d00cb0, 
    0xb02f08b0, 0xb0584500, 0xb11b2f0c, 0x593e1a0c, 0x584500b0, 0x1b2f06b0, 0x3e1006b1, 0x4500b059, 0x2f03b058, 0x0e03b11b, 0x05b2593e, 0x1211030c, 
    0x0c0ab239, 0x39121103, 0xb1100cb0, 0x0ab00113, 0xd821582b, 0xb059f41b, 0x1ab11003, 0x2b0ab001, 0x1bd82158, 0x313059f4, 0x23021401, 0x23112722, 
    0x36113311, 0x11123233, 0x23263427, 0x11070622, 0x32331616, 0xe0070436, 0x7876ddbd, 0xc0dc7578, 0x98aa78df, 0x2a2a9e6e, 0xa997709e, 0xfefd1202, 
    0xd8fd9cd7, 0xa4fda007, 0xfedbfeaa, 0xf0cf03fb, 0xf7fd656a, 0x00f1635a, 0x6c000200, 0x8104ecff, 0x17000006, 0x8f002200, 0x242320b2, 0xb0391211, 
    0x11b01020, 0x14b000d0, 0x4500b02f, 0x2f0db058, 0x1a0db11b, 0x00b0593e, 0x02b05845, 0x02b11b2f, 0xb0593e0e, 0xb0584500, 0xb11b2f06, 0x593e0e06, 
    0x01142fb2, 0x140fb25d, 0x17b25d01, 0x12111402, 0x2f17b039, 0xb00100b1, 0x21582b0a, 0x59f41bd8, 0x020d04b2, 0xb2391211, 0x11020d0f, 0x10b03912, 
    0x1017b0d0, 0xb0d012b0, 0x1bb11006, 0x2b0ab001, 0x1bd82158, 0x0db059f4, 0x0120b110, 0x582b0ab0, 0xf41bd821, 0x01313059, 0x27231123, 0x02222306, 
    0x12343511, 0x11173233, 0x35213521, 0x01331533, 0x32331614, 0x23261137, 0x81040622, 0x730570ae, 0xe1e5bbdf, 0xfe73dbc1, 0x773f01c1, 0xa664fcae, 
    0x5d5ddd97, 0x04a897db, 0x9017fbe9, 0x012d01a4, 0x01fc0e00, 0x4801ad2b, 0xfcb1b166, 0xc3efcfc3, 0xedd3fc01, 0x18000200, 0x68050000, 0x1300b005, 
    0x74001700, 0x4500b000, 0x2f0fb058, 0x1e0fb11b, 0x00b0593e, 0x08b05845, 0x08b11b2f, 0xb2593e0e, 0x110f0814, 0x14b03912, 0x1410b22f, 0x3912110f, 
    0xb42f10b0, 0x101f100f, 0x00b05d02, 0x1010b0d0, 0xb00317b1, 0x21582b0a, 0x59f41bd8, 0xb0d003b0, 0x05b01008, 0x1014b0d0, 0xb00107b1, 0x21582b0a, 
    0x59f41bd8, 0xb01017b0, 0x10b0d00a, 0xd00db010, 0xb0100fb0, 0x3130d012, 0x23153301, 0x21112311, 0x23112311, 0x33113335, 0x33112111, 0x21352101, 
    0x9191d704, 0x7bc0fc7b, 0x037b8989, 0x45fc7b40, 0xc0fc4003, 0xfb606204, 0xfdba02fe, 0x60020446, 0xb2fe4e01, 0x72fd4e01, 0x010000e0, 0x0000a800, 
    0x3a042001, 0x1d000300, 0x4500b000, 0x2f02b058, 0x1a02b11b, 0x00b0593e, 0x00b05845, 0x00b11b2f, 0x30593e0e, 0x11232131, 0x78200133, 0x003a0478, 
    0xa2000100, 0x20040000, 0x0c003a04, 0xb0006200, 0xb0584500, 0xb11b2f04, 0x593e1a04, 0x584500b0, 0x1b2f08b0, 0x3e1a08b1, 0x4500b059, 0x2f02b058, 
    0x0e02b11b, 0x00b0593e, 0x0bb05845, 0x0bb11b2f, 0xb2593e0e, 0x11040206, 0x06b03912, 0x066fb42f, 0x5d02067f, 0x3c062cb4, 0xb15d0206, 0x0ab00101, 
    0xd821582b, 0xb259f41b, 0x1106010a, 0x31303912, 0x23112301, 0x33113311, 0x01013301, 0x89a40123, 0x01867979, 0x20fe92bb, 0x01981202, 0x0410fef0, 
    0x0120fe3a, 0xfdf1fde0, 0x010000d5, 0x00001500, 0xb005fe03, 0x5d000d00, 0x4500b000, 0x2f0cb058, 0x1e0cb11b, 0x00b0593e, 0x06b05845, 0x06b11b2f, 
    0xb2593e0e, 0x11060c01, 0x01b03912, 0xd000b02f, 0xb11001b0, 0x0ab00102, 0xd821582b, 0xb059f41b, 0x06b0d003, 0x0104b110, 0x582b0ab0, 0xf41bd821, 
    0x1003b059, 0xb0d008b0, 0x00b0d009, 0xd00bb010, 0x30d00ab0, 0x15250131, 0x15211105, 0x35071121, 0x01331137, 0xfe330130, 0xfcce02cd, 0x7c9f9fb6, 
    0x5a613103, 0x6891fd61, 0x5a32af02, 0x00a70232, 0x19000100, 0xf8010000, 0x0b000006, 0xb0004b00, 0xb0584500, 0xb11b2f0a, 0x593e200a, 0x584500b0, 
    0x1b2f04b0, 0x3e0e04b1, 0x0401b259, 0x3912110a, 0xb02f01b0, 0x01b0d000, 0x0102b110, 0x582b0ab0, 0xf41bd821, 0xd003b059, 0xb0d006b0, 0x00b0d007, 
    0xd009b010, 0x30d008b0, 0x15370131, 0x11231107, 0x11373507, 0xb3450133, 0xb4b478b3, 0x465c0378, 0xfffc465b, 0x5b46d202, 0x00d30246, 0xb5000100, 
    0xe9044bfe, 0x1400b005, 0x06b26500, 0x12111615, 0x00b00039, 0x00b05845, 0x00b11b2f, 0xb0593e1e, 0xb0584500, 0xb11b2f11, 0x593e1e11, 0x584500b0, 
    0x1b2f0db0, 0x3e0e0db1, 0x4500b059, 0x2f0fb058, 0x0e0fb11b, 0x00b0593e, 0x04b05845, 0x04b11b2f, 0xb1593e10, 0x0ab00109, 0xd821582b, 0xb259f41b, 
    0x110d000e, 0x13b23912, 0x12110d00, 0x01313039, 0x23061411, 0x16372722, 0x35363233, 0x23110135, 0x11013311, 0x90a2e904, 0x2d0d373a, 0xfc5f5836, 
    0x037b7bc3, 0xf9b0053d, 0x13b4abfa, 0x76801066, 0xfbe20456, 0xfbb0051e, 0x00e1041f, 0x9d000100, 0xd5034bfe, 0x1c004e04, 0x0db26000, 0x12111e1d, 
    0x00b00039, 0x03b05845, 0x03b11b2f, 0xb0593e1a, 0xb0584500, 0xb11b2f00, 0x593e1a00, 0x584500b0, 0x1b2f1ab0, 0x3e0e1ab1, 0x4500b059, 0x2f0ab058, 
    0x100ab11b, 0x01b2593e, 0x12111a03, 0x010fb139, 0x582b0ab0, 0xf41bd821, 0x1003b059, 0xb00116b1, 0x21582b0a, 0x59f41bd8, 0x17013130, 0x16323336, 
    0x06141117, 0x37272223, 0x36323316, 0x26341135, 0x07062223, 0x01112311, 0xed6e0a08, 0xa102b2b4, 0x0e3d3f8f, 0x6058412d, 0xa1748d7e, 0x3a047828, 
    0xd9d8ccb8, 0xb2aa0afd, 0x7b0f6713, 0xaceb0276, 0xfc7070a8, 0x003a04fa, 0x6c000200, 0x0907ebff, 0x1700c405, 0x9b002300, 0x252401b2, 0xb0391211, 
    0x1ab01001, 0x00b000d0, 0x0cb05845, 0x0cb11b2f, 0xb0593e1e, 0xb0584500, 0xb11b2f0e, 0x593e1e0e, 0x584500b0, 0x1b2f00b0, 0x3e0e00b1, 0x4500b059, 
    0x2f03b058, 0x0e03b11b, 0x0eb0593e, 0x0110b110, 0x582b0ab0, 0xf41bd821, 0x0012b259, 0x3912110e, 0xb22f12b0, 0x5d01122f, 0xb00114b1, 0x21582b0a, 
    0x59f41bd8, 0xb11000b0, 0x0ab00116, 0xd821582b, 0xb059f41b, 0x18b11003, 0x2b0ab001, 0x1bd82158, 0x0cb059f4, 0x011db110, 0x582b0ab0, 0xf41bd821, 
    0x21313059, 0x22230621, 0x11270226, 0x33361234, 0x15211732, 0x15211121, 0x05211121, 0x26113732, 0x07022223, 0x07121411, 0xbdb4fc09, 0x88f49c7a, 
    0x9cf68602, 0x4703b485, 0xa902f6fc, 0x0f0357fd, 0x74857dfb, 0xe0bf8576, 0x9415e201, 0x01aa0d01, 0x1201ac3a, 0xfd691496, 0xaefd68db, 0xf2040e18, 
    0xe1f8fe0e, 0xfee3cbfe, 0x030000f3, 0xecff5e00, 0x4e041f07, 0x2e002100, 0xac003600, 0x383706b2, 0xb0391211, 0x27b01006, 0x1006b0d0, 0x00d032b0, 
    0x584500b0, 0x1b2f04b0, 0x3e1a04b1, 0x4500b059, 0x2f0ab058, 0x1a0ab11b, 0x00b0593e, 0x18b05845, 0x18b11b2f, 0xb0593e0e, 0xb0584500, 0xb11b2f1e, 
    0x593e0e1e, 0x180a07b2, 0xb2391211, 0x11180a33, 0x33b03912, 0x010eb12f, 0x582b0ab0, 0xf41bd821, 0x1018b059, 0xb00113b1, 0x21582b0a, 0x59f41bd8, 
    0x180a15b2, 0xb2391211, 0x11180a1b, 0x25b03912, 0x0a29b2d0, 0x39121118, 0xb11004b0, 0x0ab0012c, 0xd821582b, 0xb059f41b, 0x2fb1100a, 0x2b0ab001, 
    0x1bd82158, 0x313059f4, 0x36363413, 0x17163233, 0x32333636, 0x21151516, 0x33161415, 0x06173732, 0x27262223, 0x22230606, 0x14173500, 0x36323316, 
    0x26343535, 0x01150620, 0x21070622, 0x5e263435, 0x8e8adb79, 0xd63c3edc, 0xfde6c57e, 0xd29ac604, 0xf4853473, 0x3d3ade88, 0xfed78ddb, 0xa2c678f7, 
    0xfec7c5a0, 0x9e04c6c0, 0x0213b882, 0x2d02a880, 0x8b88fc9d, 0xf9927e85, 0xb91d60db, 0x8a5277f3, 0x8a827c90, 0x09fa2f01, 0xcff6f6c5, 0xf8f8c317, 
    0xcac601ce, 0xb9921e9f, 0xa7000100, 0x65020000, 0x0d001506, 0x0bb23300, 0x12110f0e, 0x00b00039, 0x04b05845, 0x04b11b2f, 0xb0593e20, 0xb0584500, 
    0xb11b2f00, 0x593e0e00, 0xb11004b0, 0x0ab00109, 0xd821582b, 0x3059f41b, 0x34113331, 0x17323336, 0x22232607, 0xa7111506, 0x484093a3, 0x62373210, 
    0xa5bd046c, 0x0d6013b3, 0x40fb717e, 0x7c000200, 0x2005ecff, 0x1500c405, 0x65001d00, 0x1f1e00b2, 0xb0391211, 0xb000d016, 0xb0584500, 0xb11b2f0e, 
    0x593e1e0e, 0x584500b0, 0x1b2f00b0, 0x3e0e00b1, 0x0e05b259, 0x39121100, 0xb02f05b0, 0x09b1100e, 0x2b0ab001, 0x1bd82158, 0x0bb259f4, 0x1211000e, 
    0x1000b039, 0xb00116b1, 0x21582b0a, 0x59f41bd8, 0xb11005b0, 0x0ab00119, 0xd821582b, 0x3059f41b, 0x00200531, 0x35213511, 0x22230010, 0x21362707, 
    0x15110020, 0x27040214, 0x21371232, 0x02121415, 0xfee9fed5, 0xfe2904be, 0xafebf0f7, 0x1501ac27, 0x50012401, 0xa3f1fe99, 0xfc0bfec6, 0x0114fc54, 
    0x772d0152, 0x010a0143, 0x865c782b, 0xc1fe96fe, 0xc2fec57c, 0x2f0169b0, 0xfee835f9, 0x010000f5, 0x4bfec5ff, 0x1506aa02, 0x74002000, 0x222114b2, 
    0x00391211, 0x584500b0, 0x1b2f16b0, 0x3e2016b1, 0x4500b059, 0x2f10b058, 0x1a10b11b, 0x00b0593e, 0x1fb05845, 0x1fb11b2f, 0xb0593e1a, 0xb0584500, 
    0xb11b2f05, 0x593e1005, 0xb1101fb0, 0x0ab00100, 0xd821582b, 0xb059f41b, 0x0ab11005, 0x2b0ab001, 0x1bd82158, 0x00b059f4, 0xd00eb010, 0xb0d00fb0, 
    0x1bb11016, 0x2b0ab001, 0x1bd82158, 0x313059f4, 0x14112301, 0x27222306, 0x32331637, 0x23113536, 0x34353335, 0x32333637, 0x23260717, 0x15150622, 
    0xf4580233, 0x37388fa1, 0x583c250e, 0x59b4b460, 0x48408b52, 0x62402d0f, 0xd803f468, 0xb2aacffb, 0x80106313, 0x62310476, 0x525aac83, 0x7b0d6313, 
    0x02008671, 0xecff8400, 0x1d06a805, 0x27001900, 0x04b25e00, 0x12112928, 0x1004b039, 0x00d024b0, 0x584500b0, 0x1b2f0db0, 0x3e1e0db1, 0x4500b059, 
    0x2f04b058, 0x0e04b11b, 0x10b2593e, 0x1211040d, 0x2f10b039, 0xb00217b1, 0x21582b0a, 0x59f41bd8, 0xb1100db0, 0x0ab0011d, 0xd821582b, 0xb059f41b, 
    0x24b11004, 0x2b0ab001, 0x1bd82158, 0x313059f4, 0x04021401, 0x02242223, 0x12343527, 0x16323324, 0x35363617, 0x07061433, 0x10071716, 0x02222302, 
    0x12101511, 0x11123233, 0xfe8bf304, 0xfea7a9fe, 0x8c018dfc, 0x87a80301, 0x6a6b4bd7, 0x538c7f6f, 0xd0ee7a03, 0xcef0f1cb, 0x8902ecd0, 0xa4d0fec9, 
    0xc42d01a5, 0x3201c6a3, 0x055f67a7, 0xbfa39783, 0x0cd69d15, 0x2a010701, 0xf4fed5fe, 0xfefdfe98, 0x012a01d1, 0x0200000b, 0xecff5900, 0xae04a004, 
    0x25001700, 0x14b25e00, 0x12112726, 0x1014b039, 0x00d01bb0, 0x584500b0, 0x1b2f04b0, 0x3e1a04b1, 0x4500b059, 0x2f14b058, 0x0e14b11b, 0x06b2593e, 
    0x12111404, 0x2f06b039, 0xb0020db1, 0x21582b0a, 0x59f41bd8, 0xb11014b0, 0x0ab0011b, 0xd821582b, 0xb059f41b, 0x22b11004, 0x2b0ab001, 0x1bd82158, 
    0x313059f4, 0x36363413, 0x36173233, 0x14333536, 0x17160706, 0x06061415, 0x35002223, 0x33161417, 0x35353632, 0x22232634, 0x79591506, 0x85d28cdd, 
    0x69674d5a, 0x7a034f6a, 0xfed98cdc, 0xa4c977f5, 0xa2cac9a1, 0x2d02caa1, 0x908bfa9c, 0x93836607, 0xb185129a, 0x88fc9c2d, 0x09f93001, 0xccf9f9c2, 
    0xfbfbc017, 0x010000cb, 0xecffa200, 0x0806ec05, 0x56001900, 0x1b1a0db2, 0x00391211, 0x584500b0, 0x1b2f00b0, 0x3e1e00b1, 0x4500b059, 0x2f11b058, 
    0x1e11b11b, 0x00b0593e, 0x0db05845, 0x0db11b2f, 0xb2593e0e, 0x11000d01, 0x01b03912, 0x0208b12f, 0x582b0ab0, 0xf41bd821, 0x100db059, 0xb00115b1, 
    0x21582b0a, 0x59f41bd8, 0x15013130, 0x33353636, 0x11070614, 0x2223020e, 0x33112724, 0x20161411, 0x04113536, 0x6a6778a3, 0x8001a7a2, 0xfee697e9, 
    0xd27a05eb, 0x05d16801, 0x8709d3b0, 0x07bbc69b, 0xda934efd, 0x03defb75, 0xb827fceb, 0x03b6cccb, 0x010000da, 0xecff9800, 0x9b04d904, 0x6a001900, 
    0x1b1a10b2, 0x00391211, 0x584500b0, 0x1b2f0cb0, 0x3e1a0cb1, 0x4500b059, 0x2f13b058, 0x1a13b11b, 0x00b0593e, 0x04b05845, 0x04b11b2f, 0xb0593e0e, 
    0xb0584500, 0xb11b2f08, 0x593e0e08, 0x041315b2, 0xb0391211, 0x03b12f15, 0x2b0ab002, 0x1bd82158, 0x06b259f4, 0x12110413, 0x1008b039, 0xb00110b1, 
    0x21582b0a, 0x59f41bd8, 0x14013130, 0x23110706, 0x22230627, 0x33112726, 0x20331011, 0x15331137, 0x35363736, 0x8c83d904, 0xed6c0274, 0x7702b4ad, 
    0x450401fa, 0x101f7d78, 0x90a49b04, 0x899efc05, 0x02c5c99d, 0xfe4ffdc0, 0x0f03d7cb, 0x29510685, 0x01000066, 0x4bfe8cff, 0x3a042a01, 0x30000d00, 
    0x0f0e0bb2, 0x00391211, 0x584500b0, 0x1b2f00b0, 0x3e1a00b1, 0x4500b059, 0x2f04b058, 0x1004b11b, 0x09b1593e, 0x2b0ab001, 0x1bd82158, 0x313059f4, 
    0x06141101, 0x37272223, 0x36323316, 0x2a011135, 0x37398ea0, 0x58382b0d, 0xfb3a045f, 0x13b3a96d, 0x76801063, 0x02009304, 0xecff5c00, 0x4e04d003, 
    0x1f001700, 0x09b26800, 0x12112120, 0x1009b039, 0x00d018b0, 0x584500b0, 0x1b2f00b0, 0x3e1a00b1, 0x4500b059, 0x2f09b058, 0x0e09b11b, 0x0eb2593e, 
    0x12110900, 0x2f0eb039, 0xb11000b0, 0x0ab00112, 0xd821582b, 0xb259f41b, 0x11000e15, 0x09b03912, 0x0118b110, 0x582b0ab0, 0xf41bd821, 0x100eb059, 
    0xb0011bb1, 0x21582b0a, 0x59f41bd8, 0x32013130, 0x15151616, 0x23060614, 0x35352622, 0x26343521, 0x07062223, 0x32013627, 0x15213736, 0xf8011614, 
    0x797bd984, 0xe6c67dd2, 0x9cc5fd02, 0x33359a76, 0x80020186, 0x80fd13b9, 0x884e04a8, 0x963894f5, 0xd9f98cf7, 0xf5b81d61, 0x8b533742, 0xa0c803fc, 
    0x00b9921d, 0xa0000100, 0xcb02ea04, 0x0800f605, 0xb0003200, 0x06b02f04, 0x582b0ab0, 0x59dc1bd8, 0xb0d000b0, 0x02b01004, 0x1004b0d0, 0xb0d007b0, 
    0x0fb62f07, 0x2f071f07, 0xb25d0307, 0x11040703, 0x31303912, 0x27231501, 0x37352307, 0x6fcb0233, 0xee6da7a8, 0x0af4044c, 0xff0db7b7, 0x8f000100, 
    0xbd02df04, 0x0800f005, 0xb0002700, 0x0fb22f04, 0xb05d0104, 0x01b0d001, 0x010fb62f, 0x012f011f, 0x00b25d03, 0x12110104, 0xd008b039, 0x302f08b0, 
    0x33370131, 0x03230315, 0xa6013335, 0x56ec6bac, 0x2e056bec, 0xfbfe0cc2, 0x000b0601, 0x8900ffff, 0xf4023f05, 0x0600a005, 0x00007000, 0x8a000100, 
    0xcc02d104, 0x0c00d205, 0xb0002d00, 0x07b02f03, 0x2f07b0d0, 0x1f070fb6, 0x03072f07, 0x1003b05d, 0xb00409b1, 0x21582b0a, 0x59f41bd8, 0xb01007b0, 
    0x0cb0d00c, 0x0131302f, 0x22230614, 0x14333526, 0x35363216, 0x849dcc02, 0x63669f82, 0xd20563b0, 0x748d8e73, 0x4f5c5853, 0x94000100, 0x39011705, 
    0x0b00b705, 0xb0001200, 0x03b12f09, 0x2b0ab005, 0x1bd82158, 0x313059f4, 0x33363413, 0x14151632, 0x26222306, 0x27262c94, 0x26272c2c, 0x2266052c, 
    0x21222f2f, 0x02002e2e, 0xb8047500, 0x3106f701, 0x16000a00, 0xb0003100, 0x03b02f09, 0x2f03b0d0, 0x4f033fb4, 0xb05d0203, 0x0eb11009, 0x2b0ab006, 
    0x1bd82158, 0x03b059f4, 0x0614b110, 0x582b0ab0, 0xf41bd821, 0x13313059, 0x32333634, 0x06141516, 0x14372622, 0x36323316, 0x23263435, 0x71750622, 
    0x6e724f50, 0x424d6ea6, 0x46443132, 0x0543312f, 0x6e6e5073, 0x6c6c4f50, 0x4142324f, 0x44423533, 0x3c000100, 0x750163fe, 0x10002500, 0x05b23200, 
    0x12111211, 0x10b00039, 0x4500b02f, 0x2f0ab058, 0x100ab11b, 0x05b1593e, 0x2b0ab003, 0x1bd82158, 0x094059f4, 0x101c100c, 0x103c102c, 0x31305d04, 
    0x15060621, 0x37323314, 0x22230617, 0x36343526, 0x695b0137, 0x3336554a, 0x504e410f, 0x50687c5a, 0x21543169, 0x50592c54, 0x003a954a, 0x6a000100, 
    0x0b03f004, 0x1500d305, 0xb0003e00, 0x06b02f03, 0x2f06b0d0, 0x01060fb2, 0x1003b05d, 0xb0d009b0, 0x06b02f09, 0x030db110, 0x582b0ab0, 0xf41bd821, 
    0x1003b059, 0xb00312b1, 0x21582b0a, 0x59f41bd8, 0xb0100db0, 0x3130d015, 0x23061401, 0x22232622, 0x34271506, 0x1e323336, 0x36323302, 0x710b0335, 
    0x39914c52, 0x6d5a3f2f, 0x3c443056, 0x412e293d, 0x7560cd05, 0x03383e6e, 0x2a22785c, 0x00384222, 0x78000200, 0x0903d004, 0x0300ff05, 0x40000700, 
    0x2f02b000, 0x01020fb2, 0xd000b05d, 0xb42f00b0, 0x001f000f, 0x02b05d02, 0xd003b010, 0x2f03b019, 0x1000b018, 0xb0d005b0, 0x02b02f05, 0xd006b010, 
    0xb02f06b0, 0x07b01003, 0x07b019d0, 0x3130182f, 0x23013301, 0x23033303, 0xfe907902, 0x893679e9, 0xff056de7, 0x2f01d1fe, 0x0200d1fe, 0x8ffe9d00, 
    0xa9ffce01, 0x14000a00, 0x03b24300, 0x12111615, 0x1003b039, 0x00d00db0, 0xb02f15b0, 0x03b0d003, 0x0300b62f, 0x03200310, 0x0db05d03, 0x2f0db0d0, 
    0xb00609b1, 0x21582b0a, 0x59f41bd8, 0xb11003b0, 0x0ab00613, 0xd821582b, 0x3059f41b, 0x36341731, 0x15163233, 0x26220614, 0x32161437, 0x26343536, 
    0x5a9d0622, 0x58583f40, 0x2f495b7e, 0x442e2e44, 0x523de62f, 0x503b3c53, 0x281f3c4f, 0x2a201f28, 0x0100002a, 0xe804e0fc, 0x00062ffe, 0x23000300, 
    0x2f01b000, 0x01010fb2, 0xd000b05d, 0x2f00b019, 0x1001b018, 0xb0d002b0, 0x0fb42f02, 0x02021f02, 0x0131305d, 0xfe330323, 0x91e26d2f, 0x1801e804, 
    0x99fd0100, 0xe9fee804, 0x03000006, 0xb0002300, 0x0fb22f02, 0xb05d0102, 0x01b0d001, 0x010fb42f, 0x5d02011f, 0xb01002b0, 0xb019d003, 0x30182f03, 
    0x03330131, 0x9158fe23, 0x000668e8, 0xffffe8fe, 0xf004aafc, 0xd3054bff, 0xa5000700, 0x000040fc, 0x6dfd0100, 0x9afed204, 0x0f005906, 0xb0003f00, 
    0x08b02f00, 0x2f08b0d0, 0x080f0b40, 0x082f081f, 0x084f083f, 0x0eb25d05, 0x12110800, 0x2f0eb039, 0xb00601b1, 0x21582b0a, 0x59f41bd8, 0xb11008b0, 
    0x0ab00607, 0xd821582b, 0x3059f41b, 0x36350131, 0x26343536, 0x16323723, 0x07061415, 0x578ffd07, 0x075c6d50, 0x555b9d89, 0x7dd20401, 0x2d302707, 
    0x4f5e4d32, 0x3e075342, 0x2ffc0200, 0xc9fee404, 0x0300ee05, 0x42000700, 0x2f01b000, 0x01013fb2, 0xd000b05d, 0x2f00b019, 0x1001b018, 0xb0d003b0, 
    0x0fb62f03, 0x2f031f03, 0xb05d0303, 0x04b01000, 0x04b019d0, 0x01b0182f, 0xd005b010, 0xb02f05b0, 0x06b01003, 0x2f06b0d0, 0x23013130, 0x23013301, 
    0xd6fd3303, 0x99d2fe79, 0xfa6d0102, 0x01e4048d, 0x01f6fe0a, 0x0100000a, 0xcafe60fd, 0x6aff05fe, 0x12000b00, 0x2f03b000, 0xb00509b1, 0x21582b0a, 
    0x59f41bd8, 0x34053130, 0x16323336, 0x23061415, 0x60fd2622, 0x2c27262c, 0x2c26272c, 0x2f2f22e7, 0x2e2e2122, 0xc7000100, 0x87010405, 0x03003406, 
    0xb0001e00, 0x00b02f02, 0x2f00b0d0, 0x1f000fb4, 0xb05d0200, 0x03b01002, 0x03b019d0, 0x3130182f, 0x23033301, 0x6d761101, 0xfe340653, 0x030000d0, 
    0x24059900, 0x80063803, 0x0f000300, 0x34001900, 0x2f0db000, 0xb0d003b0, 0x00b02f03, 0x2f00b0d0, 0x1f000fb4, 0xb05d0200, 0x07b1100d, 0x2b0ab005, 
    0x1bd82158, 0x12b059f4, 0x100db0d0, 0xb0d018b0, 0x31302f18, 0x23073301, 0x33363405, 0x14151632, 0x26222306, 0x32363425, 0x06141516, 0xd9012622, 
    0xfe614886, 0x27262ce3, 0x26272c2c, 0x2cfa012c, 0x4c2d2d4c, 0xfc80062c, 0x2f2f2210, 0x2e2e2122, 0x2f2f2220, 0x2e2e2122, 0xa300ffff, 0x4d017b02, 
    0x06022003, 0x00007800, 0xb9000100, 0x27040000, 0x0500b005, 0xb0002c00, 0xb0584500, 0xb11b2f04, 0x593e1e04, 0x584500b0, 0x1b2f02b0, 0x3e0e02b1, 
    0x1004b059, 0xb00100b1, 0x21582b0a, 0x59f41bd8, 0x21013130, 0x21112311, 0x0dfd2704, 0x056e037b, 0x05b9fa47, 0x020000b0, 0x00002c00, 0xb0055f05, 
    0x06000300, 0xb0003000, 0xb0584500, 0xb11b2f00, 0x593e1e00, 0x584500b0, 0x1b2f02b0, 0x3e0e02b1, 0x0104b159, 0x582b0ab0, 0xf41bd821, 0x0206b259, 
    0x39121100, 0x01013130, 0x21010121, 0x02090301, 0x02cdfa56, 0x0344fe68, 0x0519fedc, 0x0550fab0, 0x04b8fab0, 0x030000b7, 0xecff7600, 0xc405e404, 
    0x15000300, 0x92002300, 0x252408b2, 0xb0391211, 0x00b01008, 0x1008b0d0, 0x00d020b0, 0x584500b0, 0x1b2f11b0, 0x3e1e11b1, 0x4500b059, 0x2f08b058, 
    0x0e08b11b, 0x03b2593e, 0x12110811, 0x2f03b039, 0x01035fb2, 0x03afb45d, 0x5d0203bf, 0x8f037fb4, 0xb2710203, 0x710103af, 0x5f034fb4, 0xb2710203, 
    0x5d01038f, 0x01032fb2, 0x03dfb25d, 0x00b17101, 0x2b0ab001, 0x1bd82158, 0x11b059f4, 0x0119b110, 0x582b0ab0, 0xf41bd821, 0x1008b059, 0xb00120b1, 
    0x21582b0a, 0x59f41bd8, 0x21013130, 0x14052135, 0x22230402, 0x35270224, 0x33241234, 0x17120432, 0x23021007, 0x15110222, 0x32331210, 0xc5031112, 
    0x2a02d6fd, 0xfe8b1f01, 0xfea6a9fe, 0x8d018efd, 0xa8a70201, 0x038c0101, 0xcad0ee7a, 0xd0ceeff1, 0x65a302ec, 0xd0fec97f, 0x2d01a4a4, 0x01c7a3c5, 
    0xfea2a533, 0x0110c3d8, 0xfe2a0107, 0x98f4fed5, 0xd1fefdfe, 0x0b012a01, 0x44000100, 0xe4040000, 0x0600b005, 0xb0003100, 0xb0584500, 0xb11b2f03, 
    0x593e1e03, 0x584500b0, 0x1b2f01b0, 0x3e0e01b1, 0x4500b059, 0x2f05b058, 0x0e05b11b, 0x00b2593e, 0x12110103, 0x01313039, 0x33012301, 0x93022301, 
    0x028536fe, 0x15027714, 0xfbfc0485, 0xfab00504, 0x03000050, 0x00007400, 0xb0050d04, 0x07000300, 0x75000b00, 0x4500b000, 0x2f08b058, 0x1e08b11b, 
    0x00b0593e, 0x02b05845, 0x02b11b2f, 0xb1593e0e, 0x0ab00100, 0xd821582b, 0xb259f41b, 0x11020805, 0x05b03912, 0x058cb22f, 0x7fb45d01, 0x02058f05, 
    0x05afb271, 0x4fb47101, 0x02055f05, 0x052cb271, 0x5cb25d01, 0xb25d0105, 0x5d010579, 0xb00106b1, 0x21582b0a, 0x59f41bd8, 0xb11008b0, 0x0ab0010a, 
    0xd821582b, 0x3059f41b, 0x15213731, 0x15211321, 0x15210321, 0x99037421, 0x026167fc, 0x5532fdce, 0x8ffc7103, 0x11036868, 0x69080369, 0xbd000100, 
    0xeb040000, 0x0700b005, 0xb0003900, 0xb0584500, 0xb11b2f06, 0x593e1e06, 0x584500b0, 0x1b2f00b0, 0x3e0e00b1, 0x4500b059, 0x2f04b058, 0x0e04b11b, 
    0x06b0593e, 0x0102b110, 0x582b0ab0, 0xf41bd821, 0x21313059, 0x11211123, 0x04211123, 0xc8fc7beb, 0x052e047b, 0x05b9fa47, 0x010000b0, 0x00003f00, 
    0xb0052e04, 0x3e000c00, 0x4500b000, 0x2f08b058, 0x1e08b11b, 0x00b0593e, 0x03b05845, 0x03b11b2f, 0xb1593e0e, 0x0ab00101, 0xd821582b, 0xb059f41b, 
    0x08b0d005, 0x010ab110, 0x582b0ab0, 0xf41bd821, 0xd007b059, 0x01013130, 0x35211521, 0x21350101, 0x02012115, 0x0319fec1, 0x0211fc54, 0x03fefd02, 
    0x01ebfcb9, 0xfde702de, 0x025c6881, 0x5d5c029b, 0x00c4fd69, 0x58000300, 0x63050000, 0x1400b005, 0x21001a00, 0x09b27c00, 0x12112322, 0x1009b039, 
    0xb0d015b0, 0x1eb01009, 0x00b000d0, 0x13b05845, 0x13b11b2f, 0xb0593e1e, 0xb0584500, 0xb11b2f08, 0x593e0e08, 0x081300b2, 0xb0391211, 0x16b22f00, 
    0x12110813, 0x2f16b039, 0x1f160fb4, 0xb15d0216, 0x0ab00107, 0xd821582b, 0xb059f41b, 0x00b0d00a, 0xd012b010, 0xb11000b0, 0x0ab00115, 0xd821582b, 
    0xb059f41b, 0x1eb01016, 0x131fb2d0, 0x39121108, 0x16013130, 0x06101604, 0x23150704, 0x26242635, 0x24363435, 0x11333537, 0x10363611, 0x16140126, 
    0x06061117, 0x01aa1b03, 0xfe91940a, 0xac7cacf5, 0x9292f7fe, 0x7caa0b01, 0xfcf6f3da, 0xd5d8f4e1, 0x03f404f7, 0xcefef588, 0xc0038af5, 0xf58803c0, 
    0x8af69899, 0xdbfebc03, 0xeb049ffc, 0xfeea8401, 0x04e9c252, 0xea046003, 0x7b000100, 0x0d050000, 0x1800b005, 0x00b25d00, 0x12111a19, 0x00b00039, 
    0x04b05845, 0x04b11b2f, 0xb0593e1e, 0xb0584500, 0xb11b2f10, 0x593e1e10, 0x584500b0, 0x1b2f17b0, 0x3e1e17b1, 0x4500b059, 0x2f0ab058, 0x0e0ab11b, 
    0x00b2593e, 0x12110a04, 0x2f00b039, 0xb00109b1, 0x21582b0a, 0x59f41bd8, 0xb0d00cb0, 0x16b01000, 0x013130d0, 0x11373636, 0x00141133, 0x11231107, 
    0x11270026, 0x16141133, 0x33111716, 0xd9bbfd02, 0xe7fe7b01, 0xfeed7cf7, 0x637b03ea, 0x017c76b2, 0xbded0fef, 0xfdfd0802, 0x0fd9fef2, 0x86017bfe, 
    0xe922010f, 0xf8fd1002, 0x0b70c27c, 0x0100c103, 0x00007800, 0xc405b804, 0x5e002500, 0x272607b2, 0x00391211, 0x584500b0, 0x1b2f1ab0, 0x3e1e1ab1, 
    0x4500b059, 0x2f0fb058, 0x0e0fb11b, 0x00b0593e, 0x24b05845, 0x24b11b2f, 0xb0593e0e, 0x11b1100f, 0x2b0ab001, 0x1bd82158, 0x0eb059f4, 0xd000b0d0, 
    0xb1101ab0, 0x0ab00107, 0xd821582b, 0xb059f41b, 0x22b01011, 0xd023b0d0, 0x36253130, 0x34353712, 0x02222302, 0x12141515, 0x35211517, 0x35022621, 
    0x36123435, 0x12163233, 0x02141515, 0x21152107, 0xac99ed02, 0xbdbce202, 0xfea0addf, 0x84200131, 0x9df58797, 0x9986f69e, 0xfe210180, 0x01357735, 
    0xef82ea36, 0xdffe1e01, 0xfeec70f1, 0x687736c0, 0xc8480161, 0x2101ba73, 0xe0fe9f9d, 0xfec974b8, 0x00685eb6, 0x6f000200, 0x7a04ebff, 0x17004e04, 
    0x7f002300, 0x252421b2, 0xb0391211, 0x14b01021, 0x00b000d0, 0x14b05845, 0x14b11b2f, 0xb0593e1a, 0xb0584500, 0xb11b2f00, 0x593e1a00, 0x584500b0, 
    0x1b2f08b0, 0x3e0e08b1, 0x4500b059, 0x2f0db058, 0x0e0db11b, 0x08b0593e, 0x0103b110, 0x582b0ab0, 0xf41bd821, 0x140bb259, 0x39121108, 0x081416b2, 
    0xb0391211, 0x1bb1100d, 0x2b0ab001, 0x1bd82158, 0x14b059f4, 0x0121b110, 0x582b0ab0, 0xf41bd821, 0x01313059, 0x32331611, 0x23061737, 0x06272622, 
    0x27022223, 0x33121027, 0x01371732, 0x32331614, 0x26261137, 0x03062223, 0x156401d2, 0x3929111d, 0x6e0e5d4e, 0x0addb5e5, 0xe3bfe001, 0x7cfd0e6c, 
    0x5ddb97a4, 0x956b9f2c, 0xfc3a04a8, 0x5d08b5d2, 0xc56a5b17, 0x3fe50501, 0x31010901, 0xc5fdb9cd, 0x01f1e3cc, 0xf8897ea0, 0xb1000200, 0x420471fe, 
    0x1500c405, 0x6c002a00, 0x2c2b00b2, 0xb0391211, 0xb000d019, 0x00b02f10, 0x00b05845, 0x00b11b2f, 0xb0593e1e, 0xb0584500, 0xb11b2f0c, 0x593e0e0c, 
    0x0c0029b2, 0xb0391211, 0x26b12f29, 0x2b0ab001, 0x1bd82158, 0x06b259f4, 0x12112926, 0x000fb239, 0x3912110c, 0xb11000b0, 0x0ab00119, 0xd821582b, 
    0xb059f41b, 0x20b1100c, 0x2b0ab001, 0x1bd82158, 0x313059f4, 0x15163201, 0x16070614, 0x06141516, 0x27262223, 0x34112311, 0x34013636, 0x06222326, 
    0x16161115, 0x35363233, 0x23272634, 0x02203335, 0x67e1b852, 0xf595885f, 0x3cb665cd, 0x01c26f78, 0x7d82a092, 0x6cb52dac, 0x98b0b2a1, 0x2b015992, 
    0xaad5c405, 0x272da565, 0xe3c58dc6, 0x05fe3c44, 0xbf70b605, 0x7985fe6e, 0xfc8ab29c, 0xab5548cc, 0x01b18f94, 0x01000066, 0x61fe2c00, 0x3a04c303, 
    0x31000a00, 0x4500b000, 0x2f00b058, 0x1a00b11b, 0x00b0593e, 0x06b05845, 0x06b11b2f, 0xb0593e1a, 0xb0584500, 0xb11b2f03, 0x593e1003, 0x030609b2, 
    0x30391211, 0x01330131, 0x01112311, 0x37170133, 0xfe7c4703, 0x70fe7871, 0x163b017c, 0xfb3a0418, 0x0142fee5, 0xfc1b04be, 0x005959b5, 0x5b000200, 
    0x1804ecff, 0x1f001b06, 0x65002d00, 0x2f2e15b2, 0xb0391211, 0x2ab01015, 0x00b000d0, 0x03b05845, 0x03b11b2f, 0xb0593e20, 0xb0584500, 0xb11b2f15, 
    0x593e0e15, 0xb11003b0, 0x0ab00108, 0xd821582b, 0xb259f41b, 0x1103150d, 0x0db03912, 0x012ab12f, 0x582b0ab0, 0xf41bd821, 0x2a1cb259, 0x3912110d, 
    0xb11015b0, 0x0ab00122, 0xd821582b, 0x3059f41b, 0x36341331, 0x07173233, 0x06222326, 0x16171614, 0x14151512, 0x22230606, 0x34353500, 0x26273712, 
    0x16140326, 0x35353620, 0x27262634, 0xda150622, 0x80a2a3ca, 0x6d8d8c0a, 0xd08e8787, 0x8bdb77e1, 0xccf5fed5, 0x746c0194, 0x4401c506, 0x5da05cc3, 
    0x0905cea5, 0x6742977b, 0x689a5b41, 0xe5fe3c25, 0xf0981cc6, 0xf1230184, 0x0d01b418, 0x8b2a081b, 0xebbc47fd, 0x6416c5ec, 0xec1079b5, 0x010000bf, 
    0xecff6b00, 0x4d04e803, 0x91002600, 0x282714b2, 0x00391211, 0x584500b0, 0x1b2f08b0, 0x3e1a08b1, 0x4500b059, 0x2f24b058, 0x0e24b11b, 0x14b2593e, 
    0x12112408, 0x2f14b039, 0x3c142cb4, 0xb45d0214, 0x147f146f, 0x4fb25d02, 0xb4710114, 0x148f147f, 0x59b27102, 0xb25d0114, 0x5d011419, 0xb00116b1, 
    0x21582b0a, 0x59f41bd8, 0x141602b2, 0xb2391211, 0x1124080c, 0x08b03912, 0x010fb110, 0x582b0ab0, 0xf41bd821, 0x1024b059, 0xb0011db1, 0x21582b0a, 
    0x59f41bd8, 0x082420b2, 0x30391211, 0x37341331, 0x34352626, 0x16323336, 0x26342315, 0x15062223, 0x15332114, 0x15060623, 0x32331614, 0x14333536, 
    0x26222306, 0x6b63e16b, 0xf7b9c6e2, 0x8c84b577, 0xb13301a3, 0xaf9f98c0, 0x78bb8f93, 0xf4c7c5fd, 0x3ac82901, 0x914e7e23, 0x5b87b0a2, 0xc2606c77, 
    0x6c620164, 0x63827561, 0x00adb496, 0x49000100, 0x9d037dfe, 0x1e00b005, 0x02b23f00, 0x1211201f, 0x0fb00039, 0x4500b02f, 0x2f00b058, 0x1e00b11b, 
    0x14b2593e, 0x1211000f, 0x1014b039, 0xb00109b1, 0x21582b0a, 0x59f41bd8, 0xb11000b0, 0x0ab0011c, 0xd821582b, 0x3059f41b, 0x01150131, 0x14150606, 
    0x16171716, 0x06141516, 0x35362707, 0x26242634, 0x34352627, 0x35210113, 0x70fe9d03, 0x8c71647e, 0x65475fb2, 0x4f774441, 0x288ce3fe, 0x6401f439, 
    0xb0053dfd, 0x9d03fe4e, 0x705f78e5, 0x531e3324, 0x27a54744, 0x2f6b6139, 0x324a4834, 0x01f97748, 0x66b60133, 0x9e000100, 0xd50361fe, 0x11004e04, 
    0x0cb25400, 0x12111312, 0x00b00039, 0x03b05845, 0x03b11b2f, 0xb0593e1a, 0xb0584500, 0xb11b2f00, 0x593e1a00, 0x584500b0, 0x1b2f07b0, 0x3e1007b1, 
    0x4500b059, 0x2f0fb058, 0x0e0fb11b, 0x01b2593e, 0x12110f03, 0x1003b039, 0xb0010cb1, 0x21582b0a, 0x59f41bd8, 0x17013130, 0x16323336, 0x11231117, 
    0x22232634, 0x11231107, 0x72060d01, 0x01afb8e8, 0xf48c7f78, 0x3a047848, 0xd2c8c0ac, 0x4d04adfb, 0xfdfd9b9f, 0x003a0415, 0x8a000300, 0x0a04ecff, 
    0x0d00c405, 0x1e001500, 0x03b29200, 0x1211201f, 0x1003b039, 0xb0d012b0, 0x1bb01003, 0x00b000d0, 0x0ab05845, 0x0ab11b2f, 0xb0593e1e, 0xb0584500, 
    0xb11b2f03, 0x593e0e03, 0x0a030eb2, 0xb0391211, 0x5fb22f0e, 0xb45d010e, 0x0ebf0eaf, 0x4fb45d02, 0x020e5f0e, 0x0edfb471, 0x5d020eef, 0x010e8fb2, 
    0x0e2fb25d, 0x7fb45d01, 0x020e8f0e, 0x100ab071, 0xb00113b1, 0x21582b0a, 0x59f41bd8, 0xb1100eb0, 0x0ab00117, 0xd821582b, 0xb059f41b, 0x1bb11003, 
    0x2b0ab001, 0x1bd82158, 0x313059f4, 0x23021001, 0x35030222, 0x32331210, 0x21051312, 0x20023435, 0x21051502, 0x33121415, 0x04371232, 0xd4d7e80a, 
    0xd5ea03ea, 0xfc02e9d6, 0xad9002f8, 0x02abc8fe, 0xac70fd90, 0x03ac989d, 0xcefe6802, 0x4601b6fe, 0x01f12901, 0xfe480130, 0x4fd5febc, 0x0901fa55, 
    0xb7fdf6fe, 0xebfef545, 0x00f60501, 0xb6000100, 0x2102f6ff, 0x0d003a04, 0xb0002900, 0xb0584500, 0xb11b2f00, 0x593e1a00, 0x584500b0, 0x1b2f09b0, 
    0x3e0e09b1, 0x0104b159, 0x582b0ab0, 0xf41bd821, 0x01313059, 0x33161411, 0x06173732, 0x35262223, 0x412e0111, 0x05322f4c, 0x707b4937, 0xd4fc3a04, 
    0x640a5758, 0x038b8f0f, 0x0100002a, 0xf5ff3100, 0xee053d04, 0x50001900, 0x1b1a0fb2, 0x00391211, 0xb02f00b0, 0xb0584500, 0xb11b2f10, 0x593e0e10, 
    0x584500b0, 0x1b2f0bb0, 0x3e0e0bb1, 0x0107b159, 0x582b0ab0, 0xf41bd821, 0x100fb259, 0x39121100, 0x100012b2, 0xb0391211, 0x16b11000, 0x2b0ab001, 
    0x1bd82158, 0x313059f4, 0x17173213, 0x33161601, 0x23061737, 0x01272622, 0x27012301, 0x07232627, 0x9cfc3627, 0x94011a44, 0x2b2a3a1c, 0x4e2c1808, 
    0xf7fe2c66, 0x0185a6fe, 0x2c0f5da1, 0x21052f55, 0x4199ee05, 0x3a4acffb, 0x500b6304, 0xfcc30271, 0xef1c0487, 0x5f045c21, 0x0100000b, 0x83fe7700, 
    0xc4059b03, 0x66002c00, 0x2e2d03b2, 0x00391211, 0x584500b0, 0x1b2f2ab0, 0x3e1e2ab1, 0x4500b059, 0x2f16b058, 0x1616b11b, 0x2ab0593e, 0x0102b110, 
    0x582b0ab0, 0xf41bd821, 0x2d08b259, 0x3912112a, 0xb12f08b0, 0x0ab00109, 0xd821582b, 0xb259f41b, 0x112a161c, 0x1cb03912, 0x0110b110, 0x582b0ab0, 
    0xf41bd821, 0x0924b259, 0x39121108, 0x26013130, 0x15062223, 0x15332114, 0x15062223, 0x16041614, 0x06141516, 0x36372707, 0x042e3435, 0x37363435, 
    0x34352626, 0x17323336, 0x7b7f8603, 0x7301b0a3, 0xe4d67f7c, 0x588201a9, 0x46495b29, 0xfe4c4c2b, 0xac4479aa, 0xf589769c, 0x057496d8, 0x6b7d2935, 
    0xadb867ee, 0x3162ab86, 0x8d3e3343, 0x45273a34, 0x3f31294f, 0x6c966845, 0x252cd296, 0xb39f6297, 0x0100002d, 0xf6ff3300, 0x3a04a704, 0x5e001500, 
    0x17160db2, 0x00391211, 0x584500b0, 0x1b2f14b0, 0x3e1a14b1, 0x4500b059, 0x2f10b058, 0x0e10b11b, 0x00b0593e, 0x0ab05845, 0x0ab11b2f, 0xb0593e0e, 
    0x00b11014, 0x2b0ab001, 0x1bd82158, 0x0ab059f4, 0x0105b110, 0x582b0ab0, 0xf41bd821, 0x1000b059, 0xb0d00eb0, 0x12b0d00f, 0xd013b0d0, 0x23013130, 
    0x33161411, 0x06173732, 0x27262223, 0x23112111, 0x21352311, 0x40b96d04, 0x05322f4d, 0x70794937, 0x7825fe02, 0x033a04b6, 0x5a3efdd3, 0x0f640a58, 
    0xcd02868a, 0xd3032dfc, 0x02000067, 0x60fe9e00, 0x4e040304, 0x1a000e00, 0x11b25900, 0x12111c1b, 0x1011b039, 0x00d000b0, 0x584500b0, 0x1b2f00b0, 
    0x3e1a00b1, 0x4500b059, 0x2f0ab058, 0x100ab11b, 0x00b0593e, 0x07b05845, 0x07b11b2f, 0xb2593e0e, 0x11070009, 0x11b13912, 0x2b0ab001, 0x1bd82158, 
    0x00b059f4, 0x0117b110, 0x582b0ab0, 0xf41bd821, 0x01313059, 0x15111232, 0x22230214, 0x11231127, 0x16031236, 0x35363233, 0x22232634, 0x50020706, 
    0xc0dbe6cd, 0x027874de, 0xdc5b78ee, 0x97a4a797, 0x0401ab8d, 0xfecdfe4e, 0xfef410f4, 0xdcfd98e1, 0x01df0604, 0xbbbefc09, 0xfbd9e2e1, 0x0100bdde, 
    0x88fe6f00, 0x4e04d303, 0x56002100, 0x232200b2, 0x00391211, 0x584500b0, 0x1b2f00b0, 0x3e1a00b1, 0x4500b059, 0x2f13b058, 0x1613b11b, 0x00b0593e, 
    0x1ab05845, 0x1ab11b2f, 0xb2593e0e, 0x11001a04, 0x00b03912, 0x0107b110, 0x582b0ab0, 0xf41bd821, 0x101ab059, 0xb0010db1, 0x21582b0a, 0x59f41bd8, 
    0x32013130, 0x34231516, 0x06222326, 0x05101515, 0x14151616, 0x37270706, 0x26343536, 0x35022627, 0x36363435, 0xe1b53d02, 0x9d859f72, 0x939101b8, 
    0x423a635f, 0x65414f1d, 0xd373f4ef, 0xb2d14e04, 0xcdf29b82, 0x62b5fe21, 0x3d545e24, 0x1a39269a, 0x3534544a, 0x09013416, 0xf89b2bd2, 0x02000089, 
    0xecff5b00, 0x3a046c04, 0x1f001100, 0x1cb24e00, 0x12112120, 0x101cb039, 0x00d009b0, 0x584500b0, 0x1b2f10b0, 0x3e1a10b1, 0x4500b059, 0x2f09b058, 
    0x0e09b11b, 0x10b0593e, 0x0100b110, 0x582b0ab0, 0xf41bd821, 0x1009b059, 0xb00115b1, 0x21582b0a, 0x59f41bd8, 0xb01000b0, 0x3130d01c, 0x16162101, 
    0x06141515, 0x00222306, 0x00343535, 0x14012133, 0x36323316, 0x26343535, 0x15062223, 0xc6fe6c04, 0xdb78796d, 0xf7fed78a, 0x02d70b01, 0xc667fc2f, 
    0xc6c79fa2, 0x03c5a0a3, 0x93e144d3, 0x88f29421, 0x18fa2f01, 0xfd2401e9, 0xf5f6c5d2, 0xedb917d0, 0x0100bfef, 0xecff4d00, 0x3a04c903, 0x4b001100, 
    0x13120bb2, 0x00391211, 0x584500b0, 0x1b2f10b0, 0x3e1a10b1, 0x4500b059, 0x2f0ab058, 0x0e0ab11b, 0x10b0593e, 0x0100b110, 0x582b0ab0, 0xf41bd821, 
    0x100ab059, 0xb00105b1, 0x21582b0a, 0x59f41bd8, 0xb01000b0, 0x0fb0d00e, 0x013130d0, 0x16141121, 0x17373233, 0x26222306, 0x35211135, 0xfec90321, 
    0x224c456d, 0x5b391a41, 0x90fe747f, 0xd4037c03, 0x5f603efd, 0x911f5911, 0x66bd029a, 0x9b000100, 0xcb03ecff, 0x14003a04, 0x10b23d00, 0x12111615, 
    0x00b00039, 0x00b05845, 0x00b11b2f, 0xb0593e1a, 0xb0584500, 0xb11b2f09, 0x593e1a09, 0x584500b0, 0x1b2f10b0, 0x3e0e10b1, 0x0104b159, 0x582b0ab0, 
    0xf41bd821, 0x01313059, 0x33161611, 0x02351232, 0x12163303, 0x23021015, 0x11352622, 0x7c011301, 0x03ba9674, 0x303a8272, 0xbbb3d0f2, 0x55fd3a04, 
    0x0001a29c, 0x010601cb, 0x00ff8e18, 0xfefffe8e, 0x02d2d8cf, 0x020000a4, 0x22fe7100, 0x3a040e05, 0x24001a00, 0x10b26100, 0x12112625, 0x1010b039, 
    0x00d01bb0, 0xb02f19b0, 0xb0584500, 0xb11b2f06, 0x593e1a06, 0x584500b0, 0x1b2f11b0, 0x3e1a11b1, 0x4500b059, 0x2f00b058, 0x0e00b11b, 0x0db1593e, 
    0x2b0ab001, 0x1bd82158, 0x00b059f4, 0xd018b010, 0xb0100db0, 0x11b0d01b, 0x0121b110, 0x582b0ab0, 0xf41bd821, 0x05313059, 0x34110026, 0x06173712, 
    0x16140706, 0x36341117, 0x16163233, 0x07001415, 0x36132311, 0x26263536, 0x15062223, 0xfefe7c02, 0x3f7b89f3, 0xd1026b5e, 0x7b5d78c2, 0xe2fe74ce, 
    0xc17878fc, 0x8cb802e2, 0x10133429, 0x01012c01, 0x531201ab, 0x87ee4557, 0x0311f6cf, 0x8c725e17, 0xfef396f7, 0x35fe10cf, 0xff103002, 0x39f9babf, 
    0x0100002d, 0x45fe7900, 0x3a040a05, 0x59001a00, 0x1c1b00b2, 0x00391211, 0xb02f0eb0, 0xb0584500, 0xb11b2f00, 0x593e1a00, 0x584500b0, 0x1b2f06b0, 
    0x3e1a06b1, 0x4500b059, 0x2f14b058, 0x1a14b11b, 0x00b0593e, 0x10b05845, 0x10b11b2f, 0xb1593e0e, 0x0ab00101, 0xd821582b, 0xb059f41b, 0x0db01010, 
    0x1001b0d0, 0x30d019b0, 0x36110131, 0x03263512, 0x15161633, 0x11050010, 0x00261123, 0x11331103, 0x11171216, 0xddc7ef02, 0x48838903, 0xfee7fe38, 
    0xfef477fe, 0x027805fa, 0x3a04c0c5, 0x010f19fc, 0x01f3df01, 0x82eb8a05, 0xcdfeeafe, 0x0157fe0c, 0x2a0111aa, 0xfe011201, 0xffde0afe, 0xe6031200, 
    0x89000100, 0x0f06ecff, 0x25003a04, 0x1db25b00, 0x12112726, 0x00b00039, 0x00b05845, 0x00b11b2f, 0xb0593e1a, 0xb0584500, 0xb11b2f13, 0x593e1a13, 
    0x584500b0, 0x1b2f1ab0, 0x3e0e1ab1, 0x4500b059, 0x2f1fb058, 0x0e1fb11b, 0x05b1593e, 0x2b0ab001, 0x1bd82158, 0x09b259f4, 0x1211001f, 0xd00eb039, 
    0x1a131db2, 0x30391211, 0x03020131, 0x32331614, 0x33113736, 0x33161611, 0x02353632, 0x16163303, 0x23021015, 0x06272622, 0x35022223, 0x01371234, 
    0x8d039194, 0x02877b7e, 0x7d860279, 0x92038f7c, 0xca3c4d83, 0x28a877b3, 0xc8b4f84e, 0x3a044a3f, 0xf3fee4fe, 0xbdc4f2ce, 0xd1fe3001, 0xd0f0c5bd, 
    0x21010801, 0xff8eff9a, 0x7cd9fe00, 0x2801fd81, 0x050194ff, 0x0200008e, 0xecff8500, 0xd0057504, 0x2a002000, 0x28b26e00, 0x12112c2b, 0x1028b039, 
    0x00d006b0, 0x584500b0, 0x1b2f1ab0, 0x3e1e1ab1, 0x4500b059, 0x2f06b058, 0x0e06b11b, 0x24b2593e, 0x1211061a, 0x2f24b039, 0xb00113b1, 0x21582b0a, 
    0x59f41bd8, 0xb2d002b0, 0x111a060b, 0x06b03912, 0x010fb110, 0x582b0ab0, 0xf41bd821, 0x1024b059, 0xb0d01eb0, 0x27b1101a, 0x2b0ab001, 0x1bd82158, 
    0x313059f4, 0x15070601, 0x22230606, 0x37113526, 0x33161611, 0x35373632, 0x35350026, 0x32333634, 0x36111516, 0x16140137, 0x23021117, 0x04070622, 
    0x025e4775, 0xe7c3cad5, 0x91a00178, 0xe9039195, 0x84a9f1fe, 0x4853ab98, 0xb6ca6dfd, 0x6252c605, 0x1da30201, 0xe4d3dd06, 0x4701d3ef, 0xa3b1fe02, 
    0xe6a6a2b1, 0xd50b0115, 0xd0b8950c, 0x06a8febf, 0xa4680117, 0x650112cc, 0x69761601, 0xd1ff0100, 0x83040000, 0x1e00bb05, 0x1ab24a00, 0x1211201f, 
    0x00b00039, 0x00b05845, 0x00b11b2f, 0xb0593e1e, 0xb0584500, 0xb11b2f15, 0x593e1e15, 0x584500b0, 0x1b2f0ab0, 0x3e0e0ab1, 0x1000b059, 0xb00105b1, 
    0x21582b0a, 0x59f41bd8, 0xb2d010b0, 0x110a001a, 0x31303912, 0x07173201, 0x06222326, 0x23110107, 0x26260111, 0x27072223, 0x16323336, 0x37171317, 
    0x04363613, 0x1d343d12, 0x48362c18, 0x7be7fe23, 0x4724e5fe, 0x1d182c35, 0x70593e32, 0x1816db2f, 0x056f32da, 0x0f5f1bbb, 0x93fd4d44, 0x5602aefd, 
    0x434c6b02, 0x5e1c5e0f, 0x4a12fe68, 0x6dea014d, 0x0200005a, 0xecff3800, 0x3a042506, 0x26001200, 0x08b27200, 0x12112827, 0x1008b039, 0x00d01eb0, 
    0x584500b0, 0x1b2f11b0, 0x3e1a11b1, 0x4500b059, 0x2f06b058, 0x0e06b11b, 0x00b0593e, 0x0ab05845, 0x0ab11b2f, 0xb0593e0e, 0x00b11011, 0x2b0ab001, 
    0x1bd82158, 0x08b259f4, 0x12110611, 0xd00fb039, 0xb0d010b0, 0x16b0d015, 0x100ab0d0, 0xb0011bb1, 0x21582b0a, 0x59f41bd8, 0x100620b2, 0xb0391211, 
    0x3130d024, 0x15162301, 0x22230214, 0x22230627, 0x37343502, 0x03213523, 0x06212726, 0x33161407, 0x11373632, 0x16161133, 0x06363233, 0xbf58a625, 
    0x4f50f7ab, 0x58bfabf6, 0xc5ed0597, 0x57fc6104, 0x75840262, 0x7902857c, 0x747d8602, 0xcdd30384, 0xd7fefef3, 0x2901fcfc, 0x67cff1fe, 0xe4ded7fd, 
    0xf2cedce6, 0x1901bbc6, 0xc5bde8fe, 0x010000f2, 0xf5ff3600, 0xb0059f05, 0x71001b00, 0x1d1c14b2, 0x00391211, 0x584500b0, 0x1b2f1ab0, 0x3e1e1ab1, 
    0x4500b059, 0x2f16b058, 0x0e16b11b, 0x00b0593e, 0x0cb05845, 0x0cb11b2f, 0xb0593e0e, 0x00b1101a, 0x2b0ab001, 0x1bd82158, 0x05b259f4, 0x1211161a, 
    0x2f05b039, 0xb1100cb0, 0x0ab0010d, 0xd821582b, 0xb059f41b, 0x13b11005, 0x2b0ab001, 0x1bd82158, 0x00b059f4, 0xd018b010, 0x30d019b0, 0x11210131, 
    0x32333636, 0x06141504, 0x32272306, 0x26343536, 0x11072223, 0x35211123, 0xfd980421, 0x46b351ca, 0x730601ed, 0xa80194d8, 0xa4b7c2bd, 0x50fe7ca5, 
    0x47056204, 0x251feafd, 0xc77ee2ec, 0x99b6636d, 0xfd43b7ab, 0x6947053a, 0x85000100, 0xc104ecff, 0x2000c405, 0x03b28300, 0x12112221, 0x00b00039, 
    0x0cb05845, 0x0cb11b2f, 0xb0593e1e, 0xb0584500, 0xb11b2f03, 0x593e0e03, 0x030c10b2, 0xb0391211, 0x12b1100c, 0x2b0ab001, 0x1bd82158, 0x17b259f4, 
    0x1211030c, 0x2f17b039, 0x01178fb2, 0x175fb25d, 0x2fb25d01, 0xb45d0117, 0x175f174f, 0x7fb47102, 0x02178f17, 0x0118b171, 0x582b0ab0, 0xf41bd821, 
    0x1003b059, 0xb0011db1, 0x21582b0a, 0x59f41bd8, 0x0c0320b2, 0x30391211, 0x04060131, 0x02262223, 0x12343527, 0x04323336, 0x21022317, 0x15070222, 
    0x15211521, 0x32331214, 0xc1043736, 0xe8e9fe19, 0x0188f9a2, 0xeaa7fe88, 0x7b160f01, 0xc49afe2e, 0x5f0204e9, 0xc3e5a1fd, 0x0117c4c1, 0xa2f4e6c6, 
    0xbcbf2901, 0xa42c01c2, 0x7301dffd, 0x2ef6defe, 0xfefc3168, 0x00b9b9d4, 0x33000200, 0x02080000, 0x1900b005, 0x77002200, 0x24230ab2, 0xb0391211, 
    0x1ab0100a, 0x00b000d0, 0x00b05845, 0x00b11b2f, 0xb0593e1e, 0xb0584500, 0xb11b2f09, 0x593e0e09, 0x584500b0, 0x1b2f11b0, 0x3e0e11b1, 0x0001b259, 
    0x39121109, 0xb02f01b0, 0x0bb11000, 0x2b0ab001, 0x1bd82158, 0x11b059f4, 0x0113b110, 0x582b0ab0, 0xf41bd821, 0x1001b059, 0xb0011ab1, 0x21582b0a, 
    0x59f41bd8, 0xb01013b0, 0x1cb0d01b, 0x013130d0, 0x021e2111, 0x23041415, 0x03211121, 0x07060202, 0x36373523, 0x13131236, 0x32211101, 0x26343536, 
    0x01b70427, 0x72d89071, 0xfee2fcfe, 0x22d0fd20, 0x83995314, 0x68672834, 0x03241039, 0xa8680120, 0x05a1bac0, 0x01a0fdb0, 0xc37ec069, 0xfd4705e5, 
    0xfebdfea6, 0x680283db, 0x01780501, 0x0219010d, 0xfd38fda4, 0x8c92b080, 0x020003af, 0x0000ba00, 0xb0053308, 0x1c001300, 0x01b29400, 0x12111e1d, 
    0x1001b039, 0x00d014b0, 0x584500b0, 0x1b2f02b0, 0x3e1e02b1, 0x4500b059, 0x2f12b058, 0x1e12b11b, 0x00b0593e, 0x0cb05845, 0x0cb11b2f, 0xb0593e0e, 
    0xb0584500, 0xb11b2f10, 0x593e0e10, 0x0c0201b2, 0xb0391211, 0x5fb22f01, 0xb25d0101, 0x5d01012f, 0x01018fb2, 0x0204b25d, 0x3912110c, 0xb02f04b0, 
    0x0eb11001, 0x2b0ab001, 0x1bd82158, 0x04b059f4, 0x0114b110, 0x582b0ab0, 0xf41bd821, 0x100cb059, 0xb00115b1, 0x21582b0a, 0x59f41bd8, 0x21013130, 
    0x21113311, 0x15161632, 0x21070414, 0x23112111, 0x11013311, 0x35363221, 0x01272634, 0x7b380335, 0xda936a01, 0xdefefe74, 0xc8fc1afe, 0xb3037b7b, 
    0xbfa96801, 0x1103a4bb, 0x8bfd9f02, 0xbe7dba64, 0xa90201e1, 0xb00557fd, 0x99fd23fd, 0xa7888ea8, 0x01000002, 0x00003600, 0xb005c305, 0x5f001500, 
    0x17160eb2, 0x00391211, 0x584500b0, 0x1b2f14b0, 0x3e1e14b1, 0x4500b059, 0x2f08b058, 0x0e08b11b, 0x00b0593e, 0x10b05845, 0x10b11b2f, 0xb0593e0e, 
    0x00b11014, 0x2b0ab001, 0x1bd82158, 0x04b259f4, 0x12110814, 0x2f04b039, 0xb0010db1, 0x21582b0a, 0x59f41bd8, 0xb01000b0, 0x13b0d012, 0x013130d0, 
    0x33361121, 0x11171632, 0x26261123, 0x11072223, 0x35211123, 0xfd970421, 0xfab8bcd1, 0x017c03ea, 0xbdb7bfab, 0x0449fe7b, 0xfd470561, 0xdcd933e3, 
    0xa20158fe, 0xfd34a4ae, 0x69470540, 0xb9000100, 0xe8049ffe, 0x0b00b005, 0xb0004900, 0x00b02f09, 0x00b05845, 0x00b11b2f, 0xb0593e1e, 0xb0584500, 
    0xb11b2f04, 0x593e1e04, 0x584500b0, 0x1b2f06b0, 0x3e0e06b1, 0x4500b059, 0x2f0ab058, 0x0e0ab11b, 0x02b1593e, 0x2b0ab001, 0x1bd82158, 0x03b059f4, 
    0x133130d0, 0x11211133, 0x11211133, 0xb9211123, 0x7b38037c, 0xfe7c2cfe, 0xfab00521, 0xfa4805b8, 0x019ffe50, 0x02000061, 0x0000b100, 0xb0057804, 
    0x16000d00, 0x0ab25e00, 0x12111817, 0x100ab039, 0x00d010b0, 0x584500b0, 0x1b2f0cb0, 0x3e1e0cb1, 0x4500b059, 0x2f0ab058, 0x0e0ab11b, 0x0cb0593e, 
    0x0100b110, 0x582b0ab0, 0xf41bd821, 0x0c02b259, 0x3912110a, 0xb12f02b0, 0x0ab0010e, 0xd821582b, 0xb059f41b, 0x0fb1100a, 0x2b0ab001, 0x1bd82158, 
    0x313059f4, 0x21112101, 0x15161632, 0x21230414, 0x11012111, 0x35363221, 0x04272634, 0x010efd1f, 0x73da9569, 0xfee4fefe, 0xfd6e031f, 0xa968010e, 
    0x05a6b8be, 0x63f1fd47, 0xddc17eb9, 0x1ffdb005, 0x91a799fd, 0x0002a38a, 0x47000200, 0x88059ffe, 0x0e00b005, 0x5d001500, 0x171612b2, 0xb0391211, 
    0x0db01012, 0x02b000d0, 0x4500b02f, 0x2f0db058, 0x1e0db11b, 0x00b0593e, 0x04b05845, 0x04b11b2f, 0xb1593e0e, 0x0ab00100, 0xd821582b, 0xb059f41b, 
    0x06b01002, 0x1000b0d0, 0xb0d008b0, 0x0fb0d009, 0xd010b0d0, 0xb1100db0, 0x0ab00111, 0xd821582b, 0x3059f41b, 0x03332531, 0x11211123, 0x36331123, 
    0x21131312, 0x21112101, 0x04020203, 0x7b019bed, 0x617bb6fb, 0x1a0e896f, 0x4afc2503, 0xccfd3b03, 0x687f0d14, 0x610137fe, 0xc9019ffe, 0x01bd0174, 
    0xfa0e0209, 0xfedf04b8, 0xfefcfe5f, 0x0100004a, 0x00001700, 0xb005f406, 0x88001500, 0x4500b000, 0x2f09b058, 0x1e09b11b, 0x00b0593e, 0x0db05845, 
    0x0db11b2f, 0xb0593e1e, 0xb0584500, 0xb11b2f11, 0x593e1e11, 0x584500b0, 0x1b2f02b0, 0x3e0e02b1, 0x4500b059, 0x2f06b058, 0x0e06b11b, 0x00b0593e, 
    0x14b05845, 0x14b11b2f, 0xb2593e0e, 0x11020910, 0x10b03912, 0x102fb22f, 0x5fb25d01, 0xb15d0110, 0x0ab00100, 0xd821582b, 0xb059f41b, 0x08b2d004, 
    0x12110010, 0x1010b039, 0xb2d00bb0, 0x11100013, 0x31303912, 0x23112301, 0x23012311, 0x01330101, 0x11331133, 0x01330133, 0x69042301, 0xfea97ba4, 
    0x1b029c12, 0x019509fe, 0xac7bb0ca, 0xfe94ca01, 0x9b1c0209, 0x4bfdb502, 0x4bfdb502, 0xc002f002, 0x92026efd, 0x92026efd, 0x0ffd41fd, 0x5a000100, 
    0x6404ecff, 0x2900c405, 0x27b27e00, 0x12112b2a, 0x00b00039, 0x0bb05845, 0x0bb11b2f, 0xb0593e1e, 0xb0584500, 0xb11b2f16, 0x593e0e16, 0xb1100bb0, 
    0x0ab00103, 0xd821582b, 0xb259f41b, 0x11160b06, 0x27b23912, 0x1211160b, 0x2f27b039, 0x01272fb2, 0x275fb25d, 0x4fb45d01, 0x02275f27, 0x0124b171, 
    0x582b0ab0, 0xf41bd821, 0x2411b259, 0x39121127, 0x0b161bb2, 0xb0391211, 0x1eb11016, 0x2b0ab001, 0x1bd82158, 0x313059f4, 0x23263401, 0x23150622, 
    0x33363634, 0x14150432, 0x11040706, 0x22230414, 0x33352626, 0x32331614, 0x26343536, 0x33352327, 0xd3033636, 0xce9eb7c6, 0x86e37e7b, 0x8e0c01ec, 
    0xfe1c0178, 0xf092f1e3, 0xa7da7b7a, 0xc6bed6bd, 0xbeb6b4ba, 0x9e893404, 0xb77481a8, 0x6fc1d267, 0xfe4c2aae, 0x6fe2bded, 0xb58c7cbd, 0x93958da7, 
    0x8d016a02, 0xbc000100, 0xf0040000, 0x0900b005, 0xb0004500, 0xb0584500, 0xb11b2f00, 0x593e1e00, 0x584500b0, 0x1b2f07b0, 0x3e1e07b1, 0x4500b059, 
    0x2f02b058, 0x0e02b11b, 0x00b0593e, 0x05b05845, 0x05b11b2f, 0xb2593e0e, 0x11020004, 0x09b23912, 0x12110200, 0x01313039, 0x11231133, 0x33112301, 
    0x7b750411, 0x7cc3fc7b, 0xfab0057c, 0xfbde0450, 0xfbb00522, 0x01000023, 0x00002800, 0xb005e304, 0x4f001100, 0x131204b2, 0x00391211, 0x584500b0, 
    0x1b2f00b0, 0x3e1e00b1, 0x4500b059, 0x2f01b058, 0x0e01b11b, 0x00b0593e, 0x09b05845, 0x09b11b2f, 0xb0593e0e, 0x03b11000, 0x2b0ab001, 0x1bd82158, 
    0x09b059f4, 0x010cb110, 0x582b0ab0, 0xf41bd821, 0x01313059, 0x21112311, 0x06020203, 0x37352307, 0x13123636, 0x7be30413, 0x142299fd, 0x34839953, 
    0x39686728, 0xb0052410, 0x470550fa, 0xbdfea6fd, 0x0283dbfe, 0x78050168, 0x19010d01, 0x0100a402, 0xebff3700, 0xb005cd04, 0x44001100, 0x131204b2, 
    0x00391211, 0x584500b0, 0x1b2f01b0, 0x3e1e01b1, 0x4500b059, 0x2f10b058, 0x1e10b11b, 0x00b0593e, 0x06b05845, 0x06b11b2f, 0xb2593e0e, 0x11060100, 
    0x0bb13912, 0x2b0ab001, 0x1bd82158, 0x313059f4, 0x01330101, 0x22230607, 0x33163727, 0x01023f32, 0x019e0233, 0xcdfd919e, 0x3dce6a24, 0x3f150b21, 
    0x3f194b7c, 0x028dd9fd, 0xfba5030b, 0x0bbd453d, 0x2d7f0764, 0x002f0482, 0x4c000300, 0xa905c4ff, 0x1900ec05, 0x2b002200, 0x0cb26000, 0x12112d2c, 
    0x100cb039, 0xb0d01ab0, 0x2ab0100c, 0x0bb000d0, 0x2f19b02f, 0x0b1916b2, 0xb0391211, 0x01b02f16, 0x2f01b0d0, 0x190b0eb2, 0xb0391211, 0x09b02f0e, 
    0x2f09b0d0, 0xb1100eb0, 0x0ab00129, 0xd821582b, 0xb059f41b, 0x16b0d01c, 0x0123b110, 0x582b0ab0, 0xf41bd821, 0xd022b059, 0x33013130, 0x15120416, 
    0x07040214, 0x35231523, 0x02242223, 0x24123435, 0x33353333, 0x32331111, 0x02343500, 0x00222727, 0x17121415, 0x36031117, 0x1001a922, 0xf1fe9698, 
    0x1c7825a9, 0x99effeac, 0xab120199, 0xda1d781c, 0xcbf20401, 0xfcfedbd1, 0x053cccf2, 0xfe94011c, 0xfea3a2f7, 0xd50296f8, 0x0a0193d5, 0x0b01a3a4, 
    0xcafed094, 0x060148fc, 0x0201cdd8, 0xfcfe010a, 0x00ffd1d8, 0xb803010a, 0xb3000100, 0x7105a1fe, 0x0b00b005, 0x03b24300, 0x12110d0c, 0x08b00039, 
    0x4500b02f, 0x2f00b058, 0x1e00b11b, 0x00b0593e, 0x04b05845, 0x04b11b2f, 0xb0593e1e, 0xb0584500, 0xb11b2f0a, 0x593e0e0a, 0xb00102b1, 0x21582b0a, 
    0x59f41bd8, 0x30d006b0, 0x11331331, 0x11331121, 0x11230333, 0x037cb321, 0x098f7b38, 0x05bdfb72, 0x05b8fab0, 0xfebafa48, 0x005f0137, 0xac000100, 
    0x99040000, 0x1100b005, 0x05b24900, 0x12111312, 0x00b00039, 0x00b05845, 0x00b11b2f, 0xb0593e1e, 0xb0584500, 0xb11b2f09, 0x593e1e09, 0x584500b0, 
    0x1b2f01b0, 0x3e0e01b1, 0x000eb259, 0x39121101, 0x2f0eb07c, 0x0105b118, 0x582b0ab0, 0xf41bd821, 0x01313059, 0x06112311, 0x27262223, 0x16113311, 
    0x37323316, 0x7c990411, 0xecf8bdcd, 0xad017c03, 0x05cbbfbd, 0x0250fab0, 0xded63996, 0x68fe9f01, 0x0239a1b1, 0x010000b1, 0x0000b600, 0xb005b206, 
    0x49000b00, 0x4500b000, 0x2f00b058, 0x1e00b11b, 0x00b0593e, 0x03b05845, 0x03b11b2f, 0xb0593e1e, 0xb0584500, 0xb11b2f07, 0x593e1e07, 0x584500b0, 
    0x1b2f09b0, 0x3e0e09b1, 0x0101b159, 0x582b0ab0, 0xf41bd821, 0xd005b059, 0x30d006b0, 0x21110131, 0x21113311, 0x21113311, 0x02320111, 0x44027b46, 
    0x0504fa7b, 0x05b8fab0, 0x05b8fa48, 0x0550fa48, 0x010000b0, 0xa1feb600, 0xb0053c07, 0x55000f00, 0x2f0bb000, 0x584500b0, 0x1b2f00b0, 0x3e1e00b1, 
    0x4500b059, 0x2f03b058, 0x1e03b11b, 0x00b0593e, 0x07b05845, 0x07b11b2f, 0xb0593e1e, 0xb0584500, 0xb11b2f0d, 0x593e0e0d, 0xb00101b1, 0x21582b0a, 
    0x59f41bd8, 0xb0d005b0, 0x09b0d006, 0xd00ab0d0, 0x30d002b0, 0x21110131, 0x21113311, 0x33113311, 0x21112303, 0x02320111, 0x44027b46, 0x6d098a7b, 
    0xb005f0f9, 0x4805b8fa, 0x4805b8fa, 0x3cfeb5fa, 0xb0055f01, 0xf6ff0200, 0xa4050000, 0x0d00b005, 0x61001600, 0x18170ab2, 0xb0391211, 0x10b0100a, 
    0x00b000d0, 0x00b05845, 0x00b11b2f, 0xb0593e1e, 0xb0584500, 0xb11b2f0a, 0x593e0e0a, 0x0a0002b2, 0xb0391211, 0x00b02f02, 0x010cb110, 0x582b0ab0, 
    0xf41bd821, 0x1002b059, 0xb0010eb1, 0x21582b0a, 0x59f41bd8, 0xb1100ab0, 0x0ab0010f, 0xd821582b, 0x3059f41b, 0x11210331, 0x16163221, 0x23041415, 
    0x01211121, 0x36322111, 0x27263435, 0x0163020a, 0x73da9569, 0xfee4fefe, 0x0218fe20, 0xa9680163, 0x05a6b8be, 0x6388fdb0, 0xddc17eb9, 0x85fd4a05, 
    0x91a799fd, 0x0002a38a, 0xba000300, 0xeb050000, 0x0b00b005, 0x18001400, 0x13b26f00, 0x12111a19, 0x1013b039, 0xb0d002b0, 0x16b01013, 0x00b000d0, 
    0x0ab05845, 0x0ab11b2f, 0xb0593e1e, 0xb0584500, 0xb11b2f17, 0x593e1e17, 0x584500b0, 0x1b2f08b0, 0x3e0e08b1, 0x4500b059, 0x2f15b058, 0x0e15b11b, 
    0x00b2593e, 0x1211080a, 0x2f00b039, 0xb0010cb1, 0x21582b0a, 0x59f41bd8, 0xb11008b0, 0x0ab0010d, 0xd821582b, 0x3059f41b, 0x32210131, 0x14151616, 
    0x11212304, 0x21111133, 0x34353632, 0x23012726, 0x35013311, 0xda956901, 0xe4fefe73, 0x017b20fe, 0xb8bea968, 0x7b4503a6, 0x6338037b, 0xddc17eb9, 
    0x1ffdb005, 0x91a799fd, 0xfd02a38a, 0x00b00531, 0xb2000200, 0x78040000, 0x0b00b005, 0x4f001400, 0x161508b2, 0xb0391211, 0x0eb01008, 0x00b000d0, 
    0x0ab05845, 0x0ab11b2f, 0xb0593e1e, 0xb0584500, 0xb11b2f08, 0x593e0e08, 0x080a00b2, 0xb0391211, 0x0cb12f00, 0x2b0ab001, 0x1bd82158, 0x08b059f4, 
    0x010db110, 0x582b0ab0, 0xf41bd821, 0x01313059, 0x16163221, 0x23041415, 0x11331121, 0x36322111, 0x27263435, 0x69012d01, 0xfe73da95, 0x20fee4fe, 
    0xa968017b, 0x03a6b8be, 0x7eb96338, 0xb005ddc1, 0x99fd1ffd, 0xa38a91a7, 0x01000002, 0xecff8d00, 0xc405c804, 0x85001f00, 0x212003b2, 0x00391211, 
    0x584500b0, 0x1b2f14b0, 0x3e1e14b1, 0x4500b059, 0x2f1cb058, 0x0e1cb11b, 0x00b2593e, 0x1211141c, 0x0103b139, 0x582b0ab0, 0xf41bd821, 0x140ab259, 
    0x3912111c, 0xb42f0ab0, 0x0a5f0a4f, 0x5fb27102, 0xb25d010a, 0x5d010a8f, 0x010a2fb2, 0x0a7fb45d, 0x71020a8f, 0x010aafb2, 0x0107b171, 0x582b0ab0, 
    0xf41bd821, 0x1014b059, 0xb0010eb1, 0x21582b0a, 0x59f41bd8, 0x1c1410b2, 0x30391211, 0x16160131, 0x35123233, 0x21352135, 0x23023435, 0x36230320, 
    0x00323324, 0x02141511, 0x24222306, 0x19080127, 0xe4c5bdc6, 0x6002a0fd, 0x9afec7ea, 0x01167b2e, 0x01fbe712, 0xa2f98931, 0x17eafeea, 0xb3bfc601, 
    0x24ff3001, 0x01fd2469, 0xe28dfe2a, 0xfe99fefa, 0xfec2aecd, 0xe4f6a1d3, 0xd1000200, 0xc706ecff, 0x1600c405, 0x95002400, 0x262505b2, 0xb0391211, 
    0x20b01005, 0x00b000d0, 0x0cb05845, 0x0cb11b2f, 0xb0593e1e, 0xb0584500, 0xb11b2f12, 0x593e1e12, 0x584500b0, 0x1b2f0ab0, 0x3e0e0ab1, 0x4500b059, 
    0x2f04b058, 0x0e04b11b, 0x0fb2593e, 0x12110a0c, 0x2f0fb039, 0x010f5fb2, 0x0f4fb45d, 0x71020f5f, 0x010f8fb2, 0x0f2fb25d, 0x7fb45d01, 0x020f8f0f, 
    0x0108b171, 0x582b0ab0, 0xf41bd821, 0x1012b059, 0xb0011ab1, 0x21582b0a, 0x59f41bd8, 0xb11004b0, 0x0ab00121, 0xd821582b, 0x3059f41b, 0x02140131, 
    0x00222304, 0x11213511, 0x11331123, 0x24123421, 0x17120420, 0x23021007, 0x15110222, 0x32331210, 0xc7061112, 0xa9fefe8b, 0xfec6feff, 0x017b7bf4, 
    0x02018d0c, 0x01015001, 0xee7b038c, 0xf0f1cbcf, 0x02ead1ce, 0xd0fec989, 0x016d01a4, 0x52fd1f36, 0x63fdb005, 0xa53201da, 0xc3d8fea2, 0x01070110, 
    0xfed5fe2a, 0xfdfe98f4, 0x2b01d1fe, 0x02000b01, 0x00005c00, 0xb0053e04, 0x16000d00, 0x14b26300, 0x12111817, 0x1014b039, 0x00d00bb0, 0x584500b0, 
    0x1b2f0bb0, 0x3e1e0bb1, 0x4500b059, 0x2f00b058, 0x0e00b11b, 0x00b0593e, 0x03b05845, 0x03b11b2f, 0xb2593e0e, 0x11000b12, 0x12b03912, 0x0101b12f, 
    0x582b0ab0, 0xf41bd821, 0x0105b259, 0x3912110b, 0xb1100bb0, 0x0ab00113, 0xd821582b, 0x3059f41b, 0x21112131, 0x26012301, 0x24343526, 0x01112133, 
    0x21331614, 0x06222111, 0x5dfec203, 0x0185c2fe, 0x01948d57, 0xba01ed05, 0x9fb5cffc, 0xbefe6101, 0x5102c1b2, 0x7302affd, 0xce8fc631, 0x0350fae9, 
    0x02b090fa, 0x0200ad8d, 0xecff6100, 0x11061e04, 0x29001c00, 0x08b26700, 0x12112b2a, 0x1008b039, 0x00d021b0, 0x584500b0, 0x1b2f12b0, 0x3e2012b1, 
    0x4500b059, 0x2f08b058, 0x0e08b11b, 0x00b2593e, 0x12111208, 0x2f00b039, 0x08120fb2, 0xb2391211, 0x11120817, 0x1ab23912, 0x12110008, 0x1008b039, 
    0xb00121b1, 0x21582b0a, 0x59f41bd8, 0xb11000b0, 0x0ab00128, 0xd821582b, 0x3059f41b, 0x00320131, 0x06141515, 0x00222306, 0x00103535, 0x35363637, 
    0x06061433, 0x07060607, 0x15033636, 0x32331614, 0x34353536, 0x02062026, 0x0001ce50, 0xd68edb75, 0x0001f7fe, 0x677995ec, 0xa5908c46, 0xc1401ec9, 
    0xa2a1c6fc, 0xbefec7c4, 0xfef203c4, 0x931adef3, 0x1d0183eb, 0x500160ee, 0x18279201, 0x6e544752, 0xe51a1743, 0xfe6854c0, 0xe5b71914, 0xa91abce7, 
    0x0300d9d6, 0x0000a900, 0x3a040b04, 0x17000e00, 0x8f001f00, 0x212002b2, 0xb0391211, 0x11b01002, 0x1002b0d0, 0x00d01eb0, 0x584500b0, 0x1b2f01b0, 
    0x3e1a01b1, 0x4500b059, 0x2f00b058, 0x0e00b11b, 0x18b2593e, 0x12110001, 0x2f18b039, 0x7f186fb4, 0xb45d0218, 0x188f187f, 0x9fb27102, 0xb2720118, 
    0x7101184f, 0x3f182fb4, 0xb25d0218, 0x720118cf, 0xb0010fb1, 0x21582b0a, 0x59f41bd8, 0x180f08b2, 0xb0391211, 0x10b11000, 0x2b0ab001, 0x1bd82158, 
    0x01b059f4, 0x011eb110, 0x582b0ab0, 0xf41bd821, 0x33313059, 0x16322111, 0x07061415, 0x14151616, 0x11012306, 0x35363221, 0x25232634, 0x34352421, 
    0xa9212326, 0xdcce8d01, 0x816a5e62, 0xa9fec1d3, 0x92875b01, 0xa5fe8792, 0x1a012f01, 0xeafe989b, 0x8e933a04, 0x141d7f51, 0x9d8f5e8e, 0x72fef201, 
    0x6a5a6268, 0x63bc0464, 0x0100005b, 0x0000a300, 0x3a043e03, 0x2c000500, 0x4500b000, 0x2f04b058, 0x1a04b11b, 0x00b0593e, 0x02b05845, 0x02b11b2f, 
    0xb0593e0e, 0x00b11004, 0x2b0ab001, 0x1bd82158, 0x313059f4, 0x23112101, 0x3e032111, 0x0278ddfd, 0xfcd3039b, 0x003a042d, 0x34000200, 0x4b04c2fe, 
    0x0e003a04, 0x5d001400, 0x161512b2, 0xb0391211, 0x04b01012, 0x0cb000d0, 0x4500b02f, 0x2f04b058, 0x1a04b11b, 0x00b0593e, 0x0ab05845, 0x0ab11b2f, 
    0xb1593e0e, 0x0ab00100, 0xd821582b, 0xb059f41b, 0x07b0d006, 0x100cb0d0, 0xb0d009b0, 0x0fb01007, 0xd010b0d0, 0xb11004b0, 0x0ab00111, 0xd821582b, 
    0x3059f41b, 0x36373731, 0x11211313, 0x11231133, 0x13231121, 0x21112133, 0x35830203, 0x0213137e, 0xfc77707f, 0xd80173d3, 0x6bfe5602, 0x4565120d, 
    0x014901ab, 0xfe2bfc9c, 0xfe3e015d, 0x03a301c2, 0xfee7fe65, 0x0100007d, 0x00001800, 0x3a040006, 0x91001500, 0x4500b000, 0x2f09b058, 0x1a09b11b, 
    0x00b0593e, 0x0db05845, 0x0db11b2f, 0xb0593e1a, 0xb0584500, 0xb11b2f11, 0x593e1a11, 0x584500b0, 0x1b2f02b0, 0x3e0e02b1, 0x4500b059, 0x2f06b058, 
    0x0e06b11b, 0x00b0593e, 0x14b05845, 0x14b11b2f, 0xb2593e0e, 0x11021110, 0x10b03912, 0x106fb42f, 0x5d02107f, 0x3f102fb4, 0xb25d0210, 0x7101104f, 
    0xb00100b1, 0x21582b0a, 0x59f41bd8, 0xb2d004b0, 0x11001008, 0x10b03912, 0xd00bb010, 0x100013b2, 0x30391211, 0x11230131, 0x01231123, 0x33010123, 
    0x33113301, 0x33013311, 0x03230101, 0x8f7890d7, 0x019870fe, 0x9172fec0, 0x78916301, 0x93630192, 0xc10170fe, 0xfef40199, 0xfef4010c, 0x022b020c, 
    0x0125fe0f, 0x0125fedb, 0xfdf1fddb, 0x010000d5, 0xedff6200, 0x4d04a203, 0x87002600, 0x282715b2, 0x00391211, 0x584500b0, 0x1b2f0ab0, 0x3e1a0ab1, 
    0x4500b059, 0x2f15b058, 0x0e15b11b, 0x0ab0593e, 0x0103b110, 0x582b0ab0, 0xf41bd821, 0x0a06b259, 0x39121115, 0x150a24b2, 0xb0391211, 0x6fb42f24, 
    0x02247f24, 0x242fb45d, 0x5d02243f, 0x01244fb2, 0x247fb471, 0x7102248f, 0xb00122b1, 0x21582b0a, 0x59f41bd8, 0x242210b2, 0xb2391211, 0x110a1519, 
    0x15b03912, 0x011cb110, 0x582b0ab0, 0xf41bd821, 0x01313059, 0x22232634, 0x34231506, 0x16323336, 0x07061415, 0x06141516, 0x35262223, 0x33161433, 
    0x34353632, 0x35232326, 0x16033633, 0xa5748092, 0xbaa9e777, 0xd05c60d0, 0xeeb5bbe2, 0x897ead78, 0xa5928e9b, 0x1c03f9b9, 0x5b776a62, 0x93a0b087, 
    0x39237e4e, 0xb6aa92c9, 0x73836293, 0x68606d63, 0x01000006, 0x0000a400, 0x3a04db03, 0x45000900, 0x4500b000, 0x2f00b058, 0x1a00b11b, 0x00b0593e, 
    0x07b05845, 0x07b11b2f, 0xb0593e1a, 0xb0584500, 0xb11b2f02, 0x593e0e02, 0x584500b0, 0x1b2f05b0, 0x3e0e05b1, 0x0704b259, 0x39121102, 0x020709b2, 
    0x30391211, 0x11330131, 0x23011123, 0x03113311, 0xfd787863, 0x047777b8, 0x03c6fb3a, 0x0487fc79, 0x0086fc3a, 0xa3000100, 0x15040000, 0x0c003a04, 
    0xb0006e00, 0xb0584500, 0xb11b2f04, 0x593e1a04, 0x584500b0, 0x1b2f08b0, 0x3e1a08b1, 0x4500b059, 0x2f02b058, 0x0e02b11b, 0x00b0593e, 0x0bb05845, 
    0x0bb11b2f, 0xb2593e0e, 0x11040206, 0x06b03912, 0x066fb42f, 0x5d02067f, 0x01064fb2, 0x062fb471, 0x5d02063f, 0x8f067fb4, 0xb1710206, 0x0ab00101, 
    0xd821582b, 0xb259f41b, 0x1106010a, 0x31303912, 0x23112301, 0x33113311, 0x01013301, 0xa6c20123, 0x01a47979, 0x44fe978d, 0x019eed01, 0x0410fef0, 
    0x0120fe3a, 0xfdf3fde0, 0x010000d3, 0x00002c00, 0x3a04dc03, 0x4f001000, 0x121104b2, 0x00391211, 0x584500b0, 0x1b2f00b0, 0x3e1a00b1, 0x4500b059, 
    0x2f01b058, 0x0e01b11b, 0x00b0593e, 0x09b05845, 0x09b11b2f, 0xb0593e0e, 0x03b11000, 0x2b0ab001, 0x1bd82158, 0x09b059f4, 0x010cb110, 0x582b0ab0, 
    0xf41bd821, 0x01313059, 0x21112311, 0x23020e03, 0x36373523, 0x03133736, 0x45fe78dc, 0x82420c13, 0x67252e6c, 0x04160e5a, 0x03c6fb3a, 0xe16bfed3, 
    0x026a70ed, 0x02fcc402, 0x0100000c, 0x0000a900, 0x3a043505, 0x59000c00, 0x4500b000, 0x2f01b058, 0x1a01b11b, 0x00b0593e, 0x0bb05845, 0x0bb11b2f, 
    0xb0593e1a, 0xb0584500, 0xb11b2f03, 0x593e0e03, 0x584500b0, 0x1b2f06b0, 0x3e0e06b1, 0x4500b059, 0x2f09b058, 0x0e09b11b, 0x00b2593e, 0x1211030b, 
    0x0b05b239, 0x39121103, 0x030b08b2, 0x30391211, 0x33012531, 0x01112311, 0x23110123, 0xf3023311, 0x7894ae01, 0xfe5560fe, 0xa29d7758, 0xc6fb9803, 
    0x88fc7803, 0x74fc8c03, 0x01003a04, 0x0000a400, 0x3a04db03, 0x6c000b00, 0x4500b000, 0x2f06b058, 0x1a06b11b, 0x00b0593e, 0x0ab05845, 0x0ab11b2f, 
    0xb0593e1a, 0xb0584500, 0xb11b2f00, 0x593e0e00, 0x584500b0, 0x1b2f04b0, 0x3e0e04b1, 0x0a09b259, 0x39121100, 0xb42f09b0, 0x097f096f, 0x7fb45d02, 
    0x02098f09, 0x094fb271, 0x2fb47101, 0x02093f09, 0x099fb25d, 0x02b17201, 0x2b0ab001, 0x1bd82158, 0x313059f4, 0x21112321, 0x33112311, 0x33112111, 
    0xfd78db03, 0x027878b9, 0xf0017847, 0x3a0410fe, 0xe5011bfe, 0xa4000100, 0xdb030000, 0x07003a04, 0xb0003900, 0xb0584500, 0xb11b2f06, 0x593e1a06, 
    0x584500b0, 0x1b2f00b0, 0x3e0e00b1, 0x4500b059, 0x2f04b058, 0x0e04b11b, 0x06b0593e, 0x0102b110, 0x582b0ab0, 0xf41bd821, 0x21313059, 0x11211123, 
    0x03211123, 0xb9fd78db, 0x03370378, 0x042dfcd3, 0x0100003a, 0x00002800, 0x3a04a503, 0x32000700, 0x4500b000, 0x2f06b058, 0x1a06b11b, 0x00b0593e, 
    0x02b05845, 0x02b11b2f, 0xb0593e0e, 0x00b11006, 0x2b0ab001, 0x1bd82158, 0x04b059f4, 0xd005b0d0, 0x21013130, 0x21112311, 0xa5032135, 0xfe7876fe, 
    0x037d0385, 0x032cfcd4, 0x030066d4, 0x60fe6f00, 0x00065d05, 0x26001b00, 0x81003100, 0x333207b2, 0xb0391211, 0x21b01007, 0x1007b0d0, 0x00d02cb0, 
    0xb02f06b0, 0xb0584500, 0xb11b2f03, 0x593e1a03, 0x584500b0, 0x1b2f0ab0, 0x3e1a0ab1, 0x4500b059, 0x2f14b058, 0x1014b11b, 0x00b0593e, 0x11b05845, 
    0x11b11b2f, 0xb0593e0e, 0xb0584500, 0xb11b2f18, 0x593e0e18, 0xb1100ab0, 0x0ab0011f, 0xd821582b, 0xb059f41b, 0x24b11011, 0x2b0ab001, 0x1bd82158, 
    0x2ab059f4, 0x101fb0d0, 0x30d02fb0, 0x12101331, 0x11173233, 0x33361133, 0x17171232, 0x22230214, 0x11231127, 0x02222306, 0x26342527, 0x11072223, 
    0x36323316, 0x33161425, 0x26113732, 0x6f062223, 0x4969b7cf, 0xad6e4a77, 0xd00109d0, 0x774e6cb5, 0xceab674d, 0x9d76040a, 0x3f38668d, 0xfc9c8c61, 
    0x5e8d9601, 0x8c613a3f, 0x01140299, 0x2f320108, 0x1bfee101, 0xf8eafe33, 0xe3fef741, 0x0146fe2f, 0x03012eb9, 0xfada41e5, 0x27bbfc2c, 0xe3cccee1, 
    0x29460329, 0x010000f9, 0xbffea400, 0x3a044904, 0x3c000b00, 0x2f08b000, 0x584500b0, 0x1b2f00b0, 0x3e1a00b1, 0x4500b059, 0x2f04b058, 0x1a04b11b, 
    0x00b0593e, 0x0ab05845, 0x0ab11b2f, 0xb1593e0e, 0x0ab00102, 0xd821582b, 0xb059f41b, 0x3130d006, 0x21113313, 0x33113311, 0x21112303, 0x470278a4, 
    0x6e096e78, 0x3a04d2fc, 0xd5032bfc, 0x5afe2bfc, 0x01004101, 0x00006e00, 0x3a049e03, 0x49001100, 0x131204b2, 0x00391211, 0x584500b0, 0x1b2f08b0, 
    0x3e1a08b1, 0x4500b059, 0x2f10b058, 0x1a10b11b, 0x00b0593e, 0x00b05845, 0x00b11b2f, 0xb2593e0e, 0x1100100d, 0xb07c3912, 0xb1182f0d, 0x0ab00104, 
    0xd821582b, 0x3059f41b, 0x11232131, 0x26222306, 0x11331127, 0x36331616, 0x03331137, 0x8794789e, 0x7704c2d7, 0x919f8502, 0xc701788a, 0x01c8bd36, 
    0x9be2fe24, 0x02300489, 0x0100000e, 0x0000a400, 0x3a04ca05, 0x49000b00, 0x4500b000, 0x2f00b058, 0x1a00b11b, 0x00b0593e, 0x03b05845, 0x03b11b2f, 
    0xb0593e1a, 0xb0584500, 0xb11b2f07, 0x593e1a07, 0x584500b0, 0x1b2f09b0, 0x3e0e09b1, 0x0101b159, 0x582b0ab0, 0xf41bd821, 0xd005b059, 0x30d006b0, 
    0x21110131, 0x21113311, 0x21113311, 0x011c0111, 0xdd0178e1, 0x04dafa78, 0x032bfc3a, 0x032bfcd5, 0x04c6fbd5, 0x0100003a, 0xbffe9e00, 0x3a044606, 
    0x4c000f00, 0x2f0cb000, 0x584500b0, 0x1b2f00b0, 0x3e1a00b1, 0x4500b059, 0x2f03b058, 0x1a03b11b, 0x00b0593e, 0x07b05845, 0x07b11b2f, 0xb0593e1a, 
    0xb0584500, 0xb11b2f0d, 0x593e0e0d, 0xb00101b1, 0x21582b0a, 0x59f41bd8, 0xb0d005b0, 0x3130d009, 0x11211101, 0x11211133, 0x03331133, 0x11211123, 
    0xe2011601, 0x78dc0178, 0xfa6e0982, 0xfc3a04cf, 0xfcd5032b, 0xfcd5032b, 0x015afe2b, 0x003a0441, 0x23000200, 0xb5040000, 0x0d003a04, 0x61001600, 
    0x181701b2, 0xb0391211, 0x0eb01001, 0x00b000d0, 0x00b05845, 0x00b11b2f, 0xb0593e1a, 0xb0584500, 0xb11b2f0a, 0x593e0e0a, 0x0a0002b2, 0xb0391211, 
    0x00b02f02, 0x010cb110, 0x582b0ab0, 0xf41bd821, 0x1002b059, 0xb0010eb1, 0x21582b0a, 0x59f41bd8, 0xb1100ab0, 0x0ab0010f, 0xd821582b, 0x3059f41b, 
    0x11211331, 0x16163221, 0x23061415, 0x01211121, 0x36322111, 0x27263435, 0x01d00123, 0x5db57838, 0x55feb7d7, 0xd001a7fe, 0x93813601, 0x3a047c8f, 
    0x9a5777fe, 0x03bd9d66, 0xfe77fed4, 0x6c71821a, 0x03000285, 0x0000a900, 0x3a045105, 0x14000b00, 0x6f001800, 0x1a1907b2, 0xb0391211, 0x13b01007, 
    0x1007b0d0, 0x00d016b0, 0x584500b0, 0x1b2f0ab0, 0x3e1a0ab1, 0x4500b059, 0x2f17b058, 0x1a17b11b, 0x00b0593e, 0x08b05845, 0x08b11b2f, 0xb0593e0e, 
    0xb0584500, 0xb11b2f15, 0x593e0e15, 0x081700b2, 0xb0391211, 0x0cb12f00, 0x2b0ab001, 0x1bd82158, 0x08b059f4, 0x010db110, 0x582b0ab0, 0xf41bd821, 
    0x01313059, 0x16163221, 0x23061415, 0x11331121, 0x36322111, 0x27263435, 0x33112301, 0x38012001, 0xd75db578, 0x7755feb7, 0x93813601, 0xf2027c8f, 
    0xb1027878, 0x9d669a57, 0xfe3a04bd, 0x821afe11, 0x02856c71, 0x3a04b5fd, 0xa9000200, 0xe2030000, 0x0b003a04, 0x4f001400, 0x161508b2, 0xb0391211, 
    0x0eb01008, 0x00b000d0, 0x0ab05845, 0x0ab11b2f, 0xb0593e1a, 0xb0584500, 0xb11b2f08, 0x593e0e08, 0x080a00b2, 0xb0391211, 0x0cb12f00, 0x2b0ab001, 
    0x1bd82158, 0x08b059f4, 0x010db110, 0x582b0ab0, 0xf41bd821, 0x01313059, 0x16163221, 0x23061415, 0x11331121, 0x36322111, 0x27263435, 0x38012001, 
    0xd75db578, 0x7755feb7, 0x93813601, 0xb1027c8f, 0x9d669a57, 0xfe3a04bd, 0x821afe11, 0x02856c71, 0x6f000100, 0xd303ecff, 0x1f004e04, 0x10b28a00, 
    0x12112120, 0x00b00039, 0x08b05845, 0x08b11b2f, 0xb0593e1a, 0xb0584500, 0xb11b2f10, 0x593e0e10, 0xb11008b0, 0x0ab00100, 0xd821582b, 0xb259f41b, 
    0x11100803, 0x14b23912, 0x12110810, 0x1010b039, 0xb00117b1, 0x21582b0a, 0x59f41bd8, 0x10081db2, 0xb0391211, 0xbfb22f1d, 0xb471011d, 0x1d7f1d6f, 
    0x2fb45d02, 0x021d3f1d, 0x1d7fb45d, 0x71021d8f, 0x011dafb2, 0x1d4fb272, 0x1ab17101, 0x2b0ab001, 0x1bd82158, 0x313059f4, 0x15062201, 0x36363423, 
    0x17123233, 0x06061417, 0x35262223, 0x33161433, 0x21373632, 0x26262135, 0xa67c0502, 0x6bbe6d74, 0x010afcc7, 0xb289d074, 0x7ea574e5, 0xfe07b796, 
    0x09e90117, 0x8fe803b5, 0x60a46271, 0x4de2e9fe, 0xd787f99c, 0xe09c81ab, 0xdcb765bf, 0xa9000200, 0x1a06ecff, 0x15004e04, 0x9e002300, 0x25240eb2, 
    0xb0391211, 0x18b0100e, 0x00b000d0, 0x05b05845, 0x05b11b2f, 0xb0593e1a, 0xb0584500, 0xb11b2f15, 0x593e1a15, 0x584500b0, 0x1b2f12b0, 0x3e0e12b1, 
    0x4500b059, 0x2f0db058, 0x0e0db11b, 0x01b2593e, 0x12111512, 0x2f01b039, 0x7f016fb4, 0xb25d0201, 0x7101014f, 0x8f017fb4, 0xb4710201, 0x01af019f, 
    0x2fb45d02, 0x02013f01, 0x01bfb25d, 0x10b17101, 0x2b0ab001, 0x1bd82158, 0x0db059f4, 0x0119b110, 0x582b0ab0, 0xf41bd821, 0x1005b059, 0xb00120b1, 
    0x21582b0a, 0x59f41bd8, 0x21013130, 0x3233023e, 0x14151500, 0x22230606, 0x11212700, 0x01331123, 0x32331614, 0x34353536, 0x06222326, 0x01200115, 
    0xd87e0535, 0x0d01d786, 0xcf8cdc7a, 0xfe0af6fe, 0x017777cb, 0xa1a4c9ab, 0xa1a2cac9, 0x944d02ca, 0xd0fe80ed, 0xfc9c18fa, 0xe2190188, 0x3a0419fe, 
    0xf9c2d2fd, 0xc017ccf9, 0x00cbfbfb, 0x5d000200, 0xb1030000, 0x0d003a04, 0x63001600, 0x18170db2, 0xb0391211, 0x14b0100d, 0x00b000d0, 0x00b05845, 
    0x00b11b2f, 0xb0593e1a, 0xb0584500, 0xb11b2f01, 0x593e0e01, 0x584500b0, 0x1b2f05b0, 0x3e0e05b1, 0x0012b259, 0x39121101, 0xb12f12b0, 0x0ab00103, 
    0xd821582b, 0xb259f41b, 0x11000307, 0x00b03912, 0x0113b110, 0x582b0ab0, 0xf41bd821, 0x01313059, 0x21112311, 0x26012301, 0x36343526, 0x16140133, 
    0x21112117, 0xb1030622, 0xfeb0fe78, 0x100184f8, 0xb4d37b6f, 0x6c79f1fe, 0xcefe5901, 0x3a048f7d, 0xb401c6fb, 0xc3014cfe, 0x9371a61d, 0x5fbbfeb0, 
    0xba01027a, 0x01000078, 0x4bfee6ff, 0x0006cc03, 0x85002500, 0x27260fb2, 0x00391211, 0xb02f22b0, 0xb0584500, 0xb11b2f05, 0x593e1a05, 0x584500b0, 
    0x1b2f1cb0, 0x3e0e1cb1, 0x4500b059, 0x2f0cb058, 0x100cb11b, 0x2fb2593e, 0xb25d0122, 0x5d01220f, 0x221c25b2, 0xb0391211, 0x00b12f25, 0x2b0ab001, 
    0x1bd82158, 0x02b259f4, 0x12111c05, 0x100cb039, 0xb00111b1, 0x21582b0a, 0x59f41bd8, 0xb11005b0, 0x0ab00118, 0xd821582b, 0xb059f41b, 0x1eb01000, 
    0x1025b0d0, 0x30d020b0, 0x11210131, 0x32333636, 0x14111716, 0x27222306, 0x32331637, 0x34113536, 0x06222326, 0x11231107, 0x35333523, 0x02211533, 
    0x3bcbfe48, 0xaaae6db8, 0x3e90a001, 0x422b0e3d, 0x86796158, 0x7729ab6f, 0x0177b6b6, 0xfed30435, 0xc46a61b0, 0xaae1fcc4, 0x106313b2, 0x1a037680, 
    0x768b9095, 0xd3041bfd, 0x00c7c766, 0x6b000100, 0xd903ecff, 0x1f004e04, 0x10b28900, 0x12112120, 0x00b00039, 0x10b05845, 0x10b11b2f, 0xb0593e1a, 
    0xb0584500, 0xb11b2f08, 0x593e0e08, 0xb00100b1, 0x21582b0a, 0x59f41bd8, 0x100803b2, 0xb2391211, 0x11081014, 0x10b03912, 0x0117b110, 0x582b0ab0, 
    0xf41bd821, 0x101bb259, 0x39121108, 0xb42f1bb0, 0x1b8f1b7f, 0x6fb47102, 0x021b7f1b, 0x1b2fb45d, 0x5d021b3f, 0x011b4fb2, 0x1bbfb271, 0x9fb47101, 
    0x021baf1b, 0x011cb15d, 0x582b0ab0, 0xf41bd821, 0x25313059, 0x33373632, 0x2223020e, 0x34353502, 0x32333636, 0x26231716, 0x06222326, 0x21152107, 
    0x39021616, 0x7309a97b, 0x6cbd7205, 0xd170f8d6, 0x08e7b28c, 0x7fa70873, 0x0107b29c, 0x0713feed, 0x728b51b2, 0x015ca363, 0xa021fe27, 0xadd486f6, 
    0xbfd99c7f, 0x00d8c166, 0x24000200, 0x8c060000, 0x17003a04, 0x7d002000, 0x222109b2, 0xb0391211, 0x18b01009, 0x00b000d0, 0x16b05845, 0x16b11b2f, 
    0xb0593e1a, 0xb0584500, 0xb11b2f08, 0x593e0e08, 0x584500b0, 0x1b2f0fb0, 0x3e0e0fb1, 0x1600b259, 0x39121108, 0xb02f00b0, 0x0ab11016, 0x2b0ab001, 
    0x1bd82158, 0x0fb059f4, 0x0111b110, 0x582b0ab0, 0xf41bd821, 0x1000b059, 0xb00118b1, 0x21582b0a, 0x59f41bd8, 0xb11008b0, 0x0ab00119, 0xd821582b, 
    0x3059f41b, 0x16210131, 0x14151617, 0x11210706, 0x06020321, 0x37352307, 0x13373636, 0x21111121, 0x34353632, 0xca032726, 0x6bbc3801, 0xfeb4d463, 
    0x154ffe4e, 0x37958b11, 0x0e5a6726, 0x019b0216, 0x92938136, 0x0189027d, 0x928c585e, 0xd30301b3, 0xdbfe41fe, 0x026a03ec, 0x02fcc402, 0xfeeafd0c, 
    0x63677d40, 0x02000178, 0x0000a400, 0x3a049c06, 0x1b001200, 0x01b28500, 0x12111d1c, 0x1001b039, 0x00d013b0, 0x584500b0, 0x1b2f02b0, 0x3e1a02b1, 
    0x4500b059, 0x2f11b058, 0x1a11b11b, 0x00b0593e, 0x0bb05845, 0x0bb11b2f, 0xb0593e0e, 0xb0584500, 0xb11b2f0f, 0x593e0e0f, 0x0b1101b2, 0xb0391211, 
    0x04b22f01, 0x1211020b, 0x2f04b039, 0xb11001b0, 0x0ab0010d, 0xd821582b, 0xb059f41b, 0x13b11004, 0x2b0ab001, 0x1bd82158, 0x0bb059f4, 0x0114b110, 
    0x582b0ab0, 0xf41bd821, 0x01313059, 0x11331121, 0x15161621, 0x21070614, 0x23112111, 0x11013311, 0x35363221, 0x01232634, 0x7847021c, 0xcfad4501, 
    0x4bfeb0d4, 0x7878b9fd, 0x3601bf02, 0x7c95947f, 0xae018c02, 0xac044ffe, 0x02b09493, 0xd9fd2702, 0xeafd3a04, 0x697b40fe, 0x01007666, 0x0000f0ff, 
    0x0006cc03, 0x76001b00, 0x1d1c00b2, 0x00391211, 0xb02f18b0, 0xb0584500, 0xb11b2f05, 0x593e1a05, 0x584500b0, 0x1b2f09b0, 0x3e0e09b1, 0x4500b059, 
    0x2f12b058, 0x0e12b11b, 0x2fb2593e, 0xb25d0118, 0x5d01180f, 0x18121bb2, 0xb0391211, 0x00b12f1b, 0x2b0ab001, 0x1bd82158, 0x02b259f4, 0x12110905, 
    0x1005b039, 0xb0010eb1, 0x21582b0a, 0x59f41bd8, 0xb01000b0, 0x1bb0d014, 0xd016b010, 0x21013130, 0x33363611, 0x11171632, 0x26261123, 0x07062223, 
    0x23112311, 0x33353335, 0x54022115, 0xb83bbffe, 0x01aaae6d, 0x85790177, 0x7729ab6f, 0x0177acac, 0xfedf0441, 0xc46a61a4, 0x023afdc4, 0x8b8e91c7, 
    0x041bfd76, 0xbbbb66df, 0xa4000100, 0xdb039ffe, 0x0b003a04, 0xb0004600, 0x00b02f08, 0x00b05845, 0x00b11b2f, 0xb0593e1a, 0xb0584500, 0xb11b2f03, 
    0x593e1a03, 0x584500b0, 0x1b2f05b0, 0x3e0e05b1, 0x4500b059, 0x2f09b058, 0x0e09b11b, 0x01b1593e, 0x2b0ab001, 0x1bd82158, 0x313059f4, 0x11211101, 
    0x11211133, 0x11211123, 0x47021c01, 0x78a4fe78, 0x3a049dfe, 0xd5032bfc, 0x9ffec6fb, 0x3a046101, 0xaa000100, 0x6f06ecff, 0x2000b005, 0x07b26100, 
    0x12112221, 0x00b00039, 0x00b05845, 0x00b11b2f, 0xb0593e1e, 0xb0584500, 0xb11b2f0e, 0x593e1e0e, 0x584500b0, 0x1b2f17b0, 0x3e1e17b1, 0x4500b059, 
    0x2f04b058, 0x0e04b11b, 0x00b0593e, 0x0ab05845, 0x0ab11b2f, 0xb2593e0e, 0x11040007, 0x13b13912, 0x2b0ab001, 0x1bd82158, 0x1cb059f4, 0x013130d0, 
    0x23060611, 0x06272622, 0x26222306, 0x11331127, 0x32331616, 0x33113736, 0x33161611, 0x11373632, 0xd4016f06, 0x2eb373ba, 0xb476b430, 0x017c03d1, 
    0x97837a91, 0x93017f01, 0x01957e80, 0xeafbb005, 0x6a68e4ca, 0xc7df686a, 0xe9fb1e04, 0x95b2af97, 0xeafb1604, 0x96b1b295, 0x01001604, 0xebff9d00, 
    0x3a04e305, 0x61002100, 0x232207b2, 0x00391211, 0x584500b0, 0x1b2f00b0, 0x3e1a00b1, 0x4500b059, 0x2f0eb058, 0x1a0eb11b, 0x00b0593e, 0x18b05845, 
    0x18b11b2f, 0xb0593e1a, 0xb0584500, 0xb11b2f04, 0x593e0e04, 0x584500b0, 0x1b2f0ab0, 0x3e0e0ab1, 0x1807b259, 0x39121104, 0xb00114b1, 0x21582b0a, 
    0x59f41bd8, 0x30d01db0, 0x06110131, 0x26222306, 0x23060627, 0x11272622, 0x17161133, 0x36323316, 0x11331135, 0x32331614, 0x05113736, 0xa9c402e3, 
    0x2d2ba268, 0xc1a46aa4, 0x4c017702, 0x8b756340, 0x6f728678, 0x3a040286, 0xd3b93dfd, 0x5d60605d, 0xc402bbd0, 0x519842fd, 0x028ca343, 0x8d45fdbb, 
    0x028a9da2, 0x020000c3, 0x0000e3ff, 0x0b06e103, 0x1c001300, 0x0ab27700, 0x12111e1d, 0x100ab039, 0x00d016b0, 0x584500b0, 0x1b2f0eb0, 0x3e1c0eb1, 
    0x4500b059, 0x2f12b058, 0x1c12b11b, 0x00b0593e, 0x0ab05845, 0x0ab11b2f, 0xb0593e0e, 0x00b11012, 0x2b0ab001, 0x1bd82158, 0x02b259f4, 0x12110a0e, 
    0x2f02b039, 0xb01000b0, 0x0db0d00c, 0x1002b0d0, 0xb00114b1, 0x21582b0a, 0x59f41bd8, 0xb1100ab0, 0x0ab00115, 0xd821582b, 0x3059f41b, 0x11210131, 
    0x16163221, 0x23061415, 0x35231121, 0x11331133, 0x21110121, 0x34353632, 0x65022726, 0x3701bbfe, 0xd85eb478, 0xc554feb5, 0x450178c5, 0x3501bbfe, 
    0x7b8e9282, 0x89fe3a04, 0xa3699f58, 0x653a04c0, 0x94fe6c01, 0x08febefd, 0x89707587, 0x01000003, 0xedffd200, 0xc5058c06, 0x94002400, 0x262503b2, 
    0x00391211, 0x584500b0, 0x1b2f23b0, 0x3e1e23b1, 0x4500b059, 0x2f04b058, 0x1e04b11b, 0x00b0593e, 0x21b05845, 0x21b11b2f, 0xb0593e0e, 0xb0584500, 
    0xb11b2f1b, 0x593e0e1b, 0x041b0db2, 0xb0391211, 0x2fb22f0d, 0xb05d010d, 0x08b2d001, 0x12111b04, 0x1004b039, 0xb0010ab1, 0x21582b0a, 0x59f41bd8, 
    0xb1100db0, 0x0ab0010f, 0xd821582b, 0xb059f41b, 0x14b1101b, 0x2b0ab001, 0x1bd82158, 0x17b259f4, 0x1211041b, 0x100fb039, 0xb0d01fb0, 0x3130d020, 
    0x00102101, 0x17043233, 0x22210223, 0x15211102, 0x12141521, 0x37363233, 0x23040633, 0x35110022, 0x11231121, 0x014d0133, 0xfb310104, 0x161201e7, 
    0x9afe2e7b, 0x1302ebc6, 0xc5e4edfd, 0x7b17c4c1, 0xeaeafe17, 0xfed5fef9, 0x037b7bfc, 0x0133012c, 0x01e2fa66, 0xfed8fe73, 0xf84a65f8, 0xb9b9d0fe, 
    0x6a01f6e4, 0xfd422e01, 0x00b00539, 0xa6000100, 0x8305ecff, 0x24004e04, 0x1db2a600, 0x12112625, 0x00b00039, 0x24b05845, 0x24b11b2f, 0xb0593e1a, 
    0xb0584500, 0xb11b2f04, 0x593e1a04, 0x584500b0, 0x1b2f21b0, 0x3e0e21b1, 0x4500b059, 0x2f1cb058, 0x0e1cb11b, 0x0eb2593e, 0x1211041c, 0x2f0eb039, 
    0x7f0e6fb4, 0xb25d020e, 0x71010e4f, 0x3f0e2fb4, 0xb45d020e, 0x0e8f0e7f, 0x01b07102, 0x0408b2d0, 0x3912111c, 0xb11004b0, 0x0ab0010b, 0xd821582b, 
    0xb059f41b, 0x11b1100e, 0x2b0ab001, 0x1bd82158, 0x1cb059f4, 0x0114b110, 0x582b0ab0, 0xf41bd821, 0x1c17b259, 0x39121104, 0xb01011b0, 0x3130d01f, 
    0x12363301, 0x17163233, 0x23262623, 0x21070622, 0x16162115, 0x37363233, 0x23020e33, 0x23270222, 0x33112311, 0x0bf91e01, 0xe7b2c9f7, 0xa7087308, 
    0x0ab3977f, 0x27fed801, 0x7d9cb505, 0x057307a9, 0xd06cbd72, 0x78f807f6, 0xe8590278, 0xadd40d01, 0xbfd09c7f, 0x8dd9c966, 0x5ca36370, 0xfeef1801, 
    0x003a040d, 0x25000200, 0xc4040000, 0x0b00b005, 0x57000e00, 0x4500b000, 0x2f08b058, 0x1e08b11b, 0x00b0593e, 0x02b05845, 0x02b11b2f, 0xb0593e0e, 
    0xb0584500, 0xb11b2f06, 0x593e0e06, 0x584500b0, 0x1b2f0ab0, 0x3e0e0ab1, 0x080db259, 0x39121102, 0xb12f0db0, 0x0ab00100, 0xd821582b, 0xb059f41b, 
    0x0eb2d004, 0x12110208, 0x01313039, 0x11231123, 0x01230323, 0x01230133, 0x9a030321, 0xabe279ef, 0x77160280, 0xfd801202, 0xfefe0132, 0x26feda01, 
    0x26feda01, 0x50fab005, 0xc4024502, 0x19000200, 0x0b040000, 0x0b003a04, 0x57001000, 0x4500b000, 0x2f08b058, 0x1a08b11b, 0x00b0593e, 0x02b05845, 
    0x02b11b2f, 0xb0593e0e, 0xb0584500, 0xb11b2f06, 0x593e0e06, 0x584500b0, 0x1b2f0ab0, 0x3e0e0ab1, 0x020db259, 0x39121108, 0xb12f0db0, 0x0ab00101, 
    0xd821582b, 0xb059f41b, 0x0fb2d004, 0x12110208, 0x01313039, 0x11231123, 0x01230323, 0x01230133, 0x07270321, 0x78abfc02, 0x017c92b2, 0xc50169c4, 
    0x01c3fd7c, 0x2827987e, 0xa5fe5b01, 0xa5fe5b01, 0xc6fb3a04, 0x6801c101, 0x02008282, 0x0000e400, 0xb005d506, 0x16001300, 0xb0007d00, 0xb0584500, 
    0xb11b2f02, 0x593e1e02, 0x584500b0, 0x1b2f12b0, 0x3e1e12b1, 0x4500b059, 0x2f04b058, 0x0e04b11b, 0x00b0593e, 0x08b05845, 0x08b11b2f, 0xb0593e0e, 
    0xb0584500, 0xb11b2f0c, 0x593e0e0c, 0x584500b0, 0x1b2f10b0, 0x3e0e10b1, 0x0215b259, 0x39121104, 0xb02f15b0, 0x15b0d000, 0x0106b110, 0x582b0ab0, 
    0xf41bd821, 0xd00ab059, 0xb01006b0, 0x16b2d00e, 0x12110402, 0x01313039, 0x01330121, 0x11230323, 0x03231123, 0x11211323, 0x01331123, 0x5f010321, 
    0x4101ac01, 0x80120277, 0xe279efaa, 0xfeae80ab, 0x027b7b7b, 0xfefe0128, 0x6b034502, 0xda0150fa, 0xda0126fe, 0xdb0126fe, 0xb00525fe, 0xc40295fc, 
    0xc9000200, 0xca050000, 0x13003a04, 0x80001800, 0x4500b000, 0x2f02b058, 0x1a02b11b, 0x00b0593e, 0x12b05845, 0x12b11b2f, 0xb0593e1a, 0xb0584500, 
    0xb11b2f04, 0x593e0e04, 0x584500b0, 0x1b2f08b0, 0x3e0e08b1, 0x4500b059, 0x2f0cb058, 0x0e0cb11b, 0x00b0593e, 0x10b05845, 0x10b11b2f, 0xb2593e0e, 
    0x11121000, 0x00b03912, 0xd001b02f, 0xb0010eb1, 0x21582b0a, 0x59f41bd8, 0xb0d00bb0, 0x01b0d007, 0xd014b010, 0xb2d015b0, 0x11041217, 0x31303912, 
    0x33012101, 0x23032301, 0x23112311, 0x21132303, 0x33112311, 0x27032101, 0x01410107, 0x69090152, 0x937cc501, 0x92b278ab, 0xd9fe907c, 0xd0017878, 
    0x27987e01, 0x02c10128, 0x01c6fb79, 0x01a5fe5b, 0x01a5fe5b, 0x04a6fe5a, 0x0187fd3a, 0x00828268, 0x9d000200, 0xe8050000, 0x1d00b005, 0x78002100, 
    0x23221eb2, 0xb0391211, 0x16b0101e, 0x00b000d0, 0x06b05845, 0x06b11b2f, 0xb0593e1e, 0xb0584500, 0xb11b2f00, 0x593e0e00, 0x584500b0, 0x1b2f0db0, 
    0x3e0e0db1, 0x4500b059, 0x2f15b058, 0x0e15b11b, 0x09b2593e, 0x12110006, 0x2f09b039, 0xb0d004b0, 0x12b11009, 0x2b0ab001, 0x1bd82158, 0x18b059f4, 
    0x1009b0d0, 0xb0d01eb0, 0x20b11006, 0x2b0ab001, 0x1bd82158, 0x313059f4, 0x36361133, 0x21013333, 0x16323301, 0x11231117, 0x23272626, 0x11231107, 
    0x06222327, 0x33011107, 0x049d2101, 0xfe63e0d9, 0xfe6e0451, 0xd7e35e51, 0x8e017c03, 0x7b09a7ac, 0x92aca606, 0x11240204, 0x2ffd6001, 0xc0c08b01, 
    0x5bfda502, 0x79fec1c3, 0x88978201, 0x6dfd0f01, 0x820a9802, 0x0373fe93, 0x003c020b, 0x9e000200, 0x08050000, 0x1b003a04, 0x78001f00, 0x21201cb2, 
    0xb0391211, 0x14b0101c, 0x00b000d0, 0x05b05845, 0x05b11b2f, 0xb0593e1a, 0xb0584500, 0xb11b2f00, 0x593e0e00, 0x584500b0, 0x1b2f0bb0, 0x3e0e0bb1, 
    0x4500b059, 0x2f13b058, 0x0e13b11b, 0x07b2593e, 0x12110005, 0x2f07b039, 0xb0d004b0, 0x10b11007, 0x2b0ab001, 0x1bd82158, 0x16b059f4, 0x1007b0d0, 
    0xb0d01cb0, 0x1eb11005, 0x2b0ab001, 0x1bd82158, 0x313059f4, 0x36363533, 0x01210133, 0x15171632, 0x26263523, 0x11072327, 0x23271123, 0x15070622, 
    0x21133301, 0xddd0049e, 0x9c03bafe, 0xd3d3bafe, 0x8b027803, 0x770a4a9e, 0x8ba54a07, 0x14b60102, 0xd2fafdf9, 0xe801bfc1, 0xc4bf18fe, 0x8597cfcf, 
    0x24fe1001, 0x860ae201, 0x5202ce98, 0x02008101, 0x0000d100, 0xb0050808, 0x28002400, 0x17b29200, 0x12112a29, 0x1017b039, 0x00d028b0, 0x584500b0, 
    0x1b2f04b0, 0x3e1e04b1, 0x4500b059, 0x2f23b058, 0x1e23b11b, 0x00b0593e, 0x0bb05845, 0x0bb11b2f, 0xb0593e0e, 0xb0584500, 0xb11b2f13, 0x593e0e13, 
    0x584500b0, 0x1b2f1bb0, 0x3e0e1bb1, 0x4500b059, 0x2f21b058, 0x0e21b11b, 0x01b2593e, 0x12110b04, 0x2f01b039, 0xb0d025b0, 0x01b0d006, 0x011fb110, 
    0x582b0ab0, 0xf41bd821, 0xd017b059, 0xb0d011b0, 0x27b11004, 0x2b0ab001, 0x1bd82158, 0x313059f4, 0x33152101, 0x33012101, 0x11171632, 0x26261123, 
    0x11072327, 0x23271123, 0x11070622, 0x37361123, 0x11231121, 0x01330133, 0x034c0121, 0x51fe3061, 0x51fe6e04, 0x03d7e35e, 0xa68e027c, 0x067b09ac, 
    0x0492aca6, 0xfe69027c, 0x047b7b25, 0x60011110, 0x0c032ffd, 0xfda50201, 0xfec1c35b, 0x95860179, 0xfd0f0285, 0x0a98026d, 0x73fe9382, 0x5fc28501, 
    0xb0055afd, 0x3c025bfd, 0xa8000200, 0xcb060000, 0x21003a04, 0x98002500, 0x272625b2, 0xb0391211, 0x10b01025, 0x00b000d0, 0x1cb05845, 0x1cb11b2f, 
    0xb0593e1a, 0xb0584500, 0xb11b2f20, 0x593e1a20, 0x584500b0, 0x1b2f04b0, 0x3e0e04b1, 0x4500b059, 0x2f0cb058, 0x0e0cb11b, 0x00b0593e, 0x14b05845, 
    0x14b11b2f, 0xb0593e0e, 0xb0584500, 0xb11b2f1a, 0x593e0e1a, 0x042000b2, 0xb0391211, 0x09b12f00, 0x2b0ab001, 0x1bd82158, 0x0fb059f4, 0x1009b0d0, 
    0xb0d018b0, 0x1eb01000, 0x1000b0d0, 0xb0d022b0, 0x24b11020, 0x2b0ab001, 0x1bd82158, 0x313059f4, 0x17163201, 0x26352315, 0x07232726, 0x27112311, 
    0x07060623, 0x36352315, 0x23112137, 0x21113311, 0x33012101, 0x22052113, 0x7803d3d3, 0x4a9e8b02, 0x5a07770a, 0x7904829c, 0x5afe6302, 0xf2027878, 
    0x9c03bafe, 0xf91428fe, 0x5202fafd, 0xcfcfc4bf, 0x10018597, 0xe20124fe, 0x8f83040a, 0x5fc0cdd6, 0x3a0414fe, 0xe80118fe, 0x810118fe, 0x74000200, 
    0xce0367fe, 0x29007707, 0x99003200, 0x34332fb2, 0xb0391211, 0x24b0102f, 0x0fb000d0, 0x2f2fb02f, 0x584500b0, 0x1b2f26b0, 0x3e1e26b1, 0x4500b059, 
    0x2f08b058, 0x0e08b11b, 0x1fb2593e, 0x12110826, 0x2f1fb039, 0x011f5fb2, 0x1f2fb25d, 0x1cb15d01, 0x2b0ab001, 0x1bd82158, 0x03b259f4, 0x12111f1c, 
    0x1008b039, 0xb00115b1, 0x21582b0a, 0x59f41bd8, 0xb11026b0, 0x0ab00124, 0xd821582b, 0xb259f41b, 0x5d012f0f, 0xb0102fb0, 0x32b0d032, 0x320fb62f, 
    0x322f321f, 0x2ab25d03, 0x1211322f, 0xd02bb039, 0x302f2bb0, 0x06140131, 0x14110407, 0x06232304, 0x17161415, 0x35262607, 0x33333634, 0x34353632, 
    0x35232326, 0x34112033, 0x35212726, 0x01043221, 0x03153337, 0x33350323, 0x808bb703, 0xe9fe2201, 0x5da144eb, 0x8b662c4d, 0xb03c9290, 0x84c2cdd3, 
    0xb47f017e, 0x01b6fea6, 0x0101e03b, 0x6bac87fe, 0x6beb57ec, 0xab6f3104, 0xedfe4d2c, 0x7d03dcb7, 0x581d6438, 0x6a559b25, 0x9e89a276, 0x19016790, 
    0x6602947f, 0xc2d101cc, 0x01fbfe0c, 0x02000b06, 0x67fe5e00, 0x2e066c03, 0x31002800, 0x2db2ae00, 0x12113332, 0x102db039, 0x00d01eb0, 0xb02f18b0, 
    0x00b02f2e, 0x05b05845, 0x05b11b2f, 0xb0593e1a, 0xb0584500, 0xb11b2f12, 0x593e0e12, 0xb11005b0, 0x0ab00103, 0xd821582b, 0xb259f41b, 0x11180527, 
    0x27b03912, 0x272fb42f, 0x5d02273f, 0xaf279fb4, 0xb25d0227, 0x7101274f, 0x7f276fb4, 0xb25d0227, 0x7101278f, 0x01279fb2, 0x0124b172, 0x582b0ab0, 
    0xf41bd821, 0x240cb259, 0x39121127, 0xb11012b0, 0x0ab0011d, 0xd821582b, 0xb059f41b, 0x31b0102e, 0x2f31b0d0, 0x1f310fb6, 0x03312f31, 0x2e29b25d, 
    0x39121131, 0xb0d02ab0, 0x31302f2a, 0x27263401, 0x32213521, 0x06141516, 0x14151607, 0x06232306, 0x17161415, 0x35262607, 0x36203634, 0x26343536, 
    0x33352323, 0x33370120, 0x03230315, 0xdd023335, 0xd8fe8e9c, 0xe4c81f01, 0xf8e7656c, 0x5b9f32d3, 0x87692d50, 0x961f0191, 0x84abb150, 0xfe480181, 
    0xec6bace8, 0x036beb57, 0x0161541d, 0x4e859c67, 0xbc3c247f, 0x7c04ac8c, 0x581e6437, 0x6a559927, 0x3f5d3476, 0x03675d68, 0xfe0cc214, 0x0b0701fa, 
    0x76000300, 0xe404ecff, 0x1100c405, 0x23001a00, 0x04b29200, 0x12112524, 0x1004b039, 0xb0d017b0, 0x20b01004, 0x00b000d0, 0x0db05845, 0x0db11b2f, 
    0xb0593e1e, 0xb0584500, 0xb11b2f04, 0x593e0e04, 0x040d13b2, 0xb0391211, 0x5fb22f13, 0xb45d0113, 0x13bf13af, 0x4fb45d02, 0x02135f13, 0x13dfb471, 
    0x5d0213ef, 0x01138fb2, 0x132fb25d, 0x7fb45d01, 0x02138f13, 0x100db071, 0xb00117b1, 0x21582b0a, 0x59f41bd8, 0xb11013b0, 0x0ab0011b, 0xd821582b, 
    0xb059f41b, 0x20b11004, 0x2b0ab001, 0x1bd82158, 0x313059f4, 0x04021401, 0x02242223, 0x12343527, 0x04323324, 0x21051712, 0x23021035, 0x05110222, 
    0x12101521, 0x11123233, 0xfe8be404, 0xfea6a9fe, 0x8d018efd, 0xa8a70201, 0x038c0101, 0x79030dfc, 0xf1cad0ee, 0x87fc7903, 0xecd0ceef, 0xfec98902, 
    0x01a4a4d0, 0xc7a3c52d, 0xa2a53301, 0x31c3d8fe, 0x01070121, 0xfed5fe2a, 0xfe1781f4, 0x01d1fefd, 0x000b012a, 0x59000300, 0x1f04ecff, 0x0f004e04, 
    0x1c001500, 0x0cb29100, 0x12111e1d, 0x100cb039, 0xb0d014b0, 0x16b0100c, 0x00b000d0, 0x04b05845, 0x04b11b2f, 0xb0593e1a, 0xb0584500, 0xb11b2f0c, 
    0x593e0e0c, 0x040c19b2, 0xb0391211, 0x6fb42f19, 0x02197f19, 0x194fb25d, 0xbfb27101, 0xb4710119, 0x198f197f, 0x9fb47102, 0x0219af19, 0x192fb45d, 
    0x5d02193f, 0xff19efb4, 0xb1710219, 0x0ab00111, 0xd821582b, 0xb059f41b, 0x13b1100c, 0x2b0ab001, 0x1bd82158, 0x04b059f4, 0x0116b110, 0x582b0ab0, 
    0xf41bd821, 0x13313059, 0x33363634, 0x15150032, 0x23060614, 0x05350022, 0x20161621, 0x06220136, 0x26262107, 0x8cdd7959, 0x7a0d01d7, 0xfed98cdc, 
    0xfd4d03f5, 0x01c5092b, 0x9efec23c, 0x0209c79a, 0x02c70bd5, 0x8bfa9c2d, 0x18fad0fe, 0x0188fc9c, 0xb729f930, 0xaf02e8e4, 0xe3b4b2e5, 0x1c000100, 
    0xd0040000, 0x1000c305, 0x0db24700, 0x12111211, 0x00b00039, 0x06b05845, 0x06b11b2f, 0xb0593e1e, 0xb0584500, 0xb11b2f10, 0x593e1e10, 0x584500b0, 
    0x1b2f0db0, 0x3e0e0db1, 0x0601b259, 0x3912110d, 0xb11006b0, 0x0ab00108, 0xd821582b, 0x3059f41b, 0x37172531, 0x37363601, 0x07220733, 0x23010706, 
    0x21023301, 0x32011f1f, 0x206b882c, 0x501c3201, 0x7578fe2f, 0xff8617fe, 0xb9036d6d, 0x6c017d8d, 0xfb8c1d0a, 0x00b0055c, 0x2c000100, 0x01040000, 
    0x11004d04, 0x02b24700, 0x12111312, 0x00b00039, 0x06b05845, 0x06b11b2f, 0xb0593e1a, 0xb0584500, 0xb11b2f10, 0x593e1a10, 0x584500b0, 0x1b2f0eb0, 
    0x3e0e0eb1, 0x0601b259, 0x3912110e, 0xb11006b0, 0x0ab0010b, 0xd821582b, 0x3059f41b, 0x37170131, 0x33363613, 0x26071732, 0x01072223, 0x01330123, 
    0xc52926b2, 0x3d4d6b24, 0x22181122, 0xcefe2953, 0x7c84fe60, 0x89890f01, 0x616b7202, 0x710c5f16, 0x3a048dfc, 0x76000200, 0xe40472ff, 0x15003906, 
    0x57002900, 0x2b2a04b2, 0xb0391211, 0x19b01004, 0x00b000d0, 0x0fb05845, 0x0fb11b2f, 0xb0593e1e, 0xb0584500, 0xb11b2f07, 0x593e0e07, 0xb0d004b0, 
    0x12b0100f, 0x100fb0d0, 0xb0011cb1, 0x21582b0a, 0x59f41bd8, 0xb0d019b0, 0x23b11007, 0x2b0ab001, 0x1bd82158, 0x26b059f4, 0x013130d0, 0x07060214, 
    0x26352315, 0x34351100, 0x35373612, 0x00161533, 0x02342711, 0x35231527, 0x15070206, 0x35171214, 0x12361533, 0x7ce40435, 0xe77896e5, 0xe97ee8fe, 
    0x01e77898, 0xb4c97a10, 0x03cdb478, 0xb478b5cf, 0xbb8902c9, 0x0eaad9fe, 0x01147d7d, 0x95260167, 0xab2801bc, 0x1879780d, 0xdcfe9afe, 0x2701ee09, 
    0x16767518, 0xaaeadefe, 0x14d7fef2, 0x01167575, 0x0200f428, 0x7cff5900, 0xbb041f04, 0x27001300, 0x03b25a00, 0x12112928, 0x1003b039, 0x00d01db0, 
    0x584500b0, 0x1b2f03b0, 0x3e1a03b1, 0x4500b059, 0x2f10b058, 0x0e10b11b, 0x03b0593e, 0xd006b010, 0xb01010b0, 0x10b0d00d, 0x0125b110, 0x582b0ab0, 
    0xf41bd821, 0xd014b059, 0xb11003b0, 0x0ab0011e, 0xd821582b, 0xb059f41b, 0x3130d01b, 0x37123413, 0x16153335, 0x14151512, 0x23150702, 0x35022635, 
    0x35363601, 0x27263435, 0x06352315, 0x14151506, 0x33351716, 0x77bee859, 0xbfeae7c2, 0x02e8be77, 0xa5a58c1d, 0xa689778c, 0x027788a7, 0x2a01dd2d, 
    0x16717116, 0x1ae5d7fe, 0x14d6fedf, 0x01167473, 0x43fee527, 0x1ab4f317, 0x7917f6a9, 0xb1f61679, 0x16f0b01a, 0x03000075, 0xebffaa00, 0x32076c06, 
    0x3c002c00, 0xb0004500, 0x47460ab2, 0xb0391211, 0x32b0100a, 0x100ab0d0, 0x00d03fb0, 0x584500b0, 0x1b2f14b0, 0x3e1e14b1, 0x4500b059, 0x2f0db058, 
    0x0e0db11b, 0x14b0593e, 0xd000b010, 0xb0100db0, 0x0ab2d007, 0x1211140d, 0x1014b039, 0xb00115b1, 0x21582b0a, 0x59f41bd8, 0xb1100db0, 0x0ab0011c, 
    0xd821582b, 0xb259f41b, 0x110d1420, 0x25b03912, 0x1015b0d0, 0xb0d02cb0, 0x34b01014, 0x2f34b0d0, 0xb0d02eb0, 0x2db12f2e, 0x2b0ab002, 0x1bd82158, 
    0x2eb059f4, 0xd032b010, 0xb12f32b0, 0x0ab00239, 0xd821582b, 0xb059f41b, 0x40b01034, 0x2f40b0d0, 0xb0d045b0, 0x31302f45, 0x17163201, 0x23061411, 
    0x06272622, 0x26222306, 0x36341135, 0x06221533, 0x16141107, 0x37363233, 0x16113311, 0x36323316, 0x26341135, 0x23151323, 0x22232622, 0x36352315, 
    0x16323336, 0x37360117, 0x06153335, 0xe5040706, 0xd301d2b4, 0x30b476b4, 0xb575b430, 0x7ab6d2d3, 0x7b910191, 0x7c019783, 0x7c849701, 0x707c8f8f, 
    0x43fd871e, 0x82015c95, 0x70fc596a, 0x034408fe, 0x324c0169, 0xd2eeae05, 0xeed5c0fd, 0x676a6a67, 0x3b02d7ee, 0xb768f0d3, 0xa2bffda0, 0x0194b2b9, 
    0x9426feda, 0x02a0bbb2, 0x01bba03d, 0xa59d544a, 0xa0756821, 0x3ed3fe02, 0x33696b47, 0x03001a68, 0xebff8d00, 0xed05d305, 0x3f002c00, 0xb3004800, 
    0x4a490ab2, 0xb0391211, 0x33b0100a, 0x100ab0d0, 0x00d047b0, 0x584500b0, 0x1b2f14b0, 0x3e1a14b1, 0x4500b059, 0x2f0db058, 0x0e0db11b, 0x14b0593e, 
    0xd000b010, 0xb0100db0, 0x07b0d007, 0x0d0ab22f, 0x39121114, 0xb11014b0, 0x0ab00115, 0xd821582b, 0xb059f41b, 0x1cb1100d, 0x2b0ab001, 0x1bd82158, 
    0x20b259f4, 0x12110d14, 0xd025b039, 0xb01015b0, 0x14b0d02c, 0xd036b010, 0xb02f36b0, 0x2eb0d02e, 0x012db12f, 0x582b0ab0, 0xf41bd821, 0x102eb059, 
    0xb0d034b0, 0x3bb12f34, 0x2b0ab002, 0x1bd82158, 0x36b059f4, 0xd043b010, 0xb02f43b0, 0x48b0d048, 0x0131302f, 0x11171632, 0x22230614, 0x06062726, 
    0x27262223, 0x33363411, 0x07062215, 0x33161411, 0x35353632, 0x16161533, 0x37363233, 0x23263411, 0x22231513, 0x23262627, 0x35231522, 0x32333634, 
    0x3601021e, 0x15333537, 0x04070614, 0x01c0a66c, 0xa56ba7c0, 0x6aa52c2d, 0xc001c0a6, 0x01826da7, 0x8b756e82, 0x738c0277, 0x8203816b, 0x881e966d, 
    0x2752477f, 0x6a835b96, 0x758f5d2f, 0x034333fe, 0x04304f6a, 0xfec5dd46, 0x5ddfc6ec, 0xdd5d6161, 0xc61401c5, 0x92a965df, 0xab95eafe, 0xfbf38ca3, 
    0x8fa59e89, 0xab951d01, 0x4f556a01, 0x1ca4222c, 0x5922766c, 0x3dc7fe27, 0x35666c47, 0x0200196a, 0xecffaa00, 0xf2066f06, 0x28002000, 0x07b28b00, 
    0x12112a29, 0x1007b039, 0x00d025b0, 0x584500b0, 0x1b2f00b0, 0x3e1e00b1, 0x4500b059, 0x2f0eb058, 0x1e0eb11b, 0x00b0593e, 0x17b05845, 0x17b11b2f, 
    0xb0593e1e, 0xb0584500, 0xb11b2f04, 0x593e0e04, 0x584500b0, 0x1b2f0ab0, 0x3e0e0ab1, 0x0007b259, 0x39121104, 0xb00113b1, 0x21582b0a, 0x59f41bd8, 
    0xb0d01cb0, 0x27b01017, 0x2f27b0d0, 0xb0d028b0, 0x22b12f28, 0x2b0ab004, 0x1bd82158, 0x28b059f4, 0xd025b010, 0x302f25b0, 0x06110131, 0x26222306, 
    0x23060627, 0x11272622, 0x16161133, 0x37363233, 0x16113311, 0x36323316, 0x35251137, 0x15211721, 0x6f063523, 0x73bad401, 0xb4302eb3, 0x03d1b476, 
    0x7a91017c, 0x7f019783, 0x7e809301, 0x22fc0195, 0xfe02f302, 0xb0056fb4, 0xe4caeafb, 0x686a6a68, 0x1e04c7df, 0xaf97e9fb, 0x160495b2, 0xb295eafb, 
    0x160496b1, 0x715252f0, 0x02000071, 0xebff9d00, 0xb005e305, 0x29002100, 0x07b28b00, 0x12112b2a, 0x1007b039, 0x00d026b0, 0x584500b0, 0x1b2f00b0, 
    0x3e1a00b1, 0x4500b059, 0x2f0eb058, 0x1a0eb11b, 0x00b0593e, 0x18b05845, 0x18b11b2f, 0xb0593e1a, 0xb0584500, 0xb11b2f04, 0x593e0e04, 0x584500b0, 
    0x1b2f0ab0, 0x3e0e0ab1, 0x1807b259, 0x39121104, 0xb00114b1, 0x21582b0a, 0x59f41bd8, 0xb0d01db0, 0x27b01018, 0x2f27b0d0, 0xb0d022b0, 0x23b12f22, 
    0x2b0ab004, 0x1bd82158, 0x22b059f4, 0xd025b010, 0x30d026b0, 0x06110131, 0x26222306, 0x23060627, 0x11272622, 0x17161133, 0x36323316, 0x11331135, 
    0x32331614, 0x01113736, 0x21172137, 0x05352315, 0xa9c402e3, 0x2d2ba268, 0xc1a46aa4, 0x4c017702, 0x8b756340, 0x6f728678, 0x5dfc0286, 0x03f30202, 
    0x0470b3fe, 0xb93dfd3a, 0x60605dd3, 0x02bbd05d, 0x9842fdc4, 0x8ca34351, 0x45fdbb02, 0x8a9da28d, 0x2501c302, 0x83835151, 0x82000100, 0xac0493fe, 
    0x1900c505, 0x01b25600, 0x12111b1a, 0x00b00039, 0x0ab05845, 0x0ab11b2f, 0xb0593e1e, 0xb0584500, 0xb11b2f00, 0x593e1600, 0x584500b0, 0x1b2f02b0, 
    0x3e0e02b1, 0x020eb259, 0x3912110a, 0xb1100ab0, 0x0ab00111, 0xd821582b, 0xb059f41b, 0x18b11002, 0x2b0ab001, 0x1bd82158, 0x313059f4, 0x26112301, 
    0x34351100, 0x32333612, 0x26231704, 0x02222326, 0x12141515, 0xf0023333, 0xf0fee37b, 0xe9a1fe8a, 0x7c081001, 0xc0b6c30c, 0x4cc1e5ed, 0x5a0193fe, 
    0x01720112, 0x01bf9b22, 0xe0fca830, 0xc9fec2b1, 0xfefb9dfc, 0x010000c2, 0x92fe6f00, 0x4e04d303, 0x56001900, 0x1b1a01b2, 0x00391211, 0x584500b0, 
    0x1b2f0ab0, 0x3e1a0ab1, 0x4500b059, 0x2f00b058, 0x1600b11b, 0x00b0593e, 0x02b05845, 0x02b11b2f, 0xb2593e0e, 0x110a020e, 0x0ab03912, 0x0111b110, 
    0x582b0ab0, 0xf41bd821, 0x1002b059, 0xb00319b1, 0x21582b0a, 0x59f41bd8, 0x23013130, 0x35022611, 0x36363435, 0x15163233, 0x23263423, 0x15150622, 
    0x33171614, 0xbe778702, 0x88d373e3, 0xa273e4b2, 0xb3ba9c81, 0x92fe539a, 0x01115c01, 0x9b23e927, 0xaad989f8, 0xcef1a17c, 0x04f2c221, 0x88000100, 
    0x79040000, 0x13003e05, 0xb0001300, 0x00b02f0e, 0x04b05845, 0x04b11b2f, 0x30593e0e, 0x07050131, 0x13230325, 0x13053725, 0x13053725, 0x07050333, 
    0x01410225, 0xddfe3621, 0xfee187ba, 0x250135df, 0x37defedc, 0x84cb2301, 0x3a2501f1, 0xb001e0fe, 0xfeaa5fac, 0xab8e01b1, 0x8a01ab5e, 0x01ab60ab, 
    0xab5afe68, 0x0100aa5e, 0xc004a3fc, 0xf6050fff, 0x12000700, 0x2f00b000, 0xb00603b1, 0x21582b0a, 0x59f41bd8, 0x15013130, 0x35213523, 0x13fd1533, 
    0x6efe0170, 0xca7b3b05, 0x0100bb6c, 0x17057ffc, 0x150656ff, 0x2d001100, 0x2f0cb000, 0xb0d005b0, 0x07b02f05, 0x2f07b0d0, 0xb00200b1, 0x21582b0a, 
    0x59f41bd8, 0xb1100cb0, 0x0ab0020d, 0xd821582b, 0x3059f41b, 0x16320131, 0x34231515, 0x020e2223, 0x36333523, 0x69fe3736, 0x955c836a, 0x7f8a5027, 
    0xf46a2a66, 0x76150649, 0x21a41c6c, 0x03552755, 0x01000698, 0x2e0574fd, 0x61063cfe, 0x0c000500, 0x2f01b000, 0xb0d005b0, 0x31302f05, 0x15333501, 
    0x74fd0717, 0x05393e8a, 0x798c85dc, 0x0100002e, 0x2e05a7fd, 0x61066ffe, 0x0c000500, 0x2f03b000, 0xb0d000b0, 0x31302f00, 0x27372701, 0xe0fd1533, 
    0x8b013e39, 0x792e2e05, 0x0800858c, 0xc4fe20fa, 0xaf05bb01, 0x1a000c00, 0x35002700, 0x4f004200, 0x6a005c00, 0xb0007f00, 0x53b02f45, 0x2f60b02f, 
    0xb02f38b0, 0xb0584500, 0xb11b2f02, 0x593e1e02, 0xb00409b1, 0x21582b0a, 0x59f41bd8, 0xb01045b0, 0x45b0d00f, 0x044cb110, 0x582b0ab0, 0xf41bd821, 
    0xd017b059, 0xb01053b0, 0x53b0d01e, 0x0459b110, 0x582b0ab0, 0xf41bd821, 0xd025b059, 0xb01060b0, 0x60b0d02b, 0x0467b110, 0x582b0ab0, 0xf41bd821, 
    0xd032b059, 0xb11038b0, 0x0ab0043f, 0xd821582b, 0x3059f41b, 0x36340131, 0x23151632, 0x22232634, 0x34011506, 0x16323336, 0x26342315, 0x15062223, 
    0x33363413, 0x23151632, 0x06222634, 0x36340115, 0x15163233, 0x23263423, 0x01150622, 0x16323634, 0x26342315, 0x15062223, 0x32363401, 0x34231516, 
    0x06222326, 0x36340115, 0x15163233, 0x22263423, 0x34131506, 0x16323336, 0x26342315, 0x15062223, 0xbe730dfd, 0x30337074, 0xde01332e, 0x755f5d74, 
    0x2c2e3571, 0x5d754833, 0x3570745f, 0xcbfe335c, 0x745f5d74, 0x2d2e3570, 0x734ffd33, 0x337074be, 0xfd332e30, 0x74be744d, 0x2e303370, 0x75defe33, 
    0x70745f5d, 0x35335c35, 0x755f5d75, 0x2d2e3571, 0x54f30433, 0x2e546868, 0xfe303537, 0x676854eb, 0x35343155, 0x5509fe30, 0x31546867, 0xfd2e3734, 
    0x686854f9, 0x37343154, 0x54e4fe2e, 0x2e546868, 0x052e3737, 0x6868541a, 0x35372e54, 0x5509fe30, 0x31546867, 0xfd2e3734, 0x676755f9, 0x35343155, 
    0x08000030, 0x63fe28fa, 0xc6056701, 0x09000400, 0x13000e00, 0x1d001800, 0x27002200, 0xb0002500, 0x1db02f04, 0x2f23b02f, 0xb02f21b0, 0x12b02f16, 
    0x2f0bb02f, 0x584500b0, 0x1b2f07b0, 0x3e1e07b1, 0x05313059, 0x13230317, 0x33132703, 0x05370103, 0x07052515, 0x01053525, 0x05172537, 0x27050701, 
    0x03270325, 0x17011337, 0xfe030713, 0x607a0b2b, 0x7a0c3a46, 0x1d024660, 0xfe4d010d, 0x0d75fba6, 0x5a01b3fe, 0x01029c03, 0xdbfe4440, 0xfe02f3fc, 
    0x260145c0, 0x4194112b, 0x116003c6, 0x3cc44294, 0x01adfe0e, 0x0ea20461, 0xa0fe5201, 0x7c0c11fe, 0x0c3b4762, 0x0147627c, 0x449910ae, 0x118efcc8, 
    0x02c84599, 0x460102e4, 0xfcd5fe45, 0xbbfe02e3, 0x002b0147, 0xbc00ffff, 0x6405c3fe, 0x26001507, 0x0000dc00, 0xa1002700, 0x43013301, 0x10000701, 
    0xd3ff5504, 0xb0001300, 0xb0584500, 0xb11b2f00, 0x593e1e00, 0x30dc0db0, 0xffff0031, 0xc3fea400, 0xbf054f04, 0xf0002600, 0x27000000, 0x9100a100, 
    0x0701edff, 0x40031000, 0x1300d3ff, 0x4500b000, 0x2f08b058, 0x1a08b11b, 0x0db0593e, 0x003130dc, 0xe3ff0200, 0xe1030000, 0x13006306, 0x80001c00, 
    0x1e1d0ab2, 0xb0391211, 0x16b0100a, 0x00b000d0, 0x0eb05845, 0x0eb11b2f, 0xb0593e1e, 0xb0584500, 0xb11b2f12, 0x593e1e12, 0x584500b0, 0x1b2f0ab0, 
    0x3e0e0ab1, 0x1012b059, 0xb00100b1, 0x21582b0a, 0x59f41bd8, 0x0a0e02b2, 0xb0391211, 0x00b02f02, 0xd00cb010, 0xb0d00db0, 0x11b01012, 0x2f11b0d0, 
    0xb11002b0, 0x0ab00114, 0xd821582b, 0xb059f41b, 0x15b1100a, 0x2b0ab001, 0x1bd82158, 0x313059f4, 0x21112101, 0x15161632, 0x21230614, 0x33352311, 
    0x21153335, 0x32211101, 0x26343536, 0xfe650227, 0x783701bb, 0xb5d85eb4, 0xc5c554fe, 0xfe450178, 0x823501bb, 0x057b8e92, 0x5879fd4a, 0xc0a3699f, 
    0xb3664a05, 0xfeadfcb3, 0x70758708, 0x02000389, 0x0000b400, 0xb0058f04, 0x1b000e00, 0x04b24f00, 0x12111d1c, 0x1004b039, 0x00d017b0, 0x584500b0, 
    0x1b2f03b0, 0x3e1e03b1, 0x4500b059, 0x2f01b058, 0x0e01b11b, 0x16b2593e, 0x12110103, 0x2f16b039, 0xb00100b1, 0x21582b0a, 0x59f41bd8, 0xb11003b0, 
    0x0ab00114, 0xd821582b, 0x3059f41b, 0x23110131, 0x04322111, 0x17071415, 0x23062707, 0x34353625, 0x11212726, 0x27373221, 0x7c300137, 0x01e3f001, 
    0x4b7f8408, 0x01a0708b, 0xacbb5718, 0x740184fe, 0x4c774f74, 0xaffd5102, 0xcbe8b005, 0x448f70d1, 0x55c4349c, 0x02b39791, 0x872372fd, 0x02000044, 
    0x60fe9b00, 0x4e040204, 0x25001300, 0x17b27000, 0x12112726, 0x1017b039, 0x00d010b0, 0x584500b0, 0x1b2f10b0, 0x3e1a10b1, 0x4500b059, 0x2f0db058, 
    0x1a0db11b, 0x00b0593e, 0x0ab05845, 0x0ab11b2f, 0xb0593e10, 0xb0584500, 0xb11b2f07, 0x593e0e07, 0x071009b2, 0xb2391211, 0x1107100e, 0x10b03912, 
    0x0117b110, 0x582b0ab0, 0xf41bd821, 0x1007b059, 0xb0011eb1, 0x21582b0a, 0x59f41bd8, 0x10013130, 0x27071707, 0x27222306, 0x33112311, 0x32333617, 
    0x34271112, 0x06222326, 0x16161107, 0x27373233, 0x35361737, 0x6e7e0204, 0x765d6c4d, 0x6f7776de, 0xc2de7506, 0x98aa78dd, 0x2b2a9e6e, 0x47606da0, 
    0x52674e6e, 0xf3fe1202, 0x85438796, 0xd8fd9c3e, 0xad99da05, 0xfbfedafe, 0x6af0cf04, 0x5df9fd65, 0x43883262, 0x00d27780, 0xb1000100, 0x21040000, 
    0x09001207, 0x03b23300, 0x12110b0a, 0x00b00039, 0x06b05845, 0x06b11b2f, 0xb0593e1e, 0xb0584500, 0xb11b2f04, 0x593e0e04, 0xb11006b0, 0x0ab00102, 
    0xd821582b, 0x3059f41b, 0x15230131, 0x11231121, 0x04331121, 0x0dfd0221, 0x78f8027b, 0xfa024905, 0x01b005b9, 0x01000062, 0x00009e00, 0x93053d03, 
    0x2c000700, 0x4500b000, 0x2f04b058, 0x1a04b11b, 0x00b0593e, 0x02b05845, 0x02b11b2f, 0xb0593e0e, 0x00b11004, 0x2b0ab001, 0x1bd82158, 0x313059f4, 
    0x23112101, 0x33112111, 0xd9fd3d03, 0x78270278, 0x2dfcd303, 0x59013a04, 0xb9000100, 0x4904e4fe, 0x1600b005, 0x0bb25e00, 0x12111817, 0x0ab00039, 
    0x4500b02f, 0x2f15b058, 0x1e15b11b, 0x00b0593e, 0x13b05845, 0x13b11b2f, 0xb0593e0e, 0x00b11015, 0x2b0ab001, 0x1bd82158, 0x03b259f4, 0x12111315, 
    0x2f03b039, 0xb1100ab0, 0x0ab0010b, 0xd821582b, 0xb059f41b, 0x11b11003, 0x2b0ab001, 0x1bd82158, 0x313059f4, 0x33112101, 0x14110020, 0x27230606, 
    0x34353632, 0x11232326, 0x04211123, 0xce0dfd27, 0x2b011c01, 0x018cce6f, 0xe0eeb49e, 0x6e037bcf, 0xf4fd4705, 0xeffed6fe, 0x6288f99b, 0xeee3caf0, 
    0xb0052ffd, 0x9e000100, 0xaa03f4fe, 0x16003a04, 0x0bb25e00, 0x12111817, 0x0ab00039, 0x4500b02f, 0x2f15b058, 0x1a15b11b, 0x00b0593e, 0x13b05845, 
    0x13b11b2f, 0xb0593e0e, 0x00b11015, 0x2b0ab001, 0x1bd82158, 0x03b259f4, 0x12111315, 0x2f03b039, 0xb1100ab0, 0x0ab0010b, 0xd821582b, 0xb059f41b, 
    0x11b11003, 0x2b0ab001, 0x1bd82158, 0x313059f4, 0x33112101, 0x14150432, 0x27070606, 0x36373636, 0x11232326, 0x03211123, 0x89dcfd3a, 0x641001fb, 
    0x8a206ba8, 0xd3020392, 0x02788bc0, 0xfed3039c, 0x66d9f39e, 0x5c1376c2, 0xa989ad1f, 0x04f9fdb9, 0xffff003a, 0x9dfe1700, 0xb0052107, 0xda002600, 
    0x07000000, 0x1b065102, 0xffff0000, 0x9dfe1800, 0x3a041b06, 0xee002600, 0x07000000, 0x15055102, 0xffff0000, 0x8bfebd00, 0xb0050b05, 0x2c022600, 
    0x07000000, 0x05045102, 0xffffeeff, 0x9dfea300, 0x3a043404, 0xf1002600, 0x07000000, 0x2e035102, 0x01000000, 0x0000b300, 0xb005d404, 0x6e001400, 
    0x4500b000, 0x2f00b058, 0x1e00b11b, 0x00b0593e, 0x0cb05845, 0x0cb11b2f, 0xb0593e1e, 0xb0584500, 0xb11b2f02, 0x593e0e02, 0x584500b0, 0x1b2f0ab0, 
    0x3e0e0ab1, 0x0a0fb259, 0x3912110c, 0xb22f0fb0, 0x5d010f5f, 0x010f2fb2, 0x0f4fb45d, 0x71020f5f, 0xb00108b1, 0x21582b0a, 0x59f41bd8, 0x0f0801b2, 
    0xb0391211, 0x0fb0d005, 0xd012b010, 0x02093130, 0x11230123, 0x11231123, 0x11331123, 0x11331133, 0x97040133, 0xee014ffe, 0x5c49fe9c, 0x7c7c9066, 
    0x01616690, 0xfdb0057d, 0x0210fd40, 0x01e3feb0, 0x0550fd1d, 0x016afdb0, 0x02e6fe1a, 0x01000096, 0x0000a200, 0x3a043f04, 0x7c001400, 0x4500b000, 
    0x2f0db058, 0x1a0db11b, 0x00b0593e, 0x14b05845, 0x14b11b2f, 0xb0593e1a, 0xb0584500, 0xb11b2f0a, 0x593e0e0a, 0x584500b0, 0x1b2f03b0, 0x3e0e03b1, 
    0x0a0eb259, 0x3912110d, 0xb42f0eb0, 0x0e7f0e6f, 0x7fb45d02, 0x020e8f0e, 0x0e4fb271, 0x2fb47101, 0x020e3f0e, 0x0e9fb25d, 0x09b17201, 0x2b0ab001, 
    0x1bd82158, 0x01b259f4, 0x12110e09, 0xd005b039, 0xb0100eb0, 0x3130d012, 0x01230209, 0x35231523, 0x11231123, 0x35331133, 0x01331533, 0xa6fe0d04, 
    0xfe9e8c01, 0x88664bb3, 0x66887979, 0x0421014c, 0xfdf6fd3a, 0xeef001d0, 0x0410feee, 0xf120fe3a, 0x00e001f1, 0x51000100, 0x70060000, 0x0e00b005, 
    0xb0007400, 0xb0584500, 0xb11b2f06, 0x593e1e06, 0x584500b0, 0x1b2f0ab0, 0x3e1e0ab1, 0x4500b059, 0x2f02b058, 0x0e02b11b, 0x00b0593e, 0x0db05845, 
    0x0db11b2f, 0xb2593e0e, 0x11020608, 0x08b03912, 0x085fb22f, 0x2fb25d01, 0xb45d0108, 0x085f084f, 0x01b17102, 0x2b0ab001, 0x1bd82158, 0x06b059f4, 
    0x0104b110, 0x582b0ab0, 0xf41bd821, 0x010cb259, 0x39121108, 0x23013130, 0x21112311, 0x33112135, 0x01013301, 0xc87c0323, 0x0218fe7b, 0x3302c263, 
    0x02aafd9b, 0xab029982, 0x4a0555fd, 0x0264fd66, 0xfd34fd9c, 0x0100001c, 0x00003300, 0x3a043505, 0x82000e00, 0x4500b000, 0x2f06b058, 0x1a06b11b, 
    0x00b0593e, 0x0ab05845, 0x0ab11b2f, 0xb0593e1a, 0xb0584500, 0xb11b2f02, 0x593e0e02, 0x584500b0, 0x1b2f0db0, 0x3e0e0db1, 0x0a09b259, 0x39121102, 
    0xb42f09b0, 0x097f096f, 0x7fb45d02, 0x02098f09, 0x094fb271, 0x2fb47101, 0x02093f09, 0x099fb25d, 0x00b17201, 0x2b0ab001, 0x1bd82158, 0x06b059f4, 
    0x0104b110, 0x582b0ab0, 0xf41bd821, 0x000cb259, 0x39121109, 0x23013130, 0x21112311, 0x33112135, 0x01013301, 0xa7e20223, 0x0270fe78, 0x8c01a508, 
    0x0143fe98, 0xf0019eee, 0xd30310fe, 0x0120fe67, 0xfdf4fde0, 0xffff00d2, 0x9dfeb800, 0xb0055a05, 0x2c002600, 0x07000000, 0x54045102, 0xffff0000, 
    0x9dfea400, 0x3a044604, 0xf4002600, 0x07000000, 0x40035102, 0x01000000, 0x0000b500, 0xb005bf07, 0x61000d00, 0x4500b000, 0x2f02b058, 0x1e02b11b, 
    0x00b0593e, 0x0cb05845, 0x0cb11b2f, 0xb0593e1e, 0xb0584500, 0xb11b2f06, 0x593e0e06, 0x584500b0, 0x1b2f0ab0, 0x3e0e0ab1, 0x0201b259, 0x39121106, 
    0x2f01b07c, 0x1002b018, 0xb00104b1, 0x21582b0a, 0x59f41bd8, 0xb11001b0, 0x0ab00108, 0xd821582b, 0x3059f41b, 0x11210131, 0x11211521, 0x11211123, 
    0x01331123, 0x03400331, 0x7b2dfd4e, 0x7c7cc0fc, 0x8e022203, 0x02b6fa66, 0x0546fdba, 0x010000b0, 0x00009e00, 0x3a048205, 0x7e000d00, 0x4500b000, 
    0x2f02b058, 0x1a02b11b, 0x00b0593e, 0x0cb05845, 0x0cb11b2f, 0xb0593e1a, 0xb0584500, 0xb11b2f06, 0x593e0e06, 0x584500b0, 0x1b2f0ab0, 0x3e0e0ab1, 
    0x0c01b259, 0x39121106, 0xb42f01b0, 0x017f016f, 0x7fb45d02, 0x02018f01, 0x014fb271, 0x2fb47101, 0x02013f01, 0x019fb25d, 0x02b07201, 0x0104b110, 
    0x582b0ab0, 0xf41bd821, 0x1001b059, 0xb00108b1, 0x21582b0a, 0x59f41bd8, 0x21013130, 0x21152111, 0x21112311, 0x33112311, 0x47021601, 0x53fe2502, 
    0x78b9fd78, 0x01550278, 0x2dfc67e5, 0x10fef001, 0x01003a04, 0xecfeb100, 0xb005ca07, 0x6b001800, 0x1a1912b2, 0x00391211, 0xb02f08b0, 0xb0584500, 
    0xb11b2f17, 0x593e1e17, 0x584500b0, 0x1b2f11b0, 0x3e0e11b1, 0x4500b059, 0x2f15b058, 0x0e15b11b, 0x01b2593e, 0x12111117, 0x2f01b039, 0xb11008b0, 
    0x0ab00109, 0xd821582b, 0xb059f41b, 0x0fb11001, 0x2b0ab001, 0x1bd82158, 0x17b059f4, 0x0113b110, 0x582b0ab0, 0xf41bd821, 0x01313059, 0x11002033, 
    0x23060614, 0x35363227, 0x23232634, 0x21112311, 0x21112311, 0x01a4df04, 0x6f2b011c, 0x9e018cce, 0xa5e0eeb4, 0x7bc8fc7b, 0x43032e04, 0xeffed6fe, 
    0x6288f99b, 0xeee3caf0, 0x470527fd, 0xb005b9fa, 0x9e000100, 0x8806f4fe, 0x18003a04, 0x12b26b00, 0x12111a19, 0x08b00039, 0x4500b02f, 0x2f17b058, 
    0x1a17b11b, 0x00b0593e, 0x11b05845, 0x11b11b2f, 0xb0593e0e, 0xb0584500, 0xb11b2f15, 0x593e0e15, 0x111701b2, 0xb0391211, 0x08b02f01, 0x0109b110, 
    0x582b0ab0, 0xf41bd821, 0x1001b059, 0xb0010fb1, 0x21582b0a, 0x59f41bd8, 0xb11017b0, 0x0ab00113, 0xd821582b, 0x3059f41b, 0x20330131, 0x06141504, 
    0x36270706, 0x26363536, 0x23112323, 0x23112111, 0xd6032111, 0x0100019e, 0x6ea66214, 0x02938b20, 0x78a1c2d9, 0x0378b8fd, 0xf5710238, 0x77bf67d7, 
    0xb0205c14, 0xfdb8aa85, 0xfcd303f9, 0x003a042d, 0x7b000200, 0x9905e7ff, 0x2900c505, 0x99003700, 0x39382ab2, 0xb0391211, 0x19b0102a, 0x00b000d0, 
    0x0db05845, 0x0db11b2f, 0xb0593e1e, 0xb0584500, 0xb11b2f20, 0x593e1e20, 0x584500b0, 0x1b2f00b0, 0x3e0e00b1, 0x4500b059, 0x2f04b058, 0x0e04b11b, 
    0x02b2593e, 0x12112004, 0x2f02b039, 0xb1100db0, 0x0ab0010e, 0xd821582b, 0xb059f41b, 0x16b11004, 0x2b0ab001, 0x1bd82158, 0x00b059f4, 0x0129b110, 
    0x582b0ab0, 0xf41bd821, 0x1002b059, 0xb0012db1, 0x21582b0a, 0x59f41bd8, 0xb11020b0, 0x0ab00134, 0xd821582b, 0x3059f41b, 0x27220531, 0x24222306, 
    0x34352702, 0x17333612, 0x15150222, 0x33161214, 0x02263732, 0x36343535, 0x12323336, 0x02141115, 0x01331607, 0x36171214, 0x34113512, 0x06222326, 
    0xd1990515, 0xb4ad8ea9, 0x039ceafe, 0x0382d175, 0xe07cbc93, 0x94576491, 0x73b5649b, 0x7783e0b0, 0x53fd8e79, 0x84788d9c, 0x967a7f96, 0xac424619, 
    0xdec43a01, 0x981301a7, 0xddeffe6c, 0xeffea8c7, 0x01611a95, 0x9afdb026, 0xd5fe87f7, 0xb100fff7, 0x235be5fe, 0xfeab5302, 0x014949f7, 0x0901a607, 
    0xc5ebebc0, 0x76000200, 0x8004ebff, 0x26004e04, 0x90003300, 0x353404b2, 0xb0391211, 0x27b01004, 0x00b000d0, 0x0cb05845, 0x0cb11b2f, 0xb0593e1a, 
    0xb0584500, 0xb11b2f1d, 0x593e1a1d, 0x584500b0, 0x1b2f00b0, 0x3e0e00b1, 0x4500b059, 0x2f04b058, 0x0e04b11b, 0x02b2593e, 0x12111d04, 0x2f02b039, 
    0xb1100cb0, 0x0ab0010d, 0xd821582b, 0xb059f41b, 0x14b11004, 0x2b0ab001, 0x1bd82158, 0x00b059f4, 0x0126b110, 0x582b0ab0, 0xf41bd821, 0x1002b059, 
    0xb0012ab1, 0x21582b0a, 0x59f41bd8, 0xb0100db0, 0x3130d030, 0x06272205, 0x02262223, 0x12343527, 0x06221533, 0x12141515, 0x26373233, 0x34353526, 
    0x12323336, 0x06141515, 0x01331607, 0x36171614, 0x26343511, 0x15062223, 0x8ca08004, 0xde8a8d6f, 0x97bf0179, 0xa3c7815d, 0x786d3f49, 0xab8588a6, 
    0x6f5a4d55, 0x6770f2fd, 0x55516798, 0x40370c62, 0x9f030194, 0x0c01cf52, 0x49a5d169, 0x17fcfecf, 0x6a90e84d, 0x00fff3c2, 0xd88060d2, 0xd1011c4c, 
    0x813cc783, 0x965e0101, 0x009ab5c8, 0x3700ffff, 0xc6049dfe, 0x2600b005, 0x00003c00, 0x51020700, 0x0000c003, 0x3000ffff, 0xdb039dfe, 0x26003a04, 
    0x00005c00, 0x51020700, 0x0000d502, 0x23000100, 0x6f06a1fe, 0x1300b005, 0xb0005a00, 0x00b02f11, 0x02b05845, 0x02b11b2f, 0xb0593e1e, 0xb0584500, 
    0xb11b2f0c, 0x593e1e0c, 0x584500b0, 0x1b2f13b0, 0x3e0e13b1, 0x1002b059, 0xb00101b1, 0x21582b0a, 0x59f41bd8, 0xb01002b0, 0x01b0d007, 0xd009b010, 
    0xb11013b0, 0x0ab0010a, 0xd821582b, 0xb059f41b, 0x3130d00e, 0x21352101, 0x21153335, 0x21112115, 0x33113311, 0x21112303, 0x72feb101, 0x017c8e01, 
    0x0356feaa, 0x098f7b38, 0x05bcfb71, 0x01016649, 0x051ffb66, 0xfebafa48, 0x005f0137, 0x1c000100, 0xee04bffe, 0x0f003a04, 0xb0004d00, 0x00b02f0d, 
    0x03b05845, 0x03b11b2f, 0xb0593e1a, 0xb0584500, 0xb11b2f0f, 0x593e0e0f, 0xb11003b0, 0x0ab00104, 0xd821582b, 0xb059f41b, 0x0fb0d000, 0x0106b110, 
    0x582b0ab0, 0xf41bd821, 0x1003b059, 0xb0d008b0, 0x0ab01006, 0x013130d0, 0x15213521, 0x11211121, 0x03331133, 0x01211123, 0x02d3fe49, 0x02e0fec4, 
    0x096e7848, 0x03d2fc6e, 0xfc6666d4, 0xfcd50391, 0x015afe2b, 0xffff0041, 0x9dfeac00, 0xb0050205, 0xe1002600, 0x07000000, 0xfc035102, 0xffff0000, 
    0x9dfe6e00, 0x3a040904, 0xf9002600, 0x07000000, 0x03035102, 0x01000000, 0x0000ac00, 0xb0059904, 0x52001700, 0x191804b2, 0x00391211, 0x584500b0, 
    0x1b2f00b0, 0x3e1e00b1, 0x4500b059, 0x2f0ab058, 0x1e0ab11b, 0x00b0593e, 0x0cb05845, 0x0cb11b2f, 0xb2593e0e, 0x110c0004, 0xb07c3912, 0xb0182f04, 
    0x04b0d007, 0x0113b110, 0x582b0ab0, 0xf41bd821, 0xd010b059, 0x11013130, 0x11171616, 0x37361133, 0x23113311, 0x15070611, 0x26263523, 0x28011127, 
    0x66b4a903, 0x7c7ca08f, 0xf0668aa5, 0xb00503e9, 0x9eaa60fe, 0xfe550102, 0x022d09ae, 0x0250fab1, 0xf8082e96, 0xdbd702f5, 0x01009f01, 0x00009700, 
    0x3a04c703, 0x52001700, 0x191806b2, 0x00391211, 0x584500b0, 0x1b2f0bb0, 0x3e1a0bb1, 0x4500b059, 0x2f16b058, 0x1a16b11b, 0x00b0593e, 0x00b05845, 
    0x00b11b2f, 0xb2593e0e, 0x11001610, 0xb07c3912, 0xb1182f10, 0x0ab00107, 0xd821582b, 0xb059f41b, 0x10b0d004, 0xd013b010, 0x23213130, 0x15070611, 
    0x26263523, 0x11331135, 0x11171616, 0x37361133, 0xc7033311, 0x67666678, 0x0178b9cc, 0x6f67917b, 0xc701785d, 0xa5a90d25, 0x01cdc206, 0x98e7fe14, 
    0x2501048d, 0x210ee0fe, 0x01000e02, 0x0000a600, 0xb0059204, 0x47001100, 0x131205b2, 0x00391211, 0x584500b0, 0x1b2f01b0, 0x3e1e01b1, 0x4500b059, 
    0x2f00b058, 0x0e00b11b, 0x00b0593e, 0x09b05845, 0x09b11b2f, 0xb2593e0e, 0x11000105, 0x05b03912, 0x010eb12f, 0x582b0ab0, 0xf41bd821, 0x33313059, 
    0x36113311, 0x17163233, 0x26112311, 0x07222326, 0xcd7ba611, 0x03ecf7be, 0xbfab017b, 0xb005cbc0, 0xd63969fd, 0x0162fede, 0x39a4ae97, 0x020050fd, 
    0xebff2400, 0xc3059005, 0x26001d00, 0x0fb26e00, 0x12112827, 0x100fb039, 0x00d024b0, 0x584500b0, 0x1b2f10b0, 0x3e1e10b1, 0x4500b059, 0x2f00b058, 
    0x0e00b11b, 0x1fb2593e, 0x12110010, 0x2f1fb039, 0xb00114b1, 0x21582b0a, 0x59f41bd8, 0xb0d004b0, 0x0bb0101f, 0x1000b0d0, 0xb00119b1, 0x21582b0a, 
    0x59f41bd8, 0x00101bb2, 0xb0391211, 0x23b11010, 0x2b0ab001, 0x1bd82158, 0x313059f4, 0x11002005, 0x35262635, 0x17161433, 0x36123435, 0x11003233, 
    0x14152115, 0x37323312, 0x21010617, 0x23023435, 0x03150222, 0xfeecfeaf, 0x689e97be, 0xf98d6964, 0x1e01fe95, 0xe2f845fc, 0x9b26a4e3, 0x400314fd, 
    0xe5bac1e0, 0x01430115, 0xb210911e, 0x0f816796, 0x1b01ac21, 0xfeaafe9d, 0xe99665d2, 0x5c77f8fe, 0x2b4f0383, 0xfe0b01e8, 0x0200e8e4, 0xecfff6ff, 
    0x4e045304, 0x24001c00, 0x01b26e00, 0x12112625, 0x1001b039, 0x00d01eb0, 0x584500b0, 0x1b2f0eb0, 0x3e1a0eb1, 0x4500b059, 0x2f00b058, 0x0e00b11b, 
    0x21b2593e, 0x1211000e, 0x2f21b039, 0xb00112b1, 0x21582b0a, 0x59f41bd8, 0xb0d005b0, 0x0bb01021, 0x1000b0d0, 0xb00117b1, 0x21582b0a, 0x59f41bd8, 
    0x000e1ab2, 0xb0391211, 0x1db1100e, 0x2b0ab001, 0x1bd82158, 0x313059f4, 0x26262205, 0x26263535, 0x17143335, 0x32332436, 0x21151512, 0x33161415, 
    0x17373632, 0x06220106, 0x26352107, 0x8abd0226, 0x736f7cdf, 0x011b8365, 0xe7c5ae00, 0xa0d3fcfc, 0x4b3c9360, 0x87effe84, 0x890214b9, 0x8814a805, 
    0x172b97f3, 0x27a77c9a, 0xf3fefbcb, 0xb81743e9, 0x394d46f5, 0xc6fc03bf, 0xc49c0da7, 0xb3000100, 0xab04c7fe, 0x1700b005, 0x08b26400, 0x12111918, 
    0x0fb00039, 0x4500b02f, 0x2f02b058, 0x1e02b11b, 0x00b0593e, 0x06b05845, 0x06b11b2f, 0xb0593e1e, 0xb0584500, 0xb11b2f00, 0x593e0e00, 0x020004b2, 
    0xb0391211, 0x2fb22f04, 0xb05d0104, 0x0fb0d008, 0x0110b110, 0x582b0ab0, 0xf41bd821, 0x1004b059, 0xb00117b1, 0x21582b0a, 0x59f41bd8, 0x23213130, 
    0x33113311, 0x04013301, 0x06141100, 0x32272306, 0x26343536, 0x2f012123, 0x02af7c7c, 0xddfd9422, 0x2a011001, 0x018dce71, 0xe0eab79a, 0xb005cafe, 
    0x8f0271fd, 0xfe0270fd, 0x9cf0fed7, 0xeb6588fa, 0x00efe0cd, 0xa2000100, 0xe603f3fe, 0x17003a04, 0x00b27a00, 0x12111918, 0x07b00039, 0x4500b02f, 
    0x2f12b058, 0x1a12b11b, 0x00b0593e, 0x16b05845, 0x16b11b2f, 0xb0593e1a, 0xb0584500, 0xb11b2f10, 0x593e0e10, 0x101614b2, 0xb0391211, 0x6fb42f14, 
    0x02147f14, 0x144fb25d, 0x2fb47101, 0x02143f14, 0x147fb45d, 0x7102148f, 0xb0010eb1, 0x21582b0a, 0x59f41bd8, 0x0e1400b2, 0xb0391211, 0x08b11007, 
    0x2b0ab001, 0x1bd82158, 0x313059f4, 0x15161601, 0x07060614, 0x37363627, 0x23232636, 0x33112311, 0x33013311, 0xe3d33002, 0x216ea563, 0x02039687, 
    0x79bacad2, 0xab018679, 0x14560297, 0xbc64c2e5, 0x1d5d1474, 0xb1a483ab, 0x3a0410fe, 0xe00120fe, 0x2800ffff, 0x5705c3fe, 0x2600b005, 0x0000dd00, 
    0x10000700, 0xd3ff4804, 0x2c00ffff, 0x5004c3fe, 0x26003a04, 0x0000f200, 0x10000700, 0xd3ff4103, 0xba000100, 0xe7044bfe, 0x1500b005, 0x0ab28300, 
    0x12111716, 0x00b00039, 0x00b05845, 0x00b11b2f, 0xb0593e1e, 0xb0584500, 0xb11b2f03, 0x593e1e03, 0x584500b0, 0x1b2f13b0, 0x3e0e13b1, 0x4500b059, 
    0x2f08b058, 0x1008b11b, 0x01b2593e, 0x12110013, 0x2f01b039, 0x01015fb2, 0x01afb45d, 0x5d0201bf, 0x01018fb2, 0x012fb25d, 0x4fb45d01, 0x02015f01, 
    0x1008b071, 0xb0010db1, 0x21582b0a, 0x59f41bd8, 0xb11001b0, 0x0ab00112, 0xd821582b, 0x3059f41b, 0x21110131, 0x14113311, 0x27222306, 0x32331637, 
    0x21113536, 0x01112311, 0x7b370335, 0x393990a1, 0x58382b0e, 0x7bc9fc5f, 0x55fdb005, 0xfaf9ab02, 0x6613b4ab, 0x02768010, 0x0564fdf2, 0x010000b0, 
    0x4bfe9e00, 0x3a04d503, 0x85001500, 0x17160ab2, 0x00391211, 0x584500b0, 0x1b2f00b0, 0x3e1a00b1, 0x4500b059, 0x2f03b058, 0x1a03b11b, 0x00b0593e, 
    0x13b05845, 0x13b11b2f, 0xb0593e0e, 0xb0584500, 0xb11b2f08, 0x593e1008, 0x130302b2, 0xb0391211, 0x6fb42f02, 0x02027f02, 0x027fb45d, 0x7102028f, 
    0x01024fb2, 0x022fb471, 0x5d02023f, 0x0102bfb2, 0x1008b071, 0xb0010db1, 0x21582b0a, 0x59f41bd8, 0xb11002b0, 0x0ab00111, 0xd821582b, 0x3059f41b, 
    0x21110131, 0x14113311, 0x27222306, 0x32331637, 0x21113536, 0x01112311, 0x78470216, 0x37398fa1, 0x583d250e, 0x78b9fd60, 0x1bfe3a04, 0x6dfbe501, 
    0x6313b2aa, 0x02768010, 0x0410fe49, 0xffff003a, 0xc3feb800, 0xb0056305, 0x2c002600, 0x07000000, 0x54041000, 0xffffd3ff, 0xc3fea400, 0x3a044e04, 
    0xf4002600, 0x07000000, 0x3f031000, 0xffffd3ff, 0xc3feb800, 0xb005a006, 0x31002600, 0x07000000, 0x91051000, 0xffffd3ff, 0xc3fea900, 0x3a04aa05, 
    0xf3002600, 0x07000000, 0x9b041000, 0x0200d3ff, 0xecff7c00, 0xc4052005, 0x1d001500, 0x08b26800, 0x12111f1e, 0x1008b039, 0x00d016b0, 0x584500b0, 
    0x1b2f00b0, 0x3e1e00b1, 0x4500b059, 0x2f08b058, 0x0e08b11b, 0x0db2593e, 0x12110800, 0x2f0db039, 0xb11000b0, 0x0ab00111, 0xd821582b, 0xb259f41b, 
    0x11080013, 0x08b03912, 0x0116b110, 0x582b0ab0, 0xf41bd821, 0x100db059, 0xb00119b1, 0x21582b0a, 0x59f41bd8, 0x20013130, 0x14151100, 0x20230402, 
    0x21351100, 0x23001035, 0x36270722, 0x37123201, 0x12141521, 0x2401ac02, 0xfe995001, 0xe9fea3f1, 0x2904befe, 0xebf0f7fe, 0x01ac27af, 0x0bfec63e, 
    0x05fc54fc, 0xfe96fec4, 0xfec57cc1, 0x5201b0c2, 0x43772d01, 0x2b010a01, 0xfa865c78, 0xf92f0191, 0xf5fee835, 0x71000100, 0x0d04ebff, 0x1b00b005, 
    0x05b27000, 0x12111d1c, 0x00b00039, 0x02b05845, 0x02b11b2f, 0xb0593e1e, 0xb0584500, 0xb11b2f0b, 0x593e0e0b, 0xb11002b0, 0x0ab00100, 0xd821582b, 
    0xb259f41b, 0x11020004, 0x05b23912, 0x12110b02, 0x2f05b039, 0x020b10b2, 0xb0391211, 0x13b1100b, 0x2b0ab001, 0x1bd82158, 0x05b059f4, 0x0119b110, 
    0x582b0ab0, 0xf41bd821, 0x051bb259, 0x39121119, 0x21013130, 0x01172135, 0x14151616, 0x26222304, 0x14333526, 0x36323316, 0x27263435, 0x6b033523, 
    0x680326fd, 0xe345fe02, 0xcf00ffea, 0x7c77d482, 0xb69e93be, 0x057db2ac, 0xfd606947, 0xd4e503f7, 0xbf68e0c0, 0xa7b48d82, 0x01acb18d, 0x01000065, 
    0x75fe7100, 0x3a040b04, 0x63001b00, 0x1d1c05b2, 0x00391211, 0xb02f0cb0, 0xb0584500, 0xb11b2f02, 0x593e1a02, 0xb00100b1, 0x21582b0a, 0x59f41bd8, 
    0x020004b2, 0xb2391211, 0x110c0205, 0x05b03912, 0x0c11b22f, 0x39121102, 0xb1100cb0, 0x0ab00114, 0xd821582b, 0xb059f41b, 0x19b11005, 0x2b0ab001, 
    0x1bd82158, 0x1bb259f4, 0x12111905, 0x01313039, 0x17213521, 0x15161601, 0x23060614, 0x35262622, 0x33161433, 0x10353632, 0x03352325, 0x032efd63, 
    0x49fe0265, 0xd473eedc, 0x78d48087, 0xa096bd79, 0x7c9efeb7, 0x5d67d303, 0xe408effd, 0x65bd7dcc, 0x8b81c067, 0x018ea7b7, 0x00670954, 0x1900ffff, 
    0x49044bfe, 0x2600b005, 0x0022b100, 0x26022600, 0x0700449c, 0x90005402, 0xffff0000, 0x4bfe1100, 0x3a046603, 0xec002600, 0x26000028, 0x85a12602, 
    0x54020700, 0x00008400, 0x3700ffff, 0xd1044bfe, 0x2600b005, 0x00003c00, 0x54020700, 0x0000a603, 0x3000ffff, 0xe6034bfe, 0x26003a04, 0x00005c00, 
    0x54020700, 0x0000bb02, 0x4b000200, 0x11040000, 0x0a00b005, 0x52001200, 0x141304b2, 0xb0391211, 0x0db01004, 0x00b000d0, 0x01b05845, 0x01b11b2f, 
    0xb0593e1e, 0xb0584500, 0xb11b2f03, 0x593e0e03, 0x030100b2, 0xb0391211, 0x03b02f00, 0x010bb110, 0x582b0ab0, 0xf41bd821, 0x1000b059, 0xb0010cb1, 
    0x21582b0a, 0x59f41bd8, 0x11013130, 0x22211133, 0x24343524, 0x21110137, 0x16100622, 0x7c950317, 0xfede1cfe, 0xdf0001fc, 0x98fe6b01, 0xa4bbc1a6, 
    0x64024c03, 0xc3e550fa, 0xfd01e2c1, 0xa97c021c, 0x02afdefe, 0x4c000200, 0x0c060000, 0x1700b005, 0x5c002000, 0x222107b2, 0xb0391211, 0x18b01007, 
    0x00b000d0, 0x08b05845, 0x08b11b2f, 0xb0593e1e, 0xb0584500, 0xb11b2f00, 0x593e0e00, 0x000807b2, 0xb0391211, 0x00b02f07, 0x0118b110, 0x582b0ab0, 
    0xf41bd821, 0xd00ab059, 0x080010b2, 0xb0391211, 0x19b11007, 0x2b0ab001, 0x1bd82158, 0x313059f4, 0x35242221, 0x21372434, 0x37113311, 0x36373636, 
    0x16163327, 0x23060607, 0x22211127, 0x16141506, 0xde2e0217, 0x0201fcfe, 0x7c6c01dd, 0x04877978, 0x1a764004, 0xcf040229, 0x97feeeb2, 0xa1b9c1a5, 
    0xe1c2c3e5, 0xfa640201, 0x9c0101b6, 0x53b1a990, 0xdbb957b0, 0xa97c0268, 0x03af9091, 0x6f000200, 0x4e06e7ff, 0x1e001806, 0x86002a00, 0x2c2b19b2, 
    0xb0391211, 0x29b01019, 0x00b000d0, 0x06b05845, 0x06b11b2f, 0xb0593e20, 0xb0584500, 0xb11b2f03, 0x593e1a03, 0x584500b0, 0x1b2f17b0, 0x3e0e17b1, 
    0x4500b059, 0x2f1bb058, 0x0e1bb11b, 0x05b2593e, 0x12111703, 0x1017b039, 0xb0010bb1, 0x21582b0a, 0x59f41bd8, 0x170311b2, 0xb2391211, 0x11170319, 
    0x03b03912, 0x0121b110, 0x582b0ab0, 0xf41bd821, 0x101bb059, 0xb00127b1, 0x21582b0a, 0x59f41bd8, 0x10133130, 0x17323312, 0x14113311, 0x36363316, 
    0x37273637, 0x02071617, 0x27062302, 0x02222306, 0x23260127, 0x14150622, 0x37323316, 0xbfe06f27, 0x697871d5, 0x04a9935e, 0x17754303, 0xed04032f, 
    0x6f42e4c7, 0x0addb5f2, 0xd65ae402, 0x97a4a895, 0x02055cdb, 0x01090114, 0x7602ac31, 0x898041fb, 0xaad8e702, 0xb75901e8, 0xfefffe83, 0xcace04db, 
    0x01e50501, 0xf0f7c44d, 0x44c2e0cc, 0x33000100, 0xc805e7ff, 0x2900b005, 0x04b26600, 0x12112b2a, 0x00b00039, 0x09b05845, 0x09b11b2f, 0xb0593e1e, 
    0xb0584500, 0xb11b2f22, 0x593e0e22, 0x092a01b2, 0xb0391211, 0x00b12f01, 0x2b0ab001, 0x1bd82158, 0x09b059f4, 0x0107b110, 0x582b0ab0, 0xf41bd821, 
    0x0010b259, 0x39121101, 0xb11022b0, 0x0ab00116, 0xd821582b, 0xb259f41b, 0x1109221b, 0x31303912, 0x36333513, 0x21103536, 0x16213521, 0x06141516, 
    0x15111607, 0x36331616, 0x27363736, 0x07161733, 0x06230206, 0x34352726, 0xb0fe2326, 0x88feabb3, 0x71019ffe, 0x8389faea, 0x556601d9, 0x0304ab89, 
    0x30177a45, 0xbef30403, 0x95069b95, 0x6aa20286, 0x01949401, 0xc2026912, 0x2ab87fb9, 0x52f1fe43, 0xf4027863, 0x58e7acc8, 0xfef880bb, 0xa4a504d2, 
    0x00998e4b, 0x2e000100, 0xdc04e5ff, 0x28003a04, 0x27b26300, 0x12112a29, 0x00b00039, 0x20b05845, 0x20b11b2f, 0xb0593e1a, 0xb0584500, 0xb11b2f0f, 
    0x593e0e0f, 0xb00103b1, 0x21582b0a, 0x59f41bd8, 0x200f08b2, 0xb2391211, 0x11202918, 0x18b03912, 0x0115b12f, 0x582b0ab0, 0xf41bd821, 0x1020b059, 
    0xb0031eb1, 0x21582b0a, 0x59f41bd8, 0x181526b2, 0x30391211, 0x16142531, 0x37363633, 0x16332736, 0x06060716, 0x27260623, 0x23233435, 0x36363327, 
    0x27263435, 0x16212721, 0x07141516, 0xc8021716, 0x89824943, 0x7b4a0403, 0x04022a1b, 0x7c82aed4, 0x02cdfe06, 0x958676db, 0x06f2fe83, 0xd4be1301, 
    0xd502b1be, 0xb5023e4a, 0x51a09f9f, 0xefcb4f9f, 0x4d7f7204, 0x650364ba, 0x02765e58, 0x90a40263, 0xb63148a8, 0x62000100, 0xd903cdfe, 0x2400af05, 
    0x03b26200, 0x12112625, 0x1ab00039, 0x4500b02f, 0x2f09b058, 0x1e09b11b, 0x00b0593e, 0x1db05845, 0x1db11b2f, 0xb2593e0e, 0x11092501, 0x01b03912, 
    0x0100b12f, 0x582b0ab0, 0xf41bd821, 0x1009b059, 0xb00107b1, 0x21582b0a, 0x59f41bd8, 0x010010b2, 0xb0391211, 0x15b1101d, 0x2b0ab005, 0x1bd82158, 
    0x313059f4, 0x36333513, 0x23261036, 0x16213521, 0x06141516, 0x10161607, 0x15331716, 0x27070614, 0x26233736, 0x26343535, 0xb1b4c923, 0xfebbb1ba, 
    0xe61f01e6, 0x7f7986f8, 0x7404037f, 0x5a484448, 0xae443904, 0x6692029b, 0x1a019603, 0xcb01669e, 0x2bb575c6, 0xd6fea720, 0x578c142a, 0x783440a9, 
    0x79b14487, 0x01009b89, 0xd4fe7000, 0x3a049f03, 0x62001f00, 0x21201fb2, 0x00391211, 0xb02f16b0, 0xb0584500, 0xb11b2f08, 0x593e1a08, 0x584500b0, 
    0x1b2f19b0, 0x3e0e19b1, 0x0801b259, 0x39121119, 0xb12f01b0, 0x0ab00100, 0xd821582b, 0xb059f41b, 0x06b11008, 0x2b0ab001, 0x1bd82158, 0x0eb259f4, 
    0x12110100, 0x1019b039, 0xb00511b1, 0x21582b0a, 0x59f41bd8, 0x27133130, 0x34352433, 0x21372125, 0x14151632, 0x15151607, 0x06141533, 0x37362707, 
    0x35272623, 0x02c72134, 0xfe0901f4, 0x02b8fef6, 0xd1c43301, 0x4a67bfc1, 0x05594742, 0xfe012147, 0x66d301fd, 0x06ccc306, 0xb8969f66, 0x6ecb3142, 
    0x3ca95c8c, 0x237e7a34, 0x00ce647e, 0x42000100, 0x4f07ebff, 0x2200b005, 0x00b26500, 0x12112423, 0x00b00039, 0x0eb05845, 0x0eb11b2f, 0xb0593e1e, 
    0xb0584500, 0xb11b2f06, 0x593e0e06, 0x584500b0, 0x1b2f1fb0, 0x3e0e1fb1, 0x100eb059, 0xb00100b1, 0x21582b0a, 0x59f41bd8, 0xb11006b0, 0x0ab00109, 
    0xd821582b, 0xb059f41b, 0x13b1101f, 0x2b0ab001, 0x1bd82158, 0x19b259f4, 0x1211060e, 0x01313039, 0x02020321, 0x35230706, 0x12363637, 0x11211313, 
    0x32371614, 0x27363736, 0x07161637, 0x22230202, 0x54042726, 0x1421c6fd, 0x3a829651, 0x3a686527, 0x2a032610, 0xa7925c69, 0x79430204, 0x04022b1a, 
    0xa29dc5ef, 0xfd470502, 0xfec1fea5, 0x680487de, 0x01720501, 0x020f010b, 0x81a9fbb6, 0xd5e90186, 0x6201e6ac, 0xfdfe67ca, 0xb0b5ddfe, 0x33000100, 
    0x1106ebff, 0x20003a04, 0x00b26500, 0x12112221, 0x00b00039, 0x0cb05845, 0x0cb11b2f, 0xb0593e1a, 0xb0584500, 0xb11b2f05, 0x593e0e05, 0x584500b0, 
    0x1b2f1db0, 0x3e0e1db1, 0x100cb059, 0xb00100b1, 0x21582b0a, 0x59f41bd8, 0xb11005b0, 0x0ab00108, 0xd821582b, 0xb059f41b, 0x11b1101d, 0x2b0ab001, 
    0x1bd82158, 0x17b259f4, 0x1211050c, 0x01313039, 0x06020321, 0x37352307, 0x13373636, 0x16141121, 0x37363637, 0x17372736, 0x02060716, 0x35262223, 
    0x67fe4903, 0x978a1115, 0x5b652536, 0x8302170e, 0x95815765, 0x75450404, 0x04033017, 0x9c97b7d7, 0x41fed303, 0x03efdefe, 0xba02026a, 0xfd1e02f4, 
    0x0187831f, 0xa6b9c402, 0xb25401d7, 0xfefee278, 0x0100b4b9, 0xe3ffbd00, 0xb0052607, 0x92001b00, 0x1d1c12b2, 0x00391211, 0x584500b0, 0x1b2f00b0, 
    0x3e1e00b1, 0x4500b059, 0x2f17b058, 0x1e17b11b, 0x00b0593e, 0x15b05845, 0x15b11b2f, 0xb0593e0e, 0xb0584500, 0xb11b2f10, 0x593e0e10, 0xb00104b1, 
    0x21582b0a, 0x59f41bd8, 0x15000ab2, 0xb2391211, 0x11171519, 0x19b03912, 0x19dfb42f, 0x5d0219ef, 0x01195fb2, 0x19afb45d, 0x5d0219bf, 0x01198fb2, 
    0x192fb25d, 0x4fb45d01, 0x02195f19, 0x197fb471, 0x7102198f, 0xb00114b1, 0x21582b0a, 0x59f41bd8, 0x11013130, 0x36331614, 0x27363736, 0x07161637, 
    0x04230202, 0x11211103, 0x11331123, 0xa6041121, 0xa6935a6b, 0x79440304, 0x04022b1b, 0xcefec6ef, 0x7c0ffd0f, 0x05f1027c, 0x7da3fbb0, 0xd4e80283, 
    0x6201eca6, 0xfdfe67ca, 0x0108ddfe, 0xfd420176, 0xfdb00565, 0x00ac0254, 0x96000100, 0x1a06e7ff, 0x1c003a04, 0x00b29700, 0x12111e1d, 0x00b00039, 
    0x04b05845, 0x04b11b2f, 0xb0593e1a, 0xb0584500, 0xb11b2f08, 0x593e1a08, 0x584500b0, 0x1b2f02b0, 0x3e0e02b1, 0x4500b059, 0x2f19b058, 0x0e19b11b, 
    0x07b2593e, 0x12110208, 0x2f07b039, 0x7f076fb4, 0xb25d0207, 0x7101074f, 0x0107bfb2, 0x077fb471, 0x7102078f, 0xaf079fb4, 0xb45d0207, 0x073f072f, 
    0xefb45d02, 0x0207ff07, 0x0100b171, 0x582b0ab0, 0xf41bd821, 0x1019b059, 0xb0010db1, 0x21582b0a, 0x59f41bd8, 0x020813b2, 0x30391211, 0x11210131, 
    0x11331123, 0x11331121, 0x36331616, 0x27363736, 0x07161737, 0x06230206, 0x52032726, 0x7878bcfd, 0x01774402, 0x95815467, 0x75440304, 0x04033017, 
    0x9b92b7d7, 0xfeeb0106, 0xfe3a0415, 0xfdeb0115, 0x02827d15, 0xde9fb9c4, 0x78b25401, 0x04fefee2, 0x0100bab8, 0xebff8800, 0xc5059204, 0x49002000, 
    0x222100b2, 0x00391211, 0x584500b0, 0x1b2f09b0, 0x3e1e09b1, 0x4500b059, 0x2f00b058, 0x0e00b11b, 0x09b0593e, 0x010eb110, 0x582b0ab0, 0xf41bd821, 
    0x1000b059, 0xb00115b1, 0x21582b0a, 0x59f41bd8, 0x09001ab2, 0x30391211, 0x24220531, 0x34113502, 0x32332412, 0x23260717, 0x15150222, 0x36331214, 
    0x27363736, 0x07161633, 0xb6020406, 0x8d00ffa1, 0xa100018d, 0x862881cf, 0xf2f2c1a2, 0x04b8a4c1, 0x207a3503, 0xfe040114, 0x01a015f9, 0x0601af1b, 
    0xa01b01af, 0xfe44614c, 0xe3feeae1, 0xb202e1fe, 0x95cf9aa2, 0xefcf458f, 0x75000100, 0xc403ebff, 0x1f004e04, 0x12b24600, 0x12112120, 0x00b00039, 
    0x12b05845, 0x12b11b2f, 0xb0593e1a, 0xb0584500, 0xb11b2f0a, 0x593e0e0a, 0xb00100b1, 0x21582b0a, 0x59f41bd8, 0x120a04b2, 0xb0391211, 0x17b11012, 
    0x2b0ab001, 0x1bd82158, 0x313059f4, 0x34373625, 0x07163327, 0x22230606, 0x34353500, 0x32333636, 0x23260717, 0x15150622, 0x16171614, 0x05f94e02, 
    0x011c7418, 0xd2adc404, 0xce71f9fe, 0x2256b985, 0xb4988e5f, 0x50613131, 0x727ada03, 0xa9995696, 0x1ef93001, 0x3f8bfa97, 0xcbf7385f, 0x3da7571e, 
    0x0100007d, 0xe7ff2100, 0xb0051e05, 0x4f001800, 0x1a1916b2, 0x00391211, 0x584500b0, 0x1b2f02b0, 0x3e1e02b1, 0x4500b059, 0x2f15b058, 0x0e15b11b, 
    0x02b0593e, 0x0100b110, 0x582b0ab0, 0xf41bd821, 0xd004b059, 0xb0d005b0, 0x09b11015, 0x2b0ab001, 0x1bd82158, 0x0fb259f4, 0x12111502, 0x01313039, 
    0x15213521, 0x16061121, 0x37363633, 0x17372736, 0x02020716, 0x27260623, 0xfffd2202, 0xfdfd8004, 0x945c6b01, 0x440204a5, 0x032b1b79, 0x97c6ed04, 
    0x470508a3, 0x12fc6969, 0xec028581, 0x01e2b0d0, 0xfe81aa68, 0x04dbfeff, 0x0100bdb5, 0xe7ff4300, 0x3a049904, 0x4f001800, 0x1a1916b2, 0x00391211, 
    0x584500b0, 0x1b2f02b0, 0x3e1a02b1, 0x4500b059, 0x2f15b058, 0x0e15b11b, 0x02b0593e, 0x0100b110, 0x582b0ab0, 0xf41bd821, 0xd004b059, 0xb0d005b0, 
    0x09b11015, 0x2b0ab001, 0x1bd82158, 0x0fb259f4, 0x12111502, 0x01313039, 0x15213521, 0x16061121, 0x37363633, 0x16372736, 0x06060716, 0x27260623, 
    0x7dfec601, 0x71fe8b03, 0x805c6c01, 0x43020496, 0x01172e75, 0x95b5d904, 0xd50308a3, 0x84fd6565, 0xb6028782, 0x01ca98ad, 0xd63d8c9a, 0xbdb504f4, 
    0x90000100, 0xe404ecff, 0x2a00c505, 0x25b27b00, 0x12112c2b, 0x00b00039, 0x17b05845, 0x17b11b2f, 0xb0593e1e, 0xb0584500, 0xb11b2f0b, 0x593e0e0b, 
    0xb00103b1, 0x21582b0a, 0x59f41bd8, 0x170b06b2, 0xb2391211, 0x110b1726, 0x26b03912, 0x262fb22f, 0x5fb25d01, 0xb45d0126, 0x265f264f, 0x27b17102, 
    0x2b0ab001, 0x1bd82158, 0x11b259f4, 0x12112627, 0x171cb239, 0x3912110b, 0xb11017b0, 0x0ab0011f, 0xd821582b, 0x3059f41b, 0x16140131, 0x35363233, 
    0x06061433, 0x35242023, 0x26373634, 0x24343526, 0x16163221, 0x26342315, 0x15062223, 0x33171614, 0x06062315, 0xcfeb0c01, 0x837becb7, 0xfcfe9cff, 
    0x9899cefe, 0x1f019982, 0xf2900101, 0xaae57b88, 0xc8d0dfc5, 0xdcd4bec0, 0xa68e8701, 0xbd7e8db4, 0x87bde26d, 0xaf2a26b2, 0x66d5bf6e, 0xa78375b8, 
    0x8f898d9b, 0x8d016a01, 0x2800ffff, 0x59054bfe, 0x2600b005, 0x0000dd00, 0x54020700, 0x00002e04, 0x2c00ffff, 0x53044bfe, 0x26003a04, 0x0000f200, 
    0x54020700, 0x00002803, 0x5f000200, 0x63027904, 0x0500d005, 0x2e000e00, 0x2f0bb000, 0xb0d007b0, 0x01b02f07, 0x2f01b0d0, 0xb0100bb0, 0x04b0d004, 
    0xd005b02f, 0x2f05b019, 0x100bb018, 0x19d00ab0, 0x182f0ab0, 0x13013130, 0x23031533, 0x16153303, 0x26260717, 0x865d0135, 0xfe47bf80, 0x315c0271, 
    0x9204534b, 0xfe153e01, 0x614a01cb, 0x2432487c, 0xffff5084, 0x50023100, 0xb5021002, 0x11000600, 0xffff0000, 0x50023100, 0xb5021002, 0x11000600, 
    0xffff0000, 0xae029f00, 0x14038904, 0xaf014600, 0xcd4c00d9, 0xffff0040, 0xae027e00, 0x1403b605, 0xaf014700, 0x000076ff, 0x00406666, 0x2d000200, 
    0x9e03a7fe, 0x03000000, 0x3d000700, 0x4500b000, 0x2f06b058, 0x0e06b11b, 0x02b0593e, 0x2f02b0d0, 0x02000940, 0x02200210, 0x5d040230, 0xb00101b1, 
    0x21582b0a, 0x59f41bd8, 0xb11006b0, 0x0ab00105, 0xd821582b, 0x3059f41b, 0x35210131, 0x35213521, 0xfc9e0321, 0xfc71038f, 0xfe71038f, 0x658e66a7, 
    0x62000100, 0x36016104, 0x08001206, 0x08b21300, 0x12110a09, 0x00b00039, 0xd004b02f, 0x302f04b0, 0x06171331, 0x35231507, 0x48ee3634, 0x4b77035a, 
    0x76331206, 0x5c708088, 0x010000aa, 0x4b043e00, 0x00061101, 0x13000700, 0x090803b2, 0x00391211, 0xb02f04b0, 0x00b0d000, 0x1331302f, 0x35373627, 
    0x85141533, 0x76035a47, 0x79344b04, 0xd1658385, 0x29000100, 0xfc0019ff, 0x0700cd00, 0x04b21900, 0x12110908, 0x08b00039, 0xd004b02f, 0xb02f04b0, 
    0x00b0d000, 0x1731302f, 0x37373627, 0x70141533, 0x01085347, 0x6f34e777, 0xd0659a77, 0x59000100, 0x2d014b04, 0x07000006, 0x00b21300, 0x12110908, 
    0x00b00039, 0xd004b02f, 0x302f04b0, 0x16151331, 0x35260717, 0x5a03d035, 0x00068c48, 0x34798583, 0x0065cf81, 0x6300ffff, 0x32026104, 0x26001206, 
    0x00018401, 0x84010700, 0x0000fc00, 0x4400ffff, 0x0b024b04, 0x26000006, 0x00068501, 0x85010700, 0x0000fa00, 0x29000200, 0xe60110ff, 0x0700ec00, 
    0x2b000f00, 0x111009b2, 0xb0391211, 0x05b01009, 0x10b000d0, 0xd004b02f, 0xb02f04b0, 0x0cb0d00c, 0xd008b02f, 0xb02f08b0, 0x00b0d000, 0x1731302f, 
    0x35373627, 0x17141533, 0x35373627, 0x70141533, 0x77035947, 0x0358475e, 0x7b34f078, 0xd982a38a, 0x8b7a3481, 0x00d982a3, 0x43000100, 0x21040000, 
    0x0b00b005, 0xb0004c00, 0xb0584500, 0xb11b2f08, 0x593e1e08, 0x584500b0, 0x1b2f06b0, 0x3e1a06b1, 0x4500b059, 0x2f0ab058, 0x1a0ab11b, 0x00b0593e, 
    0x02b05845, 0x02b11b2f, 0xb0593e0e, 0x00b1100a, 0x2b0ab001, 0x1bd82158, 0x04b059f4, 0xd005b0d0, 0x21013130, 0x21112311, 0x33112135, 0x21042111, 
    0xfe7850fe, 0x78b6014a, 0xd103b001, 0xd1032ffc, 0xfe760169, 0x0100008a, 0x60fe5400, 0xb0053104, 0x7e001300, 0x4500b000, 0x2f0cb058, 0x1e0cb11b, 
    0x00b0593e, 0x0ab05845, 0x0ab11b2f, 0xb0593e1a, 0xb0584500, 0xb11b2f0e, 0x593e1a0e, 0x584500b0, 0x1b2f02b0, 0x3e1002b1, 0x4500b059, 0x2f00b058, 
    0x0e00b11b, 0x00b0593e, 0x04b05845, 0x04b11b2f, 0xb1593e0e, 0x0ab00106, 0xd821582b, 0xb059f41b, 0x08b1100e, 0x2b0ab001, 0x1bd82158, 0x09b059f4, 
    0xd010b0d0, 0xb0d011b0, 0x12b01006, 0xd013b0d0, 0x21213130, 0x21112311, 0x21112135, 0x33112135, 0x21152111, 0x31042111, 0xfe7945fe, 0xfea90157, 
    0x79a90157, 0x45febb01, 0x60febb01, 0x0365a001, 0x7601676e, 0xfc678afe, 0x01000092, 0x1c029200, 0xa3030502, 0x17000d00, 0x0f0e03b2, 0x00391211, 
    0xb02f03b0, 0x2b0ab00a, 0xdc1bd858, 0x13313059, 0x32333634, 0x14151716, 0x26222306, 0x53669235, 0x66026652, 0x02665453, 0x61644ff0, 0x6051284d, 
    0xffff5162, 0xf8ffa600, 0x9c00eb02, 0x12002600, 0x07000015, 0xaf011200, 0xffff0000, 0xf8ffa600, 0x9c007304, 0x12002600, 0x27000015, 0xaf011200, 
    0x07000000, 0x37031200, 0x01000000, 0x33025b00, 0xd302ff00, 0x19000b00, 0x0d0c03b2, 0x00391211, 0xb12f03b0, 0x0ab00509, 0xd821582b, 0x3059f41b, 
    0x36341331, 0x15163233, 0x22230614, 0x262b5b26, 0x272c2c27, 0x83022b26, 0x222e2e22, 0x002e2e22, 0x5b000600, 0x6607ebff, 0x1900c505, 0x34002600, 
    0x50004200, 0xbc005400, 0x565502b2, 0xb0391211, 0x1eb01002, 0x1002b0d0, 0xb0d029b0, 0x35b01002, 0x1002b0d0, 0xb0d048b0, 0x53b01002, 0x51b000d0, 
    0x2f53b02f, 0x584500b0, 0x1b2f1cb0, 0x3e1e1cb1, 0x4500b059, 0x2f16b058, 0x0e16b11b, 0x03b0593e, 0x2f03b0d0, 0x160306b2, 0xb0391211, 0x09b0d009, 
    0x1016b02f, 0xb0d010b0, 0x13b22f10, 0x12110316, 0x101cb039, 0xb0d023b0, 0x16b02f23, 0x042ab110, 0x582b0ab0, 0xf41bd821, 0x1003b059, 0xb00431b1, 
    0x21582b0a, 0x59f41bd8, 0xb0102ab0, 0x31b0d038, 0xd03fb010, 0xb11023b0, 0x0ab00446, 0xd821582b, 0xb059f41b, 0x4db1101c, 0x2b0ab004, 0x1bd82158, 
    0x313059f4, 0x33363401, 0x36171632, 0x16323336, 0x06141515, 0x27262223, 0x22230606, 0x34013526, 0x15163236, 0x23061415, 0x01352622, 0x32331614, 
    0x34353536, 0x06222326, 0x16140515, 0x35363233, 0x23263435, 0x01150622, 0x32331614, 0x34353536, 0x06222326, 0x01271315, 0xa14e0317, 0x2079547b, 
    0x7b537c23, 0x547c9fa2, 0x7820237d, 0xfda37b53, 0xa1f8a10d, 0xa47b7c9f, 0x58655403, 0x56676556, 0xd9016655, 0x65555865, 0x67545666, 0x576734fb, 
    0x54686555, 0x4aeb6953, 0x014ac702, 0x4faa8265, 0xa94f4242, 0xab81478a, 0x4f41414f, 0x7c0388a9, 0x88abab82, 0xa8ab8047, 0x5dc5fc8a, 0x49627979, 
    0x62777560, 0x77795d4a, 0x74614a63, 0xe9026375, 0x6079785d, 0x7a795d49, 0x30e7fb62, 0x00307204, 0x6c000100, 0xfc01a700, 0x0600b003, 0xb0001000, 
    0x02b22f06, 0x12110607, 0x2f02b039, 0x01133130, 0x01350123, 0x1401e833, 0x01d9fe69, 0x2b026927, 0x7b017cfe, 0x007b0113, 0x61000100, 0xf201a200, 
    0x0600b003, 0xb0001000, 0x03b22f00, 0x12110007, 0x2f03b039, 0x01133130, 0x01230115, 0x2701cb01, 0x016ad9fe, 0x03ecfe14, 0x1380feb0, 0x840185fe, 
    0x01008a01, 0x79003e00, 0x1b054f03, 0x09000300, 0x2f00b000, 0x302f02b0, 0x01273731, 0x024a8817, 0x30794ac7, 0x00307204, 0x3b00ffff, 0xb6029902, 
    0x0701ae05, 0x00002002, 0x13009902, 0x4500b000, 0x2f09b058, 0x1e09b11b, 0x0db0593e, 0x003130d0, 0x7b000100, 0xed028b02, 0x1100ba05, 0x0bb25400, 
    0x12111312, 0x00b00039, 0x00b05845, 0x00b11b2f, 0xb0593e1e, 0xb0584500, 0xb11b2f04, 0x593e1e04, 0x584500b0, 0x1b2f0fb0, 0x3e120fb1, 0x4500b059, 
    0x2f07b058, 0x1207b11b, 0x01b2593e, 0x12110f04, 0x1004b039, 0xb0030bb1, 0x21582b0a, 0x59f41bd8, 0x17133130, 0x20333636, 0x11231111, 0x06222326, 
    0x11231107, 0x7d2614d1, 0x6f140151, 0x6854bb05, 0xad057017, 0xfe504689, 0x0107feca, 0x4a5bd2fd, 0x2203d6fd, 0x60000100, 0x46040000, 0x2900c405, 
    0x21b2a100, 0x12112b2a, 0x00b00039, 0x1cb05845, 0x1cb11b2f, 0xb0593e1a, 0xb0584500, 0xb11b2f19, 0x593e1e19, 0x584500b0, 0x1b2f06b0, 0x3e0e06b1, 
    0x1c29b259, 0x39121106, 0xb12f29b0, 0x0ab00200, 0xd821582b, 0xb059f41b, 0x04b11006, 0x2b0ab001, 0x1bd82158, 0x08b059f4, 0xd009b0d0, 0xb01000b0, 
    0x29b0d00e, 0xd010b010, 0xb01029b0, 0x15b0d015, 0x150fb62f, 0x152f151f, 0x12b15d03, 0x2b0ab002, 0x1bd82158, 0x19b059f4, 0x0120b110, 0x582b0ab0, 
    0xf41bd821, 0x1015b059, 0xb0d024b0, 0x26b01012, 0x013130d0, 0x07161721, 0x35211521, 0x36373633, 0x35232727, 0x35232733, 0x36342733, 0x15163233, 
    0x23263423, 0x17150622, 0x17211521, 0xfef50221, 0x420204a4, 0x1bfce902, 0x141a3362, 0xbbbe0402, 0x07b3b605, 0xd3b6b9dd, 0x7d81967b, 0x67010694, 
    0x01069cfe, 0x6ddd015e, 0x68685aae, 0x524a5e0d, 0x5aa9596e, 0xd3edc8d6, 0xb19487b1, 0xa95ad69b, 0x23000500, 0x03060000, 0x1b00b005, 0x23001f00, 
    0x29002600, 0x1db2c000, 0x12112b2a, 0x101db039, 0xb0d018b0, 0x23b0101d, 0x101db0d0, 0xb0d025b0, 0x29b0101d, 0x00b000d0, 0x1ab05845, 0x1ab11b2f, 
    0xb0593e1e, 0xb0584500, 0xb11b2f17, 0x593e1e17, 0x584500b0, 0x1b2f0cb0, 0x3e0e0cb1, 0x4500b059, 0x2f09b058, 0x0e09b11b, 0x10b2593e, 0x1211170c, 
    0x2f10b039, 0xb0d014b0, 0x0fb42f14, 0x02141f14, 0xd024b05d, 0xb0d018b0, 0x14b0d000, 0x0113b110, 0x582b0ab0, 0xf41bd821, 0xd01fb059, 0xb0d023b0, 
    0x10b0d003, 0xd01cb010, 0xb0d020b0, 0x10b0d004, 0x010fb110, 0x582b0ab0, 0xf41bd821, 0xd00bb059, 0xb0d029b0, 0x26b2d007, 0x12110c17, 0x0927b239, 
    0x3912111a, 0x33013130, 0x33152315, 0x23112315, 0x23112101, 0x33352311, 0x33352335, 0x21013311, 0x21013311, 0x21052127, 0x33252135, 0x23110103, 
    0xd3d33005, 0xfe7cd3d3, 0x7b13fea8, 0xd1d1d1d1, 0x016c017b, 0x3ffc7bda, 0xfe85a801, 0x013602dd, 0xfe6bfe10, 0x03dfdf4f, 0x9203cc46, 0xfe66c666, 
    0xfe000200, 0x66000200, 0x1e0266c6, 0x1e02e2fd, 0xc6c6b6fc, 0x4c0166c6, 0x2f01f3fb, 0xb9000200, 0xf205ecff, 0x1f00b005, 0xa6002800, 0x2a2923b2, 
    0xb0391211, 0x11b01023, 0x00b000d0, 0x16b05845, 0x16b11b2f, 0xb0593e1e, 0xb0584500, 0xb11b2f1a, 0x593e1a1a, 0x584500b0, 0x1b2f1eb0, 0x3e1a1eb1, 
    0x4500b059, 0x2f14b058, 0x0e14b11b, 0x00b0593e, 0x0ab05845, 0x0ab11b2f, 0xb0593e0e, 0x00b1101e, 0x2b0ab001, 0x1bd82158, 0x0ab059f4, 0x0105b110, 
    0x582b0ab0, 0xf41bd821, 0x1000b059, 0xb0d00eb0, 0x21b2d00f, 0x12111614, 0x2f21b039, 0xb00112b1, 0x21582b0a, 0x59f41bd8, 0xb0101eb0, 0x1db0d01d, 
    0x1016b02f, 0xb00127b1, 0x21582b0a, 0x59f41bd8, 0x23013130, 0x33161411, 0x06173732, 0x35262223, 0x06062311, 0x23112307, 0x16322111, 0x33113317, 
    0x33013311, 0x34353632, 0x05232326, 0x4c41e0df, 0x2f05431e, 0xa3707b51, 0xf1cfe90b, 0xc9590177, 0x78a514f3, 0xe251fbe0, 0xa5b4b4a7, 0xfdd803e4, 
    0x0a585a2f, 0x8b8f1162, 0xd2b9d202, 0x05b7fd04, 0x01b5c1b0, 0xfeebfe15, 0xa29fad75, 0xffff00ad, 0xecffb500, 0xb005ec07, 0x36002600, 0x07000000, 
    0x50045700, 0x07000000, 0x00002300, 0xb005f005, 0x23001f00, 0x2b002700, 0x35003000, 0xfe003a00, 0x3c3b39b2, 0xb0391211, 0x1eb01039, 0x1039b0d0, 
    0xb0d022b0, 0x27b01039, 0x1039b0d0, 0xb0d02bb0, 0x2db01039, 0x1039b0d0, 0x00d033b0, 0x584500b0, 0x1b2f02b0, 0x3e1e02b1, 0x4500b059, 0x2f0cb058, 
    0x0e0cb11b, 0x00b0593e, 0x10b05845, 0x10b11b2f, 0xb2593e0e, 0x110c0208, 0x08b03912, 0xd000b02f, 0xb02f00b0, 0x00b0d004, 0x0106b110, 0x582b0ab0, 
    0xf41bd821, 0x1008b059, 0xb0010ab1, 0x21582b0a, 0x59f41bd8, 0xb0d00eb0, 0x12b0100a, 0x1008b0d0, 0xb0d014b0, 0x16b01006, 0x1000b0d0, 0xb0d018b0, 
    0x1ab01002, 0x1000b0d0, 0xb0d01cb0, 0x1eb01002, 0x1008b0d0, 0xb0d020b0, 0x22b01006, 0x1008b0d0, 0xb0d024b0, 0x26b01006, 0x1008b0d0, 0xb0d028b0, 
    0x2ab01006, 0x100ab0d0, 0xb2d02db0, 0x110c0230, 0x0ab03912, 0xd032b010, 0x0c0235b2, 0xb0391211, 0x36b01000, 0x0239b2d0, 0x3912110c, 0x21013130, 
    0x33033313, 0x33072315, 0x23032315, 0x23032103, 0x33352303, 0x33352327, 0x21133303, 0x33013313, 0x33052137, 0x33052137, 0x37032327, 0x25171723, 
    0x17172337, 0x27273301, 0x01ad0307, 0x6b7e6430, 0xe230b29c, 0x707b74f8, 0x7a71dffe, 0x30def476, 0x7e6b98ae, 0x68330166, 0xac30fe78, 0x02f7fe2f, 
    0xfe2daba7, 0xf6ccfefa, 0x1bc99b2d, 0x02231b82, 0x1a8118a4, 0x708afe29, 0x03272711, 0xfeec01c4, 0x65dd6614, 0x1c02e4fd, 0x1c02e4fd, 0x0166dd65, 
    0x0114feec, 0xddd1fcec, 0xdddddddd, 0x80823cfe, 0x7977e9e0, 0x520a03e9, 0x0200dcd9, 0x00009b00, 0x3a047e05, 0x1b000d00, 0x08b27300, 0x12111d1c, 
    0x1008b039, 0x00d010b0, 0x584500b0, 0x1b2f00b0, 0x3e1a00b1, 0x4500b059, 0x2f16b058, 0x1a16b11b, 0x00b0593e, 0x0bb05845, 0x0bb11b2f, 0xb0593e0e, 
    0xb0584500, 0xb11b2f0e, 0x593e0e0e, 0xb00111b1, 0x21582b0a, 0x59f41bd8, 0x001105b2, 0xb0391211, 0x00b02f05, 0x0109b110, 0x582b0ab0, 0xf41bd821, 
    0x090fb259, 0x3912110e, 0x302f0fb0, 0x16320131, 0x11231117, 0x21272626, 0x01112311, 0x21113311, 0x11373632, 0x06061133, 0xb08d0223, 0x037703a6, 
    0x9dfe8572, 0x77980177, 0x73895e01, 0xa7017703, 0xc43a04b0, 0x01acfeca, 0x018f9557, 0x3a042cfc, 0xe102c6fb, 0x949084fd, 0x5cfdb102, 0x0100c7cf, 
    0xecff5300, 0xc4051204, 0x91002500, 0x27260bb2, 0x00391211, 0x584500b0, 0x1b2f18b0, 0x3e1e18b1, 0x4500b059, 0x2f0ab058, 0x0e0ab11b, 0x25b2593e, 
    0x12110a18, 0x2f25b039, 0xb00200b1, 0x21582b0a, 0x59f41bd8, 0xb1100ab0, 0x0ab00105, 0xd821582b, 0xb059f41b, 0x0eb01000, 0x1025b0d0, 0xb0d010b0, 
    0x15b01025, 0x2f15b0d0, 0x150f0940, 0x152f151f, 0x5d04153f, 0xb00212b1, 0x21582b0a, 0x59f41bd8, 0xb11018b0, 0x0ab0011d, 0xd821582b, 0xb059f41b, 
    0x20b01015, 0x1012b0d0, 0x30d022b0, 0x15210131, 0x32331614, 0x23061737, 0x35030022, 0x35333523, 0x10333523, 0x17323300, 0x22232607, 0x15211506, 
    0x03211521, 0xd95dfe31, 0x0a6675c6, 0xfef97274, 0xc0c003e3, 0x1e01c0c0, 0x0a8563f9, 0xd7c66d70, 0x5dfea301, 0x3302a301, 0x22f2dd11, 0x26011e6b, 
    0x591b0601, 0x0e015aa4, 0x6d1f2c01, 0x5ae4ed23, 0x040000a4, 0x00002300, 0xb0055f05, 0x22001b00, 0x2c002700, 0x1bb2c600, 0x12112e2d, 0x101bb039, 
    0xb0d01fb0, 0x26b0101b, 0x101bb0d0, 0x00d02bb0, 0x584500b0, 0x1b2f0bb0, 0x3e1e0bb1, 0x4500b059, 0x2f01b058, 0x0e01b11b, 0x0bb0593e, 0x0126b110, 
    0x582b0ab0, 0xf41bd821, 0x260ab259, 0x39121101, 0xb02f0ab0, 0x06b0d006, 0x0620b22f, 0x2ab05d01, 0x2f2ab0d0, 0x2a000940, 0x2a202a10, 0x5d042a30, 
    0xb00100b1, 0x21582b0a, 0x59f41bd8, 0xb11006b0, 0x0ab00103, 0xd821582b, 0xb059f41b, 0x07b1100a, 0x2b0ab001, 0x1bd82158, 0x0ab059f4, 0xd00fb010, 
    0xb01007b0, 0x06b0d011, 0xd016b010, 0xb01003b0, 0x07b0d018, 0xd01eb010, 0xb01006b0, 0x0ab0d020, 0xd023b010, 0xb01003b0, 0x3130d028, 0x11231101, 
    0x35333523, 0x35333523, 0x17163221, 0x16231533, 0x33071415, 0x21062315, 0x21273401, 0x25362115, 0x21272621, 0x21152101, 0x7b650136, 0xc7c7c7c7, 
    0xe4aff001, 0x08a3c032, 0x63bda106, 0x750195fe, 0x0226fd0a, 0x1cfd08dc, 0xd25caf02, 0xb4027ffe, 0x83014cfd, 0xfd5102d8, 0x654403af, 0x85f665ac, 
    0x2e2a6571, 0xf365272d, 0x2c2eaa01, 0x89e928ac, 0x8bfdfd04, 0x01000004, 0x00003300, 0xb005b503, 0x74001b00, 0x1d1c08b2, 0x00391211, 0x584500b0, 
    0x1b2f1ab0, 0x3e1e1ab1, 0x4500b059, 0x2f0bb058, 0x0e0bb11b, 0x1ab0593e, 0x0100b110, 0x582b0ab0, 0xf41bd821, 0x1a04b259, 0x3912110b, 0xb12f04b0, 
    0x0ab00105, 0xd821582b, 0xb259f41b, 0x110b1a0f, 0x0fb03912, 0x0109b12f, 0x582b0ab0, 0xf41bd821, 0x1005b059, 0xb0d012b0, 0x14b01004, 0x1000b0d0, 
    0xb0d018b0, 0x3130d019, 0x17162101, 0x06230733, 0x15012306, 0x33270123, 0x21373636, 0x26262137, 0x21372327, 0xd4fe9403, 0x21c1127a, 0xcbef0e9f, 
    0xfd8eec01, 0x8ca301fa, 0xbafd12b4, 0x11240221, 0x22d79cb2, 0x47055103, 0xaf69b063, 0x0db6fdc5, 0x01586702, 0x7b697c8f, 0x00690593, 0x2c000100, 
    0xb203f6ff, 0x1e00b005, 0x04b29800, 0x1211201f, 0x00b00039, 0x11b05845, 0x11b11b2f, 0xb0593e1e, 0xb0584500, 0xb11b2f05, 0x593e0e05, 0x051113b2, 
    0xb0391211, 0x17b02f13, 0x2f17b0d0, 0x101700b6, 0x03172017, 0x0118b15d, 0x582b0ab0, 0xf41bd821, 0xd019b059, 0xb0d008b0, 0x17b0d009, 0xd016b010, 
    0xb0d00bb0, 0x13b0d00a, 0x0114b110, 0x582b0ab0, 0xf41bd821, 0xd015b059, 0xb0d00cb0, 0x13b0d00d, 0xd012b010, 0xb0d00fb0, 0x05b0d00e, 0x011ab110, 
    0x582b0ab0, 0xf41bd821, 0x051eb259, 0x39121111, 0x15013130, 0x23040214, 0x07112722, 0x07353735, 0x33113735, 0x07153711, 0x07153715, 0x13123211, 
    0x8ab20335, 0x2ba9fcfe, 0xd6d6d64e, 0xf2f27bd6, 0xebcef2f2, 0x71050301, 0xa5cffec8, 0x5ca9020a, 0x5ca25c76, 0x7a015c75, 0x7568bbfe, 0x7568a268, 
    0x0183fd69, 0x73080129, 0x6a000100, 0xd6040000, 0x18003a04, 0x00b25d00, 0x12111a19, 0x00b00039, 0x17b05845, 0x17b11b2f, 0xb0593e1a, 0xb0584500, 
    0xb11b2f04, 0x593e0e04, 0x584500b0, 0x1b2f0bb0, 0x3e0e0bb1, 0x4500b059, 0x2f11b058, 0x0e11b11b, 0x16b2593e, 0x1211170b, 0x2f16b039, 0xb0d000b0, 
    0x0db11016, 0x2b0ab001, 0x1bd82158, 0x0ab059f4, 0x013130d0, 0x15110016, 0x27343523, 0x23112726, 0x15020611, 0x10352315, 0x33353700, 0x01ebda02, 
    0x66697711, 0xcdb477b6, 0xe6130178, 0x166f0377, 0xddfe99fe, 0x94f8d3cf, 0xfcfc168f, 0xfe160303, 0xced2f3d8, 0x68012301, 0x0200cb16, 0x00002300, 
    0xb005c804, 0x1f001600, 0x00b27f00, 0x12112120, 0xd018b039, 0x4500b000, 0x2f0cb058, 0x1e0cb11b, 0x00b0593e, 0x02b05845, 0x02b11b2f, 0xb2593e0e, 
    0x11020c16, 0x16b03912, 0x0100b12f, 0x582b0ab0, 0xf41bd821, 0xd004b059, 0xb01016b0, 0x16b0d006, 0xd00bb010, 0x402f0bb0, 0x1f0b0f09, 0x3f0b2f0b, 
    0xb15d040b, 0x0ab00108, 0xd821582b, 0xb059f41b, 0x0bb0d013, 0xd017b010, 0xb1100cb0, 0x0ab0011e, 0xd821582b, 0x3059f41b, 0x11210131, 0x35231123, 
    0x35233533, 0x32211133, 0x06141504, 0x21152107, 0x36322125, 0x27263435, 0xfed90221, 0xcccc7a90, 0xf001cccc, 0xfc0301e6, 0x0187feea, 0x0190fe70, 
    0xbbc0ae76, 0x017bfea4, 0x01adfe53, 0x68956953, 0xc8e9f702, 0x9501e1cc, 0x969ba9fd, 0x040004b0, 0xebff7600, 0xc5058405, 0x25001900, 0x37003300, 
    0x1ab29800, 0x12113938, 0x101ab039, 0xb0d000b0, 0x26b0101a, 0x101ab0d0, 0x00d036b0, 0xb02f34b0, 0x00b02f36, 0x09b05845, 0x09b11b2f, 0xb0593e1e, 
    0xb0584500, 0xb11b2f23, 0x593e0e23, 0xb01009b0, 0x03b0d003, 0x090db22f, 0x39121103, 0xb11009b0, 0x0ab00410, 0xd821582b, 0xb059f41b, 0x16b11003, 
    0x2b0ab004, 0x1bd82158, 0x19b259f4, 0x12110903, 0x1023b039, 0xb0d01cb0, 0x23b02f1c, 0x0429b110, 0x582b0ab0, 0xf41bd821, 0x101cb059, 0xb00430b1, 
    0x21582b0a, 0x59f41bd8, 0x14013130, 0x26222306, 0x36343535, 0x23151632, 0x06222634, 0x16141515, 0x35363233, 0x32363401, 0x14151516, 0x35262206, 
    0x33161417, 0x35353632, 0x22232634, 0x27051506, 0x92021701, 0xa1757492, 0x6193ea9f, 0x67669a5a, 0x015c494e, 0xa3f6a119, 0x60a3f6a1, 0x65565767, 
    0x68545667, 0x024b07fe, 0x09044bc7, 0x85ac8762, 0x88ae7f47, 0x7c544164, 0x7b5a4760, 0x5cfd3e55, 0x8aa9aa82, 0xa9aa8247, 0x785e0588, 0x60496279, 
    0xe8637675, 0x30720430, 0x5b000200, 0x3803ebff, 0x18000906, 0x5d002200, 0x24230cb2, 0xb0391211, 0x19b0100c, 0x0db000d0, 0x4500b02f, 0x2f00b058, 
    0x0e00b11b, 0x07b2593e, 0x1211000d, 0x2f07b039, 0xb00106b1, 0x21582b0a, 0x59f41bd8, 0xb0d014b0, 0x18b11000, 0x2b0ab001, 0x1bd82158, 0x07b059f4, 
    0xd019b010, 0xb1100db0, 0x0ab00120, 0xd821582b, 0x3059f41b, 0x26220531, 0x23063535, 0x11373235, 0x32333636, 0x14151716, 0x14150702, 0x36033316, 
    0x34353512, 0x11222326, 0xbdb2bf02, 0x73827f76, 0x66748802, 0xa7c90381, 0x71f7797e, 0x86333f87, 0x27dbed15, 0x0231712a, 0xa6c4af44, 0xfec52f8b, 
    0xac636593, 0x584602b0, 0x209c2001, 0xe9fe676d, 0xb1000400, 0xa4070000, 0x0300c005, 0x1d001000, 0xa4002700, 0x292825b2, 0xb0391211, 0x01b01025, 
    0x1025b0d0, 0xb0d004b0, 0x11b01025, 0x00b000d0, 0x26b05845, 0x26b11b2f, 0xb0593e1e, 0xb0584500, 0xb11b2f23, 0x593e1e23, 0x584500b0, 0x1b2f06b0, 
    0x3e1e06b1, 0x4500b059, 0x2f21b058, 0x0e21b11b, 0x00b0593e, 0x1fb05845, 0x1fb11b2f, 0xb0593e0e, 0x0db01006, 0x2f0db0d0, 0xb0d002b0, 0x01b12f02, 
    0x2b0ab003, 0x1bd82158, 0x0db059f4, 0x0314b110, 0x582b0ab0, 0xf41bd821, 0x1006b059, 0xb0031bb1, 0x21582b0a, 0x59f41bd8, 0x212320b2, 0xb2391211, 
    0x11261f25, 0x31303912, 0x21352101, 0x20363401, 0x14151516, 0x26222306, 0x16141735, 0x35363233, 0x22263435, 0x23011506, 0x11231101, 0x33110133, 
    0xabfd9207, 0x8bfd5502, 0xb22401b1, 0xb09594ae, 0x6267726c, 0x71cc7274, 0xfd81d4fe, 0x0281784d, 0xb10176b5, 0x995a0261, 0x679fbabb, 0x9cbabb97, 
    0x80817204, 0x83706976, 0x99fb7385, 0x22fbde04, 0x21fbb005, 0x0200df04, 0x97036b00, 0xb0053904, 0x14000c00, 0xb0006e00, 0xb0584500, 0xb11b2f06, 
    0x593e1e06, 0x584500b0, 0x1b2f09b0, 0x3e1e09b1, 0x4500b059, 0x2f13b058, 0x1e13b11b, 0x01b2593e, 0x12110615, 0x2f01b039, 0x010900b2, 0xb2391211, 
    0x11060103, 0x04b03912, 0x0108b2d0, 0x39121109, 0xb01001b0, 0x06b0d00b, 0xb00db010, 0xd8582b0a, 0xb059dc1b, 0x0fb01001, 0x100db0d0, 0xb0d011b0, 
    0x3130d012, 0x03230301, 0x33112311, 0x11331313, 0x11230123, 0x35231123, 0x98f10321, 0x5b499834, 0x485aa0a0, 0x499f01fe, 0x0587019f, 0x0160fe37, 
    0x0259fea7, 0x0152fe19, 0x01e7fdae, 0x012cfed4, 0x020045d4, 0xecff9500, 0x4e049004, 0x1c001500, 0x02b26500, 0x12111e1d, 0x1002b039, 0x00d016b0, 
    0x584500b0, 0x1b2f0ab0, 0x3e1a0ab1, 0x4500b059, 0x2f02b058, 0x0e02b11b, 0x1ab2593e, 0x12110a02, 0x2f1ab039, 0xb00310b1, 0x21582b0a, 0x59f41bd8, 
    0xb11002b0, 0x0ab00313, 0xd821582b, 0xb259f41b, 0x110a0215, 0x0ab03912, 0x0316b110, 0x582b0ab0, 0xf41bd821, 0x25313059, 0x26222306, 0x12343502, 
    0x16323336, 0x21151716, 0x32331611, 0x07220137, 0x26112111, 0xbbb71304, 0x9087f491, 0xe38584f8, 0x00fd0384, 0xacc49a77, 0x7a9790fe, 0x5e731c02, 
    0x01019d72, 0x03018f93, 0x90f38b9f, 0x6eb8fe3e, 0x7a2a037a, 0x1e01ebfe, 0xffff0071, 0xf5ff6300, 0x9c05a005, 0xc6012700, 0x8602e5ff, 0x94012700, 
    0x0000ed00, 0x24020701, 0x00000d03, 0xb0001000, 0xb0584500, 0xb11b2f05, 0x593e1e05, 0xffff3130, 0xf5ff8000, 0xb4054806, 0x1f022700, 0x94023900, 
    0x94012700, 0x0000a501, 0x24020701, 0x0000b503, 0xb0001000, 0xb0584500, 0xb11b2f0e, 0x593e1e0e, 0xffff3130, 0xf5ff7800, 0xab052f06, 0x21022700, 
    0x96020c00, 0x94012700, 0x00008501, 0x24020701, 0x00009c03, 0xb0001000, 0xb0584500, 0xb11b2f01, 0x593e1e01, 0xffff3130, 0xf5ff6b00, 0xac05e205, 
    0x23022700, 0x97022d00, 0x94012700, 0x00002001, 0x24020701, 0x00004f03, 0xb0001000, 0xb0584500, 0xb11b2f05, 0x593e1e05, 0x02003130, 0xebff6a00, 
    0xf3053204, 0x2a001c00, 0x15b25700, 0x12112c2b, 0x1015b039, 0x00d01db0, 0xb02f0db0, 0xb0584500, 0xb11b2f15, 0x593e0e15, 0x150d00b2, 0xb0391211, 
    0x0db02f00, 0x0106b110, 0x582b0ab0, 0xf41bd821, 0x1000b059, 0xb0011db1, 0x21582b0a, 0x59f41bd8, 0xb11015b0, 0x0ab00124, 0xd821582b, 0x3059f41b, 
    0x16320131, 0x23020217, 0x27070622, 0x32333637, 0x14151300, 0x22230602, 0x34353500, 0x22173636, 0x14151506, 0x12323316, 0x26263535, 0xc2724002, 
    0xb3df1145, 0x174b8651, 0xfc9e792d, 0x7c011401, 0xfed68ee1, 0x93d676f9, 0xa2c3c5a2, 0xcc20c9aa, 0x5e62fe03, 0x39011201, 0x1d5e3229, 0xfe52fe4a, 
    0xfebc4576, 0x1e01a4d5, 0xe49019ec, 0xb6dd667c, 0x01e9b418, 0x6f2ef52a, 0x0100008c, 0x0dffae00, 0xb0059304, 0x28000700, 0x2f04b000, 0x584500b0, 
    0x1b2f06b0, 0x3e1e06b1, 0x1004b059, 0xb0d001b0, 0x02b11006, 0x2b0ab001, 0x1bd82158, 0x313059f4, 0x21112305, 0x21112311, 0xfd789304, 0xe503780b, 
    0xf93d06f3, 0x00a306c3, 0x3f000100, 0x9b04f3fe, 0x0c00b005, 0xb0003700, 0x00b02f03, 0x08b05845, 0x08b11b2f, 0xb0593e1e, 0x02b11003, 0x2b0ab001, 
    0x1bd82158, 0x05b059f4, 0x1008b0d0, 0xb0010ab1, 0x21582b0a, 0x59f41bd8, 0x30d007b0, 0x21010131, 0x01352115, 0x15213501, 0x1b030121, 0xc903b7fd, 
    0x5a02a4fb, 0x1904a6fd, 0x4a0279fc, 0x17fd4202, 0x00035c66, 0x665d0403, 0x010011fd, 0xae02a500, 0x1403e803, 0x12000300, 0x2f02b000, 0xb00101b1, 
    0x21582b0a, 0x59f41bd8, 0x21013130, 0xe8032135, 0x4303bdfc, 0x0066ae02, 0x40000100, 0x21040000, 0x0a00b005, 0xb0003a00, 0xb0584500, 0xb11b2f03, 
    0x593e1e03, 0x584500b0, 0x1b2f05b0, 0x3e0e05b1, 0x0501b259, 0x39121103, 0x05030ab2, 0xb0391211, 0x07b12f0a, 0x2b0ab001, 0x1bd82158, 0x313059f4, 
    0x01371725, 0x03230133, 0x01333523, 0x011214e6, 0x0bfe7c99, 0xef99f360, 0x045050f2, 0x0250fabe, 0x03006680, 0xebff7700, 0x4e04ef07, 0x2c001c00, 
    0x7c003d00, 0x3f3e07b2, 0xb0391211, 0x24b01007, 0x1007b0d0, 0x00d035b0, 0x584500b0, 0x1b2f0ab0, 0x3e0e0ab1, 0xd004b059, 0xb0100ab0, 0x12b0d012, 
    0x0a07b22f, 0x39121112, 0x0a1215b2, 0xb0391211, 0x0ab0d018, 0x0121b110, 0x582b0ab0, 0xf41bd821, 0x1012b059, 0xb00129b1, 0x21582b0a, 0x59f41bd8, 
    0xb11018b0, 0x0ab00131, 0xd821582b, 0xb059f41b, 0x3ab11004, 0x2b0ab001, 0x1bd82158, 0x313059f4, 0x06061401, 0x27262223, 0x22230606, 0x34353500, 
    0x32333636, 0x36361716, 0x16163233, 0x16140517, 0x36323316, 0x26273537, 0x06222326, 0x26342515, 0x06222326, 0x17150707, 0x32331616, 0xef073536, 
    0x9c85d879, 0xf75352f9, 0xf5fecc9a, 0x9c85d779, 0xfa5353f7, 0x78d6849c, 0x57fff802, 0xda8969a0, 0xda3f063f, 0x06c29c85, 0x669d5989, 0x073dda87, 
    0x88d73c08, 0x0902c39b, 0xd58efc94, 0x01d3cdcb, 0x9519f437, 0xcdd48efc, 0xf68ed4cd, 0xcc792f92, 0x2ad1e774, 0xfdddc613, 0xcf790bc7, 0x17c0df71, 
    0xe0bd1b2a, 0x0100cafb, 0x4bfe89ff, 0x15067002, 0x3f001600, 0x181700b2, 0x00391211, 0x584500b0, 0x1b2f0eb0, 0x3e200eb1, 0x4500b059, 0x2f03b058, 
    0x1003b11b, 0x08b1593e, 0x2b0ab001, 0x1bd82158, 0x0eb059f4, 0x0113b110, 0x582b0ab0, 0xf41bd821, 0x05313059, 0x22230614, 0x33163727, 0x34113532, 
    0x17323336, 0x22232607, 0x29011506, 0x3a388ea0, 0xc02a300f, 0x484094a2, 0x62373210, 0xaba9616c, 0xf7106214, 0xb4a21705, 0x7d0d6013, 0x02000071, 
    0x4e016500, 0xe6030e04, 0x2d001600, 0x05b27c00, 0x12112f2e, 0x1005b039, 0x00d027b0, 0xb02f03b0, 0x08b0d008, 0x1003b02f, 0xb0d00ab0, 0x0eb11008, 
    0x2b0ab001, 0x1bd82158, 0x03b059f4, 0x0113b110, 0x582b0ab0, 0xf41bd821, 0x100eb059, 0xb0d016b0, 0x1ab01003, 0x2f1ab0d0, 0xb0d01fb0, 0x1ab02f1f, 
    0xd021b010, 0xb1101fb0, 0x0ab00125, 0xd821582b, 0xb059f41b, 0x2ab1101a, 0x2b0ab001, 0x1bd82158, 0x25b059f4, 0xd02db010, 0x36133130, 0x17363336, 
    0x32331617, 0x06061737, 0x27272223, 0x06220726, 0x36360307, 0x17173633, 0x37323316, 0x23060617, 0x26272722, 0x07062207, 0x427f306a, 0x40a04a52, 
    0x0367834a, 0x4e427a30, 0x4f44a342, 0x09307c42, 0x52427e30, 0x483ca64a, 0x30036783, 0x424e427a, 0x424d46a3, 0x6403307c, 0x2302443c, 0x7e8b1d52, 
    0x541f443c, 0x404b021f, 0x453ceafe, 0x1b552302, 0x443c7e8c, 0x0220541f, 0x0100414b, 0x99009500, 0xb704d703, 0x39001300, 0x2f13b000, 0xb00100b1, 
    0x21582b0a, 0x59f41bd8, 0xb0d004b0, 0x07b01013, 0x1013b0d0, 0xb0d00fb0, 0x10b12f0f, 0x2b0ab001, 0x1bd82158, 0x08b059f4, 0x100fb0d0, 0x30d00bb0, 
    0x03210131, 0x35233727, 0x35211321, 0x07171321, 0x03211533, 0xfdd70321, 0x814798ef, 0xaf1001d3, 0xfc0141fe, 0xe785479d, 0x01b0dcfe, 0xfea201d4, 
    0x6ae029f7, 0x016a3101, 0x6ae72910, 0xffffcffe, 0x01004500, 0x2d048803, 0x20006600, 0x00405e00, 0x07019a39, 0xa0ffaf01, 0x080053fd, 0x041fb200, 
    0x31305d01, 0x7700ffff, 0xc9030100, 0x66003804, 0x68002200, 0x9a390040, 0xaf010701, 0x53fdd2ff, 0xb2000800, 0x5d01061f, 0x02003130, 0x00003700, 
    0xb005ce03, 0x09000500, 0x08b23800, 0x12110b0a, 0x1008b039, 0x00d001b0, 0x584500b0, 0x1b2f00b0, 0x3e1e00b1, 0x4500b059, 0x2f03b058, 0x0e03b11b, 
    0x06b2593e, 0x12110300, 0x0008b239, 0x39121103, 0x33013130, 0x09230101, 0x60d20104, 0x66fe9c01, 0x0163fe60, 0x01b8feca, 0x0549014b, 0xfd27fdb0, 
    0x02d70229, 0xfdabfd55, 0x005602aa, 0xa700ffff, 0x5501a700, 0x2700e604, 0x16001200, 0x0700af00, 0x19001200, 0x02004a04, 0x9d027500, 0x3a04e701, 
    0x07000300, 0xb0002c00, 0xb0584500, 0xb11b2f02, 0x593e1a02, 0x584500b0, 0x1b2f06b0, 0x3e1a06b1, 0x1002b059, 0xb0d000b0, 0x04b02f00, 0xd005b0d0, 
    0x23133130, 0x23013311, 0x62d73311, 0x62100162, 0x019d0262, 0x0163fe9d, 0x0100009d, 0x4aff7900, 0xb0003401, 0x22000700, 0x090803b2, 0x00391211, 
    0xb02f08b0, 0x04b0d004, 0x0400b62f, 0x04200410, 0x00b05d03, 0x2f00b0d0, 0x27173130, 0x33353736, 0x47c01415, 0xb6730345, 0x60706234, 0xffffbf3f, 
    0x00003f00, 0x1506cd04, 0x4a002600, 0x07000000, 0x1c024a00, 0x02000000, 0x00003000, 0x1506a003, 0x18001400, 0x08b28800, 0x12111a19, 0x1008b039, 
    0x00d016b0, 0x584500b0, 0x1b2f03b0, 0x3e1a03b1, 0x4500b059, 0x2f10b058, 0x1a10b11b, 0x00b0593e, 0x17b05845, 0x17b11b2f, 0xb0593e1a, 0xb0584500, 
    0xb11b2f08, 0x593e2008, 0x584500b0, 0x1b2f00b0, 0x3e0e00b1, 0x4500b059, 0x2f15b058, 0x0e15b11b, 0x10b0593e, 0x0101b110, 0x582b0ab0, 0xf41bd821, 
    0xd002b059, 0xb11008b0, 0x0ab0010d, 0xd821582b, 0xb059f41b, 0x12b01002, 0xd013b0d0, 0x11333130, 0x35333523, 0x32333634, 0x23260717, 0x33151122, 
    0x21112315, 0xe4331123, 0xabbcb4b4, 0x7a148e86, 0xfdfdf77e, 0x78784402, 0x6f62d803, 0x673bbfad, 0x6dfffe35, 0x0428fc62, 0x0100003a, 0x00003f00, 
    0x1506ae03, 0x6f001700, 0x191813b2, 0x00391211, 0x584500b0, 0x1b2f06b0, 0x3e1a06b1, 0x4500b059, 0x2f0eb058, 0x1a0eb11b, 0x00b0593e, 0x13b05845, 
    0x13b11b2f, 0xb0593e20, 0xb0584500, 0xb11b2f0a, 0x593e0e0a, 0x584500b0, 0x1b2f16b0, 0x3e0e16b1, 0x1013b059, 0xb00102b1, 0x21582b0a, 0x59f41bd8, 
    0xb11006b0, 0x0ab00108, 0xd821582b, 0xb059f41b, 0x0db0d00c, 0x013130d0, 0x06222326, 0x15211515, 0x11231121, 0x35333523, 0x32333636, 0x03231117, 
    0x67629437, 0xfe020170, 0xb3b378fe, 0x7c9aac01, 0x8e0577f9, 0x86717b1e, 0x0328fc62, 0xa48a62d8, 0x28fa3dad, 0x3f000200, 0xf3050000, 0x26001506, 
    0xb1002a00, 0x2c2b12b2, 0xb0391211, 0x28b01012, 0x00b000d0, 0x03b05845, 0x03b11b2f, 0xb0593e1a, 0xb0584500, 0xb11b2f11, 0x593e1a11, 0x584500b0, 
    0x1b2f1eb0, 0x3e1a1eb1, 0x4500b059, 0x2f29b058, 0x1a29b11b, 0x00b0593e, 0x16b05845, 0x16b11b2f, 0xb0593e20, 0xb0584500, 0xb11b2f00, 0x593e0e00, 
    0x584500b0, 0x1b2f22b0, 0x3e0e22b1, 0x4500b059, 0x2f27b058, 0x0e27b11b, 0x11b0593e, 0x0101b110, 0x582b0ab0, 0xf41bd821, 0xd002b059, 0xb01016b0, 
    0x16b0d008, 0x011bb110, 0x582b0ab0, 0xf41bd821, 0xd00db059, 0xb01002b0, 0x21b0d020, 0xd024b0d0, 0x30d025b0, 0x23113331, 0x34353335, 0x17323336, 
    0x22232607, 0x21151506, 0x33363435, 0x26071732, 0x15112223, 0x11231533, 0x11211123, 0x33112321, 0xa9b3b3f2, 0x093b4497, 0x6e633b32, 0xabbccd01, 
    0x7d148e86, 0xfefef77c, 0x0433fe77, 0x03787889, 0xa68362d8, 0x0c6411b2, 0x6f86717b, 0x673bbfad, 0x6bfdfe35, 0x0328fc62, 0x0428fcd8, 0x0100003a, 
    0x00003f00, 0x1506f305, 0xa1002900, 0x2b2a14b2, 0x00391211, 0x584500b0, 0x1b2f03b0, 0x3e1a03b1, 0x4500b059, 0x2f11b058, 0x1a11b11b, 0x00b0593e, 
    0x21b05845, 0x21b11b2f, 0xb0593e1a, 0xb0584500, 0xb11b2f08, 0x593e2008, 0x584500b0, 0x1b2f00b0, 0x3e0e00b1, 0x4500b059, 0x2f19b058, 0x0e19b11b, 
    0x00b0593e, 0x25b05845, 0x25b11b2f, 0xb0593e0e, 0x01b11011, 0x2b0ab001, 0x1bd82158, 0x02b059f4, 0x1008b0d0, 0xb0010db1, 0x21582b0a, 0x59f41bd8, 
    0xb01008b0, 0x0db0d016, 0xd01db010, 0xb01002b0, 0x24b0d023, 0xd027b0d0, 0x30d028b0, 0x23113331, 0x34353335, 0x17323336, 0x22232607, 0x21151506, 
    0x33363635, 0x23111732, 0x22232611, 0x21151506, 0x23112115, 0xf2112111, 0x97a9b3b3, 0x32093b44, 0x016e633b, 0x99ac01cd, 0x9478f97d, 0x01706762, 
    0x77fdfe03, 0xd80333fe, 0xb2a68362, 0x7b0c6411, 0xa38a8671, 0x28fa3dae, 0x7b1e8e05, 0xfc628671, 0xfcd80328, 0x01000028, 0xecff3f00, 0x15066f04, 
    0x97002800, 0x2a2914b2, 0x00391211, 0x584500b0, 0x1b2f10b0, 0x3e1a10b1, 0x4500b059, 0x2f1db058, 0x1a1db11b, 0x00b0593e, 0x27b05845, 0x27b11b2f, 
    0xb0593e1a, 0xb0584500, 0xb11b2f23, 0x593e2023, 0x584500b0, 0x1b2f19b0, 0x3e0e19b1, 0x4500b059, 0x2f0ab058, 0x0e0ab11b, 0x27b0593e, 0x0100b110, 
    0x582b0ab0, 0xf41bd821, 0x100ab059, 0xb00105b1, 0x21582b0a, 0x59f41bd8, 0xb01000b0, 0x0fb0d00e, 0x1023b0d0, 0xb00115b1, 0x21582b0a, 0x59f41bd8, 
    0xb0100fb0, 0x1cb0d01b, 0x013130d0, 0x16141123, 0x17373233, 0x26222306, 0x35231127, 0x26261133, 0x15062223, 0x23112311, 0x36353335, 0x32333637, 
    0x33111716, 0x41e05c04, 0x05431e4c, 0x7279512f, 0x22c6c601, 0x6b633178, 0x01b3b378, 0x478c5258, 0x03e056b6, 0x5a2ffdd8, 0x11620a58, 0xd802898b, 
    0x12490162, 0xfb717e1a, 0x62d80340, 0x5259a888, 0x7afe2a2b, 0x65000100, 0x3206ecff, 0x4a00ee05, 0x18b2c300, 0x12114c4b, 0x45b00039, 0x4500b02f, 
    0x2f3eb058, 0x1a3eb11b, 0x00b0593e, 0x0fb05845, 0x0fb11b2f, 0xb0593e1a, 0xb0584500, 0xb11b2f49, 0x593e1a49, 0x584500b0, 0x1b2f09b0, 0x3e0e09b1, 
    0x4500b059, 0x2f2bb058, 0x0e2bb11b, 0x49b0593e, 0x0101b110, 0x582b0ab0, 0xf41bd821, 0x1009b059, 0xb00104b1, 0x21582b0a, 0x59f41bd8, 0xb01001b0, 
    0x45b0d00d, 0x0113b110, 0x582b0ab0, 0xf41bd821, 0x3e1cb259, 0x3912112b, 0xb1103eb0, 0x0ab0011f, 0xd821582b, 0xb259f41b, 0x113e2b38, 0x38b03912, 
    0x0124b110, 0x582b0ab0, 0xf41bd821, 0x2b2fb259, 0x3912113e, 0xb1102bb0, 0x0ab00132, 0xd821582b, 0x3059f41b, 0x11230131, 0x37323314, 0x22230617, 
    0x23112726, 0x10353335, 0x15062223, 0x15021e14, 0x23263423, 0x14150622, 0x16160416, 0x23061415, 0x33352622, 0x32331616, 0x26343536, 0x35262624, 
    0x32333634, 0x34352617, 0x16323336, 0x06331515, 0x2a8de01f, 0x4d330537, 0xc2017a71, 0x665bdfc2, 0x78232a23, 0x8f76799f, 0x9d3b0177, 0xbdb2dd4c, 
    0xa30778eb, 0x8f9a7d86, 0x4d9fe0fe, 0x6176a7d6, 0xa688ad2a, 0xd803e0b1, 0x0bcb47fd, 0x97981162, 0x4962bd02, 0x53630401, 0x6e636944, 0x697e5f48, 
    0x4a595154, 0x89547654, 0x698cb7a4, 0x59546e75, 0x724f3d6c, 0x2ba78051, 0x9a785465, 0x0042bab8, 0x58001600, 0xeb0772fe, 0x0d00ae05, 0x28001a00, 
    0x3d003700, 0x49004300, 0x56004f00, 0x5e005a00, 0x66006200, 0x6e006a00, 0x7a007600, 0x82007e00, 0x8a008600, 0xfb018e00, 0x908f10b2, 0xb0391211, 
    0x00b01010, 0x1010b0d0, 0xb0d01bb0, 0x30b01010, 0x1010b0d0, 0xb0d03cb0, 0x3eb01010, 0x1010b0d0, 0xb0d046b0, 0x4ab01010, 0x1010b0d0, 0xb0d050b0, 
    0x57b01010, 0x1010b0d0, 0xb0d05bb0, 0x61b01010, 0x1010b0d0, 0xb0d063b0, 0x67b01010, 0x1010b0d0, 0xb0d06db0, 0x70b01010, 0x1010b0d0, 0xb0d077b0, 
    0x7bb01010, 0x1010b0d0, 0xb0d07fb0, 0x84b01010, 0x1010b0d0, 0xb0d088b0, 0x8cb01010, 0x3db000d0, 0x4500b02f, 0x2f46b058, 0x1e46b11b, 0x7eb2593e, 
    0xb22b0349, 0x2b037a7b, 0x038277b2, 0x3a7fb22b, 0x0ab22b03, 0x1211463d, 0x2f0ab039, 0xb0d003b0, 0x0eb02f03, 0x2f0eb0d0, 0xb0100ab0, 0x0fb0d00f, 
    0x0e6fb22f, 0x3912110f, 0xb22f6fb0, 0x71016faf, 0x6f6f5fb6, 0x036f7f6f, 0xcf09405d, 0xef6fdf6f, 0x046fff6f, 0x6fffb25d, 0x0fb47101, 0x026f1f6f, 
    0x6f094072, 0x8f6f7f6f, 0x046f9f6f, 0x0650b172, 0x582b0ab0, 0xf41bd821, 0x5015b259, 0x3912116f, 0xb1100ab0, 0x0ab0061e, 0xd821582b, 0xb059f41b, 
    0x25b11003, 0x2b0ab006, 0x1bd82158, 0x0fb059f4, 0xd029b010, 0xb02f29b0, 0x2eb0100e, 0x2f2eb0d0, 0xb00634b1, 0x21582b0a, 0x59f41bd8, 0xb1103db0, 
    0x0ab00b3c, 0xd821582b, 0xb059f41b, 0x6bb0103d, 0xd067b0d0, 0xb0d063b0, 0x3cb0d03e, 0xd06cb010, 0xb0d068b0, 0x3fb0d064, 0x103ab0d0, 0xb0d041b0, 
    0x47b11046, 0x2b0ab00b, 0x1bd82158, 0x5fb059f4, 0xd05bb0d0, 0xb0d057b0, 0x46b0d04a, 0xd060b010, 0xb0d05cb0, 0x4bb0d058, 0x1049b0d0, 0xb0d04eb0, 
    0x51b1100e, 0x2b0ab006, 0x1bd82158, 0x0fb059f4, 0x0a76b110, 0x582b0ab0, 0xf41bd821, 0x1077b059, 0xb0d084b0, 0x85b0107a, 0x107bb0d0, 0xb0d088b0, 
    0x89b0107e, 0x107fb0d0, 0xb0d08cb0, 0x8db01082, 0x013130d0, 0x22230614, 0x34352726, 0x16323336, 0x33111317, 0x14151632, 0x15161607, 0x34012314, 
    0x06222326, 0x16141515, 0x35363233, 0x14113301, 0x26222306, 0x33143335, 0x01353632, 0x33153311, 0x33352115, 0x01113335, 0x23152111, 0x21352515, 
    0x01352311, 0x35323315, 0x35132734, 0x35211521, 0x35211521, 0x35011521, 0x35211521, 0x35211521, 0x33131521, 0x26343532, 0x23012323, 0x23353335, 
    0x23113335, 0x23253335, 0x23353335, 0x23113335, 0x36033335, 0x80666481, 0x65687e02, 0xbc430280, 0x32547262, 0x8ffed034, 0x4a40414a, 0x4940424a, 
    0x695cba03, 0x5d6d5852, 0xf9362968, 0x05c471c4, 0xf86fc728, 0xc435016d, 0x3601ec05, 0x7e5cfc6f, 0x01cb6267, 0x015bfd16, 0x015cfd15, 0x010a0214, 
    0x015bfd16, 0x015cfd15, 0x765dbc14, 0xfc5d3c3a, 0x717171f1, 0x07717171, 0x6f6f6f22, 0x016f6f6f, 0x787962d4, 0x7c5f755e, 0xb3fe5e78, 0x4d492502, 
    0x460d2054, 0x48019b2d, 0x454e4e45, 0x4e4e4570, 0xfe4f0145, 0x515d4e86, 0x2c365b53, 0x3b01c9fc, 0xca7171ca, 0x1f06c5fe, 0xa9741d01, 0xe3fe74a9, 
    0xa9b6fca9, 0x03045253, 0x7474744a, 0xf9747474, 0x71717138, 0x03717171, 0x1e2950c4, 0x7efcd3fe, 0xf915fcfa, 0xfa7efc7e, 0x00f915fc, 0x5c000500, 
    0xd707d5fd, 0x03007308, 0x20001c00, 0x28002400, 0xb0004600, 0x25b02f21, 0xd000b02f, 0xb02f00b0, 0x02b01021, 0x2f02b0d0, 0x02000db2, 0xb0391211, 
    0x14b02f0d, 0x2f14b0d0, 0x00021fb2, 0xb0391211, 0x1eb22f1f, 0x12110d1f, 0x2f1eb039, 0x141e1cb2, 0xb0391211, 0x31302f1c, 0x34050309, 0x36363736, 
    0x23263435, 0x33070622, 0x32333636, 0x07141516, 0x17150606, 0x03331523, 0x03231533, 0x04231533, 0xfcbf0318, 0x0444fc41, 0x4a241e0f, 0x9095a75c, 
    0x02cb02a0, 0x38392b3a, 0xca2f5b5d, 0x044bcaca, 0x04040204, 0x31fc5206, 0xcf0331fc, 0x183a3af1, 0x804a8727, 0x337f8b97, 0x5f344034, 0x4c5c413c, 
    0x4cfdaa5b, 0x049e0a04, 0x4c000100, 0x9b020000, 0x16002003, 0x08b25b00, 0x12111817, 0x00b00039, 0x0eb05845, 0x0eb11b2f, 0xb0593e18, 0xb0584500, 
    0xb11b2f00, 0x593e0e00, 0xb00216b1, 0x21582b0a, 0x59f41bd8, 0x160002b2, 0xb2391211, 0x11000e03, 0x0eb03912, 0x0208b110, 0x582b0ab0, 0xf41bd821, 
    0x000bb259, 0x3912110e, 0x0e0014b2, 0x30391211, 0x35212131, 0x34353601, 0x06222326, 0x36342315, 0x14151632, 0x0221020f, 0x01c5fd9b, 0x4f516a40, 
    0x9e695e57, 0x37768efc, 0x4bb601e2, 0x496e3a01, 0x49594d3f, 0x667c8e6c, 0xd1377a65, 0x7e000100, 0xd0010000, 0x06001603, 0xb0003a00, 0xb0584500, 
    0xb11b2f05, 0x593e1805, 0x584500b0, 0x1b2f01b0, 0x3e0e01b1, 0x0504b259, 0x39121101, 0xb12f04b0, 0x0ab00203, 0xd821582b, 0xb259f41b, 0x11050302, 
    0x31303912, 0x07112321, 0x01332535, 0x01e86ad0, 0x97020e44, 0x006b5a46, 0x57000200, 0x8a02f5ff, 0x0d002003, 0x48001900, 0x1b1a03b2, 0xb0391211, 
    0x11b01003, 0x00b000d0, 0x0ab05845, 0x0ab11b2f, 0xb0593e18, 0xb0584500, 0xb11b2f03, 0x593e0e03, 0xb1100ab0, 0x0ab00211, 0xd821582b, 0xb059f41b, 
    0x17b11003, 0x2b0ab002, 0x1bd82158, 0x313059f4, 0x23061401, 0x35272622, 0x32333634, 0x34271516, 0x15222326, 0x33161415, 0x8a023532, 0x96838494, 
    0x87869302, 0x58596993, 0xaf585ab0, 0xa9a84601, 0xa290a1a8, 0x0ca4b0b0, 0x94f67b74, 0x00f97e73, 0x55000200, 0x8303f6ff, 0x15009d04, 0x61002200, 
    0x242314b2, 0xb0391211, 0x1db01014, 0x00b000d0, 0x09b05845, 0x09b11b2f, 0xb0593e1c, 0xb0584500, 0xb11b2f10, 0x593e0e10, 0x091003b2, 0xb0391211, 
    0x10b02f03, 0x0112b110, 0x582b0ab0, 0xf41bd821, 0x1003b059, 0xb00116b1, 0x21582b0a, 0x59f41bd8, 0xb11009b0, 0x0ab0011d, 0xd821582b, 0x3059f41b, 
    0x06060131, 0x35262223, 0x32333634, 0x10151516, 0x37230500, 0x25363633, 0x35373632, 0x22232634, 0x16141506, 0xa02f0b03, 0xe1d6a76a, 0xfed6c4b3, 
    0x25defed2, 0xf1e02401, 0xa165e0fe, 0x7d899922, 0x0e02989e, 0xacdb5241, 0xe2f8ebb0, 0xfeccfe58, 0x036603c2, 0x5969a4db, 0xb2bba13a, 0x00aa7d7f, 
    0x5c000300, 0xa403f0ff, 0x17009d04, 0x2f002300, 0x09b28f00, 0x12113130, 0x1009b039, 0xb0d01bb0, 0x27b01009, 0x00b000d0, 0x15b05845, 0x15b11b2f, 
    0xb0593e1c, 0xb0584500, 0xb11b2f09, 0x593e0e09, 0x09152db2, 0xb0391211, 0x1cb42f2d, 0x022d2c2d, 0x2d4fb45d, 0x71022d5f, 0x012d5fb2, 0x2de9b25d, 
    0xb9b25d01, 0xb15d012d, 0x0ab0011b, 0xd821582b, 0xb259f41b, 0x112d1b03, 0x0fb23912, 0x12111b2d, 0x1009b039, 0xb00121b1, 0x21582b0a, 0x59f41bd8, 
    0xb11015b0, 0x0ab00127, 0xd821582b, 0x3059f41b, 0x06140131, 0x15161607, 0x22230614, 0x36343526, 0x35262637, 0x32333634, 0x26340316, 0x15062223, 
    0x32331614, 0x26340336, 0x15062223, 0x32331614, 0x6e830336, 0xe77f7161, 0x80e6bfbc, 0xd4705e6f, 0x57d5afae, 0xa78483aa, 0xa3888ba2, 0x76749821, 
    0x75789393, 0x585e0395, 0x9826258c, 0xb0b09661, 0x25976496, 0x925b8a23, 0x4bfdaead, 0x68808266, 0x027d7c69, 0x767c5d8b, 0x77766063, 0x43000100, 
    0xa6030000, 0x06008d04, 0x01b23a00, 0x12110807, 0x00b00039, 0x05b05845, 0x05b11b2f, 0xb0593e1c, 0xb0584500, 0xb11b2f01, 0x593e0e01, 0xb11005b0, 
    0x0ab00103, 0xd821582b, 0xb259f41b, 0x11050300, 0x31303912, 0x01230101, 0x03213521, 0x7dd4fda6, 0x1efd2802, 0x47046303, 0x2604b9fb, 0x02000067, 
    0xf0ff7b00, 0x9604a603, 0x22001500, 0x03b26500, 0x12112423, 0x1003b039, 0x00d016b0, 0x584500b0, 0x1b2f00b0, 0x3e1c00b1, 0x4500b059, 0x2f0eb058, 
    0x0e0eb11b, 0x00b0593e, 0x0101b110, 0x582b0ab0, 0xf41bd821, 0x0e08b259, 0x39121100, 0xb22f08b0, 0x110e0805, 0x16b13912, 0x2b0ab001, 0x1bd82158, 
    0x0eb059f4, 0x011db110, 0x582b0ab0, 0xf41bd821, 0x01313059, 0x04062315, 0x33363607, 0x14151632, 0x26222306, 0x00103535, 0x06220321, 0x16141507, 
    0x35363233, 0xfa022634, 0xfffede1a, 0x5ca6380e, 0xb0d9ccad, 0x4201e7bb, 0x5fd22b01, 0x83a81fa6, 0x0496987a, 0xe6036896, 0xd64946d4, 0xf1dfafac, 
    0x380163c7, 0x03fe5301, 0x97484e62, 0x807fa7b5, 0x0100009e, 0xf0ff9100, 0x8d04b003, 0x70001d00, 0x1f1e1ab2, 0x00391211, 0x584500b0, 0x1b2f01b0, 
    0x3e1c01b1, 0x4500b059, 0x2f0db058, 0x0e0db11b, 0x01b0593e, 0x0103b110, 0x582b0ab0, 0xf41bd821, 0x0107b259, 0x3912110d, 0xb22f07b0, 0x110d0705, 
    0x11b23912, 0x1211070d, 0x100db039, 0xb00114b1, 0x21582b0a, 0x59f41bd8, 0xb11007b0, 0x0ab0011a, 0xd821582b, 0xb259f41b, 0x110d1a1d, 0x31303912, 
    0x15211313, 0x33360321, 0x14151632, 0x26222306, 0x16163327, 0x35363233, 0x22232634, 0x46b00707, 0xc9fd9b02, 0xb58e692f, 0xa2c1d3d9, 0x0d740ddc, 
    0x89927793, 0x4d858aa0, 0x0250022c, 0x8efe6c3d, 0xb7acce3e, 0x6792b3cc, 0x7c889979, 0x001f3295, 0x3c000200, 0xde030000, 0x0a008d04, 0x5e000e00, 
    0x100f0eb2, 0xb0391211, 0x09b0100e, 0x00b000d0, 0x09b05845, 0x09b11b2f, 0xb0593e1c, 0xb0584500, 0xb11b2f04, 0x593e0e04, 0x040901b2, 0xb0391211, 
    0x39b42f01, 0x02014901, 0x0102b15d, 0x582b0ab0, 0xf41bd821, 0xd006b059, 0xb01001b0, 0x08b2d00b, 0x1211060b, 0x090db239, 0x39121104, 0x33013130, 
    0x23112315, 0x01272111, 0x11210133, 0xc8160307, 0x9ffd78c8, 0x81590201, 0xd701b1fd, 0x66840131, 0x1e01e2fe, 0xfc260349, 0x537402f7, 0x55000100, 
    0x9403f0ff, 0x28009d04, 0x1bb29c00, 0x12112a29, 0x00b00039, 0x0fb05845, 0x0fb11b2f, 0xb0593e1c, 0xb0584500, 0xb11b2f1b, 0x593e0e1b, 0x1b0f01b2, 
    0xb0391211, 0xe9b22f01, 0xb45d0101, 0x019f018f, 0x5fb27102, 0xb45d0101, 0x015f014f, 0x2fb27102, 0xb25d0101, 0x5d01011c, 0x0101b9b2, 0x0149b25d, 
    0x0fb05d01, 0x0108b110, 0x582b0ab0, 0xf41bd821, 0x0f0bb259, 0x3912111b, 0xb11001b0, 0x0ab00127, 0xd821582b, 0xb259f41b, 0x11270115, 0x1fb23912, 
    0x12110f1b, 0x101bb039, 0xb00122b1, 0x21582b0a, 0x59f41bd8, 0x33013130, 0x35363736, 0x22232634, 0x34231506, 0x16323336, 0x07061415, 0x14151616, 
    0x26222306, 0x16143335, 0x34363233, 0x01232726, 0x4f98776a, 0x7d808c3c, 0xace2779b, 0x6373d0b4, 0xb8e0737c, 0xaa77ecbb, 0x9e988886, 0x8302789c, 
    0x52394a02, 0x607a7567, 0x98adb68b, 0x20228d55, 0xb5986394, 0x836596b7, 0x0275da79, 0x5a000100, 0xb2030000, 0x18009d04, 0x09b25b00, 0x12111a19, 
    0x00b00039, 0x10b05845, 0x10b11b2f, 0xb0593e1c, 0xb0584500, 0xb11b2f00, 0x593e0e00, 0xb00117b1, 0x21582b0a, 0x59f41bd8, 0x001702b2, 0xb2391211, 
    0x11001003, 0x10b03912, 0x0109b110, 0x582b0ab0, 0xf41bd821, 0x100cb259, 0x39121100, 0x100016b2, 0x30391211, 0x35212131, 0x35363601, 0x22232634, 
    0x34231506, 0x16323336, 0x07071415, 0xb2032101, 0xb101c6fc, 0x778b636f, 0xe7789a8d, 0xa4ccaeb8, 0x029ffe61, 0xaf015aa5, 0x69469b6c, 0x9d768a77, 
    0x8b93b2ca, 0xb2fe67b3, 0x9f000100, 0x78020000, 0x06009004, 0x01b24100, 0x12110807, 0x00b00039, 0x05b05845, 0x05b11b2f, 0xb0593e1c, 0xb0584500, 
    0xb11b2f00, 0x593e0e00, 0x050004b2, 0xb0391211, 0x03b12f04, 0x2b0ab001, 0x1bd82158, 0x02b259f4, 0x12110503, 0x21313039, 0x35051123, 0x78023325, 
    0x019ffe78, 0xfb0312c7, 0x00986c6f, 0x69000200, 0x9603f0ff, 0x0d009d04, 0x48001b00, 0x1d1c03b2, 0xb0391211, 0x11b01003, 0x00b000d0, 0x0ab05845, 
    0x0ab11b2f, 0xb0593e1c, 0xb0584500, 0xb11b2f03, 0x593e0e03, 0xb1100ab0, 0x0ab00111, 0xd821582b, 0xb059f41b, 0x18b11003, 0x2b0ab001, 0x1bd82158, 
    0x313059f4, 0x23021401, 0x35270222, 0x32331234, 0x34271712, 0x06222326, 0x16141515, 0x35363233, 0xc2d39603, 0xd301d7c0, 0x02d3c2c3, 0x8a8b9478, 
    0x898a9694, 0xf3e80194, 0x0301fbfe, 0x01f0c2f1, 0xedfefe07, 0xc6c6bb07, 0xcbbad9bd, 0x0100c1c7, 0x00004b00, 0x8d04d603, 0x46000900, 0x4500b000, 
    0x2f07b058, 0x1c07b11b, 0x00b0593e, 0x02b05845, 0x02b11b2f, 0xb1593e0e, 0x0ab00100, 0xd821582b, 0xb259f41b, 0x11020004, 0x07b03912, 0x0105b110, 
    0x582b0ab0, 0xf41bd821, 0x0509b259, 0x39121107, 0x21373130, 0x01352115, 0x15213521, 0xfcf202e4, 0xfdd60275, 0x655c033f, 0xd2035465, 0x01005167, 
    0x00001500, 0x8d040c04, 0x31000800, 0x4500b000, 0x2f01b058, 0x1c01b11b, 0x00b0593e, 0x07b05845, 0x07b11b2f, 0xb0593e1c, 0xb0584500, 0xb11b2f04, 
    0x593e0e04, 0x040100b2, 0x30391211, 0x33010131, 0x11231101, 0x10023301, 0xfe897301, 0x42fe783f, 0x02110289, 0xfe1afd7c, 0x02ac0159, 0x010000e1, 
    0x00002a00, 0x8d041104, 0x53000b00, 0x4500b000, 0x2f01b058, 0x1c01b11b, 0x00b0593e, 0x0ab05845, 0x0ab11b2f, 0xb0593e1c, 0xb0584500, 0xb11b2f04, 
    0x593e0e04, 0x584500b0, 0x1b2f07b0, 0x3e0e07b1, 0x0100b259, 0x39121104, 0x040106b2, 0xb2391211, 0x11060003, 0x09b23912, 0x12110006, 0x01313039, 
    0x01013301, 0x23010123, 0x02330101, 0x9056011b, 0xad0163fe, 0xfe9afe8f, 0xab018e9c, 0x028f61fe, 0xfde301aa, 0x01b2fdc1, 0x0210fef0, 0x003f024e, 
    0x32000100, 0xfa050000, 0x12008d04, 0xb0005900, 0xb0584500, 0xb11b2f03, 0x593e1c03, 0x584500b0, 0x1b2f08b0, 0x3e1c08b1, 0x4500b059, 0x2f11b058, 
    0x1c11b11b, 0x00b0593e, 0x0ab05845, 0x0ab11b2f, 0xb0593e0e, 0xb0584500, 0xb11b2f0f, 0x593e0e0f, 0x0a0301b2, 0xb2391211, 0x110a0306, 0x0db23912, 
    0x12110a03, 0x01313039, 0x33013717, 0x13371701, 0x01230133, 0x23010727, 0x8e013301, 0x0f01251f, 0x240b016f, 0xfe78e221, 0xe4fe74c4, 0xdefe1515, 
    0x79c3fe73, 0x8e982001, 0x87fc7703, 0x6c039b8e, 0xa70373fb, 0x59fc5555, 0x01008d04, 0x00001800, 0x8d042b04, 0x31000800, 0x4500b000, 0x2f03b058, 
    0x1c03b11b, 0x00b0593e, 0x07b05845, 0x07b11b2f, 0xb0593e1c, 0xb0584500, 0xb11b2f05, 0x593e0e05, 0x050301b2, 0x30391211, 0x37172531, 0x23013301, 
    0x08023301, 0x6f011a19, 0x7531fe81, 0xd58231fe, 0xb9035758, 0x8d0473fb, 0x88000100, 0x0004f0ff, 0x11008d04, 0x04b23d00, 0x12111312, 0x00b00039, 
    0x00b05845, 0x00b11b2f, 0xb0593e1c, 0xb0584500, 0xb11b2f08, 0x593e1c08, 0x584500b0, 0x1b2f04b0, 0x3e0e04b1, 0x010db159, 0x582b0ab0, 0xf41bd821, 
    0x01313059, 0x23061411, 0x11272622, 0x16141133, 0x37363233, 0xf0000411, 0x03eecbcc, 0x9697af76, 0x8d0401ae, 0xd5b6eefc, 0x1a03b4cf, 0x9c8aeefc, 
    0x15038a99, 0x2b000100, 0xf5030000, 0x07008d04, 0xb0002f00, 0xb0584500, 0xb11b2f06, 0x593e1c06, 0x584500b0, 0x1b2f02b0, 0x3e0e02b1, 0x1006b059, 
    0xb00100b1, 0x21582b0a, 0x59f41bd8, 0x30d004b0, 0x11210131, 0x35211123, 0xfef50321, 0x57fe7756, 0x2604ca03, 0x2604dafb, 0x01000067, 0xf0ff4a00, 
    0x9d04d303, 0x66002600, 0x282710b2, 0x00391211, 0x584500b0, 0x1b2f09b0, 0x3e1c09b1, 0x4500b059, 0x2f1cb058, 0x0e1cb11b, 0x03b2593e, 0x1211091c, 
    0x090db239, 0x3912111c, 0xb11009b0, 0x0ab00110, 0xd821582b, 0xb059f41b, 0x15b11003, 0x2b0ab001, 0x1bd82158, 0x21b259f4, 0x1211091c, 0x101cb039, 
    0xb00124b1, 0x21582b0a, 0x59f41bd8, 0x34013130, 0x26262426, 0x33363435, 0x23151632, 0x22232634, 0x16141506, 0x15161604, 0x22230614, 0x33352626, 
    0x32331614, 0x845a0336, 0x53aa99fe, 0xf2bebdec, 0x8b8dac78, 0x530192a6, 0xc1f158ad, 0x787bd884, 0xab8ea2bd, 0x6c592101, 0x547b5c5b, 0x9ac5aa87, 
    0x5a708871, 0x5e566953, 0xa68c5883, 0x776e9f55, 0x02007187, 0x00009800, 0x8d041604, 0x17000e00, 0x05b26a00, 0x12111918, 0x1005b039, 0x00d016b0, 
    0x584500b0, 0x1b2f04b0, 0x3e1c04b1, 0x4500b059, 0x2f02b058, 0x0e02b11b, 0x00b0593e, 0x0db05845, 0x0db11b2f, 0xb2593e0e, 0x11020410, 0x10b03912, 
    0x103fb42f, 0x5d02104f, 0xb00100b1, 0x21582b0a, 0x59f41bd8, 0x04000bb2, 0xb0391211, 0x16b11004, 0x2b0ab001, 0x1bd82158, 0x313059f4, 0x23112101, 
    0x16322111, 0x07061415, 0x01231501, 0x35363221, 0x21272634, 0x9efe7102, 0xc99d0177, 0x01738ce3, 0x79fd8034, 0x9c823c01, 0xd7fe90a1, 0x2cfed401, 
    0xa4bc8d04, 0xfe20ab73, 0x3a020a1b, 0x86756a86, 0x02000001, 0x33ff6500, 0x9d043d04, 0x20001200, 0x08b24800, 0x12112221, 0x1008b039, 0x00d01db0, 
    0x584500b0, 0x1b2f0fb0, 0x3e1c0fb1, 0x4500b059, 0x2f08b058, 0x0e08b11b, 0x0fb0593e, 0x0116b110, 0x582b0ab0, 0xf41bd821, 0x1008b059, 0xb0011db1, 
    0x21582b0a, 0x59f41bd8, 0x14013130, 0x07170706, 0x22230627, 0x34353500, 0x00323300, 0x26340717, 0x15062223, 0x33161415, 0x04353632, 0xde707d3d, 
    0x4944ff51, 0x01f1fedd, 0x01dadd0e, 0xc977060d, 0xc8c9aaad, 0x02c6afac, 0x41f4a80c, 0x11ce49b3, 0x6ff92701, 0xfe2901f5, 0xcc12efe5, 0x6fd2e7e7, 
    0xd1e8e9cc, 0x9a000200, 0xf4030000, 0x0a008d04, 0x4f001300, 0x151404b2, 0xb0391211, 0x0cb01004, 0x00b000d0, 0x03b05845, 0x03b11b2f, 0xb0593e1c, 
    0xb0584500, 0xb11b2f01, 0x593e0e01, 0x01030bb2, 0xb0391211, 0x00b12f0b, 0x2b0ab001, 0x1bd82158, 0x03b059f4, 0x0112b110, 0x582b0ab0, 0xf41bd821, 
    0x01313059, 0x21112311, 0x14151632, 0x21250706, 0x34353632, 0x01212326, 0xaf017711, 0xc9dee4c7, 0x3801c4fe, 0x8fa29f93, 0xcf01c7fe, 0x8d0431fe, 
    0xb6a4a3c0, 0x747f6601, 0x02008876, 0xf0ff6900, 0x9d043f04, 0x1c000e00, 0x03b24800, 0x12111e1d, 0x1003b039, 0x00d012b0, 0x584500b0, 0x1b2f0bb0, 
    0x3e1c0bb1, 0x4500b059, 0x2f03b058, 0x0e03b11b, 0x0bb0593e, 0x0112b110, 0x582b0ab0, 0xf41bd821, 0x1003b059, 0xb00119b1, 0x21582b0a, 0x59f41bd8, 
    0x14013130, 0x00222300, 0x36343535, 0x00323336, 0x26340717, 0x15062223, 0x33161415, 0x04353632, 0xe0f6fe3f, 0x78f3fedf, 0x01d991e1, 0xc976060d, 
    0xcac9abad, 0x02c6aeac, 0xdafef60c, 0x6ef92801, 0xfe87f6a1, 0xcc12efe5, 0x6fd2e7e7, 0xd1e8eacb, 0x9a000100, 0x46040000, 0x09008d04, 0xb0004500, 
    0xb0584500, 0xb11b2f05, 0x593e1c05, 0x584500b0, 0x1b2f08b0, 0x3e1c08b1, 0x4500b059, 0x2f00b058, 0x0e00b11b, 0x00b0593e, 0x03b05845, 0x03b11b2f, 
    0xb2593e0e, 0x11000502, 0x07b23912, 0x12110005, 0x21313039, 0x23110123, 0x11013311, 0x77460433, 0x777742fd, 0x0377be02, 0x042ffcd1, 0x032ffc8d, 
    0x010000d1, 0x00009a00, 0x8d045a05, 0x60000e00, 0x100f01b2, 0x00391211, 0x584500b0, 0x1b2f00b0, 0x3e1c00b1, 0x4500b059, 0x2f02b058, 0x1c02b11b, 
    0x00b0593e, 0x04b05845, 0x04b11b2f, 0xb0593e0e, 0xb0584500, 0xb11b2f08, 0x593e0e08, 0x584500b0, 0x1b2f0cb0, 0x3e0e0cb1, 0x0001b259, 0x39121104, 
    0x040007b2, 0xb2391211, 0x1104000a, 0x31303912, 0x11330209, 0x01131123, 0x11130123, 0x37011123, 0xc201c201, 0xfe0b779f, 0x3afe5a38, 0x8d04770b, 
    0xe70319fc, 0xdd0173fb, 0x04fc1f02, 0xe8fdf503, 0x8d0423fe, 0x9a000100, 0x75030000, 0x05008d04, 0xb0002900, 0xb0584500, 0xb11b2f04, 0x593e1c04, 
    0x584500b0, 0x1b2f02b0, 0x3e0e02b1, 0x0100b159, 0x582b0ab0, 0xf41bd821, 0x25313059, 0x11211521, 0x02110133, 0x7725fd64, 0x8d046565, 0x9a000100, 
    0x3d040000, 0x0c008d04, 0xb0005300, 0xb0584500, 0xb11b2f05, 0x593e1c05, 0x584500b0, 0x1b2f08b0, 0x3e1c08b1, 0x4500b059, 0x2f02b058, 0x0e02b11b, 
    0x00b0593e, 0x0cb05845, 0x0cb11b2f, 0xb2593e0e, 0x11080200, 0x01b23912, 0x12110208, 0x0206b239, 0x39121108, 0x08020ab2, 0x30391211, 0x11070131, 
    0x11331123, 0x01330137, 0xbc012301, 0xa67777ab, 0xfd97c501, 0x942b02ff, 0xfe9f3402, 0xfd8d046b, 0xbe01a999, 0x7afdf9fd, 0x3b000100, 0x3703f0ff, 
    0x0f008d04, 0x05b23000, 0x12111110, 0x00b00039, 0x00b05845, 0x00b11b2f, 0xb0593e1c, 0xb0584500, 0xb11b2f05, 0x593e0e05, 0xb0010cb1, 0x21582b0a, 
    0x59f41bd8, 0x33013130, 0x23061411, 0x33352622, 0x32331614, 0xbe023536, 0xbaa7cc79, 0x819078cf, 0x8d048971, 0xc29ec3fc, 0x7779a2b3, 0x0100728b, 
    0x0000b100, 0x8d042901, 0x1d000300, 0x4500b000, 0x2f02b058, 0x1c02b11b, 0x00b0593e, 0x00b05845, 0x00b11b2f, 0x30593e0e, 0x11232131, 0x78290133, 
    0x008d0478, 0x9a000100, 0x41040000, 0x0b008d04, 0xb0004f00, 0xb0584500, 0xb11b2f06, 0x593e1c06, 0x584500b0, 0x1b2f0ab0, 0x3e1c0ab1, 0x4500b059, 
    0x2f00b058, 0x0e00b11b, 0x00b0593e, 0x04b05845, 0x04b11b2f, 0xb2593e0e, 0x11000609, 0xb07c3912, 0xb1182f09, 0x0ab00102, 0xd821582b, 0x3059f41b, 
    0x11232131, 0x11231121, 0x11211133, 0x77410433, 0x777747fd, 0x0277b902, 0x04f4fd0c, 0x02e5fd8d, 0x0100001b, 0xf0ff7800, 0x9d042a04, 0x77002000, 
    0x22210bb2, 0x00391211, 0x584500b0, 0x1b2f0bb0, 0x3e1c0bb1, 0x4500b059, 0x2f04b058, 0x0e04b11b, 0x0fb2593e, 0x1211040b, 0x0f0cb239, 0x0bb05d01, 
    0x0112b110, 0x582b0ab0, 0xf41bd821, 0x1004b059, 0xb00119b1, 0x21582b0a, 0x59f41bd8, 0x040b20b2, 0xb0391211, 0x6fb42f20, 0x02207f20, 0x200fb25d, 
    0x3fb45d01, 0x02204f20, 0x011db15d, 0x582b0ab0, 0xf41bd821, 0x25313059, 0x23060706, 0x35350022, 0x32330034, 0x26231716, 0x06222326, 0x16141515, 
    0x37363233, 0x21352111, 0x4e272a04, 0xfee3bb87, 0xe10801e8, 0x7719ebc4, 0xac8cae16, 0x67b2d2c6, 0xb7fe2dab, 0x348bc001, 0x26014126, 0x01f27ef7, 
    0x7da8b820, 0x82cae27c, 0x2d31edc6, 0x00621d01, 0x9a000100, 0xa6030000, 0x09008d04, 0xb0004200, 0xb0584500, 0xb11b2f04, 0x593e1c04, 0x584500b0, 
    0x1b2f02b0, 0x3e0e02b1, 0x0409b259, 0x39121102, 0xb12f09b0, 0x0ab00100, 0xd821582b, 0xb059f41b, 0x06b11004, 0x2b0ab001, 0x1bd82158, 0x313059f4, 
    0x23112101, 0x21152111, 0x52032111, 0x0377bffd, 0x026bfd0c, 0xfd150241, 0x678d04eb, 0x010055fe, 0x13ff4a00, 0x7305d303, 0x73002b00, 0x2d2c13b2, 
    0x00391211, 0x584500b0, 0x1b2f09b0, 0x3e1c09b1, 0x4500b059, 0x2f1fb058, 0x0e1fb11b, 0x00b0593e, 0x22b05845, 0x22b11b2f, 0xb2593e0e, 0x11091f03, 
    0x10b23912, 0x12112209, 0x1009b039, 0xb00113b1, 0x21582b0a, 0x59f41bd8, 0xb11003b0, 0x0ab00118, 0xd821582b, 0xb259f41b, 0x11092226, 0x1fb03912, 
    0x0129b110, 0x582b0ab0, 0xf41bd821, 0x01313059, 0x26242634, 0x36343526, 0x15333537, 0x23151616, 0x22232634, 0x16141506, 0x15161604, 0x15070614, 
    0x26263523, 0x16143335, 0x03363233, 0x99fe845a, 0xa8d453aa, 0x78cbad65, 0xa68b8dac, 0xad530192, 0x65aed258, 0xbd78e6be, 0x01ab8ea2, 0x5b6c5921, 
    0x80547b5c, 0xd9d80aa5, 0x718ac210, 0x535a7088, 0x835e5669, 0x0aa58158, 0xbd0cdfdf, 0x71877797, 0x29000100, 0xc8030000, 0x1f009d04, 0x1bb27400, 
    0x12112120, 0x00b00039, 0x14b05845, 0x14b11b2f, 0xb0593e1c, 0xb0584500, 0xb11b2f06, 0x593e0e06, 0x06141eb2, 0xb0391211, 0x00b12f1e, 0x2b0ab004, 
    0x1bd82158, 0x06b059f4, 0x0104b110, 0x582b0ab0, 0xf41bd821, 0xd008b059, 0xb0d009b0, 0x0db01000, 0xd00eb0d0, 0xb0101eb0, 0x18b2d010, 0x12110614, 
    0x1014b039, 0xb0011ab1, 0x21582b0a, 0x59f41bd8, 0x21013130, 0x21071617, 0x33352115, 0x27273636, 0x27333523, 0x32333626, 0x10231516, 0x17062223, 
    0xfa022117, 0x090365fe, 0xfcb8025b, 0x483e0a98, 0xbbbe0306, 0xacbf0804, 0xe878b3ad, 0x04067a77, 0x16029e01, 0x6678f444, 0x89d01366, 0xcb7b5744, 
    0x01bdc6ea, 0x7ba5a81b, 0x15000100, 0x8b030000, 0x17008d04, 0x00b26f00, 0x12111918, 0x00b00039, 0x01b05845, 0x01b11b2f, 0xb0593e1c, 0xb0584500, 
    0xb11b2f0c, 0x593e0e0c, 0x010c00b2, 0xb2391211, 0x110c0108, 0x08b03912, 0xd003b02f, 0x2f03b07c, 0xb005b018, 0xd8582b0a, 0xb059dc1b, 0x0ab01008, 
    0x582b0ab0, 0x59dc1bd8, 0xb0d00eb0, 0x10b01008, 0x1005b0d0, 0xb0d012b0, 0x14b01003, 0x1001b0d0, 0x30d016b0, 0x33010131, 0x21152101, 0x15211515, 
    0x35231521, 0x35213521, 0x01213521, 0x01d10133, 0xacfe7f3b, 0xd2fe0101, 0xd2fe2e01, 0x01d2fe78, 0x01d2fe2e, 0x82adfe04, 0x7c021102, 0x015772fd, 
    0xffff5652, 0x02575356, 0x0100008e, 0x00009a00, 0x8d047e03, 0x33000500, 0x070601b2, 0x00391211, 0x584500b0, 0x1b2f04b0, 0x3e1c04b1, 0x4500b059, 
    0x2f02b058, 0x0e02b11b, 0x04b0593e, 0x0100b110, 0x582b0ab0, 0xf41bd821, 0x01313059, 0x11231121, 0xfd7e0321, 0xe4027793, 0xdafb2604, 0x02008d04, 
    0x00001800, 0x8d042b04, 0x08000300, 0x05b23d00, 0x12110a09, 0x1005b039, 0x00d002b0, 0x584500b0, 0x1b2f02b0, 0x3e1c02b1, 0x4500b059, 0x2f00b058, 
    0x0e00b11b, 0x05b2593e, 0x12110002, 0x0107b139, 0x582b0ab0, 0xf41bd821, 0x21313059, 0x07330121, 0x21010727, 0xedfb2b04, 0x2175cf01, 0xb9fe191a, 
    0x8d04c102, 0xfc5857d5, 0x030000af, 0xf0ff6900, 0x9d043f04, 0x12000300, 0x8a002000, 0x222107b2, 0xb0391211, 0x01b01007, 0x1007b0d0, 0x00d016b0, 
    0x584500b0, 0x1b2f0fb0, 0x3e1c0fb1, 0x4500b059, 0x2f07b058, 0x0e07b11b, 0x03b2593e, 0x1211070f, 0x2f03b039, 0x01035fb2, 0x034fb45d, 0x7102035f, 
    0x9f038fb4, 0xb4710203, 0x039f038f, 0x1fb45d02, 0x02032f03, 0x03cfb25d, 0x00b17101, 0x2b0ab001, 0x1bd82158, 0x0fb059f4, 0x0116b110, 0x582b0ab0, 
    0xf41bd821, 0x1007b059, 0xb0011db1, 0x21582b0a, 0x59f41bd8, 0x21013130, 0x14172135, 0x00222300, 0x36343535, 0x00323336, 0x26340717, 0x15062223, 
    0x33161415, 0x03353632, 0x02e8fd6c, 0xf6fed318, 0xf3fedfe0, 0xd991e178, 0x76060d01, 0xc9abadc9, 0xc6aeacca, 0x6f661502, 0x01dafef6, 0xa16ef928, 
    0xe5fe87f6, 0xe7cc12ef, 0xcb6fd2e7, 0x00d1e8ea, 0x18000100, 0x2b040000, 0x08008d04, 0x07b23800, 0x12110a09, 0x00b00039, 0x02b05845, 0x02b11b2f, 
    0xb0593e1c, 0xb0584500, 0xb11b2f00, 0x593e0e00, 0x584500b0, 0x1b2f04b0, 0x3e0e04b1, 0x0207b259, 0x39121100, 0x23333130, 0x23013301, 0x9a072701, 
    0x75cf0182, 0xfe81cf01, 0x04191a91, 0x0373fb8d, 0x005857b8, 0x47000300, 0x4c030000, 0x03008d04, 0x0b000700, 0x05b26800, 0x12110d0c, 0x1005b039, 
    0xb0d001b0, 0x09b01005, 0x00b000d0, 0x0ab05845, 0x0ab11b2f, 0xb0593e1c, 0xb0584500, 0xb11b2f00, 0x593e0e00, 0xb00102b1, 0x21582b0a, 0x59f41bd8, 
    0x000a07b2, 0xb0391211, 0x1fb42f07, 0x02072f07, 0x0104b15d, 0x582b0ab0, 0xf41bd821, 0x100ab059, 0xb00108b1, 0x21582b0a, 0x59f41bd8, 0x21213130, 
    0x21032135, 0x21132135, 0x4c032135, 0x0503fbfc, 0x0297fd4d, 0xfbfc4d69, 0x01660503, 0x950166c5, 0x01000067, 0x00009a00, 0x8d042a04, 0x40000700, 
    0x090801b2, 0x00391211, 0x584500b0, 0x1b2f06b0, 0x3e1c06b1, 0x4500b059, 0x2f00b058, 0x0e00b11b, 0x00b0593e, 0x04b05845, 0x04b11b2f, 0xb0593e0e, 
    0x02b11006, 0x2b0ab001, 0x1bd82158, 0x313059f4, 0x21112321, 0x21112311, 0xfd782a04, 0x9003775f, 0xdafb2604, 0x01008d04, 0x00003b00, 0x8d04bd03, 
    0x4d000c00, 0x0e0d06b2, 0x00391211, 0x584500b0, 0x1b2f08b0, 0x3e1c08b1, 0x4500b059, 0x2f03b058, 0x0e03b11b, 0x01b1593e, 0x2b0ab001, 0x1bd82158, 
    0x05b259f4, 0x12110301, 0x1008b039, 0xb0010ab1, 0x21582b0a, 0x59f41bd8, 0x0a0807b2, 0x30391211, 0x21010131, 0x01352115, 0x15213501, 0x3d020121, 
    0xea0296fe, 0x76017efc, 0x4b038afe, 0x68014ffd, 0x2cfe3a02, 0xed015d66, 0x675de601, 0x030038fe, 0x00006900, 0x8d04f504, 0x18001100, 0x81001f00, 
    0x212000b2, 0xb0391211, 0x00b0d015, 0xd01cb010, 0x4500b000, 0x2f10b058, 0x1c10b11b, 0x00b0593e, 0x08b05845, 0x08b11b2f, 0xb2593e0e, 0x11081000, 
    0x00b03912, 0x1016b22f, 0x39121108, 0x402f16b0, 0x1f160f0d, 0x3f162f16, 0x5f164f16, 0xb15d0616, 0x0ab00107, 0xd821582b, 0xb059f41b, 0x00b0d00a, 
    0xd00fb010, 0xb11000b0, 0x0ab00115, 0xd821582b, 0xb059f41b, 0x1cb01016, 0x1015b0d0, 0x30d01db0, 0x04160131, 0x06061415, 0x35231507, 0x24100026, 
    0x01333537, 0x11272634, 0x14253636, 0x06111716, 0xedea0206, 0xf1801e01, 0xfef3779a, 0xee1c01e9, 0xd4940177, 0xfcd6bec0, 0xbebfd462, 0x062504d5, 
    0xd78cd3fc, 0x6d6d057b, 0x01060108, 0x6808fca6, 0xbaaec3fd, 0x0615fd06, 0xc6afafc6, 0x06eb0206, 0x010000be, 0x00006900, 0x8d048604, 0x5d001800, 
    0x1a1900b2, 0x00391211, 0x584500b0, 0x1b2f04b0, 0x3e1c04b1, 0x4500b059, 0x2f11b058, 0x1c11b11b, 0x00b0593e, 0x17b05845, 0x17b11b2f, 0xb0593e1c, 
    0xb0584500, 0xb11b2f0b, 0x593e0e0b, 0x0b0416b2, 0xb0391211, 0x00b02f16, 0x1016b0d0, 0xb0010db1, 0x21582b0a, 0x59f41bd8, 0x30d00ab0, 0x36360131, 
    0x11331135, 0x07060706, 0x26112311, 0x33113502, 0x17161611, 0xb4023311, 0x0177adae, 0x79e87a6f, 0x0178f0e2, 0x0179a7b2, 0xc5e71194, 0xc1fe3c01, 
    0x0f988cec, 0x2e01d1fe, 0xfc19010e, 0xc1fe3c01, 0x020ee1cb, 0x010000f9, 0x00008000, 0x9d046904, 0x5e002400, 0x262507b2, 0x00391211, 0x584500b0, 
    0x1b2f1ab0, 0x3e1c1ab1, 0x4500b059, 0x2f0fb058, 0x0e0fb11b, 0x00b0593e, 0x23b05845, 0x23b11b2f, 0xb0593e0e, 0x11b1100f, 0x2b0ab001, 0x1bd82158, 
    0x0eb059f4, 0xd000b0d0, 0xb1101ab0, 0x0ab00107, 0xd821582b, 0xb059f41b, 0x21b01011, 0xd022b0d0, 0x36253130, 0x34353736, 0x06222326, 0x16141515, 
    0x35211517, 0x35262633, 0x36363435, 0x15003233, 0x07021415, 0x02211533, 0x028696c8, 0xc7acafc6, 0x5efe9b89, 0x797f6cf1, 0x01dd91e1, 0xf573760f, 
    0x37745ffe, 0xbe33c4ed, 0x21c6e6e8, 0x743bf6c3, 0xc0fd4665, 0x86f39725, 0x1bf2d8fe, 0x4cfcfeb3, 0x01000065, 0xecff2200, 0x8d040b05, 0x6e001700, 
    0x191807b2, 0x00391211, 0x584500b0, 0x1b2f02b0, 0x3e1c02b1, 0x4500b059, 0x2f16b058, 0x0e16b11b, 0x00b0593e, 0x0eb05845, 0x0eb11b2f, 0xb0593e0e, 
    0x00b11002, 0x2b0ab001, 0x1bd82158, 0x04b059f4, 0xd005b0d0, 0x021608b2, 0xb0391211, 0x0eb02f08, 0x010fb110, 0x582b0ab0, 0xf41bd821, 0x1008b059, 
    0xb00114b1, 0x21582b0a, 0x59f41bd8, 0x21013130, 0x21152135, 0x32333611, 0x06141516, 0x11203523, 0x07202634, 0x9d012311, 0x7d0385fe, 0xa79e76fe, 
    0xc5d1e1d0, 0xfe9c1f01, 0x0478a7c4, 0xfe676726, 0xc4bc446c, 0x0165bbaf, 0x46869306, 0x0100d6fd, 0xf0ff6d00, 0x9d041904, 0x87001f00, 0x212003b2, 
    0x00391211, 0x584500b0, 0x1b2f0bb0, 0x3e1c0bb1, 0x4500b059, 0x2f03b058, 0x0e03b11b, 0x0fb2593e, 0x1211030b, 0x100bb039, 0xb00112b1, 0x21582b0a, 
    0x59f41bd8, 0x030b16b2, 0xb0391211, 0x8fb42f16, 0x02169f16, 0x165fb25d, 0x1fb45d01, 0x02162f16, 0x164fb45d, 0x7102165f, 0x9f168fb4, 0xb1710216, 
    0x0ab00117, 0xd821582b, 0xb059f41b, 0x1cb11003, 0x2b0ab001, 0x1bd82158, 0x1fb259f4, 0x12110b03, 0x01313039, 0x22230606, 0x34353500, 0x32333636, 
    0x26231716, 0x06222326, 0x21152115, 0x33161415, 0x04373632, 0xc9f31519, 0x77f9fed4, 0xeec890da, 0xa2127815, 0x02c2a89f, 0xbf00fe00, 0x13a5a1a5, 
    0xc6b96f01, 0x80fb1e01, 0xc983f39e, 0xe39388b9, 0xc71366d8, 0x008e8ce6, 0x25000200, 0xef060000, 0x16008d04, 0x7a001f00, 0x212004b2, 0xb0391211, 
    0x17b01004, 0x00b000d0, 0x11b05845, 0x11b11b2f, 0xb0593e1c, 0xb0584500, 0xb11b2f03, 0x593e0e03, 0x584500b0, 0x1b2f0ab0, 0x3e0e0ab1, 0x1011b059, 
    0xb00105b1, 0x21582b0a, 0x59f41bd8, 0xb1100ab0, 0x0ab0010d, 0xd821582b, 0xb259f41b, 0x11031113, 0x13b03912, 0x0117b12f, 0x582b0ab0, 0xf41bd821, 
    0x1003b059, 0xb00118b1, 0x21582b0a, 0x59f41bd8, 0x14013130, 0x11210706, 0x02020321, 0x33372307, 0x13133632, 0x32211121, 0x21112516, 0x34353632, 
    0xef062726, 0x40febcd6, 0x11120dfe, 0x022fa291, 0x0d5d6e24, 0x01dd0214, 0xfdd9c33f, 0x88420125, 0x01859099, 0x02bea060, 0x1efe2604, 0xfefebffe, 
    0x01e46c01, 0xfe1c0221, 0xfe56bc30, 0x6d76860f, 0x02000385, 0x00009a00, 0x8d04fe06, 0x1b001200, 0x01b2b500, 0x12111d1c, 0x1001b039, 0x00d013b0, 
    0x584500b0, 0x1b2f02b0, 0x3e1c02b1, 0x4500b059, 0x2f11b058, 0x1c11b11b, 0x00b0593e, 0x0bb05845, 0x0bb11b2f, 0xb0593e0e, 0xb0584500, 0xb11b2f0f, 
    0x593e0e0f, 0x020f01b2, 0xb0391211, 0x5fb22f01, 0xb25d0101, 0x5d0101cf, 0x9f018fb4, 0xb2710201, 0x7201010f, 0x5f014fb4, 0xb4710201, 0x019f018f, 
    0x1fb45d02, 0x02012f01, 0x013fb25d, 0x04b27201, 0x12110b02, 0x2f04b039, 0xb11001b0, 0x0ab0010d, 0xd821582b, 0xb059f41b, 0x13b11004, 0x2b0ab001, 
    0x1bd82158, 0x0bb059f4, 0x0114b110, 0x582b0ab0, 0xf41bd821, 0x01313059, 0x11331121, 0x15163221, 0x21070614, 0x23112111, 0x11013311, 0x35363221, 
    0x01272634, 0x779b0211, 0xd9c33f01, 0x40febcd6, 0x777765fd, 0x42011203, 0x85909988, 0x1b027202, 0xa1bc30fe, 0x0202bea0, 0x04f4fd0c, 0xfecafd8d, 
    0x6d76860f, 0x01000385, 0x00002b00, 0x8d041405, 0x5c001500, 0x171607b2, 0x00391211, 0x584500b0, 0x1b2f02b0, 0x3e1c02b1, 0x4500b059, 0x2f0cb058, 
    0x0e0cb11b, 0x00b0593e, 0x14b05845, 0x14b11b2f, 0xb0593e0e, 0x00b11002, 0x2b0ab001, 0x1bd82158, 0x04b059f4, 0xd005b0d0, 0x0c0208b2, 0xb0391211, 
    0x11b12f08, 0x2b0ab001, 0x1bd82158, 0x313059f4, 0x21352101, 0x36112115, 0x17163233, 0x26112311, 0x07222326, 0xa6012311, 0x7d0385fe, 0xa79e76fe, 
    0x7803cfdf, 0x9ea98f01, 0x260478a7, 0x6dfe6767, 0xfecabe43, 0x9d4601b2, 0xd6fd468d, 0x9a000100, 0x2a04aafe, 0x0b008d04, 0x01b25000, 0x12110d0c, 
    0x02b00039, 0x4500b02f, 0x2f06b058, 0x1c06b11b, 0x00b0593e, 0x0ab05845, 0x0ab11b2f, 0xb0593e1c, 0xb0584500, 0xb11b2f00, 0x593e0e00, 0x584500b0, 
    0x1b2f04b0, 0x3e0e04b1, 0x0108b159, 0x582b0ab0, 0xf41bd821, 0xd009b059, 0x21213130, 0x21112311, 0x21113311, 0x2a043311, 0xfe7874fe, 0xa1027774, 
    0x01aafe78, 0xfb8d0456, 0x002704d9, 0x9a000200, 0xec030000, 0x0c008d04, 0x61001500, 0x171603b2, 0xb0391211, 0x0db01003, 0x00b000d0, 0x0bb05845, 
    0x0bb11b2f, 0xb0593e1c, 0xb0584500, 0xb11b2f09, 0x593e0e09, 0xb1100bb0, 0x0ab00100, 0xd821582b, 0xb259f41b, 0x11090b03, 0x03b03912, 0x1009b02f, 
    0xb0010db1, 0x21582b0a, 0x59f41bd8, 0xb11003b0, 0x0ab00113, 0xd821582b, 0x3059f41b, 0x11210131, 0x15163221, 0x21070614, 0x32012111, 0x26343536, 
    0x03112127, 0x0195fd7c, 0xd6d9c33f, 0x0240febc, 0x88d7fee2, 0xfe859099, 0xfe2804b2, 0xa0a1bc95, 0x8d0402be, 0x7686d9fb, 0xfe03856d, 0x0200000f, 
    0xb1fe3400, 0x8d04b004, 0x14000e00, 0x12b26000, 0x12111615, 0x1012b039, 0x00d004b0, 0xb02f08b0, 0xb0584500, 0xb11b2f04, 0x593e1c04, 0x584500b0, 
    0x1b2f0ab0, 0x3e0e0ab1, 0x0100b159, 0x582b0ab0, 0xf41bd821, 0xd006b059, 0xb0d007b0, 0x0cb01008, 0x2f0cb0d0, 0xb01007b0, 0x10b0d00f, 0x1004b0d0, 
    0xb00111b1, 0x21582b0a, 0x59f41bd8, 0x37373130, 0x21131336, 0x23113311, 0x23112111, 0x11213313, 0x84020321, 0x13118134, 0x7885ce02, 0x017874fc, 
    0xfea502d9, 0x6617101c, 0x6001ae41, 0xd9fbd801, 0x4f014bfe, 0xae01b8fe, 0x7ffec003, 0x010080fe, 0x00002500, 0x8d04f405, 0x9f001500, 0x171601b2, 
    0x00391211, 0x584500b0, 0x1b2f09b0, 0x3e1c09b1, 0x4500b059, 0x2f0db058, 0x1c0db11b, 0x00b0593e, 0x11b05845, 0x11b11b2f, 0xb0593e1c, 0xb0584500, 
    0xb11b2f02, 0x593e0e02, 0x584500b0, 0x1b2f06b0, 0x3e0e06b1, 0x4500b059, 0x2f14b058, 0x0e14b11b, 0x10b2593e, 0x12110209, 0x2f10b039, 0x01105fb2, 
    0x104fb45d, 0x7102105f, 0x2f101fb4, 0xb45d0210, 0x109f108f, 0x00b17102, 0x2b0ab001, 0x1bd82158, 0x04b059f4, 0x1008b2d0, 0x39121100, 0xb01010b0, 
    0x13b2d00b, 0x12111000, 0x01313039, 0x11231123, 0x01230123, 0x33013301, 0x33113311, 0x01013301, 0x7dc50323, 0x6cfe7d78, 0xfec3019a, 0x6a01956e, 
    0x017c787b, 0x6dfe936b, 0x029bc501, 0x02e7fd19, 0x02e7fd19, 0xfd3e024f, 0xfd0d02f3, 0xfd0d02f3, 0x00acfdc7, 0x4e000100, 0xc903f0ff, 0x27009d04, 
    0x23b28700, 0x12112928, 0x00b00039, 0x0ab05845, 0x0ab11b2f, 0xb0593e1c, 0xb0584500, 0xb11b2f15, 0x593e0e15, 0xb1100ab0, 0x0ab00103, 0xd821582b, 
    0xb259f41b, 0x11150a06, 0x26b23912, 0x1211150a, 0x2f26b039, 0x01265fb2, 0x261fb45d, 0x5d02262f, 0x5f264fb4, 0xb4710226, 0x269f268f, 0x23b17102, 
    0x2b0ab001, 0x1bd82158, 0x10b259f4, 0x12112623, 0x151ab239, 0x3912110a, 0xb11015b0, 0x0ab0011d, 0xd821582b, 0x3059f41b, 0x26340131, 0x15062223, 
    0x33363423, 0x14151632, 0x15160706, 0x22230614, 0x33352626, 0x32331616, 0x26343536, 0x33352327, 0xa33e0320, 0x78aa8495, 0xe3cdb2f4, 0xf6ef6874, 
    0x74ca7acd, 0x8cb20278, 0x9ea4a7a4, 0x3b018f9b, 0x75685803, 0xb290607a, 0x8b6196a8, 0x9cd53e23, 0x6a9751b1, 0x6b7b816a, 0x66016976, 0x9a000100, 
    0x4d040000, 0x09008d04, 0x00b24c00, 0x12110b0a, 0x00b00039, 0x00b05845, 0x00b11b2f, 0xb0593e1c, 0xb0584500, 0xb11b2f07, 0x593e1c07, 0x584500b0, 
    0x1b2f02b0, 0x3e0e02b1, 0x4500b059, 0x2f05b058, 0x0e05b11b, 0x04b2593e, 0x12110200, 0x0009b239, 0x39121102, 0x33013130, 0x01112311, 0x11331123, 
    0x7777d603, 0x77773bfd, 0x73fb8d04, 0x27fcd903, 0x26fc8d04, 0xa0000100, 0x1a040000, 0x0c008d04, 0x0ab26700, 0x12110e0d, 0x00b00039, 0x04b05845, 
    0x04b11b2f, 0xb0593e1c, 0xb0584500, 0xb11b2f08, 0x593e1c08, 0x584500b0, 0x1b2f02b0, 0x3e0e02b1, 0x4500b059, 0x2f0bb058, 0x0e0bb11b, 0x07b2593e, 
    0x12110204, 0x2f07b039, 0x01075fb2, 0x071fb45d, 0x5d02072f, 0xb00100b1, 0x21582b0a, 0x59f41bd8, 0x07000ab2, 0x30391211, 0x11230131, 0x11331123, 
    0x01330133, 0xa3012301, 0x8b77778c, 0xfe93b801, 0x9d150218, 0xe7fd1902, 0xf3fd8d04, 0xc5fd0d02, 0x0100aefd, 0x00002500, 0x8d041404, 0x4f001000, 
    0x121104b2, 0x00391211, 0x584500b0, 0x1b2f00b0, 0x3e1c00b1, 0x4500b059, 0x2f01b058, 0x0e01b11b, 0x00b0593e, 0x08b05845, 0x08b11b2f, 0xb0593e0e, 
    0x03b11000, 0x2b0ab001, 0x1bd82158, 0x08b059f4, 0x010bb110, 0x582b0ab0, 0xf41bd821, 0x01313059, 0x21112311, 0x07020203, 0x3e373723, 0x04133702, 
    0x0dfe7714, 0x9f901111, 0x4b250234, 0x170a2d52, 0x73fb8d04, 0x38fe2604, 0xf3feb2fe, 0x03016c03, 0x02b6c75b, 0x01000045, 0xecff2000, 0x8d040004, 
    0x44001200, 0x141306b2, 0x00391211, 0x584500b0, 0x1b2f03b0, 0x3e1c03b1, 0x4500b059, 0x2f11b058, 0x1c11b11b, 0x00b0593e, 0x08b05845, 0x08b11b2f, 
    0xb2593e0e, 0x11080301, 0x0db13912, 0x2b0ab001, 0x1bd82158, 0x313059f4, 0x01371701, 0x06060133, 0x37272223, 0x36323316, 0x01330137, 0x013722fb, 
    0x4bfe8c20, 0x42678d3e, 0x3f150b1e, 0xfe2b5b40, 0xb9018d42, 0xb6027456, 0x5d7f3bfc, 0x3e07610a, 0x00ae0351, 0x9a000100, 0xbf04b1fe, 0x0b008d04, 
    0x09b24600, 0x12110d0c, 0x02b00039, 0x4500b02f, 0x2f06b058, 0x1c06b11b, 0x00b0593e, 0x0ab05845, 0x0ab11b2f, 0xb0593e1c, 0xb0584500, 0xb11b2f04, 
    0x593e0e04, 0xb00100b1, 0x21582b0a, 0x59f41bd8, 0xb0d008b0, 0x3130d009, 0x23033325, 0x33112111, 0x33112111, 0x09952a04, 0x7751fc6d, 0x6678a102, 
    0x4f014bfe, 0xd9fb8d04, 0x01002704, 0x00004300, 0x8d04b103, 0x47001200, 0x14130eb2, 0x00391211, 0x584500b0, 0x1b2f08b0, 0x3e1c08b1, 0x4500b059, 
    0x2f11b058, 0x1c11b11b, 0x00b0593e, 0x00b05845, 0x00b11b2f, 0xb2593e0e, 0x1100080d, 0x0db03912, 0x0104b12f, 0x582b0ab0, 0xf41bd821, 0x21313059, 
    0x23061123, 0x11272622, 0x16161133, 0x37363233, 0xb1033311, 0xdfa79e78, 0x027703cf, 0xb059a791, 0xfa01783c, 0x01cabe43, 0x9bb5fe4e, 0x021b2a8a, 
    0x0100002b, 0x00009a00, 0x8d047c05, 0x50000b00, 0x0d0c05b2, 0x00391211, 0x584500b0, 0x1b2f02b0, 0x3e1c02b1, 0x4500b059, 0x2f06b058, 0x1c06b11b, 
    0x00b0593e, 0x0ab05845, 0x0ab11b2f, 0xb0593e1c, 0xb0584500, 0xb11b2f00, 0x593e0e00, 0xb00104b1, 0x21582b0a, 0x59f41bd8, 0xb0d008b0, 0x3130d009, 
    0x33112121, 0x33112111, 0x33112111, 0x1efb7c05, 0x78be0177, 0x0477be01, 0x04d9fb8d, 0x04d9fb27, 0x01000027, 0xb1fe9a00, 0x8d041206, 0x59000f00, 
    0x11100bb2, 0x00391211, 0xb02f02b0, 0xb0584500, 0xb11b2f06, 0x593e1c06, 0x584500b0, 0x1b2f0ab0, 0x3e1c0ab1, 0x4500b059, 0x2f0eb058, 0x1c0eb11b, 
    0x00b0593e, 0x04b05845, 0x04b11b2f, 0xb1593e0e, 0x0ab00100, 0xd821582b, 0xb059f41b, 0x09b0d008, 0xd00cb0d0, 0x30d00db0, 0x03332531, 0x11211123, 
    0x11211133, 0x11211133, 0x957d0533, 0xfffa6e09, 0x78be0177, 0x6678be01, 0x4f014bfe, 0xd9fb8d04, 0xd9fb2704, 0x02002704, 0x00000400, 0x8d04c004, 
    0x14000b00, 0x05b26100, 0x12111615, 0x1005b039, 0x00d013b0, 0x584500b0, 0x1b2f04b0, 0x3e1c04b1, 0x4500b059, 0x2f00b058, 0x0e00b11b, 0x04b0593e, 
    0x0102b110, 0x582b0ab0, 0xf41bd821, 0x0407b259, 0x39121100, 0xb02f07b0, 0x0cb11000, 0x2b0ab001, 0x1bd82158, 0x07b059f4, 0x0112b110, 0x582b0ab0, 
    0xf41bd821, 0x21313059, 0x35211121, 0x16211121, 0x27061016, 0x34353632, 0x11212726, 0x3ffe2f03, 0xe20196fe, 0xd6bb4901, 0x9789c2d6, 0xb2fe8490, 
    0xfe672604, 0xfebb0230, 0x8764bec0, 0x03856d75, 0xffff0ffe, 0x00009a00, 0x8d04f504, 0x08022600, 0x07000000, 0xcc03e301, 0x02000000, 0x00009a00, 
    0x8d04ec03, 0x13000a00, 0x08b25200, 0x12111514, 0x1008b039, 0x00d00bb0, 0x584500b0, 0x1b2f05b0, 0x3e1c05b1, 0x4500b059, 0x2f03b058, 0x0e03b11b, 
    0x08b2593e, 0x12110305, 0x2f08b039, 0xb11003b0, 0x0ab0010b, 0xd821582b, 0xb059f41b, 0x11b11008, 0x2b0ab001, 0x1bd82158, 0x313059f4, 0x07061401, 
    0x11331121, 0x01163221, 0x34353632, 0x11212726, 0xbcd6ec03, 0x017740fe, 0xfed9c33f, 0x90998867, 0x01b2fe85, 0x02bea060, 0x30fe8d04, 0x8665febc, 
    0x03856d76, 0x01000ffe, 0xf0ff5f00, 0x9d040b04, 0x89001f00, 0x212003b2, 0x00391211, 0x584500b0, 0x1b2f14b0, 0x3e1c14b1, 0x4500b059, 0x2f1cb058, 
    0x0e1cb11b, 0x00b2593e, 0x1211141c, 0x0103b139, 0x582b0ab0, 0xf41bd821, 0x1409b259, 0x3912111c, 0xb42f09b0, 0x095f094f, 0x5fb27102, 0xb45d0109, 
    0x099f098f, 0x1fb45d02, 0x02092f09, 0x098fb45d, 0x7102099f, 0x0109cfb2, 0x0106b171, 0x582b0ab0, 0xf41bd821, 0x1014b059, 0xb0010db1, 0x21582b0a, 
    0x59f41bd8, 0x1c1410b2, 0x30391211, 0x16161331, 0x35363233, 0x35213521, 0x22232634, 0x36230706, 0x00323336, 0x06141517, 0x26222306, 0xa513d627, 
    0xfebda7a1, 0xc2ff0101, 0x12a29fa8, 0xc9ef1277, 0x040401da, 0xcc8ddb74, 0x6f0112f2, 0xdae68b8f, 0xe4c80f66, 0xceb48893, 0x94eae3fe, 0xcb84f09e, 
    0x020000b4, 0xf0ff9a00, 0x9d04de05, 0x21001300, 0x04b29e00, 0x12112322, 0x1004b039, 0x00d018b0, 0x584500b0, 0x1b2f0bb0, 0x3e1c0bb1, 0x4500b059, 
    0x2f10b058, 0x1c10b11b, 0x00b0593e, 0x08b05845, 0x08b11b2f, 0xb0593e0e, 0xb0584500, 0xb11b2f03, 0x593e0e03, 0x0b080cb2, 0xb0391211, 0x5fb22f0c, 
    0xb45d010c, 0x0c5f0c4f, 0x8fb47102, 0x020c9f0c, 0x0c8fb471, 0x5d020c9f, 0x2f0c1fb4, 0xb25d020c, 0x71010ccf, 0xb00107b1, 0x21582b0a, 0x59f41bd8, 
    0xb11010b0, 0x0ab00117, 0xd821582b, 0xb059f41b, 0x1eb11003, 0x2b0ab001, 0x1bd82158, 0x313059f4, 0x23001401, 0x23110022, 0x33112311, 0x00343311, 
    0x17003233, 0x23263407, 0x15150622, 0x32331614, 0xde053536, 0xdee0f6fe, 0x77f6f1fe, 0x0e01f677, 0x0d01d9dd, 0xadc97606, 0xaccac9ab, 0x0c02c6ae, 
    0x01dafef6, 0xfd000127, 0xfd8d04e9, 0x2901f7f0, 0x12efe5fe, 0xd2e7e7cc, 0xe8eacb6f, 0x020000d1, 0x00005000, 0x8d04d303, 0x16000d00, 0x07b26300, 
    0x12111817, 0x1007b039, 0x00d014b0, 0x584500b0, 0x1b2f07b0, 0x3e1c07b1, 0x4500b059, 0x2f00b058, 0x0e00b11b, 0x00b0593e, 0x09b05845, 0x09b11b2f, 
    0xb2593e0e, 0x11000711, 0x11b03912, 0x010bb12f, 0x582b0ab0, 0xf41bd821, 0x0b01b259, 0x39121107, 0xb11007b0, 0x0ab00113, 0xd821582b, 0x3059f41b, 
    0x26013331, 0x36343526, 0x23112133, 0x13012111, 0x21331614, 0x06222111, 0x76270150, 0x01c5d17f, 0x86fe78bb, 0x8b2af0fe, 0xfe440191, 0x028d90bd, 
    0x769b1b18, 0x73fba9a0, 0x04fefc01, 0x6d724103, 0x0071c401, 0x0f000100, 0xe9030000, 0x0d008d04, 0x00b25200, 0x12110f0e, 0x00b00039, 0x08b05845, 
    0x08b11b2f, 0xb0593e1c, 0xb0584500, 0xb11b2f02, 0x593e0e02, 0x02080db2, 0xb0391211, 0x00b12f0d, 0x2b0ab001, 0x1bd82158, 0x04b059f4, 0x100db0d0, 
    0xb0d006b0, 0x0ab11008, 0x2b0ab001, 0x1bd82158, 0x313059f4, 0x23112301, 0x33352311, 0x21152111, 0x73023311, 0xf6f678f6, 0x94fde402, 0xfd1602f6, 
    0x661602ea, 0xfe671102, 0x01000056, 0xb1fe2500, 0x8d041206, 0xb4001900, 0x1b1a08b2, 0x00391211, 0xb02f03b0, 0xb0584500, 0xb11b2f10, 0x593e1c10, 
    0x584500b0, 0x1b2f14b0, 0x3e1c14b1, 0x4500b059, 0x2f18b058, 0x1c18b11b, 0x00b0593e, 0x05b05845, 0x05b11b2f, 0xb0593e0e, 0xb0584500, 0xb11b2f09, 
    0x593e0e09, 0x584500b0, 0x1b2f0db0, 0x3e0e0db1, 0x1017b259, 0x39121105, 0xb22f17b0, 0x5d01175f, 0x5f174fb4, 0xb4710217, 0x172f171f, 0x8fb45d02, 
    0x02179f17, 0x0107b171, 0x582b0ab0, 0xf41bd821, 0x0700b259, 0x39121117, 0xb11005b0, 0x0ab00101, 0xd821582b, 0xb059f41b, 0x0bb01007, 0x170fb2d0, 
    0x39121107, 0xb01017b0, 0x3130d012, 0x11330101, 0x01231123, 0x11231123, 0x01230123, 0x33013301, 0x33113311, 0x2f043301, 0x6e6b7801, 0x7d6cfe4b, 
    0x6cfe7d78, 0xfec3019a, 0x6a01956e, 0x017c787b, 0x5402936b, 0x4cfe11fe, 0x19024f01, 0x1902e7fd, 0x4f02e7fd, 0xf3fd3e02, 0xf3fd0d02, 0x01000d02, 
    0xb1fea000, 0x8d042b04, 0x87001000, 0x121100b2, 0x00391211, 0xb02f03b0, 0xb0584500, 0xb11b2f0b, 0x593e1c0b, 0x584500b0, 0x1b2f0fb0, 0x3e1c0fb1, 
    0x4500b059, 0x2f05b058, 0x0e05b11b, 0x00b0593e, 0x09b05845, 0x09b11b2f, 0xb2593e0e, 0x11050b0e, 0x0eb03912, 0x0e5fb22f, 0x4fb45d01, 0x020e5f0e, 
    0x0e1fb471, 0x5d020e2f, 0x9f0e8fb4, 0xb171020e, 0x0ab00107, 0xd821582b, 0xb259f41b, 0x110e0700, 0x05b03912, 0x0101b110, 0x582b0ab0, 0xf41bd821, 
    0x01313059, 0x23113301, 0x23012311, 0x33112311, 0x33013311, 0xba010502, 0xfe3f6f6c, 0x77778c26, 0x93b8018b, 0x13fe5202, 0x4f014cfe, 0xe7fd1902, 
    0xf3fd8d04, 0x01000d02, 0x0000a000, 0x8d048704, 0x75001400, 0x161508b2, 0x00391211, 0x584500b0, 0x1b2f06b0, 0x3e1c06b1, 0x4500b059, 0x2f13b058, 
    0x1c13b11b, 0x00b0593e, 0x09b05845, 0x09b11b2f, 0xb0593e0e, 0xb0584500, 0xb11b2f11, 0x593e0e11, 0x090605b2, 0xb0391211, 0x5fb22f05, 0xb45d0105, 
    0x052f051f, 0x9fb25d02, 0xb0710105, 0x05b0d000, 0x010bb110, 0x582b0ab0, 0xf41bd821, 0x0b08b259, 0x39121105, 0x30d00fb0, 0x35330131, 0x01331533, 
    0x23010133, 0x23152301, 0x23112335, 0x17013311, 0x013d6655, 0x18fe94b7, 0xfe9d1502, 0x55663e26, 0x80027777, 0x0d02f3f3, 0xadfdc6fd, 0xe6e61902, 
    0x8d04e7fd, 0x11000100, 0xf6040000, 0x0e008d04, 0x00b28400, 0x1211100f, 0x00b00039, 0x06b05845, 0x06b11b2f, 0xb0593e1c, 0xb0584500, 0xb11b2f0a, 
    0x593e1c0a, 0x584500b0, 0x1b2f02b0, 0x3e0e02b1, 0x4500b059, 0x2f0db058, 0x0e0db11b, 0x09b2593e, 0x12110206, 0x2f09b039, 0x01095fb2, 0x094fb45d, 
    0x7102095f, 0x2f091fb4, 0xb45d0209, 0x099f098f, 0x00b17102, 0x2b0ab001, 0x1bd82158, 0x06b059f4, 0x0104b110, 0x582b0ab0, 0xf41bd821, 0x000cb259, 
    0x39121109, 0x23013130, 0x21112311, 0x33112135, 0x01013301, 0x8b7f0223, 0x0195fe78, 0xb8018ae3, 0x0218fe93, 0x19029d15, 0x2704e7fd, 0x02f3fd66, 
    0xfdc5fd0d, 0x020000ae, 0xebff6900, 0xa5044405, 0x32002400, 0x1ab27f00, 0x12113433, 0x101ab039, 0x00d031b0, 0x584500b0, 0x1b2f1bb0, 0x3e1c1bb1, 
    0x4500b059, 0x2f04b058, 0x0e04b11b, 0x00b0593e, 0x2f00b0d0, 0x1b0402b2, 0xb0391211, 0x1bb02f02, 0xd00bb010, 0xb12f0bb0, 0x0ab0010c, 0xd821582b, 
    0xb059f41b, 0x13b11004, 0x2b0ab001, 0x1bd82158, 0x24b059f4, 0x1002b0d0, 0xb00128b1, 0x21582b0a, 0x59f41bd8, 0xb1101bb0, 0x0ab0012f, 0xd821582b, 
    0x3059f41b, 0x27220531, 0x00202306, 0x12343511, 0x06221733, 0x12101515, 0x24373233, 0x12343511, 0x15123233, 0x07021415, 0x14013316, 0x36361716, 
    0x26343535, 0x07062223, 0xa0cf4405, 0xebfea580, 0xcdf9cefe, 0xf2b59c02, 0xfe4659de, 0xb1b2c4ee, 0x6e6d74ca, 0x8a71fd89, 0x7f7a708e, 0x02827a85, 
    0x013b3a14, 0x1539014f, 0x692401f9, 0xfe19c9ed, 0x13e9fefd, 0x2d7101aa, 0xfe0701e8, 0xa53aeffd, 0x1a56f8fe, 0xf6a82602, 0xa4f34242, 0xc3cbb93d, 
    0xffff00b8, 0x00001500, 0x8d040c04, 0xd3012600, 0x07000000, 0x60002602, 0x0100d9fe, 0xb1fe2a00, 0x8d043704, 0x5e001000, 0x121103b2, 0x00391211, 
    0xb02f07b0, 0xb0584500, 0xb11b2f01, 0x593e1c01, 0x584500b0, 0x1b2f0fb0, 0x3e1c0fb1, 0x4500b059, 0x2f09b058, 0x0e09b11b, 0x00b0593e, 0x0cb05845, 
    0x0cb11b2f, 0xb2593e0e, 0x11090100, 0x09b03912, 0x0104b110, 0x582b0ab0, 0xf41bd821, 0x010bb259, 0x39121109, 0x01013130, 0x35010133, 0x11231133, 
    0x23010123, 0x02330101, 0x9056011b, 0x640163fe, 0xfe466f6f, 0x8e9cfe9a, 0x61feab01, 0x01aa028f, 0xfec1fde3, 0x4cfe0116, 0xf0014f01, 0x4e0210fe, 
    0x01003f02, 0xb1fe2200, 0x8d04c305, 0x5e000f00, 0x111009b2, 0x00391211, 0xb02f02b0, 0xb0584500, 0xb11b2f08, 0x593e1c08, 0x584500b0, 0x1b2f0eb0, 
    0x3e1c0eb1, 0x4500b059, 0x2f04b058, 0x0e04b11b, 0x00b1593e, 0x2b0ab001, 0x1bd82158, 0x08b059f4, 0x0106b110, 0x582b0ab0, 0xf41bd821, 0xd00ab059, 
    0xb0d00bb0, 0x0cb01000, 0xd00db0d0, 0x33253130, 0x21112303, 0x21352111, 0x21112115, 0x2e053311, 0xfc6d0995, 0x0384fe51, 0x0276fe7d, 0xfe6678a1, 
    0x044f014b, 0xfc676726, 0x00270440, 0x43000100, 0xb1030000, 0x17008d04, 0x04b25000, 0x12111918, 0x00b00039, 0x0bb05845, 0x0bb11b2f, 0xb0593e1c, 
    0xb0584500, 0xb11b2f16, 0x593e1c16, 0x584500b0, 0x1b2f00b0, 0x3e0e00b1, 0x0b10b259, 0x39121100, 0xb12f10b0, 0x0ab00107, 0xd821582b, 0xb059f41b, 
    0x10b0d004, 0xd013b010, 0x23213130, 0x15070611, 0x26263523, 0x11331127, 0x11171616, 0x37361133, 0xb1033311, 0x66838778, 0x7704bbc7, 0x66927b02, 
    0x01787991, 0xd50839fa, 0xbebe08d4, 0xb6fe5101, 0x01098c90, 0x0efbfe06, 0x002b0235, 0x9a000100, 0x08040000, 0x11008d04, 0x04b24700, 0x12111312, 
    0x00b00039, 0x00b05845, 0x00b11b2f, 0xb0593e1c, 0xb0584500, 0xb11b2f08, 0x593e0e08, 0x584500b0, 0x1b2f10b0, 0x3e0e10b1, 0x0004b259, 0x39121108, 
    0xb12f04b0, 0x0ab0010d, 0xd821582b, 0x3059f41b, 0x11331331, 0x16323336, 0x11231117, 0x22232626, 0x9a231107, 0xdfa5a078, 0x027703cf, 0xa79ea791, 
    0xfe8d0478, 0xcabe4405, 0x4b01b2fe, 0xfd468a9b, 0x020000d6, 0xeeff0b00, 0x9d044305, 0x24001c00, 0x0eb26700, 0x12112625, 0x100eb039, 0x00d01eb0, 
    0x584500b0, 0x1b2f0fb0, 0x3e1c0fb1, 0x4500b059, 0x2f00b058, 0x0e00b11b, 0x0bb2593e, 0x1211000f, 0x2f0bb039, 0xb00104b1, 0x21582b0a, 0x59f41bd8, 
    0xb0d013b0, 0x18b11000, 0x2b0ab001, 0x1bd82158, 0x0fb059f4, 0x011db110, 0x582b0ab0, 0xf41bd821, 0x100bb059, 0x30d020b0, 0x00220531, 0x26263535, 
    0x16143335, 0x33023e17, 0x15150032, 0x16141521, 0x17373233, 0x06220106, 0x34352107, 0xf0700326, 0xafa8e2fe, 0x04797668, 0xec89e27e, 0x96fc0801, 
    0x88bec0d7, 0xfdfe902c, 0x0206cca4, 0x0112c6f2, 0x082bf71b, 0x7f6d9db4, 0x84ef9907, 0x70f5f3fe, 0x5fe0c033, 0x47046c5d, 0xb526bde7, 0x020000c9, 
    0xeeff5e00, 0x9d043f04, 0x1d001500, 0x08b26100, 0x12111f1e, 0x1008b039, 0x00d016b0, 0x584500b0, 0x1b2f00b0, 0x3e1c00b1, 0x4500b059, 0x2f08b058, 
    0x0e08b11b, 0x0cb2593e, 0x12110800, 0x2f0cb039, 0xb11000b0, 0x0ab00111, 0xd821582b, 0xb059f41b, 0x16b11008, 0x2b0ab001, 0x1bd82158, 0x0cb059f4, 
    0x0119b110, 0x582b0ab0, 0xf41bd821, 0x01313059, 0x15150032, 0x23060614, 0x35350022, 0x26343521, 0x27072223, 0x36320136, 0x14152137, 0xee380216, 
    0xe37c1901, 0xf7feeb8e, 0xc0d76a03, 0x912c88be, 0xcda40201, 0xc60ffd04, 0xe1fe9d04, 0xf59e7df6, 0xf40b018a, 0xe0c13272, 0xfb6d5d5f, 0x26bde7b8, 
    0x0100c9b5, 0xeeff4e00, 0x8d04c903, 0x6f001a00, 0x1c1b05b2, 0x00391211, 0x584500b0, 0x1b2f02b0, 0x3e1c02b1, 0x4500b059, 0x2f0bb058, 0x0e0bb11b, 
    0x02b0593e, 0x0100b110, 0x582b0ab0, 0xf41bd821, 0x0004b259, 0x39121102, 0x0b0205b2, 0xb0391211, 0x10b22f05, 0x1211020b, 0x100bb039, 0xb00113b1, 
    0x21582b0a, 0x59f41bd8, 0xb11005b0, 0x0ab00118, 0xd821582b, 0xb059f41b, 0x1ab01005, 0x013130d0, 0x17213521, 0x15161601, 0x22230614, 0x33352626, 
    0x32331616, 0x21343536, 0x03033523, 0x210375fd, 0xcc7afe03, 0x7ac9fae7, 0x027873cb, 0xaf9c8cb2, 0x0472b0fe, 0xfe5d6726, 0x98b6026f, 0x9753bda4, 
    0x85856a6a, 0x0068ed79, 0x69000300, 0x3f04f0ff, 0x0e009d04, 0x1e001600, 0x03b28a00, 0x1211201f, 0x1003b039, 0xb0d014b0, 0x1cb01003, 0x00b000d0, 
    0x0bb05845, 0x0bb11b2f, 0xb0593e1c, 0xb0584500, 0xb11b2f03, 0x593e0e03, 0x030b18b2, 0xb0391211, 0x5fb22f18, 0xb45d0118, 0x185f184f, 0x8fb47102, 
    0x02189f18, 0x188fb471, 0x5d02189f, 0x2f181fb4, 0xb25d0218, 0x710118cf, 0xb0010fb1, 0x21582b0a, 0x59f41bd8, 0xb11003b0, 0x0ab00114, 0xd821582b, 
    0xb059f41b, 0x1cb1100b, 0x2b0ab001, 0x1bd82158, 0x313059f4, 0x23001401, 0x35350022, 0x33363634, 0x07170032, 0x16141521, 0x01363233, 0x26343521, 
    0x04062223, 0xe0f6fe3f, 0x78f3fedf, 0x01d991e1, 0xfd76060d, 0xaeacca16, 0x0216fdc6, 0xabadc9ea, 0xf60c02c9, 0x2801dafe, 0xf6a16ef9, 0xefe5fe87, 
    0xeacb097e, 0x063c01e8, 0x00e7e7cc, 0x29000100, 0xc8030000, 0x27009d04, 0x25b2a500, 0x12112928, 0x00b00039, 0x1eb05845, 0x1eb11b2f, 0xb0593e1c, 
    0xb0584500, 0xb11b2f0c, 0x593e0e0c, 0x1e0c06b2, 0xb0391211, 0x0fb22f06, 0xb05d0106, 0x01b0d001, 0x1f09402f, 0x3f012f01, 0x04014f01, 0x0100b25d, 
    0x03b15d01, 0x2b0ab004, 0x1bd82158, 0x06b059f4, 0x0407b110, 0x582b0ab0, 0xf41bd821, 0x100cb059, 0xb0010bb1, 0x21582b0a, 0x59f41bd8, 0xb0d00eb0, 
    0x13b01007, 0x1006b0d0, 0xb0d014b0, 0x17b01003, 0x1001b0d0, 0xb2d01ab0, 0x110c1e22, 0x1eb03912, 0x0124b110, 0x582b0ab0, 0xf41bd821, 0x01313059, 
    0x17211521, 0x21152115, 0x15210706, 0x36333521, 0x35233736, 0x23273533, 0x26273335, 0x16323336, 0x23102315, 0x01170622, 0xfea0015a, 0x98010563, 
    0x460b67fe, 0x98fcb802, 0x0744320a, 0xbc05c1be, 0xbf0802b9, 0x78b3adac, 0x067a77e8, 0x7c57a502, 0x5bb15709, 0x930f6666, 0x7c09576a, 0xeacb4357, 
    0x1b01bdc6, 0x0100a5a8, 0xeeff3500, 0x9d047c03, 0xae002300, 0x25240ab2, 0x00391211, 0x584500b0, 0x1b2f16b0, 0x3e1c16b1, 0x4500b059, 0x2f09b058, 
    0x0e09b11b, 0x23b2593e, 0x12110916, 0x2f23b039, 0x01230fb2, 0x234fb45d, 0x7102235f, 0x01237fb2, 0x2310b471, 0x5d022320, 0xb00400b1, 0x21582b0a, 
    0x59f41bd8, 0xb11009b0, 0x0ab00104, 0xd821582b, 0xb059f41b, 0x0cb01000, 0x1023b0d0, 0xb0d00eb0, 0x13b01023, 0x2f13b0d0, 0x131f0940, 0x133f132f, 
    0x5d04134f, 0x011300b2, 0x0410b15d, 0x582b0ab0, 0xf41bd821, 0x1016b059, 0xb0011bb1, 0x21582b0a, 0x59f41bd8, 0xb01013b0, 0x10b0d01e, 0xd020b010, 
    0x21013130, 0x32331616, 0x23061737, 0x23272622, 0x23353335, 0x36363335, 0x07173233, 0x06222326, 0x21152107, 0x06032115, 0xa20e51fe, 0x0d6d619a, 
    0xeac66972, 0xa7a7aa12, 0xc6eb10a9, 0x660a805d, 0x0da09c6d, 0x4efeb001, 0xa701b201, 0x6620b3a2, 0x57d5e41e, 0xead95785, 0xb620671f, 0x008557a7, 
    0x9a000400, 0x74070000, 0x03009f04, 0x1f001100, 0xab002900, 0x2b2a21b2, 0xb0391211, 0x01b01021, 0x1021b0d0, 0xb0d004b0, 0x12b01021, 0x00b000d0, 
    0x26b05845, 0x26b11b2f, 0xb0593e1c, 0xb0584500, 0xb11b2f28, 0x593e1c28, 0x584500b0, 0x1b2f07b0, 0x3e1c07b1, 0x4500b059, 0x2f23b058, 0x0e23b11b, 
    0x00b0593e, 0x21b05845, 0x21b11b2f, 0xb0593e0e, 0x0eb01007, 0x2f0eb0d0, 0xb0d002b0, 0x00b42f02, 0x02021002, 0x0301b15d, 0x582b0ab0, 0xf41bd821, 
    0x100eb059, 0xb00315b1, 0x21582b0a, 0x59f41bd8, 0xb11007b0, 0x0ab0031c, 0xd821582b, 0xb259f41b, 0x11262322, 0x27b23912, 0x12112821, 0x25313039, 
    0x01213521, 0x32333634, 0x14151516, 0x26222306, 0x16141735, 0x35363233, 0x23263435, 0x01150622, 0x23110123, 0x11013311, 0xfd4a0733, 0xfd1f02e1, 
    0x9291b2a3, 0x918fb3b2, 0x66726db4, 0x65737561, 0xecfe7363, 0x7742fd77, 0x77be0277, 0xf10162fd, 0x9db7b996, 0xb6b5993c, 0x806f069e, 0x6d3d757e, 
    0xfc708181, 0xfcd103b3, 0xfc8d042f, 0x00d1032f, 0x28000200, 0x3e040000, 0x16008d04, 0x83001f00, 0x212000b2, 0xb0391211, 0xb000d018, 0xb0584500, 
    0xb11b2f0c, 0x593e1c0c, 0x584500b0, 0x1b2f02b0, 0x3e0e02b1, 0x0c16b259, 0x39121102, 0xb12f16b0, 0x0ab00100, 0xd821582b, 0xb059f41b, 0x16b0d004, 
    0xd006b010, 0xb01016b0, 0x0bb0d00b, 0x0f0d402f, 0x2f0b1f0b, 0x4f0b3f0b, 0x060b5f0b, 0x0108b15d, 0x582b0ab0, 0xf41bd821, 0xd013b059, 0xb0100bb0, 
    0x0cb0d017, 0x011eb110, 0x582b0ab0, 0xf41bd821, 0x25313059, 0x35231521, 0x35333523, 0x11333523, 0x15163221, 0x21070614, 0x21252115, 0x34353632, 
    0x02212726, 0x78d9fe8b, 0xc4c4c4c4, 0xdcbcba01, 0xb4feb6d8, 0xd9fe2701, 0x9a864201, 0xb3fe8293, 0x66e8e8e8, 0x73026666, 0xc6a3a4c9, 0x90cc6603, 
    0x03917574, 0x47000100, 0x8b02f5ff, 0x26002003, 0x20b27200, 0x12112827, 0x00b00039, 0x0eb05845, 0x0eb11b2f, 0xb0593e18, 0xb0584500, 0xb11b2f19, 
    0x593e0e19, 0x190e01b2, 0x7c391211, 0x182f01b0, 0xb1100eb0, 0x0ab00207, 0xd821582b, 0xb259f41b, 0x11190e0a, 0x01b03912, 0x0225b110, 0x582b0ab0, 
    0xf41bd821, 0x2514b259, 0x39121101, 0x0e191db2, 0xb0391211, 0x20b11019, 0x2b0ab002, 0x1bd82158, 0x313059f4, 0x36363301, 0x23263435, 0x23150622, 
    0x32333634, 0x06141516, 0x14151607, 0x26222306, 0x16143335, 0x35363233, 0x01232334, 0x5f51560b, 0x604c5156, 0x80779d69, 0xa2464c92, 0xa381829e, 
    0x5754696a, 0x0149ce5d, 0x3c4802ba, 0x3a4a4a3e, 0x66787c60, 0x2a185e38, 0x7f7c6693, 0x4c513e67, 0x02008e42, 0x00003b00, 0x1503b602, 0x0e000a00, 
    0xb0005300, 0xb0584500, 0xb11b2f09, 0x593e1809, 0x584500b0, 0x1b2f04b0, 0x3e0e04b1, 0x0901b259, 0x39121104, 0xb62f01b0, 0x011f010f, 0x5d03012f, 
    0xb00202b1, 0x21582b0a, 0x59f41bd8, 0xb0d006b0, 0x0bb01001, 0x0b08b2d0, 0x39121106, 0x04090db2, 0x30391211, 0x15330131, 0x35231523, 0x33012721, 
    0x07112101, 0x7f7f3702, 0x0471fe69, 0xfe6f8d01, 0x1f210176, 0xbb581301, 0x180242bb, 0x8001fefd, 0x01000032, 0xf5ff6c00, 0x15039802, 0x70001c00, 
    0x1e1d19b2, 0x00391211, 0x584500b0, 0x1b2f02b0, 0x3e1802b1, 0x4500b059, 0x2f0db058, 0x0e0db11b, 0x02b0593e, 0x0203b110, 0x582b0ab0, 0xf41bd821, 
    0x0207b259, 0x3912110d, 0xb22f07b0, 0x110d0705, 0x11b23912, 0x1211070d, 0x100db039, 0xb00214b1, 0x21582b0a, 0x59f41bd8, 0xb11007b0, 0x0ab00219, 
    0xd821582b, 0xb259f41b, 0x110d191c, 0x31303912, 0x15211313, 0x33360721, 0x14151632, 0x26222306, 0x16163327, 0x34353233, 0x07222326, 0x01318007, 
    0x1e89fece, 0x927c5e42, 0x9a738791, 0x60076807, 0x5a60af45, 0x011c3253, 0x5b88018d, 0x758926e4, 0x647b8f7a, 0x4db34345, 0x0013205e, 0x60000200, 
    0x9702f5ff, 0x12001d03, 0x5e001f00, 0x212013b2, 0xb0391211, 0x0bb01013, 0x00b000d0, 0x00b05845, 0x00b11b2f, 0xb0593e18, 0xb0584500, 0xb11b2f0b, 
    0x593e0e0b, 0xb11000b0, 0x0ab00201, 0xd821582b, 0xb259f41b, 0x110b0005, 0x05b03912, 0x0213b12f, 0x582b0ab0, 0xf41bd821, 0x100bb059, 0xb0021ab1, 
    0x21582b0a, 0x59f41bd8, 0x15013130, 0x33360320, 0x14151632, 0x26222306, 0x36343535, 0x06220337, 0x16141507, 0x35363233, 0x1f022634, 0x4b18c3fe, 
    0x968b7483, 0xdda0857c, 0x693986c7, 0x4b536713, 0x1d035e60, 0x5beafe59, 0x9a74778f, 0xd2408aa4, 0x95fe03e5, 0x5e302f3b, 0x514f676e, 0x0100005f, 
    0x00003e00, 0x15039302, 0x33000600, 0x4500b000, 0x2f05b058, 0x1805b11b, 0x00b0593e, 0x02b05845, 0x02b11b2f, 0xb0593e0e, 0x04b11005, 0x2b0ab002, 
    0x1bd82158, 0x00b259f4, 0x12110504, 0x01313039, 0x21012301, 0x93022135, 0x016f91fe, 0x021bfe6e, 0xfdd80255, 0x59bc0228, 0x4f000300, 0x9302f5ff, 
    0x17002003, 0x2d002100, 0x09b27400, 0x12112f2e, 0x1009b039, 0xb0d01ab0, 0x25b01009, 0x00b000d0, 0x15b05845, 0x15b11b2f, 0xb0593e18, 0xb0584500, 
    0xb11b2f09, 0x593e0e09, 0x15092bb2, 0x7c391211, 0x182f2bb0, 0xb0021bb1, 0x21582b0a, 0x59f41bd8, 0x1b2b03b2, 0xb2391211, 0x112b1b0f, 0x09b03912, 
    0x021fb110, 0x582b0ab0, 0xf41bd821, 0x1015b059, 0xb00225b1, 0x21582b0a, 0x59f41bd8, 0x14013130, 0x16160706, 0x23061415, 0x34352622, 0x26263736, 
    0x33363435, 0x34031632, 0x15062226, 0x36321614, 0x23263403, 0x14150622, 0x36323316, 0x3d487d02, 0x839e5546, 0x47549e85, 0x7a91483d, 0x6854927b, 
    0xa46766a2, 0x485c1565, 0x495a564b, 0x4602584a, 0x1a185c3d, 0x78674463, 0x64446778, 0x3d5b1919, 0xfe777664, 0x4e4f3f30, 0x4c494440, 0x4c3aaa01, 
    0x473c3b4b, 0x0200004a, 0xf9ff4b00, 0x20038002, 0x1f001300, 0x08b26a00, 0x12112120, 0x1008b039, 0x00d01bb0, 0x584500b0, 0x1b2f08b0, 0x3e1808b1, 
    0x4500b059, 0x2f0fb058, 0x0e0fb11b, 0x02b2593e, 0x1211080f, 0x2f02b039, 0x1f020fb6, 0x03022f02, 0x100fb05d, 0xb00211b1, 0x21582b0a, 0x59f41bd8, 
    0xb11002b0, 0x0ab00214, 0xd821582b, 0xb059f41b, 0x1bb11008, 0x2b0ab002, 0x1bd82158, 0x313059f4, 0x22230601, 0x36343526, 0x17163233, 0x07061415, 
    0x24333723, 0x37363203, 0x23263435, 0x16140622, 0x81471602, 0x7a9f8e75, 0xd3029387, 0x130115cb, 0x40a62801, 0x5162155f, 0x015f614d, 0x76935958, 
    0x92a6a078, 0x01d6d246, 0x02010256, 0x6a33303d, 0x65a06f6a, 0x7d000100, 0xe102ae02, 0x03001403, 0xb0001200, 0x01b12f02, 0x2b0ab001, 0x1bd82158, 
    0x313059f4, 0x21352101, 0x9cfde102, 0xae026402, 0x03000066, 0x6b04b000, 0x8a064e02, 0x0f000300, 0x64001a00, 0x2f0db000, 0xb0d007b0, 0x6fb42f07, 
    0x02077f07, 0xd002b05d, 0x402f02b0, 0x1f020f17, 0x3f022f02, 0x5f024f02, 0x7f026f02, 0x9f028f02, 0x0b02af02, 0xd000b05d, 0x402f00b0, 0x1f000f11, 
    0x3f002f00, 0x5f004f00, 0x7f006f00, 0xb05d0800, 0x03b01002, 0x03b019d0, 0x0db0182f, 0xd013b010, 0xb01007b0, 0x3130d019, 0x23073301, 0x33363407, 
    0x14151632, 0x26222306, 0x33161437, 0x34353632, 0x01062226, 0x5aca87c7, 0x4142597a, 0x41405857, 0x2532445a, 0x46323223, 0xbb8a0634, 0x5a5b3fce, 
    0x58573f40, 0x3134223e, 0x34332725, 0x9a000100, 0xaa030000, 0x0b008d04, 0xb0005800, 0xb0584500, 0xb11b2f06, 0x593e1c06, 0x584500b0, 0x1b2f04b0, 
    0x3e0e04b1, 0x060bb259, 0x39121104, 0xb42f0bb0, 0x0b2f0b1f, 0x00b15d02, 0x2b0ab001, 0x1bd82158, 0x04b059f4, 0x0102b110, 0x582b0ab0, 0xf41bd821, 
    0x1006b059, 0xb00108b1, 0x21582b0a, 0x59f41bd8, 0x21013130, 0x21152111, 0x21152111, 0x52032111, 0x9902bffd, 0x0c03f0fc, 0x41026bfd, 0x3cfe2902, 
    0x678d0465, 0x030069fe, 0x4afe3c00, 0x4e04f203, 0x38002a00, 0xa0004600, 0x484708b2, 0xb0391211, 0x31b01008, 0x1008b0d0, 0x00d03cb0, 0x584500b0, 
    0x1b2f27b0, 0x3e1a27b1, 0x4500b059, 0x2f16b058, 0x1016b11b, 0x27b0593e, 0xd02ab010, 0xb12f2ab0, 0x0ab00100, 0xd821582b, 0xb259f41b, 0x11271608, 
    0x08b03912, 0x080fb22f, 0x39121116, 0xb12f0fb0, 0x0ab00137, 0xd821582b, 0xb259f41b, 0x110f371c, 0x20b23912, 0x12112708, 0x1016b039, 0xb00131b1, 
    0x21582b0a, 0x59f41bd8, 0xb11008b0, 0x0ab0013c, 0xd821582b, 0xb059f41b, 0x43b11027, 0x2b0ab001, 0x1bd82158, 0x313059f4, 0x15162301, 0x06061415, 
    0x06272223, 0x33331415, 0x14151632, 0x22230606, 0x36343526, 0x34352637, 0x35262637, 0x33363435, 0x01211732, 0x14150606, 0x36323316, 0x21343536, 
    0x16140323, 0x35363233, 0x23263435, 0x03150622, 0x685cabf2, 0x444c71bb, 0xbfb18149, 0x92ec85ca, 0x636becc6, 0x61556642, 0x444cafe6, 0x82fd5301, 
    0x95a66a55, 0xfe68b56f, 0xa7a7cde9, 0xa2a67779, 0x03a37b7d, 0x128c5ed7, 0x145b9d5b, 0x97614938, 0x5e9e5489, 0x92587d9d, 0x6d562e2e, 0x5a962d51, 
    0x14c49916, 0x80181efc, 0x416c5a4a, 0x02bb3a6f, 0x8c8d6186, 0x90671068, 0x02006e8f, 0xebff6f00, 0x4e043404, 0x1f001200, 0x1db26d00, 0x12112120, 
    0x101db039, 0x00d002b0, 0x584500b0, 0x1b2f0ab0, 0x3e1a0ab1, 0x4500b059, 0x2f0eb058, 0x1a0eb11b, 0x00b0593e, 0x11b05845, 0x11b11b2f, 0xb0593e0e, 
    0xb0584500, 0xb11b2f03, 0x593e0e03, 0x110a00b2, 0xb2391211, 0x11110a0d, 0x16b13912, 0x2b0ab001, 0x1bd82158, 0x0ab059f4, 0x011db110, 0x582b0ab0, 
    0xf41bd821, 0x01313059, 0x22230606, 0x10272702, 0x16323312, 0x03331317, 0x14012313, 0x36323316, 0x26263537, 0x03062223, 0x89c6328d, 0x010addb5, 
    0xc188bfe0, 0x61762d33, 0x29fd7668, 0xa87997a4, 0x77a82020, 0x3601a895, 0x0501a8a3, 0x09013fe5, 0xa4a93101, 0xe2fd3901, 0xff01e4fd, 0xc3dbe3cc, 
    0xf8decd4f, 0xba000200, 0xca040000, 0x1700af05, 0x63002000, 0x22211fb2, 0xb0391211, 0x04b0101f, 0x00b000d0, 0x03b05845, 0x03b11b2f, 0xb0593e1e, 
    0xb0584500, 0xb11b2f01, 0x593e0e01, 0x584500b0, 0x1b2f10b0, 0x3e0e10b1, 0x0118b259, 0x39121103, 0xb12f18b0, 0x0ab00100, 0xd821582b, 0xb259f41b, 
    0x1118000a, 0x03b03912, 0x011fb110, 0x582b0ab0, 0xf41bd821, 0x01313059, 0x21112311, 0x14151632, 0x13160706, 0x15171415, 0x35352623, 0x25232634, 
    0x35363221, 0x21232634, 0x017b3501, 0x8afbe9ef, 0x4505f87b, 0x99ac437d, 0x650170fe, 0xbbafc0b8, 0x90028dfe, 0xaf0570fd, 0xb576c6cc, 0xf1fe3a2b, 
    0x18419392, 0x8c73b743, 0x8f966897, 0x01009d8c, 0x0000bd00, 0xb005f404, 0x5e000c00, 0x4500b000, 0x2f04b058, 0x1e04b11b, 0x00b0593e, 0x08b05845, 
    0x08b11b2f, 0xb0593e1e, 0xb0584500, 0xb11b2f02, 0x593e0e02, 0x584500b0, 0x1b2f0bb0, 0x3e0e0bb1, 0x0206b259, 0x39121104, 0xb22f06b0, 0x5d01065f, 
    0x01062fb2, 0x0101b15d, 0x582b0ab0, 0xf41bd821, 0x010ab259, 0x39121106, 0x23013130, 0x33112311, 0x33013311, 0x02230101, 0x7b7bc800, 0x9b3302c2, 
    0x8202aafd, 0xfdab0299, 0xfdb00555, 0xfd9c0264, 0x001cfd34, 0x9f000100, 0xe6030000, 0x0c000006, 0xb0005400, 0xb0584500, 0xb11b2f04, 0x593e2004, 
    0x584500b0, 0x1b2f08b0, 0x3e1a08b1, 0x4500b059, 0x2f02b058, 0x0e02b11b, 0x00b0593e, 0x0bb05845, 0x0bb11b2f, 0xb2593e0e, 0x11020807, 0x07b03912, 
    0x0100b12f, 0x582b0ab0, 0xf41bd821, 0x000ab259, 0x39121107, 0x23013130, 0x33112311, 0x33013311, 0x01230101, 0x78788aa1, 0x9194017e, 0xe2014afe, 
    0xfd0f0290, 0xfc0006f1, 0xfec40176, 0x00b4fd12, 0xbd000100, 0xba040000, 0x0b00b005, 0xb0004c00, 0xb0584500, 0xb11b2f03, 0x593e1e03, 0x584500b0, 
    0x1b2f07b0, 0x3e1e07b1, 0x4500b059, 0x2f01b058, 0x0e01b11b, 0x00b0593e, 0x0ab05845, 0x0ab11b2f, 0xb2593e0e, 0x11010300, 0x05b23912, 0x12110103, 
    0x0009b239, 0x39121105, 0x11013130, 0x11331123, 0x01330133, 0x38012301, 0x020c7b7b, 0x34fda1aa, 0x029ff702, 0x053bfdc5, 0x0259fdb0, 0xfd34fda7, 
    0x0100001c, 0x00009f00, 0x1806ad03, 0x4c000c00, 0x4500b000, 0x2f04b058, 0x2004b11b, 0x00b0593e, 0x08b05845, 0x08b11b2f, 0xb0593e1a, 0xb0584500, 
    0xb11b2f02, 0x593e0e02, 0x584500b0, 0x1b2f0bb0, 0x3e0e0bb1, 0x0800b259, 0x39121102, 0x020806b2, 0xb2391211, 0x1100060a, 0x31303912, 0x23112301, 
    0x33113311, 0x01013301, 0x11280123, 0x010a7878, 0x05fe9ccd, 0x02961e02, 0x06fcfd04, 0x0153fc18, 0xfd02fecf, 0x020000c4, 0x00009a00, 0x8d041504, 
    0x15000b00, 0x0bb24800, 0x12111716, 0x100bb039, 0x00d015b0, 0x584500b0, 0x1b2f01b0, 0x3e1c01b1, 0x4500b059, 0x2f00b058, 0x0e00b11b, 0x01b0593e, 
    0x010cb110, 0x582b0ab0, 0xf41bd821, 0x1000b059, 0xb0010db1, 0x21582b0a, 0x59f41bd8, 0x11333130, 0x16163221, 0x06141517, 0x11030706, 0x35363233, 
    0x23263435, 0x9a62019a, 0x850289f4, 0xe4ed9df5, 0xc3e2e7c2, 0xf1848d04, 0xf19b6d97, 0x26040286, 0xcbea3ffc, 0x00eac35f, 0x6d000100, 0x1904f0ff, 
    0x1c009d04, 0x03b25000, 0x12111e1d, 0x00b00039, 0x0bb05845, 0x0bb11b2f, 0xb0593e1c, 0xb0584500, 0xb11b2f03, 0x593e0e03, 0x030b0fb2, 0xb0391211, 
    0x12b1100b, 0x2b0ab001, 0x1bd82158, 0x03b059f4, 0x0119b110, 0x582b0ab0, 0xf41bd821, 0x031cb259, 0x3912110b, 0x06013130, 0x00222306, 0x36343535, 
    0x16323336, 0x26262317, 0x15062223, 0x33161415, 0x04373632, 0xc9f31519, 0x77f9fed4, 0xeec890da, 0xa2127815, 0xbfc2a89f, 0x13a5a1a5, 0xc6b96f01, 
    0x80fb1e01, 0xc983f39e, 0xe49388b9, 0xe6c784cc, 0x03008e8c, 0x00009a00, 0x8d04dc03, 0x17000e00, 0x7e001f00, 0x212019b2, 0xb0391211, 0x02b01019, 
    0x1019b0d0, 0x00d011b0, 0x584500b0, 0x1b2f01b0, 0x3e1c01b1, 0x4500b059, 0x2f00b058, 0x0e00b11b, 0x18b2593e, 0x12110001, 0x2f18b039, 0x01185fb2, 
    0x181fb45d, 0x5d02182f, 0x5f184fb4, 0xb1710218, 0x0ab0010f, 0xd821582b, 0xb259f41b, 0x11180f08, 0x00b03912, 0x0110b110, 0x582b0ab0, 0xf41bd821, 
    0x1001b059, 0xb0011eb1, 0x21582b0a, 0x59f41bd8, 0x11333130, 0x15163221, 0x16070614, 0x06141516, 0x21110123, 0x34353632, 0x21252726, 0x34353632, 
    0x019a2125, 0x65d6ce72, 0xd9856a5e, 0x01cffec1, 0x8f968835, 0x01bafe7e, 0xfe94890a, 0x04f7fee2, 0x5895a18d, 0x9b151d85, 0x02ab9c66, 0x773efe27, 
    0x0277676b, 0xcc676760, 0x02000005, 0x00001700, 0x8d043a04, 0x0a000700, 0xb0005300, 0xb0584500, 0xb11b2f04, 0x593e1c04, 0x584500b0, 0x1b2f02b0, 
    0x3e0e02b1, 0x4500b059, 0x2f06b058, 0x0e06b11b, 0x09b2593e, 0x12110204, 0x2f09b039, 0x091f0940, 0x093f092f, 0x5d04094f, 0xb00100b1, 0x21582b0a, 
    0x59f41bd8, 0x02040ab2, 0x30391211, 0x03210131, 0x01330123, 0x03210123, 0xcbfd4403, 0xda017c7c, 0x7bd60173, 0xe40178fd, 0xfe3701f1, 0xfb8d04c9, 
    0x029d0173, 0x01000061, 0xb6049700, 0x29064601, 0x1d000800, 0x0a0908b2, 0x00391211, 0x584500b0, 0x1b2f00b0, 0x3e2000b1, 0xd004b059, 0x302f04b0, 
    0x06171331, 0x35231507, 0x4cfa3634, 0x37770236, 0x62312906, 0x3b828957, 0x02000085, 0xdf048a00, 0x7706d302, 0x10000c00, 0xb0003d00, 0x09b12f03, 
    0x2b0ab006, 0x1bd82158, 0x07b059f4, 0x2f07b0d0, 0xb0d00cb0, 0x07b02f0c, 0xd010b010, 0xb02f10b0, 0x0eb0d00e, 0x0f0d402f, 0x2f0e1f0e, 0x4f0e3f0e, 
    0x060e5f0e, 0x0131305d, 0x22230614, 0x14333526, 0x35363216, 0x23173325, 0x83a1d302, 0x6567a184, 0x8bfe63b2, 0x054e8b6d, 0x72725fb0, 0x4c48445f, 
    0x00cec740, 0xb7fc0200, 0xcffeb504, 0x16007b06, 0x97001a00, 0x2f03b000, 0xb0d008b0, 0x09402f08, 0x081f080f, 0x083f082f, 0x03b05d04, 0xd00bb010, 
    0xb02f0bb0, 0x0fb11008, 0x2b0ab004, 0x1bd82158, 0x03b059f4, 0x0413b110, 0x582b0ab0, 0xf41bd821, 0x100fb059, 0xb0d016b0, 0x19b01008, 0x2f19b0d0, 
    0x193f1540, 0x195f194f, 0x197f196f, 0x199f198f, 0x19bf19af, 0x5d0a19cf, 0x194f0f40, 0x196f195f, 0x198f197f, 0x19af199f, 0x17b07107, 0x2f17b0d0, 
    0x170f0b40, 0x172f171f, 0x174f173f, 0x19b05d05, 0xd01ab010, 0x2f1ab019, 0x01313018, 0x22230614, 0x2223022e, 0x34271506, 0x16323336, 0x36323316, 
    0x07330335, 0x5dcffe23, 0x522f2043, 0x37271522, 0x30445c42, 0x27142272, 0xb3768c38, 0x46610558, 0x0b36115b, 0x440f2a33, 0x380a4a5c, 0xdb09012a, 
    0x5c000200, 0xc903d304, 0x06006106, 0x60000a00, 0x2f03b000, 0xb0d005b0, 0x00b02f05, 0x2f00b0d0, 0x000f0940, 0x002f001f, 0x5d04003f, 0xb01003b0, 
    0xb019d002, 0xb2182f02, 0x11000304, 0x06b03912, 0x06b019d0, 0x03b0182f, 0xd009b010, 0xb02f09b0, 0x07b0d007, 0x0f0b402f, 0x2f071f07, 0x4f073f07, 
    0xb05d0507, 0x0ab01009, 0x0ab019d0, 0x3130182f, 0x23053301, 0x01230727, 0x01230733, 0x0d01746a, 0x8dbbbb8c, 0xb689e402, 0xf2c50566, 0x8e01adad, 
    0x020000e7, 0xca0491ff, 0x5806fc02, 0x0a000600, 0xb0006000, 0x04b02f03, 0x04b019d0, 0x00b0182f, 0x00b019d0, 0x03b0182f, 0xd001b010, 0xb02f01b0, 
    0x06b0d006, 0x0f09402f, 0x2f061f06, 0x04063f06, 0x0302b25d, 0x39121106, 0xb01003b0, 0x08b0d008, 0xd007b02f, 0x2f07b019, 0x1008b018, 0xb0d00ab0, 
    0x0b402f0a, 0x0a1f0a0f, 0x0a3f0a2f, 0x5d050a4f, 0x23013130, 0x25230727, 0x27230533, 0x8dfc0233, 0x018cbbbb, 0xbdfe740d, 0x0487b565, 0xf2adadca, 
    0x0200e74b, 0xe4046d00, 0xb106b503, 0x14000600, 0xb0006200, 0x04b02f03, 0x04b019d0, 0x00b0182f, 0x00b019d0, 0x03b0182f, 0xd001b010, 0xb02f01b0, 
    0x06b0d006, 0x0f09402f, 0x2f061f06, 0x04063f06, 0x0602b25d, 0x39121101, 0x060107b2, 0xb0391211, 0x0db02f07, 0x2f0db0d0, 0x0d0708b2, 0xb1391211, 
    0x0ab0060e, 0xd821582b, 0xb259f41b, 0x11070813, 0x31303912, 0x07272301, 0x17332523, 0x35363627, 0x32372334, 0x07141516, 0x7ffc0215, 0x017fc8c9, 
    0x01d98604, 0x05a43e4b, 0x04958874, 0xf2babae4, 0x1d057074, 0x514a4d26, 0x340f7843, 0x6d000200, 0xfc02e404, 0x0600b006, 0x8a001c00, 0x2f01b000, 
    0xb0d003b0, 0x04b02f03, 0x04b019d0, 0x00b0182f, 0x00b019d0, 0x03b0182f, 0xd006b010, 0x402f06b0, 0x1f060f0b, 0x3f062f06, 0x05064f06, 0x0602b25d, 
    0x39121103, 0xb0d00ab0, 0x0b402f0a, 0x0a4f0a3f, 0x0a6f0a5f, 0x5d050a7f, 0xb0d00fb0, 0x0fb62f0f, 0x2f0f1f0f, 0xb05d030f, 0x12b0100a, 0x2f12b0d0, 
    0xb1100fb0, 0x0ab00616, 0xd821582b, 0xb059f41b, 0x19b1100a, 0x2b0ab006, 0x1bd82158, 0x16b059f4, 0xd01cb010, 0x23013130, 0x25230727, 0x06143733, 
    0x022e2223, 0x15062223, 0x33363427, 0x32331632, 0xfc023536, 0x7fc8c97f, 0xd45f1801, 0x2f203d54, 0x2116224a, 0x3957402f, 0x22287831, 0xace4042f, 
    0x3cd1e9ac, 0x0d381358, 0x410d2737, 0x262f585e, 0x9a000100, 0x7e030000, 0x0700c405, 0x03b23300, 0x12110908, 0x00b00039, 0x06b05845, 0x06b11b2f, 
    0xb0593e1c, 0xb0584500, 0xb11b2f04, 0x593e0e04, 0xb11006b0, 0x0ab00103, 0xd821582b, 0x3059f41b, 0x11330131, 0x11231121, 0x78060321, 0x027793fd, 
    0xfec4056c, 0x04dafb62, 0x0200008d, 0xdf048a00, 0x7706d302, 0x10000c00, 0xb0003d00, 0x09b12f03, 0x2b0ab006, 0x1bd82158, 0x07b059f4, 0x2f07b0d0, 
    0xb0d00cb0, 0x07b02f0c, 0xd00fb010, 0xb02f0fb0, 0x0db0d00d, 0x0f0d402f, 0x2f0d1f0d, 0x4f0d3f0d, 0x060d5f0d, 0x0131305d, 0x22230614, 0x14333526, 
    0x35363216, 0x23073327, 0x83a1d302, 0x6567a184, 0x6d6e63b2, 0xb0054faa, 0x5f72725f, 0x404c4844, 0x0200cec7, 0xe2048a00, 0xf406c002, 0x1b000b00, 
    0xb0004700, 0x08b12f03, 0x2b0ab006, 0x1bd82158, 0x06b059f4, 0x2f06b0d0, 0xb0d00bb0, 0x06b02f0b, 0xd00cb010, 0xb02f0cb0, 0x13b0d013, 0x0c0db22f, 
    0x39121113, 0xb00614b1, 0x21582b0a, 0x59f41bd8, 0x0c0d1ab2, 0x30391211, 0x06140131, 0x33352620, 0x36321614, 0x36270735, 0x26343536, 0x16323723, 
    0x07061415, 0x99c00215, 0x6399fcfe, 0xdc5fae61, 0x674c5501, 0x9685075a, 0xb0055357, 0x5c72725c, 0x40494742, 0x21056b01, 0x3d292529, 0x4436414c, 
    0xffff3707, 0x8d025700, 0xb8058a02, 0xc7010701, 0x98020000, 0xb0001300, 0xb0584500, 0xb11b2f0a, 0x593e1e0a, 0x30d011b0, 0xffff0031, 0x98023b00, 
    0xad05b602, 0x20020701, 0x98020000, 0xb0001300, 0xb0584500, 0xb11b2f09, 0x593e1e09, 0x30d00db0, 0xffff0031, 0x8d026c00, 0xad059802, 0x21020701, 
    0x98020000, 0xb0001000, 0xb0584500, 0xb11b2f01, 0x593e1e01, 0xffff3130, 0x8d026000, 0xb5059702, 0x22020701, 0x98020000, 0xb0001300, 0xb0584500, 
    0xb11b2f00, 0x593e1e00, 0x30d013b0, 0xffff0031, 0x98023e00, 0xad059302, 0x23020701, 0x98020000, 0xb0001000, 0xb0584500, 0xb11b2f05, 0x593e1e05, 
    0xffff3130, 0x8d024f00, 0xb8059302, 0x24020701, 0x98020000, 0xb0001900, 0xb0584500, 0xb11b2f15, 0x593e1e15, 0xb0d01bb0, 0x25b01015, 0x003130d0, 
    0x4b00ffff, 0x80029102, 0x0701b805, 0x00002502, 0x13009802, 0x4500b000, 0x2f08b058, 0x1e08b11b, 0x1bb0593e, 0x003130d0, 0x80000100, 0xf804ebff, 
    0x1f00c505, 0x0cb25000, 0x12112120, 0x00b00039, 0x0cb05845, 0x0cb11b2f, 0xb0593e1e, 0xb0584500, 0xb11b2f03, 0x593e0e03, 0x030c10b2, 0xb0391211, 
    0x13b1100c, 0x2b0ab001, 0x1bd82158, 0x03b059f4, 0x011cb110, 0x582b0ab0, 0xf41bd821, 0x031fb259, 0x3912110c, 0x06013130, 0x24222304, 0x34353502, 
    0x32332412, 0x26231704, 0x06222326, 0x14151502, 0x32331612, 0xf8043736, 0xe3e5fe1b, 0x9debfead, 0xad140199, 0x1b2001e3, 0xb2d51c7b, 0x7b7ada8b, 
    0xcfb18bde, 0xe2c6011e, 0x4c01b5f9, 0x01ce3ccd, 0xe1fcb64c, 0xfe99bdb7, 0xae3db1e5, 0xb29ee5fe, 0x010000c1, 0xebff8000, 0xc405ff04, 0x5f002500, 
    0x27260eb2, 0x00391211, 0x584500b0, 0x1b2f0eb0, 0x3e1e0eb1, 0x4500b059, 0x2f05b058, 0x0e05b11b, 0x12b2593e, 0x12110e05, 0x100eb039, 0xb00115b1, 
    0x21582b0a, 0x59f41bd8, 0xb11005b0, 0x0ab0011e, 0xd821582b, 0xb259f41b, 0x11050e25, 0x25b03912, 0x0122b12f, 0x582b0ab0, 0xf41bd821, 0x25313059, 
    0x06070607, 0x02242223, 0x12343527, 0x04323324, 0x26262317, 0x02062223, 0x12141515, 0x36323316, 0x35211137, 0x09ff0421, 0xa98b7a40, 0xa5d7feb9, 
    0x14019801, 0x1c01ebae, 0xda1e7b1d, 0x7adb8ab1, 0x8297f284, 0x7afe28d2, 0x0cad0102, 0xbc363050, 0x27d04f01, 0xb94d01d1, 0xa2a3cce2, 0xb2e3fe9d, 
    0xdefeb522, 0x01354ba3, 0x02006878, 0x0000bd00, 0xb005f604, 0x17000b00, 0x0fb24800, 0x12111918, 0x100fb039, 0x00d003b0, 0x584500b0, 0x1b2f01b0, 
    0x3e1e01b1, 0x4500b059, 0x2f00b058, 0x0e00b11b, 0x01b0593e, 0x010cb110, 0x582b0ab0, 0xf41bd821, 0x1000b059, 0xb0010db1, 0x21582b0a, 0x59f41bd8, 
    0x11333130, 0x12043221, 0x02141517, 0x11010704, 0x12363221, 0x02343537, 0x01bd2726, 0x3401be98, 0xfeaa01ae, 0xe3fec2cb, 0xfea11401, 0xf88a028d, 
    0xb0b0059c, 0x39c8bffe, 0xb2c1fecb, 0xfb470502, 0x0d019421, 0x01ad3fab, 0x00029510, 0x80000200, 0x3305ebff, 0x1100c505, 0x48002300, 0x252404b2, 
    0xb0391211, 0x16b01004, 0x00b000d0, 0x0db05845, 0x0db11b2f, 0xb0593e1e, 0xb0584500, 0xb11b2f04, 0x593e0e04, 0xb1100db0, 0x0ab00116, 0xd821582b, 
    0xb059f41b, 0x1fb11004, 0x2b0ab001, 0x1bd82158, 0x313059f4, 0x04021401, 0x02242223, 0x12343527, 0x04323324, 0x34071712, 0x22232602, 0x15070206, 
    0x33161214, 0x37123632, 0xfe9a3305, 0xfea7a9eb, 0x9c019eeb, 0xa8a71601, 0x019c1501, 0x89dd7a7a, 0x017cdb86, 0x8788dd7b, 0x02027cd9, 0xb5fecdbe, 
    0x4a01babb, 0x01cc3ac8, 0xfeb9bb4d, 0xae04cbb6, 0x9c9e1a01, 0x3caae7fe, 0xa0e6feae, 0xad170198, 0x80000200, 0x330509ff, 0x1500c505, 0x48002600, 
    0x282708b2, 0xb0391211, 0x1ab01008, 0x00b000d0, 0x11b05845, 0x11b11b2f, 0xb0593e1e, 0xb0584500, 0xb11b2f08, 0x593e0e08, 0xb11011b0, 0x0ab0011a, 
    0xd821582b, 0xb059f41b, 0x23b11008, 0x2b0ab001, 0x1bd82158, 0x313059f4, 0x07021401, 0x06250705, 0x02242223, 0x12343527, 0x04323324, 0x34271512, 
    0x22232602, 0x15070206, 0x20161214, 0x05371236, 0x0194ab33, 0xccfe5515, 0xfea85055, 0x9e019eec, 0xa8a71401, 0x7a9d1501, 0x8589db7c, 0x7a027ed9, 
    0xda1001de, 0xbe02017b, 0x58acfedb, 0x18fa4de1, 0xc84b01b9, 0x5201cd34, 0xaffebbbb, 0x01b001cd, 0xfe9b9e1e, 0xae3babe6, 0x9aa1e7fe, 0x00af1801, 
    0xa0000100, 0x87020000, 0x06008d04, 0xb0003300, 0xb0584500, 0xb11b2f05, 0x593e1c05, 0x584500b0, 0x1b2f00b0, 0x3e0e00b1, 0x0004b259, 0x39121105, 
    0xb12f04b0, 0x0ab00103, 0xd821582b, 0x3059f41b, 0x11232131, 0x33253505, 0xfe778702, 0x1fc80190, 0x6da2f803, 0x010000ca, 0x00008300, 0xa0042004, 
    0x5b001800, 0x1a1909b2, 0x00391211, 0x584500b0, 0x1b2f11b0, 0x3e1c11b1, 0x4500b059, 0x2f00b058, 0x0e00b11b, 0x17b1593e, 0x2b0ab001, 0x1bd82158, 
    0x02b259f4, 0x12110017, 0x1103b239, 0x39121100, 0xb11011b0, 0x0ab00109, 0xd821582b, 0xb259f41b, 0x1111000c, 0x16b23912, 0x12111100, 0x21313039, 
    0x36013521, 0x26343536, 0x15062223, 0x36363423, 0x15163233, 0x21010714, 0x8bfc2004, 0x4f531702, 0xbb968495, 0x7ed27877, 0xfec7d4bc, 0x51c2024a, 
    0x814ad701, 0xac817155, 0x6cbf7089, 0xb3b498b8, 0x01007cfe, 0xa3fe0f00, 0x8d04de03, 0x5c001900, 0x1b1a05b2, 0x00391211, 0xb02f0cb0, 0xb0584500, 
    0xb11b2f02, 0x593e1c02, 0xb00100b1, 0x21582b0a, 0x59f41bd8, 0x020004b2, 0xb2391211, 0x110c0205, 0x05b03912, 0x100cb02f, 0xb00111b1, 0x21582b0a, 
    0x59f41bd8, 0xb11005b0, 0x0ab00117, 0xd821582b, 0xb259f41b, 0x11170519, 0x31303912, 0x21352101, 0x16160115, 0x04061415, 0x37272223, 0x36323316, 
    0x27263435, 0x26033523, 0x600332fd, 0xf9cf5efe, 0xa600ff8d, 0xb222d2ca, 0xd6f8d1ba, 0x26044ccc, 0x48fe5867, 0xa2c5f40c, 0x5b6781f2, 0xb6c0e35a, 
    0x004102bc, 0x3e000200, 0xa004b6fe, 0x0a008d04, 0x53000e00, 0x4500b000, 0x2f09b058, 0x1c09b11b, 0x00b0593e, 0x02b05845, 0x02b11b2f, 0xb0593e0e, 
    0xb0584500, 0xb11b2f06, 0x593e0e06, 0xb00100b1, 0x21582b0a, 0x59f41bd8, 0xb01006b0, 0x05b0d005, 0x1000b02f, 0xb2d00cb0, 0x110c0608, 0x0db23912, 
    0x12110209, 0x25313039, 0x11231533, 0x35211123, 0x21013301, 0xdb030711, 0xfc78c5c5, 0x8a1303db, 0x9002f8fc, 0xfe65642e, 0x474901b7, 0xd7fb4704, 
    0x004f9b03, 0x65000100, 0xfc03a0fe, 0x1e008c04, 0x1ab26300, 0x1211201f, 0x0fb00039, 0x4500b02f, 0x2f01b058, 0x1c01b11b, 0x03b1593e, 0x2b0ab001, 
    0x1bd82158, 0x05b259f4, 0x12110f01, 0x0107b239, 0x3912110f, 0xb22f07b0, 0x110f0112, 0x0fb03912, 0x0114b110, 0x582b0ab0, 0xf41bd821, 0x1007b059, 
    0xb0011ab1, 0x21582b0a, 0x59f41bd8, 0x0f011eb2, 0x30391211, 0x21131331, 0x36032115, 0x16163237, 0x06061415, 0x37272223, 0x36323316, 0x23263435, 
    0x07070622, 0x03035d8f, 0x6f415cfd, 0x6ac581d3, 0xe09bec81, 0xda8b2aaf, 0x9ab9e0b1, 0x282b8469, 0xee029e01, 0x6910fe70, 0x8fdc7502, 0x7286f69b, 
    0xbcf3675b, 0x3630d0a5, 0x01000037, 0xb6fe4a00, 0x8d04f203, 0x26000600, 0x2f01b000, 0x584500b0, 0x1b2f05b0, 0x3e1c05b1, 0x0103b159, 0x582b0ab0, 
    0xf41bd821, 0x0300b259, 0x39121105, 0x01013130, 0x35210123, 0xfdf20321, 0x64027c99, 0xa803d7fc, 0x78fa3e04, 0x00667105, 0x95000200, 0xc202d004, 
    0x0d00ad06, 0x5c002400, 0x2f03b000, 0xb00a0ab1, 0x21582b0a, 0x59f41bd8, 0xb0d007b0, 0x0db02f07, 0x1007b0d0, 0xb0d011b0, 0x16b02f11, 0x2f16b0d0, 
    0x01163fb2, 0x1011b05d, 0xb0d019b0, 0x16b02f19, 0x0a1db110, 0x582b0ab0, 0xf41bd821, 0x1011b059, 0xb00621b1, 0x21582b0a, 0x59f41bd8, 0xb0101db0, 
    0x3130d024, 0x23061401, 0x33352622, 0x32331614, 0x14373536, 0x2e222306, 0x06222302, 0x36342715, 0x16163233, 0x35363233, 0x7f97c202, 0x5c669780, 
    0x635c5355, 0x2f20425f, 0x27152252, 0x445c4237, 0x14227230, 0xa5053827, 0x5e77775e, 0x434b4b43, 0x115a47f7, 0x2a330b36, 0x4a5c440f, 0x002b370a, 
    0x8e000100, 0x06019dfe, 0x03007b00, 0xb0001200, 0x02b02f04, 0x2f02b0d0, 0xb0d001b0, 0x31302f01, 0x33112301, 0x78780601, 0xde019dfe, 0x69000200, 
    0x7106f0ff, 0x14009d04, 0xaa001e00, 0x201f16b2, 0xb0391211, 0x0bb01016, 0x00b000d0, 0x0bb05845, 0x0bb11b2f, 0xb0593e1c, 0xb0584500, 0xb11b2f0a, 
    0x593e1c0a, 0x584500b0, 0x1b2f02b0, 0x3e0e02b1, 0x4500b059, 0x2f00b058, 0x0e00b11b, 0x0bb0593e, 0x010db110, 0x582b0ab0, 0xf41bd821, 0x0b10b259, 
    0x39121100, 0xb42f10b0, 0x102c101c, 0x49b25d02, 0xb25d0110, 0x5d0110b9, 0xb00111b1, 0x21582b0a, 0x59f41bd8, 0xb11000b0, 0x0ab00113, 0xd821582b, 
    0xb059f41b, 0x02b0d014, 0x0115b110, 0x582b0ab0, 0xf41bd821, 0x100ab059, 0xb00118b1, 0x21582b0a, 0x59f41bd8, 0x21213130, 0x35002205, 0x36363435, 
    0x15210533, 0x15211121, 0x05211121, 0x22251125, 0x14151506, 0xfd710616, 0xdfa0fe44, 0xe178f3fe, 0x02530191, 0x026bfdc7, 0x02bffd41, 0x01e4fb99, 
    0xabf2fe0c, 0x0110cac9, 0xa16ef928, 0x671087f6, 0xfe6669fe, 0x030b0e3c, 0xd2e70cc6, 0x00eacb6f, 0x70000200, 0x1004a6fe, 0x1a00a104, 0x54002700, 
    0x292822b2, 0xb0391211, 0x0eb01022, 0x16b000d0, 0x4500b02f, 0x2f0eb058, 0x1c0eb11b, 0x16b0593e, 0x0100b110, 0x582b0ab0, 0xf41bd821, 0x1606b259, 
    0x3912110e, 0xb12f06b0, 0x0ab0011b, 0xd821582b, 0xb059f41b, 0x22b1100e, 0x2b0ab001, 0x1bd82158, 0x313059f4, 0x13123205, 0x22230606, 0x34352626, 
    0x32333636, 0x14111312, 0x22230402, 0x13163727, 0x35373632, 0x22232634, 0x16141506, 0xf5c9d601, 0x71bc3c04, 0x7170cd82, 0xf9e57fd0, 0xfefe8a02, 
    0x1b8093a5, 0xc080d17b, 0x8fa8bb25, 0x01f4b9ba, 0x510e013a, 0x8be48158, 0xfe87ec93, 0xfef3fedc, 0xc4fed2f0, 0x39603fac, 0x6f850402, 0xeae6e56c, 
    0x00e4a7b6, 0x8dff0100, 0x2b014bfe, 0x0c008700, 0x0ab22600, 0x12110e0d, 0x00b00039, 0x4500b02f, 0x2f04b058, 0x1004b11b, 0x09b1593e, 0x2b0ab001, 
    0x1bd82158, 0x313059f4, 0x06061525, 0x37272223, 0x35323316, 0x022b0135, 0x37398d9f, 0xb73b280d, 0xafa5e887, 0xfc0f6713, 0xffff00d5, 0xa3fe3c00, 
    0x8d040b04, 0x4c020600, 0xffff002d, 0xa0fe6e00, 0x8c040504, 0x4e020600, 0xffff0009, 0xb6fe1c00, 0x8d047e04, 0x4d020600, 0xffff00de, 0x00007300, 
    0xa0041004, 0x4b020600, 0xffff00f0, 0xb6fe6c00, 0x8d041404, 0x4f020600, 0xffff0022, 0xebff3900, 0xa1043804, 0x65020600, 0xffff00bc, 0xecff7c00, 
    0xbb050204, 0x1a000600, 0xffff00fa, 0xa6fe6300, 0xa1040304, 0x53020600, 0xffff00f3, 0xecff6900, 0xc4050804, 0x1c000600, 0xffff00ff, 0x00001001, 
    0x8d04f702, 0x4a020600, 0xffff0070, 0x4bfe8cff, 0x3a042a01, 0x9c000600, 0xffff0000, 0x4bfe8cff, 0x3a042a01, 0x9c000600, 0xffff0000, 0x0000a800, 
    0x3a042001, 0x8d000602, 0xffff0000, 0x6dfefaff, 0x3a043301, 0x8d002602, 0x06000000, 0x0abea400, 0xa800ffff, 0x20010000, 0x06023a04, 0x00008d00, 
    0x9a000100, 0xeb03ecff, 0x21009d04, 0x0cb27500, 0x12112322, 0x00b00039, 0x15b05845, 0x15b11b2f, 0xb0593e1c, 0xb0584500, 0xb11b2f10, 0x593e0e10, 
    0x584500b0, 0x1b2f1fb0, 0x3e0e1fb1, 0x0102b159, 0x582b0ab0, 0xf41bd821, 0x1519b259, 0x39121110, 0xb42f19b0, 0x192c191c, 0x5cb25d02, 0xb15d0119, 
    0x0ab00207, 0xd821582b, 0xb259f41b, 0x11071909, 0x15b03912, 0x010cb110, 0x582b0ab0, 0xf41bd821, 0x25313059, 0x36323316, 0x23253435, 0x23260135, 
    0x11070622, 0x36341123, 0x17163233, 0x15161601, 0x22230614, 0x58a10127, 0xfe948165, 0x16015cd1, 0x82829059, 0xbfbc7601, 0xfe55ba6d, 0xd5c7bed5, 
    0x85687cb8, 0xdb7d8b34, 0x3a015e06, 0xfda79b67, 0xd9f10209, 0xfe615ad3, 0x8fa608b5, 0x0035c2ac, 0x7d000200, 0x7c04ebff, 0x1100a104, 0x48001e00, 
    0x201f0db2, 0xb0391211, 0x15b0100d, 0x00b000d0, 0x0db05845, 0x0db11b2f, 0xb0593e1c, 0xb0584500, 0xb11b2f04, 0x593e0e04, 0xb1100db0, 0x0ab00115, 
    0xd821582b, 0xb059f41b, 0x1bb11004, 0x2b0ab001, 0x1bd82158, 0x313059f4, 0x06021401, 0x02262223, 0x12343535, 0x16323336, 0x34071712, 0x06222326, 
    0x12141515, 0x04351220, 0x96e97f7c, 0x7f81eb95, 0xe89597e9, 0xd7780380, 0xd7d9afb1, 0x02d36601, 0xf8feb232, 0x08018d8d, 0x01b129b0, 0xfe8a8f08, 
    0xd804abff, 0x3edcfbfc, 0x01fefed4, 0x0100d700, 0x00003800, 0xb005b703, 0x33000600, 0x4500b000, 0x2f05b058, 0x1e05b11b, 0x00b0593e, 0x01b05845, 
    0x01b11b2f, 0xb0593e0e, 0x03b11005, 0x2b0ab001, 0x1bd82158, 0x00b259f4, 0x12110503, 0x01313039, 0x21012301, 0xb7032135, 0x0279a7fd, 0x03fefc55, 
    0xfa6b057f, 0x664a0595, 0x9b000200, 0x1704ecff, 0x10000006, 0x66001d00, 0x1f1e14b2, 0xb0391211, 0x0db01014, 0x09b000d0, 0x4500b02f, 0x2f0db058, 
    0x1a0db11b, 0x00b0593e, 0x07b05845, 0x07b11b2f, 0xb0593e0e, 0xb0584500, 0xb11b2f04, 0x593e0e04, 0x070d06b2, 0xb2391211, 0x11070d0b, 0x0db03912, 
    0x0114b110, 0x582b0ab0, 0xf41bd821, 0x1004b059, 0xb0011bb1, 0x21582b0a, 0x59f41bd8, 0x14013130, 0x22230606, 0x11230727, 0x33361133, 0x27111232, 
    0x22232634, 0x16110706, 0x36323316, 0xc66d1704, 0x0c74e57e, 0xe0727766, 0xb678edc6, 0x29a0739b, 0x986ea32d, 0x9f1202b7, 0x98ac89fe, 0x9dfd0006, 
    0xfed4feb1, 0xf3cc06ff, 0x18fe6d71, 0x00f56865, 0x60000100, 0xd903ecff, 0x1d004e04, 0x10b24d00, 0x12111f1e, 0x00b00039, 0x10b05845, 0x10b11b2f, 
    0xb0593e1a, 0xb0584500, 0xb11b2f08, 0x593e0e08, 0xb00100b1, 0x21582b0a, 0x59f41bd8, 0x081003b2, 0xb2391211, 0x11081013, 0x10b03912, 0x0117b110, 
    0x582b0ab0, 0xf41bd821, 0x25313059, 0x33373632, 0x2223020e, 0x34353500, 0x32333636, 0x26231716, 0x06222326, 0x16141515, 0xa97b3902, 0x72057309, 
    0xfed76cbd, 0x8dd774fe, 0x7308e7b2, 0xa67fa708, 0x8b51bdba, 0x5ca36372, 0x21fc2901, 0xd488f89c, 0xf19c7fad, 0xebcc21ce, 0x5f000200, 0xda03ecff, 
    0x0f000006, 0x63001b00, 0x1d1c18b2, 0xb0391211, 0x03b01018, 0x06b000d0, 0x4500b02f, 0x2f03b058, 0x1a03b11b, 0x00b0593e, 0x08b05845, 0x08b11b2f, 
    0xb0593e0e, 0xb0584500, 0xb11b2f0c, 0x593e0e0c, 0x080305b2, 0xb2391211, 0x1108030a, 0x13b13912, 0x2b0ab001, 0x1bd82158, 0x03b059f4, 0x0118b110, 
    0x582b0ab0, 0xf41bd821, 0x13313059, 0x32331234, 0x11331117, 0x23062723, 0x17350222, 0x32331614, 0x23261137, 0x5f150622, 0x73dbc4f2, 0x74096a77, 
    0x79f4c0e0, 0x5ddd9ab7, 0xb79cdb5d, 0x01f82702, 0x5f02ad2f, 0xa79300fa, 0x07f83501, 0x01c4f5ca, 0xd1f4d3fc, 0x5f000200, 0xda0351fe, 0x1a004e04, 
    0x7f002600, 0x282723b2, 0xb0391211, 0x0bb01023, 0x00b000d0, 0x03b05845, 0x03b11b2f, 0xb0593e1a, 0xb0584500, 0xb11b2f06, 0x593e1a06, 0x584500b0, 
    0x1b2f0bb0, 0x3e100bb1, 0x4500b059, 0x2f17b058, 0x0e17b11b, 0x05b2593e, 0x12111703, 0x100bb039, 0xb00111b1, 0x21582b0a, 0x59f41bd8, 0x170315b2, 
    0xb0391211, 0x1eb11017, 0x2b0ab001, 0x1bd82158, 0x03b059f4, 0x0123b110, 0x582b0ab0, 0xf41bd821, 0x13313059, 0x32331234, 0x11333717, 0x22230614, 
    0x16372726, 0x35363233, 0x22230635, 0x14372626, 0x37323316, 0x22232611, 0xf25f1506, 0x0d72e2c3, 0x52cfe865, 0x8b2443bc, 0x74a49da0, 0x6dc87edc, 
    0xdc99b978, 0x9be0575d, 0xfa2702b9, 0xa2b62d01, 0xfce4f7fb, 0x4d5b292e, 0xa162b8bd, 0xcb9ffa8d, 0xf601c7f4, 0x00d1f3d6, 0x5a000200, 0x2804ecff, 
    0x11004e04, 0x45002100, 0x232204b2, 0xb0391211, 0x16b01004, 0x00b000d0, 0x04b05845, 0x04b11b2f, 0xb0593e1a, 0xb0584500, 0xb11b2f0d, 0x593e0e0d, 
    0xb00116b1, 0x21582b0a, 0x59f41bd8, 0xb11004b0, 0x0ab0011e, 0xd821582b, 0x3059f41b, 0x36341331, 0x16323336, 0x14151716, 0x22230606, 0x37272626, 
    0x33161614, 0x35353632, 0x23262634, 0x5a150622, 0x8a8bdf7c, 0x7c027ede, 0xdd8b8ae0, 0x5e77027e, 0xd09f6aa9, 0x9f69a95f, 0x9a2d02d0, 0xf6898dfa, 
    0xfb9b2c97, 0x97f6888a, 0x73ce7a0b, 0x7917c9fc, 0xc7ff73cf, 0x9b000200, 0x160460fe, 0x0f004e04, 0x70001c00, 0x1e1d13b2, 0xb0391211, 0x0cb01013, 
    0x00b000d0, 0x0cb05845, 0x0cb11b2f, 0xb0593e1a, 0xb0584500, 0xb11b2f09, 0x593e1a09, 0x584500b0, 0x1b2f06b0, 0x3e1006b1, 0x4500b059, 0x2f03b058, 
    0x0e03b11b, 0x05b2593e, 0x1211030c, 0x0c0ab239, 0x39121103, 0xb1100cb0, 0x0ab00113, 0xd821582b, 0xb059f41b, 0x1ab11003, 0x2b0ab001, 0x1bd82158, 
    0x313059f4, 0x23021401, 0x23112722, 0x36173311, 0x17123233, 0x23263407, 0x11070622, 0x32331616, 0xf0160436, 0x7776dec0, 0xe2740e64, 0x770bebbc, 
    0x9e6e9db9, 0x6da02b2a, 0x1202ba9a, 0x9cd0fef6, 0xda05d8fd, 0xeffeb19d, 0xf6c92de9, 0xf9fd656a, 0x00f6625d, 0x5f000200, 0xda0360fe, 0x10004e04, 
    0x6d001c00, 0x1e1d1ab2, 0xb0391211, 0x04b0101a, 0x00b000d0, 0x04b05845, 0x04b11b2f, 0xb0593e1a, 0xb0584500, 0xb11b2f07, 0x593e1a07, 0x584500b0, 
    0x1b2f09b0, 0x3e1009b1, 0x4500b059, 0x2f0db058, 0x0e0db11b, 0x06b2593e, 0x12110d04, 0x040bb239, 0x3912110d, 0xb00114b1, 0x21582b0a, 0x59f41bd8, 
    0xb11004b0, 0x0ab0011a, 0xd821582b, 0x3059f41b, 0x36341331, 0x17323336, 0x23113337, 0x22230611, 0x14173502, 0x37323316, 0x23262611, 0x6c5f0622, 
    0x73dc82ca, 0x7678690b, 0x79f1c5d7, 0x60d79ab9, 0x9d699f2d, 0xa52102b8, 0x96aa8cfc, 0x260226fa, 0xf62f019a, 0xbbf2c905, 0x69611202, 0x020000fc, 
    0xecff5a00, 0x4e04d503, 0x1d001600, 0x09b26500, 0x12111f1e, 0x1009b039, 0x00d01cb0, 0x584500b0, 0x1b2f09b0, 0x3e1a09b1, 0x4500b059, 0x2f00b058, 
    0x0e00b11b, 0x18b2593e, 0x12110900, 0x2f18b039, 0xb0010db1, 0x21582b0a, 0x59f41bd8, 0xb11000b0, 0x0ab00112, 0xd821582b, 0xb259f41b, 0x11090014, 
    0x09b03912, 0x011cb110, 0x582b0ab0, 0xf41bd821, 0x05313059, 0x35262622, 0x36363435, 0x15163233, 0x14152115, 0x37323316, 0x21010617, 0x20263435, 
    0x8f510206, 0xd77881e7, 0xfce4c880, 0xaea8dcfc, 0xfd812b7f, 0xa98a02a8, 0x14b7e8fe, 0x3896f387, 0xfa8df499, 0xb81862dd, 0x81536ff4, 0x961d8f02, 
    0x0200caba, 0x51fe6c00, 0x4e04d403, 0x26001a00, 0x24b27f00, 0x12112827, 0x1024b039, 0x00d00bb0, 0x584500b0, 0x1b2f03b0, 0x3e1a03b1, 0x4500b059, 
    0x2f06b058, 0x1a06b11b, 0x00b0593e, 0x0bb05845, 0x0bb11b2f, 0xb0593e10, 0xb0584500, 0xb11b2f17, 0x593e0e17, 0x170305b2, 0xb0391211, 0x11b1100b, 
    0x2b0ab001, 0x1bd82158, 0x15b259f4, 0x12111703, 0x1017b039, 0xb0011eb1, 0x21582b0a, 0x59f41bd8, 0xb11003b0, 0x0ab00124, 0xd821582b, 0x3059f41b, 
    0x12101331, 0x37173233, 0x06141133, 0x27262223, 0x32331637, 0x06353536, 0x35022223, 0x33161417, 0x26113732, 0x06222326, 0xe0bfe36c, 0xe9660d73, 
    0x3db051cf, 0x9c928624, 0xbddc73a5, 0x97a679e3, 0x9e2a5cdd, 0x02a9966f, 0x01020121, 0xfba1b52b, 0x28f6e2ef, 0xb7445f22, 0x01a069b6, 0xce07ff28, 
    0xf801c6eb, 0x00ef6d68, 0x7000ffff, 0x74020000, 0x0600b505, 0x00be1500, 0x78000300, 0x8804eeff, 0x1d009d04, 0x33002700, 0x12b27700, 0x12113534, 
    0x1012b039, 0xb0d01fb0, 0x30b01012, 0x00b000d0, 0x0db05845, 0x0db11b2f, 0xb0593e1c, 0xb0584500, 0xb11b2f00, 0x593e0e00, 0x584500b0, 0x1b2f1bb0, 
    0x3e0e1bb1, 0x0d14b259, 0x39121100, 0x000d1cb2, 0xb0391211, 0x1eb11000, 0x2b0ab001, 0x1bd82158, 0x21b259f4, 0x1211000d, 0x0d2bb239, 0x39121100, 
    0xb1100db0, 0x0ab00131, 0xd821582b, 0x3059f41b, 0x26220531, 0x37363435, 0x35262637, 0x32333634, 0x07141516, 0x35360107, 0x17071433, 0x27062723, 
    0x07013732, 0x14150606, 0x16140316, 0x35363717, 0x22232634, 0xaaf20106, 0x5b6651d0, 0x829f436b, 0x52a39d7f, 0x70585901, 0x798dc27f, 0x82bbe7a0, 
    0x465b98fe, 0x3a2a8d40, 0x5b6b5952, 0x125d4a4e, 0x8753869f, 0x7b6b424b, 0x8c8c7140, 0x3c778668, 0xa77ea0fe, 0x7bc6a3cc, 0x0171668d, 0x6033426e, 
    0x03715a3f, 0x55622d47, 0x3f5e4d40, 0x01005854, 0x00000400, 0x8d047503, 0x5a000d00, 0x4500b000, 0x2f0bb058, 0x1c0bb11b, 0x00b0593e, 0x04b05845, 
    0x04b11b2f, 0xb2593e0e, 0x110b040d, 0x0db03912, 0x0200b12f, 0x582b0ab0, 0xf41bd821, 0xd001b059, 0xb11004b0, 0x0ab00103, 0xd821582b, 0xb059f41b, 
    0x06b01001, 0xd007b0d0, 0xb0100db0, 0x09b0d00c, 0xd008b0d0, 0x05013130, 0x21152111, 0x37350711, 0x25113311, 0xc0fe5102, 0x25fd6402, 0x01779696, 
    0x668b0240, 0x016540fe, 0x2f5a2fff, 0xf2fd3402, 0x02000066, 0x00000e00, 0x8d04df05, 0x12000f00, 0x05b28a00, 0x12111413, 0x1005b039, 0x00d011b0, 
    0x584500b0, 0x1b2f0ab0, 0x3e1c0ab1, 0x4500b059, 0x2f04b058, 0x0e04b11b, 0x00b0593e, 0x08b05845, 0x08b11b2f, 0xb2593e0e, 0x11040a0f, 0xb07c3912, 
    0xb1182f0f, 0x0ab00100, 0xd821582b, 0xb059f41b, 0x02b11004, 0x2b0ab001, 0x1bd82158, 0x11b259f4, 0x1211040a, 0x2f11b039, 0xb00106b1, 0x21582b0a, 
    0x59f41bd8, 0xb1100ab0, 0x0ab0010c, 0xd821582b, 0xb259f41b, 0x11040a12, 0x31303912, 0x21132101, 0x21032115, 0x21012303, 0x21132115, 0x05032105, 
    0x08f2fd7f, 0x24fd6602, 0xba4ffe06, 0x03b00284, 0x079efd0c, 0x07fc1002, 0x020b7601, 0x6439fe2b, 0xbcfe4401, 0xfe658d04, 0x7702e768, 0x9a000200, 
    0x90030000, 0x0c008d04, 0x59001500, 0x171603b2, 0xb0391211, 0x15b01003, 0x00b000d0, 0x00b05845, 0x00b11b2f, 0xb0593e1c, 0xb0584500, 0xb11b2f0b, 
    0x593e0e0b, 0x0b0002b2, 0xb0391211, 0x0fb22f02, 0x12110b00, 0x2f0fb039, 0xb00109b1, 0x21582b0a, 0x59f41bd8, 0xb11002b0, 0x0ab0010d, 0xd821582b, 
    0x3059f41b, 0x15331331, 0x15161633, 0x23070614, 0x11132315, 0x35363233, 0x9a232634, 0xdec2df77, 0x77d8c9de, 0x9d95d477, 0x8d048fa2, 0xa1bf03d7, 
    0xf801b6a4, 0x0ffe4f03, 0x88757381, 0x69000300, 0x3f04beff, 0x1600ba04, 0x28001f00, 0x06b26a00, 0x12112a29, 0x1006b039, 0xb0d01cb0, 0x25b01006, 
    0x00b000d0, 0x12b05845, 0x12b11b2f, 0xb0593e1c, 0xb0584500, 0xb11b2f06, 0x593e0e06, 0x061219b2, 0xb2391211, 0x1106121a, 0x12b03912, 0x011cb110, 
    0x582b0ab0, 0xf41bd821, 0x1222b259, 0x39121106, 0x120623b2, 0xb0391211, 0x25b11006, 0x2b0ab001, 0x1bd82158, 0x313059f4, 0x15151601, 0x22230014, 
    0x37230727, 0x34352726, 0x32333636, 0x01333717, 0x26011714, 0x15062223, 0x01273425, 0x36323316, 0x80bf0335, 0xa4e0f6fe, 0x7c665775, 0xe178058d, 
    0x537cb191, 0x5ca6fc66, 0x90600802, 0xea02c9ab, 0x5afbfd4c, 0x04c6ae83, 0x6ff59303, 0x51dafef6, 0xf590b983, 0x87f6a183, 0x52fd7c5f, 0x0b0375c0, 
    0x06d2e752, 0xf9fc6fb1, 0x00d1e843, 0x3f000200, 0x9d040000, 0x13008d04, 0x8d001700, 0x191803b2, 0xb0391211, 0x15b01003, 0x00b000d0, 0x0cb05845, 
    0x0cb11b2f, 0xb0593e1c, 0xb0584500, 0xb11b2f10, 0x593e1c10, 0x584500b0, 0x1b2f02b0, 0x3e0e02b1, 0x4500b059, 0x2f06b058, 0x0e06b11b, 0x13b2593e, 
    0x1211020c, 0x2f13b039, 0x01130fb2, 0x0100b15d, 0x582b0ab0, 0xf41bd821, 0x0c15b259, 0x39121102, 0xb12f15b0, 0x0ab00104, 0xd821582b, 0xb059f41b, 
    0x08b01000, 0x1013b0d0, 0xb0d00ab0, 0x0eb01013, 0x1000b0d0, 0x30d016b0, 0x11230131, 0x11211123, 0x35231123, 0x15333533, 0x15333521, 0x35210133, 
    0x5c9d0421, 0x7747fd77, 0x02775b5b, 0xfc5c77b9, 0xfdb90274, 0xfc5b0347, 0xfd0c02a5, 0x655b03f4, 0xcdcdcdcd, 0x00e9b2fe, 0x9a000100, 0x46044bfe, 
    0x13008d04, 0x02b25b00, 0x12111514, 0x00b00039, 0x0cb05845, 0x0cb11b2f, 0xb0593e1c, 0xb0584500, 0xb11b2f0f, 0x593e1c0f, 0x584500b0, 0x1b2f00b0, 
    0x3e1000b1, 0x4500b059, 0x2f0ab058, 0x0e0ab11b, 0x00b0593e, 0x0105b110, 0x582b0ab0, 0xf41bd821, 0x0c09b259, 0x39121100, 0x0c0a0eb2, 0x30391211, 
    0x27220131, 0x32331637, 0x11013535, 0x01331123, 0x14113311, 0x39170306, 0x3b280d37, 0x7743fdb7, 0x77be0277, 0x134bfea0, 0x4ffc0f67, 0x2ffcd003, 
    0x2ffc8d04, 0x1afbd103, 0xffffb2aa, 0x50023100, 0xb5021002, 0x11000602, 0x02000000, 0x00002100, 0xb005db04, 0x1d000f00, 0x10b27800, 0x12111f1e, 
    0x1010b039, 0x00d006b0, 0x584500b0, 0x1b2f05b0, 0x3e1e05b1, 0x4500b059, 0x2f00b058, 0x0e00b11b, 0x04b2593e, 0x12110005, 0x2f04b039, 0x01045fb2, 
    0x042fb25d, 0x4fb45d01, 0x02045f04, 0x0101b171, 0x582b0ab0, 0xf41bd821, 0xd010b059, 0xb11000b0, 0x0ab00112, 0xd821582b, 0xb059f41b, 0x1ab11005, 
    0x2b0ab001, 0x1bd82158, 0x04b059f4, 0xd01cb010, 0x11333130, 0x11333523, 0x12043221, 0x02141515, 0x21132304, 0x00322111, 0x00343511, 0x21112127, 
    0x01b5b5d6, 0x1c01b397, 0xe1fe9e9f, 0xccfe21ba, 0x01eb0f01, 0xe0eefe16, 0x3401e2fe, 0x0266b102, 0xd0fea399, 0xfec386c2, 0xb102a4d2, 0x3101b7fd, 
    0xfb800401, 0xfd012e01, 0x020000d0, 0x00002100, 0xb005db04, 0x1d000f00, 0xb0006b00, 0xb0584500, 0xb11b2f05, 0x593e1e05, 0x584500b0, 0x1b2f00b0, 
    0x3e0e00b1, 0x0003b259, 0x39121105, 0xb22f03b0, 0x5d01035f, 0x01032fb2, 0x034fb45d, 0x7102035f, 0xb00102b1, 0x21582b0a, 0x59f41bd8, 0xb0d011b0, 
    0x12b11000, 0x2b0ab001, 0x1bd82158, 0x05b059f4, 0x011bb110, 0x582b0ab0, 0xf41bd821, 0x1003b059, 0x30d01cb0, 0x23113331, 0x21113335, 0x15120432, 
    0x04021415, 0x11211323, 0x11003221, 0x27003435, 0xd6211121, 0x9701b5b5, 0x9f1c01b3, 0xbae1fe9e, 0x01ccfe21, 0x1601eb0f, 0xfee0eefe, 0x023401e2, 
    0x990266b1, 0xc2d0fea3, 0xd2fec386, 0xfdb102a4, 0x013101b7, 0x01fb8004, 0xd0fd012e, 0x00000100, 0xea030000, 0x1b000006, 0x04b27600, 0x12111d1c, 
    0x18b00039, 0x4500b02f, 0x2f05b058, 0x1a05b11b, 0x00b0593e, 0x09b05845, 0x09b11b2f, 0xb0593e0e, 0xb0584500, 0xb11b2f12, 0x593e0e12, 0x01182fb2, 
    0x180fb25d, 0x1bb25d01, 0x12111812, 0x2f1bb039, 0xb00100b1, 0x21582b0a, 0x59f41bd8, 0x090502b2, 0xb0391211, 0x0eb11005, 0x2b0ab001, 0x1bd82158, 
    0x00b059f4, 0xd014b010, 0xb0101bb0, 0x3130d016, 0x36112101, 0x16323336, 0x11231117, 0x22232626, 0x23110706, 0x33352311, 0x21153335, 0xcdfe6402, 
    0xae6db83b, 0x017701aa, 0xab6f8579, 0xbaba7729, 0x04330177, 0x619afee9, 0xfdc4c46a, 0x91c7023a, 0xfd768b8e, 0x66e9041b, 0x0100b1b1, 0x00003400, 
    0xb0059404, 0x4e000f00, 0x4500b000, 0x2f0ab058, 0x1e0ab11b, 0x00b0593e, 0x02b05845, 0x02b11b2f, 0xb2593e0e, 0x11020a0f, 0x0fb03912, 0x0100b12f, 
    0x582b0ab0, 0xf41bd821, 0xd004b059, 0xb0100fb0, 0x0ab0d006, 0x0108b110, 0x582b0ab0, 0xf41bd821, 0xd00cb059, 0x23013130, 0x23112311, 0x21113335, 
    0x21152135, 0x91033311, 0xf9f97bf0, 0x60040efe, 0x03f00dfe, 0x03befc42, 0x9f016642, 0x61fe6969, 0x0e000100, 0x7202ecff, 0x1d004f05, 0x12b28200, 
    0x12111f1e, 0x00b00039, 0x01b05845, 0x01b11b2f, 0xb0593e1a, 0xb0584500, 0xb11b2f1b, 0x593e1a1b, 0x584500b0, 0x1b2f11b0, 0x3e0e11b1, 0x1001b059, 
    0xb0d000b0, 0x01b02f00, 0x0103b110, 0x582b0ab0, 0xf41bd821, 0x1001b059, 0xb0d006b0, 0x07b12f06, 0x2b0ab001, 0x1bd82158, 0x11b059f4, 0x010cb110, 
    0x582b0ab0, 0xf41bd821, 0x1007b059, 0xb0d015b0, 0x17b01006, 0x1003b0d0, 0xb0d019b0, 0x3130d01a, 0x15331101, 0x15211123, 0x16141121, 0x17373233, 
    0x26222306, 0x35231127, 0x35231133, 0x56011133, 0x1c01e0e0, 0x4c41e4fe, 0x2f05431e, 0x02707951, 0xc7c7d0d0, 0xebfe4f05, 0x66f7fe62, 0x585a9efe, 
    0x8a11620a, 0x666d0186, 0x01620901, 0xffff0015, 0x00001e00, 0x3b07e104, 0x25002602, 0x07010000, 0x16014400, 0x13003b01, 0x4500b000, 0x2f04b058, 
    0x1e04b11b, 0x0cb0593e, 0x003130dc, 0x1e00ffff, 0xe1040000, 0x26023b07, 0x00002500, 0x75000701, 0x3b01bf01, 0xb0001300, 0xb0584500, 0xb11b2f05, 
    0x593e1e05, 0x30dc0db0, 0xffff0031, 0x00001e00, 0x3107e104, 0x25002602, 0x07010000, 0xce009e00, 0x13003b01, 0x4500b000, 0x2f04b058, 0x1e04b11b, 
    0x0fb0593e, 0x003130dc, 0x1e00ffff, 0xe1040000, 0x26021707, 0x00002500, 0xa5000701, 0x4401cc00, 0xb0001300, 0xb0584500, 0xb11b2f05, 0x593e1e05, 
    0x30dc0eb0, 0xffff0031, 0x00001e00, 0x0007e104, 0x25002602, 0x07000000, 0xce006a00, 0xffff3b01, 0x00001e00, 0x7107e104, 0x25002602, 0x07010000, 
    0x4d01a300, 0x16004001, 0x4500b000, 0x2f04b058, 0x1e04b11b, 0x14b0593e, 0xd019b0dc, 0xffff3130, 0x00001e00, 0x8907e104, 0x25002602, 0x07000000, 
    0x39012702, 0xffffff00, 0x44fe8300, 0xc405bf04, 0x27002602, 0x07000000, 0xe2017900, 0xfffff7ff, 0x0000b800, 0x41074204, 0x29002602, 0x07010000, 
    0xff004400, 0x13004101, 0x4500b000, 0x2f06b058, 0x1e06b11b, 0x0db0593e, 0x003130dc, 0xb800ffff, 0x42040000, 0x26024107, 0x00002900, 0x75000701, 
    0x4101a801, 0xb0001300, 0xb0584500, 0xb11b2f06, 0x593e1e06, 0x30dc0eb0, 0xffff0031, 0x0000b800, 0x37074204, 0x29002602, 0x07010000, 0xb7009e00, 
    0x13004101, 0x4500b000, 0x2f06b058, 0x1e06b11b, 0x10b0593e, 0x003130dc, 0xb800ffff, 0x42040000, 0x26020607, 0x00002900, 0x6a000700, 0x4101b700, 
    0x0d00ffff, 0x5c010000, 0x26024107, 0x00002d00, 0x44000701, 0x4101a6ff, 0xb0001300, 0xb0584500, 0xb11b2f02, 0x593e1e02, 0x30dc05b0, 0xffff0031, 
    0x0000ca00, 0x41071a02, 0x2d002602, 0x07010000, 0x4e007500, 0x13004101, 0x4500b000, 0x2f03b058, 0x1e03b11b, 0x06b0593e, 0x003130dc, 0xfeffffff, 
    0x29020000, 0x26023707, 0x00002d00, 0x9e000701, 0x41015eff, 0xb0001300, 0xb0584500, 0xb11b2f02, 0x593e1e02, 0x30dc08b0, 0xffff0031, 0x0000e7ff, 
    0x06074202, 0x2d002602, 0x07000000, 0x5eff6a00, 0xffff4101, 0x0000b800, 0x1707f404, 0x32002602, 0x07010000, 0x2001a500, 0x13004401, 0x4500b000, 
    0x2f08b058, 0x1e08b11b, 0x0db0593e, 0x003130dc, 0x7d00ffff, 0xec04ecff, 0x26024707, 0x00003300, 0x44000701, 0x47014701, 0xb0001300, 0xb0584500, 
    0xb11b2f0b, 0x593e1e0b, 0x30dc1fb0, 0xffff0031, 0xecff7d00, 0x4707ec04, 0x33002602, 0x07010000, 0xf0017500, 0x13004701, 0x4500b000, 0x2f0bb058, 
    0x1e0bb11b, 0x20b0593e, 0x003130dc, 0x7d00ffff, 0xec04ecff, 0x26023d07, 0x00003300, 0x9e000701, 0x4701ff00, 0xb0001300, 0xb0584500, 0xb11b2f0b, 
    0x593e1e0b, 0x30dc22b0, 0xffff0031, 0xecff7d00, 0x2307ec04, 0x33002602, 0x07010000, 0xfd00a500, 0x13005001, 0x4500b000, 0x2f0cb058, 0x1e0cb11b, 
    0x21b0593e, 0x003130dc, 0x7d00ffff, 0xec04ecff, 0x26020c07, 0x00003300, 0x6a000700, 0x4701ff00, 0xa200ffff, 0xa304ecff, 0x26023b07, 0x00003900, 
    0x44000701, 0x3b013e01, 0xb0001300, 0xb0584500, 0xb11b2f0a, 0x593e1e0a, 0x30dc13b0, 0xffff0031, 0xecffa200, 0x3b07a304, 0x39002602, 0x07010000, 
    0xe7017500, 0x13003b01, 0x4500b000, 0x2f11b058, 0x1e11b11b, 0x14b0593e, 0x003130dc, 0xa200ffff, 0xa304ecff, 0x26023107, 0x00003900, 0x9e000701, 
    0x3b01f600, 0xb0001300, 0xb0584500, 0xb11b2f0a, 0x593e1e0a, 0x30dc16b0, 0xffff0031, 0xecffa200, 0x0007a304, 0x39002602, 0x07000000, 0xf6006a00, 
    0xffff3b01, 0x00001800, 0x3507ae04, 0x3d002602, 0x07010000, 0xa1017500, 0x13003501, 0x4500b000, 0x2f01b058, 0x1e01b11b, 0x0bb0593e, 0x003130dc, 
    0x6400ffff, 0xc703ecff, 0x26020006, 0x00004500, 0x44000701, 0x0000d700, 0xb0001300, 0xb0584500, 0xb11b2f17, 0x593e1a17, 0x30dc2bb0, 0xffff0031, 
    0xecff6400, 0x0006c703, 0x45002602, 0x07010000, 0x80017500, 0x13000000, 0x4500b000, 0x2f17b058, 0x1a17b11b, 0x2cb0593e, 0x003130dc, 0x6400ffff, 
    0xc703ecff, 0x2602f605, 0x00004500, 0x9e000701, 0x00008f00, 0xb0001300, 0xb0584500, 0xb11b2f17, 0x593e1a17, 0x30dc2eb0, 0xffff0031, 0xecff6400, 
    0xdc05c703, 0x45002602, 0x07010000, 0x8d00a500, 0x13000900, 0x4500b000, 0x2f17b058, 0x1a17b11b, 0x2db0593e, 0x003130dc, 0x6400ffff, 0xc703ecff, 
    0x2602c505, 0x00004500, 0x6a000700, 0x00008f00, 0x6400ffff, 0xc703ecff, 0x26023606, 0x00004500, 0xa3000701, 0x05000e01, 0xb0001600, 0xb0584500, 
    0xb11b2f17, 0x593e1a17, 0xb0dc33b0, 0x3130d038, 0x6400ffff, 0xc703ecff, 0x26024f06, 0x00004500, 0x27020700, 0xc5fffa00, 0x5e00ffff, 0xcc0344fe, 
    0x26024e04, 0x00004700, 0x79000700, 0xf7ff5701, 0x5a00ffff, 0xd503ecff, 0x26020006, 0x00004900, 0x44000701, 0x0000ca00, 0xb0001300, 0xb0584500, 
    0xb11b2f09, 0x593e1a09, 0x30dc21b0, 0xffff0031, 0xecff5a00, 0x0006d503, 0x49002602, 0x07010000, 0x73017500, 0x13000000, 0x4500b000, 0x2f09b058, 
    0x1a09b11b, 0x22b0593e, 0x003130dc, 0x5a00ffff, 0xd503ecff, 0x2602f605, 0x00004900, 0x9e000701, 0x00008200, 0xb0001300, 0xb0584500, 0xb11b2f09, 
    0x593e1a09, 0x30dc24b0, 0xffff0031, 0xecff5a00, 0xc505d503, 0x49002602, 0x07000000, 0x82006a00, 0xffff0000, 0x0000e2ff, 0xf4053101, 0x8d002602, 
    0x07010000, 0x7bff4400, 0x0900f4ff, 0x2f02b000, 0x30dc05b0, 0xffff0031, 0x00009f00, 0xf405ef01, 0x8d002602, 0x06010000, 0xf4237500, 0xb0000900, 
    0x06b02f03, 0x003130dc, 0xd3ffffff, 0xfe010000, 0x2602ea05, 0x00008d00, 0x9e000701, 0xf4ff33ff, 0xb0001300, 0xb0584500, 0xb11b2f02, 0x593e1a02, 
    0x30dc08b0, 0xffff0031, 0x0000bcff, 0xb9051702, 0x8d002602, 0x07000000, 0x33ff6a00, 0xfffff4ff, 0x00009c00, 0xdb05cc03, 0x52002602, 0x07010000, 
    0x8900a500, 0x13000800, 0x4500b000, 0x2f04b058, 0x1a04b11b, 0x17b0593e, 0x003130dc, 0x5a00ffff, 0x2004ecff, 0x26020006, 0x00005300, 0x44000701, 
    0x0000cf00, 0xb0001300, 0xb0584500, 0xb11b2f04, 0x593e1a04, 0x30dc20b0, 0xffff0031, 0xecff5a00, 0x00062004, 0x53002602, 0x07010000, 0x78017500, 
    0x13000000, 0x4500b000, 0x2f04b058, 0x1a04b11b, 0x21b0593e, 0x003130dc, 0x5a00ffff, 0x2004ecff, 0x2602f605, 0x00005300, 0x9e000701, 0x00008700, 
    0xb0001300, 0xb0584500, 0xb11b2f04, 0x593e1a04, 0x30dc23b0, 0xffff0031, 0xecff5a00, 0xdb052004, 0x53002602, 0x07010000, 0x8500a500, 0x13000800, 
    0x4500b000, 0x2f04b058, 0x1a04b11b, 0x22b0593e, 0x003130dc, 0x5a00ffff, 0x2004ecff, 0x2602c505, 0x00005300, 0x6a000700, 0x00008700, 0x9800ffff, 
    0xca03ecff, 0x26020006, 0x00005900, 0x44000701, 0x0000d100, 0xb0001300, 0xb0584500, 0xb11b2f07, 0x593e1a07, 0x30dc12b0, 0xffff0031, 0xecff9800, 
    0x0006ca03, 0x59002602, 0x07010000, 0x7a017500, 0x13000000, 0x4500b000, 0x2f0db058, 0x1a0db11b, 0x13b0593e, 0x003130dc, 0x9800ffff, 0xca03ecff, 
    0x2602f605, 0x00005900, 0x9e000701, 0x00008900, 0xb0001300, 0xb0584500, 0xb11b2f07, 0x593e1a07, 0x30dc15b0, 0xffff0031, 0xecff9800, 0xc505ca03, 
    0x59002602, 0x07000000, 0x89006a00, 0xffff0000, 0x4bfe2000, 0x0006b003, 0x5d002602, 0x07010000, 0x3e017500, 0x13000000, 0x4500b000, 0x2f01b058, 
    0x1a01b11b, 0x13b0593e, 0x003130dc, 0x2000ffff, 0xb0034bfe, 0x2602c505, 0x00005d00, 0x6a000600, 0xffff004d, 0x00001e00, 0xe406e104, 0x25002602, 
    0x07010000, 0xc7007000, 0x13004401, 0x4500b000, 0x2f04b058, 0x1e04b11b, 0x0cb0593e, 0x003130dc, 0x6400ffff, 0xc703ecff, 0x2602a905, 0x00004500, 
    0x70000701, 0x09008800, 0xb0000900, 0x2ab02f17, 0x003130dc, 0x1e00ffff, 0xe1040000, 0x26021007, 0x00002500, 0xa1000701, 0x3e01d700, 0xb0000900, 
    0x0eb02f04, 0x003130dc, 0x6400ffff, 0xc703ecff, 0x2602d505, 0x00004500, 0xa1000701, 0x03009800, 0xb0000900, 0x2db02f17, 0x003130dc, 0x1e000200, 
    0xe80463fe, 0x1700b005, 0x79001a00, 0x1c1b1ab2, 0xb0391211, 0x17b0101a, 0x00b000d0, 0x00b05845, 0x00b11b2f, 0xb0593e1e, 0xb0584500, 0xb11b2f0c, 
    0x593e100c, 0x584500b0, 0x1b2f01b0, 0x3e0e01b1, 0x4500b059, 0x2f15b058, 0x0e15b11b, 0x0cb0593e, 0x0307b110, 0x582b0ab0, 0xf41bd821, 0x1001b059, 
    0xb0d012b0, 0x19b22f12, 0x12110100, 0x2f19b039, 0xb00113b1, 0x21582b0a, 0x59f41bd8, 0x01001ab2, 0x30391211, 0x23010131, 0x14150606, 0x17373233, 
    0x26222306, 0x37363435, 0x23032103, 0x01210301, 0x2702ba02, 0x554a6913, 0x410f3336, 0x5e5a504e, 0x6bfd9552, 0x27028196, 0xfe4802ea, 0xfab005dc, 
    0x31695050, 0x2c542154, 0x81425059, 0xfe930136, 0xfcb00568, 0x00190351, 0x64000200, 0xd10363fe, 0x2e004e04, 0xa1003900, 0x3b3a17b2, 0xb0391211, 
    0x30b01017, 0x00b000d0, 0x17b05845, 0x17b11b2f, 0xb0593e1a, 0xb0584500, 0xb11b2f29, 0x593e1029, 0x584500b0, 0x1b2f1eb0, 0x3e0e1eb1, 0x4500b059, 
    0x2f05b058, 0x0e05b11b, 0x1eb0593e, 0xd000b010, 0xb22f00b0, 0x11170502, 0x0cb23912, 0x12111e17, 0x2f0cb039, 0xb11017b0, 0x0ab00110, 0xd821582b, 
    0xb259f41b, 0x11170c13, 0x29b03912, 0x0324b110, 0x582b0ab0, 0xf41bd821, 0x1005b059, 0xb0012fb1, 0x21582b0a, 0x59f41bd8, 0xb1100cb0, 0x0ab00133, 
    0xd821582b, 0x3059f41b, 0x27262531, 0x22230606, 0x24343526, 0x34353333, 0x06222326, 0x36342715, 0x17163233, 0x15171411, 0x15060623, 0x37323314, 
    0x22230617, 0x36343526, 0x37363225, 0x06062335, 0x03161415, 0x3f051045, 0xc19c6dc3, 0xd9eb0701, 0xa47d898f, 0xb5aff078, 0x102103d1, 0x36554a69, 
    0x4e410f33, 0xfe5c5a50, 0x2bbd78db, 0x87cab3d6, 0x52603304, 0x9e85ae59, 0x85747bb8, 0x81015a80, 0xfea2b5bd, 0x0c4e9d00, 0x54316950, 0x592c5421, 
    0x88814150, 0x02ee6174, 0x785b6f7f, 0x8300ffff, 0xbf04ecff, 0x26025607, 0x00002700, 0x75000701, 0x5601e301, 0xb0000900, 0x1fb02f0c, 0x003130dc, 
    0x5e00ffff, 0xcc03ecff, 0x26020006, 0x00004700, 0x75000701, 0x00005801, 0xb0000900, 0x20b02f10, 0x003130dc, 0x8300ffff, 0xbf04ecff, 0x26024c07, 
    0x00002700, 0x9e000701, 0x5601f200, 0xb0001300, 0xb0584500, 0xb11b2f0c, 0x593e1e0c, 0x30dc21b0, 0xffff0031, 0xecff5e00, 0xf605cc03, 0x47002602, 
    0x06010000, 0x00679e00, 0xb0001300, 0xb0584500, 0xb11b2f10, 0x593e1a10, 0x30dc22b0, 0xffff0031, 0xecff8300, 0x0d07bf04, 0x27002602, 0x07010000, 
    0xc001a200, 0x09005601, 0x2f0cb000, 0x30dc26b0, 0xffff0031, 0xecff5e00, 0xb705cc03, 0x47002602, 0x07010000, 0x3501a200, 0x09000000, 0x2f10b000, 
    0x30dc27b0, 0xffff0031, 0xecff8300, 0x4907bf04, 0x27002602, 0x07010000, 0xff009f00, 0x09005901, 0x2f0cb000, 0x30dc21b0, 0xffff0031, 0xecff5e00, 
    0xf205cc03, 0x47002602, 0x06010000, 0x02749f00, 0xb0000900, 0x22b02f10, 0x003130dc, 0xb800ffff, 0xbd040000, 0x26023407, 0x00002800, 0x9f000701, 
    0x4401b000, 0xb0000900, 0x1ab02f01, 0x003130dc, 0x6c00ffff, 0xec04ecff, 0x26000106, 0x00004800, 0xba010700, 0x5105b803, 0xb800ffff, 0x42040000, 
    0x2602ea06, 0x00002900, 0x70000701, 0x4a01b000, 0xb0001300, 0xb0584500, 0xb11b2f06, 0x593e1e06, 0x30dc0db0, 0xffff0031, 0xecff5a00, 0xa805d503, 
    0x49002602, 0x06010000, 0x087b7000, 0xb0000900, 0x20b02f09, 0x003130dc, 0xb800ffff, 0x42040000, 0x26021607, 0x00002900, 0xa1000701, 0x4401c000, 
    0xb0000900, 0x0fb02f06, 0x003130dc, 0x5a00ffff, 0xd503ecff, 0x2602d405, 0x00004900, 0xa1000701, 0x02008b00, 0xb0000900, 0x23b02f09, 0x003130dc, 
    0xb800ffff, 0x42040000, 0x2602f806, 0x00002900, 0xa2000701, 0x41018501, 0xb0001300, 0xb0584500, 0xb11b2f06, 0x593e1e06, 0x30dc15b0, 0xffff0031, 
    0xecff5a00, 0xb705d503, 0x49002602, 0x07010000, 0x5001a200, 0x09000000, 0x2f09b000, 0x30dc29b0, 0x01000031, 0x63feb800, 0xb0054204, 0x89001c00, 
    0x1e1d11b2, 0x00391211, 0x584500b0, 0x1b2f17b0, 0x3e1e17b1, 0x4500b059, 0x2f0fb058, 0x100fb11b, 0x00b0593e, 0x04b05845, 0x04b11b2f, 0xb0593e0e, 
    0xb0584500, 0xb11b2f15, 0x593e0e15, 0x04171bb2, 0xb0391211, 0x2fb22f1b, 0xb15d011b, 0x0ab00100, 0xd821582b, 0xb059f41b, 0x02b11015, 0x2b0ab001, 
    0x1bd82158, 0x03b059f4, 0x100fb0d0, 0xb0030ab1, 0x21582b0a, 0x59f41bd8, 0xb11017b0, 0x0ab00119, 0xd821582b, 0x3059f41b, 0x11210131, 0x06231521, 
    0x33141506, 0x06173732, 0x35262223, 0x21373634, 0x21152111, 0xdc032111, 0x0f0357fd, 0x554a6942, 0x410f3336, 0x5a5a504e, 0x032ffd4e, 0x02f6fc85, 
    0xfdba02a9, 0x695068ae, 0x54215431, 0x4050592c, 0xb005367e, 0x00dbfd69, 0x5a000200, 0xd5038dfe, 0x27004e04, 0x88002f00, 0x313024b2, 0xb0391211, 
    0x28b01024, 0x00b000d0, 0x09b05845, 0x09b11b2f, 0xb0593e1a, 0xb0584500, 0xb11b2f22, 0x593e1622, 0x584500b0, 0x1b2f00b0, 0x3e0e00b1, 0x092cb259, 
    0x39121100, 0xb12f2cb0, 0x0ab0010d, 0xd821582b, 0xb059f41b, 0x12b11000, 0x2b0ab001, 0x1bd82158, 0x15b259f4, 0x12110009, 0x0019b239, 0x39121109, 
    0xb11022b0, 0x0ab0031d, 0xd821582b, 0xb059f41b, 0x28b11009, 0x2b0ab001, 0x1bd82158, 0x313059f4, 0x26262205, 0x36343535, 0x12323336, 0x15211515, 
    0x32331614, 0x06173736, 0x15060707, 0x37323314, 0x22230617, 0x37343526, 0x07062203, 0x26263521, 0xdf8a3f02, 0x7ed8797c, 0xfcfce7c5, 0x9360a0d3, 
    0x52394b3c, 0x3655723e, 0x4e410f33, 0x4c5e5a50, 0x0214b987, 0x14a80589, 0x2b97f388, 0xfe8ffa9c, 0x1743e9f3, 0x4d46f5b8, 0x322f5439, 0x2154585e, 
    0x50592c54, 0xf9035c5d, 0x9c0da7c6, 0xffff00c4, 0x0000b800, 0x34074204, 0x29002602, 0x07010000, 0xc4009f00, 0x13004401, 0x4500b000, 0x2f06b058, 
    0x1e06b11b, 0x11b0593e, 0x003130dc, 0x5a00ffff, 0xd503ecff, 0x2602f205, 0x00004900, 0x9f000701, 0x02008f00, 0xb0000900, 0x24b02f09, 0x003130dc, 
    0x9100ffff, 0xd304ecff, 0x26024c07, 0x00002b00, 0x9e000701, 0x5601fb00, 0xb0001300, 0xb0584500, 0xb11b2f0b, 0x593e1e0b, 0x30dc27b0, 0xffff0031, 
    0x51fe6c00, 0xf605d403, 0x4b002602, 0x06010000, 0x007d9e00, 0xb0001300, 0xb0584500, 0xb11b2f03, 0x593e1a03, 0x30dc2bb0, 0xffff0031, 0xecff9100, 
    0x2b07d304, 0x2b002602, 0x07010000, 0x0401a100, 0x09005901, 0x2f0bb000, 0x30dc26b0, 0xffff0031, 0x51fe6c00, 0xd405d403, 0x4b002602, 0x07010000, 
    0x8600a100, 0x09000200, 0x2f03b000, 0x30dc2ab0, 0xffff0031, 0xecff9100, 0x0d07d304, 0x2b002602, 0x07010000, 0xc901a200, 0x09005601, 0x2f0bb000, 
    0x30dc2cb0, 0xffff0031, 0x51fe6c00, 0xb705d403, 0x4b002602, 0x07010000, 0x4b01a200, 0x09000000, 0x2f03b000, 0x30dc30b0, 0xffff0031, 0x2dfe9100, 
    0xc405d304, 0x2b002602, 0x07000000, 0xdf01ba01, 0xffffe3fe, 0x51fe6c00, 0x6306d403, 0x4b002602, 0x07010000, 0x5b013402, 0x09003a00, 0x2f03b000, 
    0x30dc2bb0, 0xffff0031, 0x0000b800, 0x3707ef04, 0x2c002602, 0x07010000, 0x16019e00, 0x13004101, 0x4500b000, 0x2f07b058, 0x1e07b11b, 0x10b0593e, 
    0x003130dc, 0x9c00ffff, 0xcc030000, 0x26023607, 0x00004c00, 0x9e000701, 0x40013200, 0xb0000900, 0x18b02f13, 0x003130dc, 0xc6ffffff, 0x67020000, 
    0x26021d07, 0x00002d00, 0xa5000701, 0x4a015cff, 0xb0001300, 0xb0584500, 0xb11b2f03, 0x593e1e03, 0x30dc07b0, 0xffff0031, 0x00009bff, 0xd0053c02, 
    0x8d002602, 0x07010000, 0x31ffa500, 0x1300fdff, 0x4500b000, 0x2f03b058, 0x1a03b11b, 0x07b0593e, 0x003130dc, 0xe0ffffff, 0x4b020000, 0x2602ea06, 
    0x00002d00, 0x70000701, 0x4a0157ff, 0xb0001300, 0xb0584500, 0xb11b2f03, 0x593e1e03, 0x30dc04b0, 0xffff0031, 0x0000b5ff, 0x9d052002, 0x8d002602, 
    0x07010000, 0x2cff7000, 0x1300fdff, 0x4500b000, 0x2f02b058, 0x1a02b11b, 0x05b0593e, 0x003130dc, 0xf1ffffff, 0x33020000, 0x26021607, 0x00002d00, 
    0xa1000701, 0x440167ff, 0xb0000900, 0x07b02f02, 0x003130dc, 0xc6ffffff, 0x08020000, 0x2602c905, 0x00008d00, 0xa1000701, 0xf7ff3cff, 0xb0000900, 
    0x07b02f02, 0x003130dc, 0x2700ffff, 0x600167fe, 0x2602b005, 0x00002d00, 0xa4000600, 0xffff04eb, 0x63fefcff, 0xc4053a01, 0x4d002602, 0x06000000, 
    0x00c0a400, 0xbf00ffff, 0x64010000, 0x2602f806, 0x00002d00, 0xa2000701, 0x41012b00, 0xb0001300, 0xb0584500, 0xb11b2f02, 0x593e1e02, 0x30dc0db0, 
    0xffff0031, 0xecffd300, 0xb005d805, 0x2d002600, 0x07000000, 0x21022e00, 0xffff0000, 0x4bfe9500, 0xc4050003, 0x4d002600, 0x07000000, 0xcb014e00, 
    0xffff0000, 0xecff4700, 0x21078304, 0x2e002602, 0x07010000, 0xb8019e00, 0x13002b01, 0x4500b000, 0x2f00b058, 0x1e00b11b, 0x14b0593e, 0x003130dc, 
    0x8cffffff, 0x05024bfe, 0x2602cd05, 0x00009c00, 0x9e000701, 0xd7ff3aff, 0xb0001300, 0xb0584500, 0xb11b2f00, 0x593e1a00, 0x30dc10b0, 0xffff0031, 
    0x95feb800, 0xb005e704, 0x2f002602, 0x07000000, 0x8701ba01, 0xffff4bff, 0x8dfe9c00, 0x0006e203, 0x4f002602, 0x07000000, 0x1101ba01, 0xffff43ff, 
    0x0000b000, 0x18070304, 0x30002602, 0x07010000, 0x34007500, 0x13001801, 0x4500b000, 0x2f05b058, 0x1e05b11b, 0x08b0593e, 0x003130dc, 0xa000ffff, 
    0xf0010000, 0x26028907, 0x00005000, 0x75000701, 0x89012400, 0xb0000900, 0x06b02f03, 0x003130dc, 0xb800ffff, 0x03043bfe, 0x2602b005, 0x00003000, 
    0xba010700, 0xf1fe7401, 0x6700ffff, 0x22013bfe, 0x26020006, 0x00005000, 0xba010700, 0xf1feeeff, 0xb800ffff, 0x03040000, 0x2602b005, 0x00003000, 
    0xba010701, 0x0005ad01, 0xb0001000, 0xb0584500, 0xb11b2f0a, 0x593e1e0a, 0xffff3130, 0x0000aa00, 0x01065602, 0x50002600, 0x07010000, 0x2201ba01, 
    0x06005105, 0x2f08b000, 0xffff3130, 0x0000b800, 0xb0050304, 0x30002602, 0x07010000, 0xbf01a200, 0x0600a2fd, 0x2f09b000, 0xffff3130, 0x0000aa00, 
    0x00065002, 0x50002600, 0x07010000, 0x1701a200, 0x0600affd, 0x2f07b000, 0xffff3130, 0x0000b800, 0x3b07f404, 0x32002602, 0x07010000, 0x13027500, 
    0x13003b01, 0x4500b000, 0x2f08b058, 0x1e08b11b, 0x0cb0593e, 0x003130dc, 0x9c00ffff, 0xcc030000, 0x26020006, 0x00005200, 0x75000701, 0x00007c01, 
    0xb0000900, 0x16b02f04, 0x003130dc, 0xb800ffff, 0xf4043bfe, 0x2602b005, 0x00003200, 0xba010700, 0xf1fed801, 0x9c00ffff, 0xcc033bfe, 0x26024e04, 
    0x00005200, 0xba010700, 0xf1fe4001, 0xb800ffff, 0xf4040000, 0x26022e07, 0x00003200, 0x9f000701, 0x3e012f01, 0xb0001300, 0xb0584500, 0xb11b2f06, 
    0x593e1e06, 0x30dc0fb0, 0xffff0031, 0x00009c00, 0xf205cc03, 0x52002602, 0x07010000, 0x98009f00, 0x09000200, 0x2f04b000, 0x30dc18b0, 0xffff0031, 
    0x0000d1ff, 0x0206cc03, 0x52002602, 0x07010000, 0x58ffba01, 0x13005205, 0x4500b000, 0x2f04b058, 0x1a04b11b, 0x14b0593e, 0x003130dc, 0x7d00ffff, 
    0xec04ecff, 0x2602f006, 0x00003300, 0x70000701, 0x5001f800, 0xb0000900, 0x1eb02f13, 0x003130dc, 0x5a00ffff, 0x2004ecff, 0x2602a805, 0x00005300, 
    0x70000701, 0x08008000, 0xb0000900, 0x1fb02f04, 0x003130dc, 0x7d00ffff, 0xec04ecff, 0x26021c07, 0x00003300, 0xa1000701, 0x4a010801, 0xb0000900, 
    0x21b02f13, 0x003130dc, 0x5a00ffff, 0x2004ecff, 0x2602d405, 0x00005300, 0xa1000701, 0x02009000, 0xb0000900, 0x22b02f04, 0x003130dc, 0x7d00ffff, 
    0xec04ecff, 0x26024607, 0x00003300, 0xa6000701, 0x47016301, 0xb0000c00, 0x20b02f13, 0xd022b0dc, 0xffff3130, 0xecff5a00, 0xff052004, 0x53002602, 
    0x07010000, 0xeb00a600, 0x0c000000, 0x2f04b000, 0xb0dc21b0, 0x3130d023, 0xb500ffff, 0xbb040000, 0x26023b07, 0x00003600, 0x75000701, 0x3b019c01, 
    0xb0000900, 0x1ab02f04, 0x003130dc, 0x9c00ffff, 0xa3020000, 0x26020006, 0x00005600, 0x75000701, 0x0000d700, 0xb0000900, 0x11b02f0c, 0x003130dc, 
    0xb500ffff, 0xbb043bfe, 0x2602b005, 0x00003600, 0xba010700, 0xf1fe6601, 0x5e00ffff, 0x93023ffe, 0x26024e04, 0x00005600, 0xba010700, 0xf5fee5ff, 
    0xb500ffff, 0xbb040000, 0x26022e07, 0x00003600, 0x9f000701, 0x3e01b800, 0xb0001300, 0xb0584500, 0xb11b2f04, 0x593e1e04, 0x30dc1db0, 0xffff0031, 
    0x00008300, 0xf205b102, 0x56002602, 0x06010000, 0x02f49f00, 0xb0000900, 0x13b02f0c, 0x003130dc, 0x5800ffff, 0x6c04ecff, 0x26024707, 0x00003700, 
    0x75000701, 0x4701b001, 0xb0001300, 0xb0584500, 0xb11b2f09, 0x593e1e09, 0x30dc2ab0, 0xffff0031, 0xecff6500, 0x00069c03, 0x57002602, 0x07010000, 
    0x56017500, 0x13000000, 0x4500b000, 0x2f09b058, 0x1a09b11b, 0x28b0593e, 0x003130dc, 0x5800ffff, 0x6c04ecff, 0x26023d07, 0x00003700, 0x9e000701, 
    0x4701bf00, 0xb0001300, 0xb0584500, 0xb11b2f09, 0x593e1e09, 0x30dc2ab0, 0xffff0031, 0xecff6500, 0xf6059c03, 0x57002602, 0x06010000, 0x00659e00, 
    0xb0001300, 0xb0584500, 0xb11b2f09, 0x593e1a09, 0x30dc2ab0, 0xffff0031, 0x49fe5800, 0xc4056c04, 0x37002602, 0x07000000, 0xb2017900, 0xfffffcff, 
    0x47fe6500, 0x4e049c03, 0x57002602, 0x07000000, 0x55017900, 0xfffffaff, 0x2cfe5800, 0xc4056c04, 0x37002602, 0x07000000, 0x7c01ba01, 0xffffe2fe, 
    0x2afe6500, 0x4e049c03, 0x57002602, 0x07000000, 0x1f01ba01, 0xffffe0fe, 0xecff5800, 0x3a076c04, 0x37002602, 0x07010000, 0xcc009f00, 0x09004a01, 
    0x2f09b000, 0x30dc2cb0, 0xffff0031, 0xecff6500, 0xf2059c03, 0x57002602, 0x06010000, 0x02729f00, 0xb0000900, 0x2ab02f09, 0x003130dc, 0x3400ffff, 
    0x940431fe, 0x2602b005, 0x00003800, 0xba010700, 0xe7fe6a01, 0x1700ffff, 0x490231fe, 0x26024f05, 0x00005800, 0xba010700, 0xe7feb600, 0x3400ffff, 
    0x94044dfe, 0x2602b005, 0x00003800, 0x79000700, 0x0000a001, 0x1700ffff, 0x7b024dfe, 0x26024f05, 0x00005800, 0x79000700, 0x0000ec00, 0x3400ffff, 
    0x94040000, 0x26022a07, 0x00003800, 0x9f000701, 0x3a01bb00, 0xb0001300, 0xb0584500, 0xb11b2f06, 0x593e1e06, 0x30dc0db0, 0xffff0031, 0xecff1700, 
    0x47069502, 0x58002600, 0x07000000, 0x6101ba01, 0xffff9705, 0xecffa200, 0x1707a304, 0x39002602, 0x07010000, 0xf400a500, 0x13004401, 0x4500b000, 
    0x2f11b058, 0x1e11b11b, 0x15b0593e, 0x003130dc, 0x9800ffff, 0xca03ecff, 0x2602dc05, 0x00005900, 0xa5000701, 0x09008700, 0xb0001300, 0xb0584500, 
    0xb11b2f0d, 0x593e1a0d, 0x30dc14b0, 0xffff0031, 0xecffa200, 0xe406a304, 0x39002602, 0x07010000, 0xef007000, 0x09004401, 0x2f00b000, 0x30dc12b0, 
    0xffff0031, 0xecff9800, 0xa905ca03, 0x59002602, 0x07010000, 0x82007000, 0x09000900, 0x2f06b000, 0x30dc11b0, 0xffff0031, 0xecffa200, 0x1007a304, 
    0x39002602, 0x07010000, 0xff00a100, 0x09003e01, 0x2f00b000, 0x30dc15b0, 0xffff0031, 0xecff9800, 0xd505ca03, 0x59002602, 0x07010000, 0x9200a100, 
    0x09000300, 0x2f06b000, 0x30dc14b0, 0xffff0031, 0xecffa200, 0x7107a304, 0x39002602, 0x07010000, 0x7501a300, 0x0c004001, 0x2f00b000, 0xb0dc20b0, 
    0x3130d012, 0x9800ffff, 0xca03ecff, 0x26023606, 0x00005900, 0xa3000701, 0x05000801, 0xb0000c00, 0x1fb02f06, 0xd011b0dc, 0xffff3130, 0xecffa200, 
    0x3a07a304, 0x39002602, 0x07010000, 0x5a01a600, 0x0c003b01, 0x2f00b000, 0xb0dc14b0, 0x3130d016, 0x9800ffff, 0xf603ecff, 0x2602ff05, 0x00005900, 
    0xa6000701, 0x0000ed00, 0xb0000c00, 0x13b02f06, 0xd015b0dc, 0x01003130, 0x89fea200, 0xb005a304, 0x63002000, 0x222114b2, 0x00391211, 0x584500b0, 
    0x1b2f00b0, 0x3e1e00b1, 0x4500b059, 0x2f18b058, 0x1e18b11b, 0x00b0593e, 0x0eb05845, 0x0eb11b2f, 0xb0593e16, 0xb0584500, 0xb11b2f14, 0x593e0e14, 
    0x181404b2, 0xb0391211, 0x09b1100e, 0x2b0ab003, 0x1bd82158, 0x14b059f4, 0x011cb110, 0x582b0ab0, 0xf41bd821, 0x01313059, 0x07061411, 0x14150606, 
    0x17373233, 0x26222306, 0x07373435, 0x11272422, 0x16141133, 0x11353620, 0x7c82a304, 0x36554866, 0x4e410f33, 0x4e655a50, 0x05ebfee6, 0x6801d27a, 
    0xfcb005d1, 0x3be19725, 0x5431684d, 0x592c5421, 0x055f6050, 0xeb03defb, 0xcbb827fc, 0xda03b6cc, 0x98000100, 0xde0363fe, 0x20003a04, 0x1bb27900, 
    0x12112221, 0x00b00039, 0x17b05845, 0x17b11b2f, 0xb0593e1a, 0xb0584500, 0xb11b2f1e, 0x593e1a1e, 0x584500b0, 0x1b2f0ab0, 0x3e100ab1, 0x4500b059, 
    0x2f00b058, 0x0e00b11b, 0x00b0593e, 0x13b05845, 0x13b11b2f, 0xb0593e0e, 0x05b1100a, 0x2b0ab003, 0x1bd82158, 0x00b059f4, 0xd010b010, 0xb22f10b0, 
    0x11001e11, 0x13b03912, 0x011bb110, 0x582b0ab0, 0xf41bd821, 0x21313059, 0x14150606, 0x17373233, 0x26222306, 0x37363435, 0x22230627, 0x33112726, 
    0x20331011, 0x11331137, 0x4a69c403, 0x0f333655, 0x5a504e41, 0x6c02535e, 0x02b4aded, 0x0401fa77, 0x69507845, 0x54215431, 0x4250592c, 0x9d833682, 
    0xc002c5c9, 0xcbfe4ffd, 0xfb0f03d7, 0xffff00c6, 0x00003d00, 0x3107f706, 0x3b002602, 0x07010000, 0xe9019e00, 0x13003b01, 0x4500b000, 0x2f03b058, 
    0x1e03b11b, 0x17b0593e, 0x003130dc, 0x3f00ffff, 0xc1050000, 0x2602f605, 0x00005b00, 0x9e000701, 0x00004901, 0xb0001300, 0xb0584500, 0xb11b2f03, 
    0x593e1a03, 0x30dc17b0, 0xffff0031, 0x00001800, 0x2b07ae04, 0x3d002602, 0x07010000, 0xb0009e00, 0x13003501, 0x4500b000, 0x2f08b058, 0x1e08b11b, 
    0x0db0593e, 0x003130dc, 0x2000ffff, 0xb0034bfe, 0x2602f605, 0x00005d00, 0x9e000601, 0x1300004d, 0x4500b000, 0x2f10b058, 0x1a10b11b, 0x15b0593e, 
    0x003130dc, 0x1800ffff, 0xae040000, 0x2602fa06, 0x00003d00, 0x6a000700, 0x3501b000, 0x5a00ffff, 0x72040000, 0x26023b07, 0x00003e00, 0x75000701, 
    0x3b01a101, 0xb0001300, 0xb0584500, 0xb11b2f08, 0x593e1e08, 0x30dc0cb0, 0xffff0031, 0x00005700, 0x0006aa03, 0x5e002602, 0x07010000, 0x3d017500, 
    0x13000000, 0x4500b000, 0x2f07b058, 0x1a07b11b, 0x0cb0593e, 0x003130dc, 0x5a00ffff, 0x72040000, 0x2602f206, 0x00003e00, 0xa2000701, 0x3b017e01, 
    0xb0001300, 0xb0584500, 0xb11b2f07, 0x593e1e07, 0x30dc13b0, 0xffff0031, 0x00005700, 0xb705aa03, 0x5e002602, 0x07010000, 0x1a01a200, 0x13000000, 
    0x4500b000, 0x2f07b058, 0x1a07b11b, 0x13b0593e, 0x003130dc, 0x5a00ffff, 0x72040000, 0x26022e07, 0x00003e00, 0x9f000701, 0x3e01bd00, 0xb0001300, 
    0xb0584500, 0xb11b2f07, 0x593e1e07, 0x30dc0fb0, 0xffff0031, 0x00005700, 0xf305aa03, 0x5e002602, 0x06010000, 0x03599f00, 0xb0001300, 0xb0584500, 
    0xb11b2f07, 0x593e1a07, 0x30dc0fb0, 0xffff0031, 0x00001100, 0x41071f07, 0x81002602, 0x07010000, 0xf7027500, 0x13004101, 0x4500b000, 0x2f06b058, 
    0x1e06b11b, 0x15b0593e, 0x003130dc, 0x5500ffff, 0x7a06ecff, 0x26020006, 0x00008600, 0x75000701, 0x00009802, 0xb0000900, 0x42b02f18, 0x003130dc, 
    0x7d00ffff, 0xfa04adff, 0x26027f07, 0x00008300, 0x75000701, 0x7f010602, 0xb0001300, 0xb0584500, 0xb11b2f10, 0x593e1e10, 0x30dc2cb0, 0xffff0031, 
    0x74ff5900, 0xff051f04, 0x89002602, 0x07010000, 0x48017500, 0x1300ffff, 0x4500b000, 0x2f04b058, 0x1a04b11b, 0x30b0593e, 0x003130dc, 0xd4ffffff, 
    0x15040000, 0x26028d04, 0x00003002, 0x26020701, 0x6eff57ff, 0xb2003900, 0x5d01195f, 0x0119ffb2, 0x19cfb25d, 0x9fb27101, 0xb2720119, 0x720119cf, 
    0x0119ffb2, 0x194fb271, 0xdfb27101, 0xb65d0119, 0x191f190f, 0x5d03192f, 0x0119b3b2, 0x0031305d, 0xd4ffffff, 0x15040000, 0x26028d04, 0x00003002, 
    0x26020701, 0x6eff57ff, 0xb2003900, 0x5d01195f, 0x0119ffb2, 0x19cfb25d, 0x9fb27101, 0xb2720119, 0x720119cf, 0x0119ffb2, 0x194fb271, 0xdfb27101, 
    0xb65d0119, 0x191f190f, 0x5d03192f, 0x0119b3b2, 0x0031305d, 0x2b00ffff, 0xf5030000, 0x26028d04, 0x0000d801, 0x26020600, 0xffffd95a, 0x00001700, 
    0x1d063a04, 0x33022602, 0x07010000, 0xbf004400, 0x09001d00, 0x2f04b000, 0x30dc0cb0, 0xffff0031, 0x00001700, 0x1d063a04, 0x33022602, 0x07010000, 
    0x68017500, 0x09001d00, 0x2f04b000, 0x30dc0db0, 0xffff0031, 0x00001700, 0x13063a04, 0x33022602, 0x06010000, 0x1d779e00, 0xb0001300, 0xb0584500, 
    0xb11b2f04, 0x593e1c04, 0x30dc0fb0, 0xffff0031, 0x00001700, 0xf9053a04, 0x33022602, 0x06010000, 0x2675a500, 0xb0001300, 0xb0584500, 0xb11b2f05, 
    0x593e1c05, 0x30dc0eb0, 0xffff0031, 0x00001700, 0xe2053a04, 0x33022602, 0x06000000, 0x1d776a00, 0x1700ffff, 0x3a040000, 0x26025306, 0x00003302, 
    0xa3000701, 0x2200f600, 0xb0001600, 0xb0584500, 0xb11b2f04, 0x593e1c04, 0xb0dc14b0, 0x3130d019, 0x1700ffff, 0x3a040000, 0x26026c06, 0x00003302, 
    0x27020700, 0xe2ffe200, 0x6d00ffff, 0x190448fe, 0x26029d04, 0x00003102, 0x79000700, 0xfbff8401, 0x9a00ffff, 0xaa030000, 0x26021d06, 0x00002802, 
    0x44000701, 0x1d00aa00, 0xb0001300, 0xb0584500, 0xb11b2f06, 0x593e1c06, 0x30dc0db0, 0xffff0031, 0x00009a00, 0x1d06aa03, 0x28022602, 0x07010000, 
    0x53017500, 0x13001d00, 0x4500b000, 0x2f07b058, 0x1c07b11b, 0x0eb0593e, 0x003130dc, 0x9a00ffff, 0xaa030000, 0x26021306, 0x00002802, 0x9e000601, 
    0x13001d62, 0x4500b000, 0x2f06b058, 0x1c06b11b, 0x10b0593e, 0x003130dc, 0x9a00ffff, 0xaa030000, 0x2602e205, 0x00002802, 0x6a000600, 0xffff1d62, 
    0x0000e9ff, 0x1d063801, 0xe3012602, 0x06010000, 0x1d824400, 0xb0001300, 0xb0584500, 0xb11b2f02, 0x593e1c02, 0x30dc05b0, 0xffff0031, 0x0000a600, 
    0x1d06f601, 0xe3012602, 0x06010000, 0x1d2a7500, 0xb0001300, 0xb0584500, 0xb11b2f03, 0x593e1c03, 0x30dc06b0, 0xffff0031, 0x0000daff, 0x13060502, 
    0xe3012602, 0x07010000, 0x3aff9e00, 0x13001d00, 0x4500b000, 0x2f02b058, 0x1c02b11b, 0x08b0593e, 0x003130dc, 0xc3ffffff, 0x1e020000, 0x2602e205, 
    0x0000e301, 0x6a000700, 0x1d003aff, 0x9a00ffff, 0x46040000, 0x2602f905, 0x0000de01, 0xa5000701, 0x2600ba00, 0xb0001300, 0xb0584500, 0xb11b2f08, 
    0x593e1c08, 0x30dc0db0, 0xffff0031, 0xf0ff6900, 0x1d063f04, 0xdd012602, 0x07010000, 0xe6004400, 0x13001d00, 0x4500b000, 0x2f0bb058, 0x1c0bb11b, 
    0x1eb0593e, 0x003130dc, 0x6900ffff, 0x3f04f0ff, 0x26021d06, 0x0000dd01, 0x75000701, 0x1d008f01, 0xb0000900, 0x1fb02f0b, 0x003130dc, 0x6900ffff, 
    0x3f04f0ff, 0x26021306, 0x0000dd01, 0x9e000701, 0x1d009e00, 0xb0001300, 0xb0584500, 0xb11b2f0b, 0x593e1c0b, 0x30dc21b0, 0xffff0031, 0xf0ff6900, 
    0xf9053f04, 0xdd012602, 0x07010000, 0x9c00a500, 0x13002600, 0x4500b000, 0x2f0bb058, 0x1c0bb11b, 0x20b0593e, 0x003130dc, 0x6900ffff, 0x3f04f0ff, 
    0x2602e205, 0x0000dd01, 0x6a000700, 0x1d009e00, 0x8800ffff, 0x0004f0ff, 0x26021d06, 0x0000d701, 0x44000701, 0x1d00de00, 0xb0001300, 0xb0584500, 
    0xb11b2f09, 0x593e1c09, 0x30dc13b0, 0xffff0031, 0xf0ff8800, 0x1d060004, 0xd7012602, 0x07010000, 0x87017500, 0x13001d00, 0x4500b000, 0x2f11b058, 
    0x1c11b11b, 0x14b0593e, 0x003130dc, 0x8800ffff, 0x0004f0ff, 0x26021306, 0x0000d701, 0x9e000701, 0x1d009600, 0xb0001300, 0xb0584500, 0xb11b2f09, 
    0x593e1c09, 0x30dc16b0, 0xffff0031, 0xf0ff8800, 0xe2050004, 0xd7012602, 0x07000000, 0x96006a00, 0xffff1d00, 0x00001500, 0x1d060c04, 0xd3012602, 
    0x07010000, 0x4c017500, 0x13001d00, 0x4500b000, 0x2f01b058, 0x1c01b11b, 0x0bb0593e, 0x003130dc, 0x1700ffff, 0x3a040000, 0x2602c605, 0x00003302, 
    0x70000601, 0x13002670, 0x4500b000, 0x2f04b058, 0x1c04b11b, 0x0cb0593e, 0x003130dc, 0x1700ffff, 0x3a040000, 0x2602f205, 0x00003302, 0xa1000701, 
    0x20008000, 0xb0000900, 0x0eb02f04, 0x003130dc, 0x17000200, 0x400463fe, 0x17008d04, 0x79001a00, 0x1c1b1ab2, 0xb0391211, 0x17b0101a, 0x00b000d0, 
    0x00b05845, 0x00b11b2f, 0xb0593e1c, 0xb0584500, 0xb11b2f0c, 0x593e100c, 0x584500b0, 0x1b2f01b0, 0x3e0e01b1, 0x4500b059, 0x2f15b058, 0x0e15b11b, 
    0x0cb0593e, 0x0307b110, 0x582b0ab0, 0xf41bd821, 0x1001b059, 0xb0d012b0, 0x19b22f12, 0x12110100, 0x2f19b039, 0xb00113b1, 0x21582b0a, 0x59f41bd8, 
    0x01001ab2, 0x30391211, 0x23010131, 0x14150606, 0x17373233, 0x26222306, 0x37363435, 0x23032103, 0x03210301, 0xd6016402, 0x554a6914, 0x410f3336, 
    0x605a504e, 0xcbfd7754, 0xda017c7c, 0xf1e401ba, 0x73fb8d04, 0x54316950, 0x592c5421, 0x36844250, 0xc9fe2f01, 0x10fd8d04, 0xffff6102, 0xf0ff6d00, 
    0x1d061904, 0x31022602, 0x07010000, 0x85017500, 0x09001d00, 0x2f0bb000, 0x30dc1fb0, 0xffff0031, 0xf0ff6d00, 0x13061904, 0x31022602, 0x07010000, 
    0x94009e00, 0x13001d00, 0x4500b000, 0x2f0bb058, 0x1c0bb11b, 0x1fb0593e, 0x003130dc, 0x6d00ffff, 0x1904f0ff, 0x2602d405, 0x00003102, 0xa2000701, 
    0x1d006201, 0xb0000900, 0x26b02f0b, 0x003130dc, 0x6d00ffff, 0x1904f0ff, 0x26021006, 0x00003102, 0x9f000701, 0x2000a100, 0xb0000900, 0x21b02f0b, 
    0x003130dc, 0x9a00ffff, 0x15040000, 0x26021006, 0x00003002, 0x9f000601, 0x09002050, 0x2f01b000, 0x30dc1ab0, 0xffff0031, 0x00009a00, 0xc605aa03, 
    0x28022602, 0x06010000, 0x265b7000, 0xb0001300, 0xb0584500, 0xb11b2f06, 0x593e1c06, 0x30dc0db0, 0xffff0031, 0x00009a00, 0xf205aa03, 0x28022602, 
    0x06010000, 0x206ba100, 0xb0000900, 0x0fb02f06, 0x003130dc, 0x9a00ffff, 0xaa030000, 0x2602d405, 0x00002802, 0xa2000701, 0x1d003001, 0xb0001300, 
    0xb0584500, 0xb11b2f06, 0x593e1c06, 0x30dc15b0, 0x01000031, 0x63fe9a00, 0x8d04aa03, 0x8b001c00, 0x1e1d11b2, 0x00391211, 0x584500b0, 0x1b2f17b0, 
    0x3e1c17b1, 0x4500b059, 0x2f0fb058, 0x100fb11b, 0x00b0593e, 0x04b05845, 0x04b11b2f, 0xb0593e0e, 0xb0584500, 0xb11b2f15, 0x593e0e15, 0x04171cb2, 
    0xb0391211, 0x1fb42f1c, 0x021c2f1c, 0x0100b15d, 0x582b0ab0, 0xf41bd821, 0x1015b059, 0xb00102b1, 0x21582b0a, 0x59f41bd8, 0xb0d003b0, 0x0ab1100f, 
    0x2b0ab003, 0x1bd82158, 0x17b059f4, 0x0119b110, 0x582b0ab0, 0xf41bd821, 0x01313059, 0x15211121, 0x15060623, 0x37323314, 0x22230617, 0x36343526, 
    0x21112137, 0x21112115, 0xbffd5203, 0x69379902, 0x3336554a, 0x504e410f, 0xfd4e5a5a, 0xfd0c039e, 0x0241026b, 0x653cfe29, 0x54316950, 0x592c5421, 
    0x367e4050, 0xfe678d04, 0xffff0069, 0x00009a00, 0x1006aa03, 0x28022602, 0x06010000, 0x206f9f00, 0xb0001300, 0xb0584500, 0xb11b2f06, 0x593e1c06, 
    0x30dc11b0, 0xffff0031, 0xf0ff7800, 0x13062a04, 0xe5012602, 0x07010000, 0x9d009e00, 0x13001d00, 0x4500b000, 0x2f0bb058, 0x1c0bb11b, 0x23b0593e, 
    0x003130dc, 0x7800ffff, 0x2a04f0ff, 0x2602f205, 0x0000e501, 0xa1000701, 0x2000a600, 0xb0000900, 0x24b02f0b, 0x003130dc, 0x7800ffff, 0x2a04f0ff, 
    0x2602d405, 0x0000e501, 0xa2000701, 0x1d006b01, 0xb0000900, 0x2ab02f0b, 0x003130dc, 0x7800ffff, 0x2a042ffe, 0x26029d04, 0x0000e501, 0xba010700, 
    0xe5fe6401, 0x9a00ffff, 0x41040000, 0x26021306, 0x0000e401, 0x9e000701, 0x1d00b300, 0xb0001300, 0xb0584500, 0xb11b2f07, 0x593e1c07, 0x30dc10b0, 
    0xffff0031, 0x0000a2ff, 0xf9054302, 0xe3012602, 0x07010000, 0x38ffa500, 0x13002600, 0x4500b000, 0x2f03b058, 0x1c03b11b, 0x07b0593e, 0x003130dc, 
    0xbcffffff, 0x27020000, 0x2602c605, 0x0000e301, 0x70000701, 0x260033ff, 0xb0001300, 0xb0584500, 0xb11b2f02, 0x593e1c02, 0x30dc05b0, 0xffff0031, 
    0x0000cdff, 0xf2050f02, 0xe3012602, 0x07010000, 0x43ffa100, 0x09002000, 0x2f02b000, 0x30dc07b0, 0xffff0031, 0x63fe0b00, 0x8d044401, 0xe3012602, 
    0x06000000, 0x00cfa400, 0x9b00ffff, 0x40010000, 0x2602d405, 0x0000e301, 0xa2000601, 0x13001d07, 0x4500b000, 0x2f02b058, 0x1c02b11b, 0x0db0593e, 
    0x003130dc, 0x3b00ffff, 0x0804f0ff, 0x26021306, 0x0000e201, 0x9e000701, 0x1d003d01, 0xb0001300, 0xb0584500, 0xb11b2f00, 0x593e1c00, 0x30dc14b0, 
    0xffff0031, 0x37fe9a00, 0x8d043d04, 0xe1012602, 0x07000000, 0x1b01ba01, 0xffffedfe, 0x00009100, 0x1d067503, 0xe0012602, 0x06010000, 0x1d157500, 
    0xb0001300, 0xb0584500, 0xb11b2f05, 0x593e1c05, 0x30dc08b0, 0xffff0031, 0x39fe9a00, 0x8d047503, 0xe0012602, 0x07000000, 0x1a01ba01, 0xffffeffe, 
    0x00009a00, 0x8d047503, 0xe0012602, 0x07010000, 0x5b01ba01, 0x1000dd03, 0x4500b000, 0x2f0bb058, 0x1c0bb11b, 0x3130593e, 0x9a00ffff, 0x75030000, 
    0x26028d04, 0x0000e001, 0xa2000701, 0x11fd6a01, 0xb0000600, 0x31302f09, 0x9a00ffff, 0x46040000, 0x26021d06, 0x0000de01, 0x75000701, 0x1d00ad01, 
    0xb0001300, 0xb0584500, 0xb11b2f08, 0x593e1c08, 0x30dc0cb0, 0xffff0031, 0x37fe9a00, 0x8d044604, 0xde012602, 0x07000000, 0x7301ba01, 0xffffedfe, 
    0x00009a00, 0x10064604, 0xde012602, 0x07010000, 0xc9009f00, 0x13002000, 0x4500b000, 0x2f06b058, 0x1c06b11b, 0x0fb0593e, 0x003130dc, 0x6900ffff, 
    0x3f04f0ff, 0x2602c605, 0x0000dd01, 0x70000701, 0x26009700, 0xb0000900, 0x1db02f0b, 0x003130dc, 0x6900ffff, 0x3f04f0ff, 0x2602f205, 0x0000dd01, 
    0xa1000701, 0x2000a700, 0xb0000900, 0x20b02f0b, 0x003130dc, 0x6900ffff, 0x3f04f0ff, 0x26021c06, 0x0000dd01, 0xa6000701, 0x1d000201, 0xb0000c00, 
    0x1fb02f0b, 0xd021b0dc, 0xffff3130, 0x00009800, 0x1d061604, 0xda012602, 0x07010000, 0x45017500, 0x09001d00, 0x2f04b000, 0x30dc1ab0, 0xffff0031, 
    0x39fe9800, 0x8d041604, 0xda012602, 0x07000000, 0x1001ba01, 0xffffeffe, 0x00009800, 0x10061604, 0xda012602, 0x06010000, 0x20619f00, 0xb0000900, 
    0x1cb02f04, 0x003130dc, 0x4a00ffff, 0xd303f0ff, 0x26021d06, 0x0000d901, 0x75000701, 0x1d005c01, 0xb0000900, 0x29b02f09, 0x003130dc, 0x4a00ffff, 
    0xd303f0ff, 0x26021306, 0x0000d901, 0x9e000601, 0x13001d6b, 0x4500b000, 0x2f09b058, 0x1c09b11b, 0x29b0593e, 0x003130dc, 0x4a00ffff, 0xd3034bfe, 
    0x26029d04, 0x0000d901, 0x79000700, 0xfeff6001, 0x4a00ffff, 0xd303f0ff, 0x26021006, 0x0000d901, 0x9f000601, 0x09002078, 0x2f09b000, 0x30dc2bb0, 
    0xffff0031, 0x32fe2b00, 0x8d04f503, 0xd8012602, 0x07000000, 0x1601ba01, 0xffffe8fe, 0x00002b00, 0x1006f503, 0xd8012602, 0x06010000, 0x20689f00, 
    0xb0001300, 0xb0584500, 0xb11b2f06, 0x593e1c06, 0x30dc0db0, 0xffff0031, 0x4efe2b00, 0x8d04f503, 0xd8012602, 0x07000000, 0x4c017900, 0xffff0100, 
    0xf0ff8800, 0xf9050004, 0xd7012602, 0x07010000, 0x9400a500, 0x13002600, 0x4500b000, 0x2f11b058, 0x1c11b11b, 0x15b0593e, 0x003130dc, 0x8800ffff, 
    0x0004f0ff, 0x2602c605, 0x0000d701, 0x70000701, 0x26008f00, 0xb0000900, 0x12b02f00, 0x003130dc, 0x8800ffff, 0x0004f0ff, 0x2602f205, 0x0000d701, 
    0xa1000701, 0x20009f00, 0xb0000900, 0x15b02f00, 0x003130dc, 0x8800ffff, 0x0004f0ff, 0x26025306, 0x0000d701, 0xa3000701, 0x22001501, 0xb0001600, 
    0xb0584500, 0xb11b2f09, 0x593e1c09, 0xb0dc1bb0, 0x3130d020, 0x8800ffff, 0x0304f0ff, 0x26021c06, 0x0000d701, 0xa6000701, 0x1d00fa00, 0xb0000c00, 
    0x14b02f00, 0xd016b0dc, 0x01003130, 0x7ffe8800, 0x8d040004, 0x60002000, 0x222113b2, 0x00391211, 0x584500b0, 0x1b2f00b0, 0x3e1c00b1, 0x4500b059, 
    0x2f17b058, 0x1c17b11b, 0x00b0593e, 0x0db05845, 0x0db11b2f, 0xb0593e16, 0xb0584500, 0xb11b2f13, 0x593e0e13, 0xb0011cb1, 0x21582b0a, 0x59f41bd8, 
    0x1c1303b2, 0xb0391211, 0x08b1100d, 0x2b0ab003, 0x1bd82158, 0x313059f4, 0x07101101, 0x14150607, 0x17373233, 0x26222306, 0x07373435, 0x11272622, 
    0x16141133, 0x37363233, 0xe0000411, 0x3655723e, 0x4e410f33, 0x31715a50, 0x7603eecb, 0xae9697af, 0xfc8d0401, 0x61f7fef7, 0x54585e32, 0x592c5421, 
    0x02646650, 0x1a03b4cf, 0x9c8aeefc, 0x15038a99, 0x3200ffff, 0xfa050000, 0x26021306, 0x0000d501, 0x9e000701, 0x1d006201, 0xb0001300, 0xb0584500, 
    0xb11b2f03, 0x593e1c03, 0x30dc17b0, 0xffff0031, 0x00001500, 0x13060c04, 0xd3012602, 0x06010000, 0x1d5b9e00, 0xb0001300, 0xb0584500, 0xb11b2f08, 
    0x593e1c08, 0x30dc0db0, 0xffff0031, 0x00001500, 0xe2050c04, 0xd3012602, 0x06000000, 0x1d5b6a00, 0x4b00ffff, 0xd6030000, 0x26021d06, 0x0000d201, 
    0x75000701, 0x1d004d01, 0xb0001300, 0xb0584500, 0xb11b2f07, 0x593e1c07, 0x30dc0cb0, 0xffff0031, 0x00004b00, 0xd405d603, 0xd2012602, 0x07010000, 
    0x2a01a200, 0x13001d00, 0x4500b000, 0x2f07b058, 0x1c07b11b, 0x13b0593e, 0x003130dc, 0x4b00ffff, 0xd6030000, 0x26021006, 0x0000d201, 0x9f000601, 
    0x13002069, 0x4500b000, 0x2f07b058, 0x1c07b11b, 0x0fb0593e, 0x003130dc, 0x1e00ffff, 0xe1040000, 0x26023406, 0x00002500, 0xae000600, 0xffff00f0, 
    0x00003eff, 0x35064204, 0x29002602, 0x07000000, 0x77feae00, 0xffff0100, 0x00004bff, 0x3606ef04, 0x2c002602, 0x07000000, 0x84feae00, 0xffff0200, 
    0x00005bff, 0x33064e01, 0x2d002602, 0x07000000, 0x94feae00, 0xffffffff, 0xecff0000, 0x34060005, 0x33002600, 0x07000014, 0x39ffae00, 0xffff0000, 
    0x000033ff, 0x34061205, 0x3d002600, 0x07000064, 0x6cfeae00, 0xffff0000, 0x00000c00, 0x3406cc04, 0xba002600, 0x07000014, 0x45ffae00, 0xffff0000, 
    0xf6ffa3ff, 0x6b064202, 0xc3002602, 0x07010000, 0x0affaf00, 0x1c00ebff, 0x4500b000, 0x2f0db058, 0x1a0db11b, 0x1bb0593e, 0xd010b0dc, 0xb0101bb0, 
    0x3130d026, 0x1e00ffff, 0xe1040000, 0x0602b005, 0x00002500, 0xb800ffff, 0x76040000, 0x0602b005, 0x00002600, 0xb800ffff, 0x42040000, 0x0602b005, 
    0x00002900, 0x5a00ffff, 0x72040000, 0x0602b005, 0x00003e00, 0xb800ffff, 0xef040000, 0x0602b005, 0x00002c00, 0xd300ffff, 0x4e010000, 0x0602b005, 
    0x00002d00, 0xb800ffff, 0xe7040000, 0x0602b005, 0x00002f00, 0xb800ffff, 0x33060000, 0x0602b005, 0x00003100, 0xb800ffff, 0xf4040000, 0x0602b005, 
    0x00003200, 0x7d00ffff, 0xec04ecff, 0x0602c405, 0x00003300, 0xb800ffff, 0x92040000, 0x0602b005, 0x00003400, 0x3400ffff, 0x94040000, 0x0602b005, 
    0x00003800, 0x1800ffff, 0xae040000, 0x0602b005, 0x00003d00, 0x3700ffff, 0xaf040000, 0x0602b005, 0x00003c00, 0xe7ffffff, 0x42020000, 0x26020607, 
    0x00002d00, 0x6a000700, 0x41015eff, 0x1800ffff, 0xae040000, 0x2602fa06, 0x00003d00, 0x6a000700, 0x3501b000, 0x6f00ffff, 0x7a04ebff, 0x26020806, 
    0x0000bb00, 0xae000701, 0xd4ff7401, 0xb0001300, 0xb0584500, 0xb11b2f14, 0x593e1a14, 0x30dc26b0, 0xffff0031, 0xecff6b00, 0x0706e803, 0xbf002602, 
    0x07010000, 0x2a01ae00, 0x1300d3ff, 0x4500b000, 0x2f08b058, 0x1a08b11b, 0x29b0593e, 0x003130dc, 0x9e00ffff, 0xd50361fe, 0x26020806, 0x0000c100, 
    0xae000701, 0xd4ff4501, 0xb0001300, 0xb0584500, 0xb11b2f03, 0x593e1a03, 0x30dc14b0, 0xffff0031, 0xf6ffb600, 0xf3052102, 0xc3002602, 0x06010000, 
    0xbff9ae00, 0xb0001300, 0xb0584500, 0xb11b2f00, 0x593e1a00, 0x30dc10b0, 0xffff0031, 0xecff9b00, 0x6b06cb03, 0xcb002602, 0x06010000, 0xeb25af00, 
    0xb0001c00, 0xb0584500, 0xb11b2f00, 0x593e1a00, 0xb0dc22b0, 0x22b0d017, 0xd02db010, 0xffff3130, 0x0000a200, 0x3a042004, 0x8e000602, 0xffff0000, 
    0xecff5a00, 0x4e042004, 0x53000602, 0xffff0000, 0x60fea200, 0x3a04d303, 0x76000602, 0xffff0000, 0x00002600, 0x3a04b103, 0x5a000602, 0x01000000, 
    0x55fe4000, 0x45044704, 0x6a001e00, 0x201f14b2, 0x00391211, 0x584500b0, 0x1b2f00b0, 0x3e1a00b1, 0x4500b059, 0x2f05b058, 0x1a05b11b, 0x00b0593e, 
    0x10b05845, 0x10b11b2f, 0xb0593e10, 0xb0584500, 0xb11b2f15, 0x593e1015, 0x100004b2, 0xb0391211, 0x0bb11010, 0x2b0ab001, 0x1bd82158, 0x14b259f4, 
    0x12111000, 0x1000b039, 0xb0011bb1, 0x21582b0a, 0x59f41bd8, 0x32133130, 0x01131717, 0x17130133, 0x37323316, 0x22230607, 0x01032726, 0x27030123, 
    0x27072326, 0x54949a36, 0x34019a28, 0xd989fe7d, 0x3c433923, 0x2b1a1315, 0xb0476c50, 0x017faffe, 0x3821c396, 0x2a05445d, 0x53ab4504, 0x4f02a4fe, 
    0x18fe2ffd, 0x67067748, 0x01a0680c, 0x0378fd8d, 0x45b9010b, 0x0c630671, 0xcbffffff, 0x2602f6ff, 0x2602b005, 0x0000c300, 0x6a000700, 0xebff42ff, 
    0x9b00ffff, 0xcb03ecff, 0x2602b005, 0x0000cb00, 0x6a000600, 0xffffeb5d, 0xecff5a00, 0x08062004, 0x53002602, 0x07010000, 0x3e01ae00, 0x0900d4ff, 
    0x2f04b000, 0x30dc21b0, 0xffff0031, 0xecff9b00, 0xf305cb03, 0xcb002602, 0x07010000, 0x1401ae00, 0x0900bfff, 0x2f00b000, 0x30dc17b0, 0xffff0031, 
    0xecff8900, 0xf1050f06, 0xce002602, 0x07010000, 0x5d02ae00, 0x0900bdff, 0x2f00b000, 0x30dc28b0, 0xffff0031, 0x0000b800, 0x06074204, 0x29002602, 
    0x07000000, 0xb7006a00, 0xffff4101, 0x0000b900, 0x41072704, 0xb1002602, 0x07010000, 0xa6017500, 0x13004101, 0x4500b000, 0x2f04b058, 0x1e04b11b, 
    0x08b0593e, 0x003130dc, 0x58000100, 0x6c04ecff, 0x2700c405, 0x09b26600, 0x12112928, 0x00b00039, 0x09b05845, 0x09b11b2f, 0xb0593e1e, 0xb0584500, 
    0xb11b2f1d, 0x593e0e1d, 0x1d0903b2, 0xb2391211, 0x111d090e, 0x09b03912, 0x0111b110, 0x582b0ab0, 0xf41bd821, 0x1003b059, 0xb00116b1, 0x21582b0a, 
    0x59f41bd8, 0x091d22b2, 0xb0391211, 0x25b1101d, 0x2b0ab001, 0x1bd82158, 0x313059f4, 0x24263401, 0x34352627, 0x16323324, 0x34231516, 0x06222326, 
    0x04161415, 0x14151616, 0x24222304, 0x14333526, 0x36323316, 0xfeaaf003, 0x0194683c, 0xe591d613, 0xaccc7c7e, 0x01b2c6a7, 0xfe66ca88, 0xfe9ae1ed, 
    0xe67b85ff, 0x01ceaabf, 0x7f8d7966, 0xa7ac6a4b, 0x7bc870d1, 0x7895b595, 0x736b8c6f, 0xd0ac6da0, 0x9a80c66e, 0xffff96b2, 0x0000d300, 0xb0054e01, 
    0x2d000602, 0xffff0000, 0x0000e7ff, 0x06074202, 0x2d002602, 0x07000000, 0x5eff6a00, 0xffff4101, 0xecff4700, 0xb005b703, 0x2e000602, 0xffff0000, 
    0x0000bd00, 0xb005f404, 0x2c020602, 0xffff0000, 0x0000b800, 0x0b07e704, 0x2f002602, 0x07010000, 0x98017500, 0x13000b01, 0x4500b000, 0x2f05b058, 
    0x1e05b11b, 0x0eb0593e, 0x003130dc, 0x3700ffff, 0xcd04ebff, 0x26021607, 0x0000de00, 0xa1000701, 0x4401db00, 0xb0000900, 0x15b02f01, 0x003130dc, 
    0x1e00ffff, 0xe1040000, 0x0602b005, 0x00002500, 0xb800ffff, 0x76040000, 0x0602b005, 0x00002600, 0xb900ffff, 0x27040000, 0x0602b005, 0x0000b100, 
    0xb800ffff, 0x42040000, 0x0602b005, 0x00002900, 0xbc00ffff, 0xf0040000, 0x26021607, 0x0000dc00, 0xa1000701, 0x44013301, 0xb0001300, 0xb0584500, 
    0xb11b2f08, 0x593e1e08, 0x30dc0db0, 0xffff0031, 0x0000b800, 0xb0053306, 0x31000602, 0xffff0000, 0x0000b800, 0xb005ef04, 0x2c000602, 0xffff0000, 
    0xecff7d00, 0xc405ec04, 0x33000602, 0xffff0000, 0x0000bd00, 0xb005eb04, 0xb6000602, 0xffff0000, 0x0000b800, 0xb0059204, 0x34000602, 0xffff0000, 
    0xecff8300, 0xc405bf04, 0x27000602, 0xffff0000, 0x00003400, 0xb0059404, 0x38000602, 0xffff0000, 0x00003700, 0xb005af04, 0x3c000602, 0xffff0000, 
    0xecff6400, 0x4e04c703, 0x45000602, 0xffff0000, 0xecff5a00, 0x4e04d503, 0x49000602, 0xffff0000, 0x0000a400, 0xc005db03, 0xf0002602, 0x07010000, 
    0x9100a100, 0x0900eeff, 0x2f00b000, 0x30dc0db0, 0xffff0031, 0xecff5a00, 0x4e042004, 0x53000602, 0xffff0000, 0x60fe9b00, 0x4e040204, 0x54000602, 
    0x01000000, 0xecff5e00, 0x4e04cc03, 0x4d001d00, 0x1f1e10b2, 0x00391211, 0x584500b0, 0x1b2f10b0, 0x3e1a10b1, 0x4500b059, 0x2f08b058, 0x0e08b11b, 
    0x00b1593e, 0x2b0ab001, 0x1bd82158, 0x03b259f4, 0x12111008, 0x1014b239, 0x39121108, 0xb11010b0, 0x0ab00117, 0xd821582b, 0x3059f41b, 0x36322531, 
    0x020e3337, 0x35022223, 0x36363435, 0x17163233, 0x23262623, 0x15150622, 0x2c021614, 0x7307a97d, 0x6cbd7205, 0xd170f9d5, 0x08e7b28c, 0x7fa70873, 
    0x51b3b3a2, 0xa363708d, 0xfa28015c, 0x86f6a024, 0x9c7fadd4, 0xcf23d3ea, 0xffff00e8, 0x4bfe2000, 0x3a04b003, 0x5d000602, 0xffff0000, 0x00003000, 
    0x3a04b203, 0x5c000602, 0xffff0000, 0xecff5a00, 0xc505d503, 0x49002602, 0x07000000, 0x82006a00, 0xffff0000, 0x0000a300, 0xeb053e03, 0xec002602, 
    0x07010000, 0xe7007500, 0x1300ebff, 0x4500b000, 0x2f04b058, 0x1a04b11b, 0x08b0593e, 0x003130dc, 0x6500ffff, 0x9c03ecff, 0x06024e04, 0x00005700, 
    0x9500ffff, 0x3a010000, 0x0602c405, 0x00004d00, 0xbcffffff, 0x17020000, 0x2602b905, 0x00008d00, 0x6a000700, 0xf4ff33ff, 0x98ffffff, 0x35014bfe, 
    0x0602c405, 0x00004e00, 0xa300ffff, 0x15040000, 0x2602ea05, 0x0000f100, 0x75000701, 0xeaff5801, 0xb0001300, 0xb0584500, 0xb11b2f05, 0x593e1a05, 
    0x30dc0fb0, 0xffff0031, 0x4bfe2000, 0xd505b003, 0x5d002602, 0x06010000, 0x0356a100, 0xb0001300, 0xb0584500, 0xb11b2f10, 0x593e1a10, 0x30dc14b0, 
    0xffff0031, 0x00003d00, 0x3b07f706, 0x3b002602, 0x07010000, 0x31024400, 0x13003b01, 0x4500b000, 0x2f03b058, 0x1e03b11b, 0x14b0593e, 0x003130dc, 
    0x3f00ffff, 0xc1050000, 0x26020006, 0x00005b00, 0x44000701, 0x00009101, 0xb0001300, 0xb0584500, 0xb11b2f03, 0x593e1a03, 0x30dc14b0, 0xffff0031, 
    0x00003d00, 0x3b07f706, 0x3b002602, 0x07010000, 0xda027500, 0x13003b01, 0x4500b000, 0x2f04b058, 0x1e04b11b, 0x15b0593e, 0x003130dc, 0x3f00ffff, 
    0xc1050000, 0x26020006, 0x00005b00, 0x75000701, 0x00003a02, 0xb0001300, 0xb0584500, 0xb11b2f04, 0x593e1a04, 0x30dc15b0, 0xffff0031, 0x00003d00, 
    0x0007f706, 0x3b002602, 0x07000000, 0xe9016a00, 0xffff3b01, 0x00003f00, 0xc505c105, 0x5b002602, 0x07000000, 0x49016a00, 0xffff0000, 0x00001800, 
    0x3507ae04, 0x3d002602, 0x07010000, 0xf8004400, 0x13003501, 0x4500b000, 0x2f08b058, 0x1e08b11b, 0x0ab0593e, 0x003130dc, 0x2000ffff, 0xb0034bfe, 
    0x26020006, 0x00005d00, 0x44000701, 0x00009500, 0xb0001300, 0xb0584500, 0xb11b2f10, 0x593e1a10, 0x30dc12b0, 0xffff0031, 0x42047700, 0x0006e200, 
    0x0b000602, 0xffff0000, 0x3b048f00, 0x0006df01, 0x06000602, 0xffff0000, 0xf8ff9900, 0xb0050c03, 0x05002600, 0x07000000, 0xce010500, 0xffff0000, 
    0x4bfe8cff, 0xca050402, 0x9c002602, 0x07010000, 0x47ff9f00, 0x0900daff, 0x2f00b000, 0x30dc12b0, 0xffff0031, 0x4b043e00, 0x00061101, 0x85010602, 
    0xffff0000, 0x0000b800, 0x3b073306, 0x31002602, 0x07010000, 0xb7027500, 0x13003b01, 0x4500b000, 0x2f00b058, 0x1e00b11b, 0x11b0593e, 0x003130dc, 
    0x9600ffff, 0x84060000, 0x26020006, 0x00005100, 0x75000701, 0x0000ce02, 0xb0001300, 0xb0584500, 0xb11b2f09, 0x593e1a09, 0x30dc23b0, 0xffff0031, 
    0x92fe1e00, 0xb005e104, 0x25002602, 0x07000000, 0x5c01a700, 0xffff0300, 0x92fe6400, 0x4e04c703, 0x45002602, 0x07000000, 0xbf00a700, 0xffff0300, 
    0x0000b800, 0x41074204, 0x29002602, 0x07010000, 0xff004400, 0x13004101, 0x4500b000, 0x2f06b058, 0x1e06b11b, 0x0db0593e, 0x003130dc, 0xbc00ffff, 
    0xf0040000, 0x26024107, 0x0000dc00, 0x44000701, 0x41017201, 0xb0001300, 0xb0584500, 0xb11b2f08, 0x593e1e08, 0x30dc0bb0, 0xffff0031, 0xecff5a00, 
    0x0006d503, 0x49002602, 0x07010000, 0xca004400, 0x13000000, 0x4500b000, 0x2f09b058, 0x1a09b11b, 0x21b0593e, 0x003130dc, 0xa400ffff, 0xdb030000, 
    0x2602eb05, 0x0000f000, 0x44000701, 0xebffd000, 0xb0001300, 0xb0584500, 0xb11b2f08, 0x593e1a08, 0x30dc0bb0, 0xffff0031, 0x00007b00, 0xb0050d05, 
    0xb9000602, 0xffff0000, 0x45fe7900, 0x3a040a05, 0xcd000602, 0xffff0000, 0x00001c00, 0xe906d004, 0x19012602, 0x07010000, 0x3d04ac00, 0x1600fb00, 
    0x4500b000, 0x2f10b058, 0x1e10b11b, 0x12b0593e, 0xd016b0dc, 0xffff3130, 0x00000900, 0xc2050104, 0x1a012602, 0x07010000, 0xda03ac00, 0x1600d4ff, 
    0x4500b000, 0x2f11b058, 0x1a11b11b, 0x13b0593e, 0xd017b0dc, 0xffff3130, 0x4bfe5a00, 0x4e042b08, 0x53002600, 0x07000000, 0x7b045d00, 0xffff0000, 
    0x4bfe7d00, 0xc4051a09, 0x33002600, 0x07000000, 0x6a055d00, 0xffff0000, 0x52fe5a00, 0xc4056404, 0xdb002602, 0x07000000, 0x9f015102, 0xffffb5ff, 
    0x53fe6200, 0x4d04a203, 0xef002602, 0x07000000, 0x35015102, 0xffffb6ff, 0x52fe8300, 0xc405bf04, 0x27002602, 0x07000000, 0xdd015102, 0xffffb5ff, 
    0x52fe5e00, 0x4e04cc03, 0x47002602, 0x07000000, 0x52015102, 0xffffb5ff, 0x00001800, 0xb005ae04, 0x3d000602, 0xffff0000, 0x61fe2c00, 0x3a04c303, 
    0xbd000602, 0xffff0000, 0x0000d300, 0xb0054e01, 0x2d000602, 0xffff0000, 0x00001700, 0x1607f406, 0xda002602, 0x07010000, 0xd801a100, 0x13004401, 
    0x4500b000, 0x2f0db058, 0x1e0db11b, 0x19b0593e, 0x003130dc, 0x1800ffff, 0x00060000, 0x2602c005, 0x0000ee00, 0xa1000701, 0xeeff5e01, 0xb0001300, 
    0xb0584500, 0xb11b2f0d, 0x593e1a0d, 0x30dc19b0, 0xffff0031, 0x0000d300, 0xb0054e01, 0x2d000602, 0xffff0000, 0x00001e00, 0x1007e104, 0x25002602, 
    0x07010000, 0xd700a100, 0x09003e01, 0x2f04b000, 0x30dc0eb0, 0xffff0031, 0xecff6400, 0xd505c703, 0x45002602, 0x07010000, 0x9800a100, 0x09000300, 
    0x2f17b000, 0x30dc2db0, 0xffff0031, 0x00001e00, 0x0007e104, 0x25002602, 0x07000000, 0xce006a00, 0xffff3b01, 0xecff6400, 0xc505c703, 0x45002602, 
    0x07000000, 0x8f006a00, 0xffff0000, 0x00001100, 0xb0051f07, 0x81000602, 0xffff0000, 0xecff5500, 0x4e047a06, 0x86000602, 0xffff0000, 0x0000b800, 
    0x16074204, 0x29002602, 0x07010000, 0xc000a100, 0x13004401, 0x4500b000, 0x2f06b058, 0x1e06b11b, 0x0fb0593e, 0x003130dc, 0x5a00ffff, 0xd503ecff, 
    0x2602d405, 0x00004900, 0xa1000701, 0x02008b00, 0xb0000900, 0x23b02f09, 0x003130dc, 0x7c00ffff, 0x2005ecff, 0x2602d806, 0x00005801, 0x6a000700, 
    0x1301e300, 0x5c00ffff, 0xd003ecff, 0x06024e04, 0x00009d00, 0x5c00ffff, 0xd003ecff, 0x2602c505, 0x00009d00, 0x6a000600, 0xffff007e, 0x00001700, 
    0x0607f406, 0xda002602, 0x07000000, 0xcf016a00, 0xffff4101, 0x00001800, 0xb0050006, 0xee002602, 0x07000000, 0x55016a00, 0xffffebff, 0xecff5a00, 
    0x1b076404, 0xdb002602, 0x07000000, 0xb4006a00, 0xffff5601, 0xedff6200, 0xc405a203, 0xef002602, 0x06000000, 0xff4a6a00, 0xbc00ffff, 0xf0040000, 
    0x2602ea06, 0x0000dc00, 0x70000701, 0x4a012301, 0xb0001300, 0xb0584500, 0xb11b2f08, 0x593e1e08, 0x30dc0bb0, 0xffff0031, 0x0000a400, 0x9405db03, 
    0xf0002602, 0x07010000, 0x81007000, 0x1300f4ff, 0x4500b000, 0x2f07b058, 0x1a07b11b, 0x0bb0593e, 0x003130dc, 0xbc00ffff, 0xf0040000, 0x26020607, 
    0x0000dc00, 0x6a000700, 0x41012a01, 0xa400ffff, 0xdb030000, 0x2602b005, 0x0000f000, 0x6a000700, 0xebff8800, 0x7d00ffff, 0xec04ecff, 0x26020c07, 
    0x00003300, 0x6a000700, 0x4701ff00, 0x5a00ffff, 0x2004ecff, 0x2602c505, 0x00005300, 0x6a000700, 0x00008700, 0x7600ffff, 0xe404ecff, 0x0602c405, 
    0x00001701, 0x5900ffff, 0x1f04ecff, 0x06024e04, 0x00001801, 0x7600ffff, 0xe404ecff, 0x26020107, 0x00001701, 0x6a000700, 0x3c011601, 0x5900ffff, 
    0x1f04ecff, 0x2602d305, 0x00001801, 0x6a000600, 0xffff0e7b, 0xecff8d00, 0x1c07c804, 0xe7002602, 0x07000000, 0x00016a00, 0xffff5701, 0xecff6f00, 
    0xc505d303, 0xff002602, 0x06000000, 0x006f6a00, 0x3700ffff, 0xcd04ebff, 0x2602ea06, 0x0000de00, 0x70000701, 0x4a01cb00, 0xb0000900, 0x12b02f01, 
    0x003130dc, 0x2000ffff, 0xb0034bfe, 0x2602a905, 0x00005d00, 0x70000601, 0x09000946, 0x2f01b000, 0x30dc11b0, 0xffff0031, 0xebff3700, 0x0607cd04, 
    0xde002602, 0x07000000, 0xd2006a00, 0xffff4101, 0x4bfe2000, 0xc505b003, 0x5d002602, 0x06000000, 0x004d6a00, 0x3700ffff, 0xcd04ebff, 0x26024007, 
    0x0000de00, 0xa6000701, 0x41013601, 0xb0001600, 0xb0584500, 0xb11b2f11, 0x593e1e11, 0xb0dc18b0, 0x3130d014, 0x2000ffff, 0xba034bfe, 0x2602ff05, 
    0x00005d00, 0xa6000701, 0x0000b100, 0xb0000c00, 0x13b02f01, 0xd015b0dc, 0xffff3130, 0x0000ac00, 0x06079904, 0xe1002602, 0x07000000, 0xfc006a00, 
    0xffff4101, 0x00006e00, 0xb0059e03, 0xf9002602, 0x06000000, 0xeb4a6a00, 0xba00ffff, 0xeb050000, 0x26000607, 0x0008e600, 0x2d002700, 0x00009d04, 
    0x6a000700, 0x4101bf01, 0xa900ffff, 0x51050000, 0x2600b005, 0x0000fe00, 0x8d002700, 0x00003104, 0x6a000700, 0xebff6801, 0x6c00ffff, 0xd303ecff, 
    0x06020006, 0x00004800, 0x1e00ffff, 0xe104cafe, 0x2602b005, 0x00002500, 0xad000700, 0x0000dd04, 0x6400ffff, 0xc703cafe, 0x26024e04, 0x00004500, 
    0xad000700, 0x00004004, 0x1e00ffff, 0xe1040000, 0x2602b107, 0x00002500, 0xab000701, 0x5801c804, 0xb0000900, 0x0bb02f04, 0x003130dc, 0x6400ffff, 
    0xc703ecff, 0x26027606, 0x00004500, 0xab000701, 0x1d008904, 0xb0000900, 0x2ab02f17, 0x003130dc, 0x1e00ffff, 0xe1040000, 0x26029907, 0x00002500, 
    0x37020701, 0x3801dc00, 0xb0001600, 0xb0584500, 0xb11b2f05, 0x593e1e05, 0xb0dc0eb0, 0x3130d014, 0x6400ffff, 0x6604ecff, 0x26025f06, 0x00004500, 
    0x37020701, 0xfeff9d00, 0xb0001600, 0xb0584500, 0xb11b2f17, 0x593e1a17, 0xb0dc2db0, 0x3130d033, 0x1e00ffff, 0xe1040000, 0x26029707, 0x00002500, 
    0x38020701, 0x3f01ca00, 0xb0001600, 0xb0584500, 0xb11b2f04, 0x593e1e04, 0xb0dc0eb0, 0x3130d013, 0x1c00ffff, 0xc703ecff, 0x26025c06, 0x00004500, 
    0x38020701, 0x04008b00, 0xb0001600, 0xb0584500, 0xb11b2f17, 0x593e1a17, 0xb0dc2db0, 0x3130d032, 0x1e00ffff, 0xe1040000, 0x2602e907, 0x00002500, 
    0x39020701, 0x3801ce00, 0xb0001600, 0xb0584500, 0xb11b2f05, 0x593e1e05, 0xb0dc0cb0, 0x3130d012, 0x6400ffff, 0x4404ecff, 0x2602af06, 0x00004500, 
    0x39020701, 0xfeff8f00, 0xb0001600, 0xb0584500, 0xb11b2f17, 0x593e1a17, 0xb0dc2bb0, 0x3130d031, 0x1e00ffff, 0xe1040000, 0x2602cf07, 0x00002500, 
    0x3a020701, 0x1f01cb00, 0xb0001600, 0xb0584500, 0xb11b2f05, 0x593e1e05, 0xb0dc0cb0, 0x3130d015, 0x6400ffff, 0xc703ecff, 0x26029506, 0x00004500, 
    0x3a020701, 0xe5ff8c00, 0xb0001600, 0xb0584500, 0xb11b2f17, 0x593e1a17, 0xb0dc2db0, 0x3130d034, 0x1e00ffff, 0xe104cafe, 0x26023107, 0x00002500, 
    0x9e002700, 0x3b01ce00, 0xad000701, 0x0000dd04, 0xb0001300, 0xb0584500, 0xb11b2f04, 0x593e1e04, 0x30dc0fb0, 0xffff0031, 0xcafe6400, 0xf605c703, 
    0x45002602, 0x27000000, 0x8f009e00, 0x07010000, 0x4004ad00, 0x13000000, 0x4500b000, 0x2f17b058, 0x1a17b11b, 0x2eb0593e, 0x003130dc, 0x1e00ffff, 
    0xe1040000, 0x2602b807, 0x00002500, 0x3c020701, 0x4101cc00, 0xb0000c00, 0x0eb02f04, 0xd018b0dc, 0xffff3130, 0xecff6400, 0x7d06c703, 0x45002602, 
    0x07010000, 0x8d003c02, 0x0c000600, 0x2f17b000, 0xb0dc2db0, 0x3130d037, 0x1e00ffff, 0xe1040000, 0x2602b807, 0x00002500, 0x35020701, 0x4101cc00, 
    0xb0000c00, 0x0eb02f04, 0xd018b0dc, 0xffff3130, 0xecff6400, 0x7d06c703, 0x45002602, 0x07010000, 0x8d003502, 0x0c000600, 0x2f17b000, 0xb0dc2db0, 
    0x3130d037, 0x1e00ffff, 0xe1040000, 0x26023708, 0x00002500, 0x3d020701, 0x4301d000, 0xb0001600, 0xb0584500, 0xb11b2f04, 0x593e1e04, 0xb0dc0eb0, 
    0x3130d017, 0x6400ffff, 0xc703ecff, 0x2602fc06, 0x00004500, 0x3d020701, 0x08009100, 0xb0001600, 0xb0584500, 0xb11b2f17, 0x593e1a17, 0xb0dc2db0, 
    0x3130d036, 0x1e00ffff, 0xe1040000, 0x2602f807, 0x00002500, 0x50020701, 0x4b01d000, 0xb0000c00, 0x0eb02f04, 0xd019b0dc, 0xffff3130, 0xecff6400, 
    0xbd06c703, 0x45002602, 0x07010000, 0x91005002, 0x0c001000, 0x2f17b000, 0xb0dc2db0, 0x3130d038, 0x1e00ffff, 0xe104cafe, 0x26021007, 0x00002500, 
    0xa1002700, 0x3e01d700, 0xad000701, 0x0000dd04, 0xb0001300, 0xb0584500, 0xb11b2f04, 0x593e1e04, 0x30dc0eb0, 0xffff0031, 0xcafe6400, 0xd505c703, 
    0x45002602, 0x27000000, 0x9800a100, 0x07010300, 0x4004ad00, 0x13000000, 0x4500b000, 0x2f17b058, 0x1a17b11b, 0x2db0593e, 0x003130dc, 0xb800ffff, 
    0x4204d4fe, 0x2602b005, 0x00002900, 0xad000700, 0x0a00b304, 0x5a00ffff, 0xd503ccfe, 0x26024e04, 0x00004900, 0xad000700, 0x02007e04, 0xb800ffff, 
    0x42040000, 0x2602b707, 0x00002900, 0xab000701, 0x5e01b104, 0xb0000900, 0x0cb02f06, 0x003130dc, 0x5a00ffff, 0xd503ecff, 0x26027506, 0x00004900, 
    0xab000701, 0x1c007c04, 0xb0000900, 0x20b02f09, 0x003130dc, 0xb800ffff, 0x42040000, 0x26021d07, 0x00002900, 0xa5000701, 0x4a01b500, 0xb0001300, 
    0xb0584500, 0xb11b2f06, 0x593e1e06, 0x30dc0fb0, 0xffff0031, 0xecff5a00, 0xdb05d503, 0x49002602, 0x07010000, 0x8000a500, 0x13000800, 0x4500b000, 
    0x2f09b058, 0x1a09b11b, 0x23b0593e, 0x003130dc, 0xb800ffff, 0x8e040000, 0x26029f07, 0x00002900, 0x37020701, 0x3e01c500, 0xb0001600, 0xb0584500, 
    0xb11b2f06, 0x593e1e06, 0xb0dc11b0, 0x3130d015, 0x5a00ffff, 0x5904ecff, 0x26025e06, 0x00004900, 0x37020701, 0xfdff9000, 0xb0001600, 0xb0584500, 
    0xb11b2f09, 0x593e1a09, 0xb0dc23b0, 0x3130d029, 0x4400ffff, 0x42040000, 0x26029d07, 0x00002900, 0x38020701, 0x4501b300, 0xb0001600, 0xb0584500, 
    0xb11b2f06, 0x593e1e06, 0xb0dc0fb0, 0x3130d014, 0x0f00ffff, 0xd503ecff, 0x26025b06, 0x00004900, 0x38020601, 0x1600037e, 0x4500b000, 0x2f09b058, 
    0x1a09b11b, 0x23b0593e, 0xd028b0dc, 0xffff3130, 0x0000b800, 0xef076c04, 0x29002602, 0x07010000, 0xb7003902, 0x16003e01, 0x4500b000, 0x2f07b058, 
    0x1e07b11b, 0x0db0593e, 0xd013b0dc, 0xffff3130, 0xecff5a00, 0xae063704, 0x49002602, 0x07010000, 0x82003902, 0x1600fdff, 0x4500b000, 0x2f09b058, 
    0x1a09b11b, 0x21b0593e, 0xd027b0dc, 0xffff3130, 0x0000b800, 0xd5074204, 0x29002602, 0x07010000, 0xb4003a02, 0x16002501, 0x4500b000, 0x2f06b058, 
    0x1e06b11b, 0x0fb0593e, 0xd016b0dc, 0xffff3130, 0xecff5a00, 0x9406d503, 0x49002602, 0x06010000, 0xe47f3a02, 0xb0001600, 0xb0584500, 0xb11b2f09, 
    0x593e1a09, 0xb0dc21b0, 0x3130d02a, 0xb800ffff, 0x4204d4fe, 0x26023707, 0x00002900, 0x9e002700, 0x4101b700, 0xad000701, 0x0a00b304, 0xb0001300, 
    0xb0584500, 0xb11b2f06, 0x593e1e06, 0x30dc10b0, 0xffff0031, 0xccfe5a00, 0xf605d503, 0x49002602, 0x27000000, 0x82009e00, 0x07010000, 0x7e04ad00, 
    0x13000200, 0x4500b000, 0x2f09b058, 0x1a09b11b, 0x24b0593e, 0x003130dc, 0xc400ffff, 0xf1010000, 0x2602b707, 0x00002d00, 0xab000701, 0x5e015703, 
    0xb0000900, 0x04b02f02, 0x003130dc, 0x9900ffff, 0xc6010000, 0x26026906, 0x00008d00, 0xab000701, 0x10002c03, 0xb0000900, 0x04b02f02, 0x003130dc, 
    0xb900ffff, 0x5e01cefe, 0x2602b005, 0x00002d00, 0xad000700, 0x04005903, 0x8d00ffff, 0x3a01d4fe, 0x2602c405, 0x00004d00, 0xad000700, 0x0a002d03, 
    0x7d00ffff, 0xec04cafe, 0x2602c405, 0x00003300, 0xad000700, 0x0000ff04, 0x5a00ffff, 0x2004c6fe, 0x26024e04, 0x00005300, 0xad000700, 0xfcff8704, 
    0x7d00ffff, 0xec04ecff, 0x2602bd07, 0x00003300, 0xab000701, 0x6401f904, 0xb0001300, 0xb0584500, 0xb11b2f0b, 0x593e1e0b, 0x30dc1eb0, 0xffff0031, 
    0xecff5a00, 0x75062004, 0x53002602, 0x07010000, 0x8104ab00, 0x09001c00, 0x2f04b000, 0x30dc1fb0, 0xffff0031, 0xecff7d00, 0xa507ec04, 0x33002602, 
    0x07010000, 0x0d013702, 0x16004401, 0x4500b000, 0x2f0bb058, 0x1e0bb11b, 0x23b0593e, 0xd027b0dc, 0xffff3130, 0xecff5a00, 0x5e065e04, 0x53002602, 
    0x07010000, 0x95003702, 0x1600fdff, 0x4500b000, 0x2f04b058, 0x1a04b11b, 0x22b0593e, 0xd028b0dc, 0xffff3130, 0xecff7d00, 0xa307ec04, 0x33002602, 
    0x07010000, 0xfb003802, 0x16004b01, 0x4500b000, 0x2f0bb058, 0x1e0bb11b, 0x21b0593e, 0xd026b0dc, 0xffff3130, 0xecff1400, 0x5b062004, 0x53002602, 
    0x07010000, 0x83003802, 0x16000300, 0x4500b000, 0x2f04b058, 0x1a04b11b, 0x20b0593e, 0xd027b0dc, 0xffff3130, 0xecff7d00, 0xf507ec04, 0x33002602, 
    0x07010000, 0xff003902, 0x16004401, 0x4500b000, 0x2f0bb058, 0x1e0bb11b, 0x21b0593e, 0xd025b0dc, 0xffff3130, 0xecff5a00, 0xae063c04, 0x53002602, 
    0x07010000, 0x87003902, 0x1600fdff, 0x4500b000, 0x2f04b058, 0x1a04b11b, 0x20b0593e, 0xd026b0dc, 0xffff3130, 0xecff7d00, 0xdb07ec04, 0x33002602, 
    0x07010000, 0xfc003a02, 0x16002b01, 0x4500b000, 0x2f0cb058, 0x1e0cb11b, 0x1fb0593e, 0xd028b0dc, 0xffff3130, 0xecff5a00, 0x94062004, 0x53002602, 
    0x07010000, 0x84003a02, 0x1600e4ff, 0x4500b000, 0x2f04b058, 0x1a04b11b, 0x22b0593e, 0xd029b0dc, 0xffff3130, 0xcafe7d00, 0x3d07ec04, 0x33002602, 
    0x27000000, 0xff009e00, 0x07014701, 0xff04ad00, 0x13000000, 0x4500b000, 0x2f0bb058, 0x1e0bb11b, 0x22b0593e, 0x003130dc, 0x5a00ffff, 0x2004c6fe, 
    0x2602f605, 0x00005300, 0x9e002700, 0x00008700, 0xad000701, 0xfcff8704, 0xb0001300, 0xb0584500, 0xb11b2f04, 0x593e1a04, 0x30dc23b0, 0xffff0031, 
    0xecff8400, 0x3d07a805, 0x98002602, 0x07010000, 0x07027500, 0x13003d01, 0x4500b000, 0x2f0db058, 0x1e0db11b, 0x2ab0593e, 0x003130dc, 0x5900ffff, 
    0xa004ecff, 0x26020006, 0x00009900, 0x75000701, 0x00008301, 0xb0001300, 0xb0584500, 0xb11b2f04, 0x593e1a04, 0x30dc28b0, 0xffff0031, 0xecff8400, 
    0x3d07a805, 0x98002602, 0x07010000, 0x5e014400, 0x13003d01, 0x4500b000, 0x2f0db058, 0x1e0db11b, 0x29b0593e, 0x003130dc, 0x5900ffff, 0xa004ecff, 
    0x26020006, 0x00009900, 0x44000701, 0x0000da00, 0xb0001300, 0xb0584500, 0xb11b2f04, 0x593e1a04, 0x30dc27b0, 0xffff0031, 0xecff8400, 0xb307a805, 
    0x98002602, 0x07010000, 0x1005ab00, 0x13005a01, 0x4500b000, 0x2f0db058, 0x1e0db11b, 0x28b0593e, 0x003130dc, 0x5900ffff, 0xa004ecff, 0x26027506, 
    0x00009900, 0xab000701, 0x1c008c04, 0xb0001300, 0xb0584500, 0xb11b2f04, 0x593e1a04, 0x30dc26b0, 0xffff0031, 0xecff8400, 0x1907a805, 0x98002602, 
    0x07010000, 0x1401a500, 0x13004601, 0x4500b000, 0x2f0db058, 0x1e0db11b, 0x2bb0593e, 0x003130dc, 0x5900ffff, 0xa004ecff, 0x2602db05, 0x00009900, 
    0xa5000701, 0x08009000, 0xb0001300, 0xb0584500, 0xb11b2f04, 0x593e1a04, 0x30dc29b0, 0xffff0031, 0xcafe8400, 0x1d06a805, 0x98002602, 0x07000000, 
    0xfc04ad00, 0xffff0000, 0xc1fe5900, 0xae04a004, 0x99002602, 0x07000000, 0x8e04ad00, 0xfffff7ff, 0xcafea200, 0xb005a304, 0x39002602, 0x07000000, 
    0xea04ad00, 0xffff0000, 0xcafe9800, 0x3a04ca03, 0x59002602, 0x07000000, 0x4704ad00, 0xffff0000, 0xecffa200, 0xb107a304, 0x39002602, 0x07010000, 
    0xf004ab00, 0x09005801, 0x2f00b000, 0x30dc12b0, 0xffff0031, 0xecff9800, 0x7606ca03, 0x59002602, 0x07010000, 0x8304ab00, 0x09001d00, 0x2f06b000, 
    0x30dc11b0, 0xffff0031, 0xecffa200, 0x4107ec05, 0x9a002602, 0x07010000, 0xe4017500, 0x13004101, 0x4500b000, 0x2f19b058, 0x1e19b11b, 0x1cb0593e, 
    0x003130dc, 0x9800ffff, 0xd904ecff, 0x2602eb05, 0x00009b00, 0x75000701, 0xebff8101, 0xb0001300, 0xb0584500, 0xb11b2f13, 0x593e1a13, 0x30dc1cb0, 
    0xffff0031, 0xecffa200, 0x4107ec05, 0x9a002602, 0x07010000, 0x3b014400, 0x13004101, 0x4500b000, 0x2f12b058, 0x1e12b11b, 0x1bb0593e, 0x003130dc, 
    0x9800ffff, 0xd904ecff, 0x2602eb05, 0x00009b00, 0x44000701, 0xebffd800, 0xb0001300, 0xb0584500, 0xb11b2f0d, 0x593e1a0d, 0x30dc1bb0, 0xffff0031, 
    0xecffa200, 0xb707ec05, 0x9a002602, 0x07010000, 0xed04ab00, 0x13005e01, 0x4500b000, 0x2f12b058, 0x1e12b11b, 0x1ab0593e, 0x003130dc, 0x9800ffff, 
    0xd904ecff, 0x26026006, 0x00009b00, 0xab000701, 0x07008a04, 0xb0001300, 0xb0584500, 0xb11b2f0d, 0x593e1a0d, 0x30dc1ab0, 0xffff0031, 0xecffa200, 
    0x1d07ec05, 0x9a002602, 0x07010000, 0xf100a500, 0x13004a01, 0x4500b000, 0x2f19b058, 0x1e19b11b, 0x1db0593e, 0x003130dc, 0x9800ffff, 0xd904ecff, 
    0x2602c705, 0x00009b00, 0xa5000701, 0xf4ff8e00, 0xb0001300, 0xb0584500, 0xb11b2f13, 0x593e1a13, 0x30dc1db0, 0xffff0031, 0xc7fea200, 0x0806ec05, 
    0x9a002602, 0x07000000, 0xe704ad00, 0xfffffdff, 0xcafe9800, 0x9b04d904, 0x9b002602, 0x07000000, 0x7904ad00, 0xffff0000, 0xcffe1800, 0xb005ae04, 
    0x3d002602, 0x07000000, 0xad04ad00, 0xffff0500, 0x2dfe2000, 0x3a04b003, 0x5d002602, 0x07000000, 0x1205ad00, 0xffff63ff, 0x00001800, 0xab07ae04, 
    0x3d002602, 0x07010000, 0xaa04ab00, 0x09005201, 0x2f01b000, 0x30dc09b0, 0xffff0031, 0x4bfe2000, 0x7606b003, 0x5d002602, 0x07010000, 0x4704ab00, 
    0x09001d00, 0x2f01b000, 0x30dc11b0, 0xffff0031, 0x00001800, 0x1107ae04, 0x3d002602, 0x07010000, 0xae00a500, 0x13003e01, 0x4500b000, 0x2f01b058, 
    0x1e01b11b, 0x0cb0593e, 0x003130dc, 0x2000ffff, 0xb0034bfe, 0x2602dc05, 0x00005d00, 0xa5000601, 0x1300094b, 0x4500b000, 0x2f01b058, 0x1a01b11b, 
    0x14b0593e, 0x003130dc, 0x6c00ffff, 0x8204fffe, 0x26000006, 0x00004800, 0x26022700, 0x3b02a101, 0x43000701, 0x64ffa900, 0xb2000d00, 0x5d011d0f, 
    0x011d2fb2, 0x0031305d, 0x3400ffff, 0x94049dfe, 0x2602b005, 0x00003800, 0x51020700, 0x00000402, 0x2800ffff, 0xa5039dfe, 0x26023a04, 0x0000f600, 
    0x51020700, 0x00008201, 0xac00ffff, 0x99049dfe, 0x2602b005, 0x0000e100, 0x51020700, 0x00002303, 0x6e00ffff, 0x9e039dfe, 0x26023a04, 0x0000f900, 
    0x51020700, 0x00002a02, 0xb900ffff, 0x27049dfe, 0x2602b005, 0x0000b100, 0x51020700, 0x00009900, 0xa300ffff, 0x3e039dfe, 0x26023a04, 0x0000ec00, 
    0x51020700, 0x00008000, 0x2400ffff, 0x900543fe, 0x2602c305, 0x00004c01, 0x51020700, 0xa6ffd602, 0xf6ffffff, 0x53045bfe, 0x26024e04, 0x00004d01, 
    0x51020700, 0xbefff101, 0x9c00ffff, 0xcc030000, 0x06020006, 0x00004c00, 0xfdff0200, 0x78040000, 0x1300b005, 0x71001c00, 0x1e1d00b2, 0xb0391211, 
    0xb000d016, 0xb0584500, 0xb11b2f10, 0x593e1e10, 0x584500b0, 0x1b2f0ab0, 0x3e0e0ab1, 0x1013b259, 0x3912110a, 0xb12f13b0, 0x0ab00100, 0xd821582b, 
    0xb259f41b, 0x110a1002, 0x02b03912, 0x1000b02f, 0xb0d00cb0, 0x0eb01013, 0x1002b0d0, 0xb00114b1, 0x21582b0a, 0x59f41bd8, 0xb1100ab0, 0x0ab00115, 
    0xd821582b, 0x3059f41b, 0x11210131, 0x16163221, 0x23041415, 0x35231121, 0x15333533, 0x21110121, 0x34353632, 0x61022726, 0x6901ccfe, 0xfe73da95, 
    0x20fee4fe, 0x017bb5b5, 0x01ccfe34, 0xb8bea968, 0xfe6704a6, 0x7eb963d1, 0x6704ddc1, 0xfee3e366, 0xa799fd02, 0x02a38a91, 0xfdff0200, 0x78040000, 
    0x1300b005, 0x71001c00, 0x1e1d00b2, 0xb0391211, 0xb000d016, 0xb0584500, 0xb11b2f10, 0x593e1e10, 0x584500b0, 0x1b2f0ab0, 0x3e0e0ab1, 0x1013b259, 
    0x3912110a, 0xb12f13b0, 0x0ab00100, 0xd821582b, 0xb259f41b, 0x110a1002, 0x02b03912, 0x1000b02f, 0xb0d00cb0, 0x0eb01013, 0x1002b0d0, 0xb00114b1, 
    0x21582b0a, 0x59f41bd8, 0xb1100ab0, 0x0ab00115, 0xd821582b, 0x3059f41b, 0x11210131, 0x16163221, 0x23041415, 0x35231121, 0x15333533, 0x21110121, 
    0x34353632, 0x61022726, 0x6901ccfe, 0xfe73da95, 0x20fee4fe, 0x017bb5b5, 0x01ccfe34, 0xb8bea968, 0xfe6704a6, 0x7eb963d1, 0x6704ddc1, 0xfee3e366, 
    0xa799fd02, 0x02a38a91, 0x2b000100, 0x27040000, 0x0d00b005, 0xb0004b00, 0xb0584500, 0xb11b2f08, 0x593e1e08, 0x584500b0, 0x1b2f02b0, 0x3e0e02b1, 
    0x080db259, 0x39121102, 0xb12f0db0, 0x0ab00100, 0xd821582b, 0xb059f41b, 0x0db0d004, 0xd006b010, 0xb11008b0, 0x0ab0010a, 0xd821582b, 0x3059f41b, 
    0x11210131, 0x35231123, 0x15211133, 0x02211121, 0x7ba5fe8f, 0x6e038e8e, 0x5b010dfd, 0x3dfdc302, 0x0266c302, 0xe2fd6987, 0x00000100, 0x3e030000, 
    0x0d003a04, 0xb0004b00, 0xb0584500, 0xb11b2f08, 0x593e1a08, 0x584500b0, 0x1b2f02b0, 0x3e0e02b1, 0x080db259, 0x39121102, 0xb12f0db0, 0x0ab00100, 
    0xd821582b, 0xb059f41b, 0x0db0d004, 0xd006b010, 0xb11008b0, 0x0ab0010a, 0xd821582b, 0x3059f41b, 0x11210131, 0x35231123, 0x15211133, 0x02211121, 
    0x78b7fe64, 0x9b02a3a3, 0x4901ddfd, 0x0afef601, 0x0166f601, 0x89fe67de, 0xf3ff0100, 0x08050000, 0x1400b005, 0xb0008600, 0xb0584500, 0xb11b2f08, 
    0x593e1e08, 0x584500b0, 0x1b2f10b0, 0x3e1e10b1, 0x4500b059, 0x2f02b058, 0x0e02b11b, 0x00b0593e, 0x13b05845, 0x13b11b2f, 0xb2593e0e, 0x1102080e, 
    0x0eb03912, 0x0e5fb22f, 0x2fb25d01, 0xb45d010e, 0x0e5f0e4f, 0x01b17102, 0x2b0ab001, 0x1bd82158, 0x08b059f4, 0xd007b010, 0xb12f07b0, 0x0ab00104, 
    0xd821582b, 0xb059f41b, 0x0ab01007, 0x1004b0d0, 0xb2d00cb0, 0x110e0112, 0x31303912, 0x23112301, 0x33352311, 0x21113311, 0x33112115, 0x01013301, 
    0xc8140223, 0x7bdede7b, 0xf5fe0b01, 0x9b3302c2, 0x8202aafd, 0xfdab0299, 0x66430455, 0xf9fe0701, 0x02d1fe66, 0xfd34fd9c, 0x0100001c, 0x0000f5ff, 
    0x0006fa03, 0x81001400, 0x4500b000, 0x2f08b058, 0x2008b11b, 0x00b0593e, 0x10b05845, 0x10b11b2f, 0xb0593e1a, 0xb0584500, 0xb11b2f02, 0x593e0e02, 
    0x584500b0, 0x1b2f13b0, 0x3e0e13b1, 0x100eb259, 0x39121102, 0xb22f0eb0, 0x5d010e5f, 0x6f0e5fb4, 0xb171020e, 0x0ab00101, 0xd821582b, 0xb059f41b, 
    0x07b01008, 0x2f07b0d0, 0xb00104b1, 0x21582b0a, 0x59f41bd8, 0xb01007b0, 0x04b0d00a, 0xd00cb010, 0x0e0112b2, 0x30391211, 0x11230131, 0x35231123, 
    0x15333533, 0x11211521, 0x01330133, 0xb5012301, 0xbebe788a, 0xfe2e0178, 0x94017ed2, 0x014afe91, 0x0f0290e2, 0xd804f1fd, 0x66c2c266, 0xc4019efd, 
    0xb4fd12fe, 0x18000100, 0xae040000, 0x0e00b005, 0x0ab25a00, 0x1211100f, 0x00b00039, 0x08b05845, 0x08b11b2f, 0xb0593e1e, 0xb0584500, 0xb11b2f0b, 
    0x593e1e0b, 0x584500b0, 0x1b2f02b0, 0x3e0e02b1, 0x020eb259, 0x3912110b, 0xb12f0eb0, 0x0ab00100, 0xd821582b, 0xb059f41b, 0x0eb0d004, 0xd006b010, 
    0xb22f06b0, 0x1102080a, 0x31303912, 0x23112301, 0x33352311, 0x01013301, 0x03330133, 0xf57bf494, 0x9228fec0, 0xbd01b901, 0xbf27fe8e, 0xe6fd1a02, 
    0x03661a02, 0x03e6fc30, 0x00d0fc1a, 0x2c000100, 0xc30361fe, 0x10003a04, 0xb0005d00, 0xb0584500, 0xb11b2f08, 0x593e1a08, 0x584500b0, 0x1b2f0db0, 
    0x3e1a0db1, 0x4500b059, 0x2f02b058, 0x1002b11b, 0x00b0593e, 0x00b05845, 0x00b11b2f, 0xb0593e0e, 0xb0584500, 0xb11b2f04, 0x593e0e04, 0xb00106b1, 
    0x21582b0a, 0x59f41bd8, 0x08020bb2, 0xb0391211, 0x10b0d00f, 0x053130d0, 0x11231123, 0x01333523, 0x37170133, 0x33013301, 0x78f62a03, 0x8afedcf6, 
    0x163b017c, 0x7c360118, 0x04dd8afe, 0x9b0165fe, 0xfcd80366, 0x035858b5, 0x0028fc4b, 0x37000100, 0xaf040000, 0x1100b005, 0xb0006c00, 0xb0584500, 
    0xb11b2f0b, 0x593e1e0b, 0x584500b0, 0x1b2f0eb0, 0x3e1e0eb1, 0x4500b059, 0x2f02b058, 0x0e02b11b, 0x00b0593e, 0x05b05845, 0x05b11b2f, 0xb2593e0e, 
    0x11020b11, 0x11b03912, 0x112fb22f, 0x5fb25d01, 0xb15d0111, 0x0ab00100, 0xd821582b, 0xb059f41b, 0x00b0d004, 0xd007b010, 0xb01011b0, 0x11b0d009, 
    0xd00db010, 0x23013130, 0x01012301, 0x35230123, 0x01330133, 0x33013301, 0x01caa403, 0x58fe94d5, 0x019256fe, 0xfec0ccd5, 0x9a019346, 0xfe939a01, 
    0xb802be46, 0x7c0248fd, 0xb80284fd, 0xfd920266, 0xfd680298, 0x0100006e, 0x00003000, 0x3a04b203, 0x72001100, 0x4500b000, 0x2f0bb058, 0x1a0bb11b, 
    0x00b0593e, 0x0eb05845, 0x0eb11b2f, 0xb0593e1a, 0xb0584500, 0xb11b2f02, 0x593e0e02, 0x584500b0, 0x1b2f05b0, 0x3e0e05b1, 0x0e11b259, 0x39121102, 
    0xb42f11b0, 0x113f112f, 0x6fb45d02, 0x02117f11, 0x0100b15d, 0x582b0ab0, 0xf41bd821, 0x0e04b259, 0x39121102, 0xb0d007b0, 0x09b01011, 0x0e0db2d0, 
    0x39121102, 0x23013130, 0x01012301, 0x35230123, 0x01330133, 0x33013301, 0x01d52803, 0xccfe8d5f, 0x018dccfe, 0xfec4c95d, 0x24018db7, 0xfe8e2401, 
    0xf801cfb7, 0xca0108fe, 0xf80136fe, 0xfedc0166, 0xfeb70149, 0xffff0024, 0xecff6b00, 0x4d04e803, 0xbf000602, 0xffff0000, 0x00001900, 0xb0053e04, 
    0x2a002602, 0x07010000, 0x9cff2602, 0x080073fe, 0x0d0fb200, 0x31305d01, 0x7e00ffff, 0xb605ae02, 0x47001403, 0x76ffaf01, 0x66660000, 0xffff0040, 
    0x00006900, 0xc4051904, 0x16000602, 0xffff0000, 0xecff6200, 0xc405f403, 0x17000602, 0xffff0000, 0x00004300, 0xb0054b04, 0x18000602, 0xffff0000, 
    0xecffa800, 0xb0051604, 0x19000602, 0xffff0000, 0xecff9600, 0xbb051c04, 0x1a000600, 0xffff0014, 0xecff7e00, 0xc4051d04, 0x1c000600, 0xffff0014, 
    0xf5ff6500, 0xc405ec03, 0x1d000600, 0xffff0000, 0xecff8c00, 0xc4050b04, 0x14000600, 0xffff0014, 0xecff9100, 0x5607d304, 0x2b002602, 0x07010000, 
    0xec017500, 0x09005601, 0x2f0bb000, 0x30dc25b0, 0xffff0031, 0x51fe6c00, 0x0006d403, 0x4b002602, 0x07010000, 0x6e017500, 0x09000000, 0x2f03b000, 
    0x30dc29b0, 0xffff0031, 0x0000b800, 0x3b07f404, 0x32002602, 0x07010000, 0x6a014400, 0x13003b01, 0x4500b000, 0x2f06b058, 0x1e06b11b, 0x0bb0593e, 
    0x003130dc, 0x9c00ffff, 0xcc030000, 0x26020006, 0x00005200, 0x44000701, 0x0000d300, 0xb0001300, 0xb0584500, 0xb11b2f04, 0x593e1a04, 0x30dc15b0, 
    0xffff0031, 0x00001e00, 0x2707e104, 0x25002602, 0x07010000, 0x7804ac00, 0x16003901, 0x4500b000, 0x2f04b058, 0x1e04b11b, 0x0cb0593e, 0xd010b0dc, 
    0xffff3130, 0xecff6400, 0xed05c703, 0x45002602, 0x07010000, 0x3904ac00, 0x1600ffff, 0x4500b000, 0x2f17b058, 0x1a17b11b, 0x2bb0593e, 0xd02fb0dc, 
    0xffff3130, 0x00009000, 0x2d074204, 0x29002602, 0x07010000, 0x6104ac00, 0x16003f01, 0x4500b000, 0x2f06b058, 0x1e06b11b, 0x0db0593e, 0xd011b0dc, 
    0xffff3130, 0xecff5a00, 0xec05d503, 0x49002602, 0x07010000, 0x2c04ac00, 0x1600feff, 0x4500b000, 0x2f09b058, 0x1a09b11b, 0x21b0593e, 0xd025b0dc, 
    0xffff3130, 0x000036ff, 0x2d07d001, 0x2d002602, 0x07010000, 0x0703ac00, 0x16003f01, 0x4500b000, 0x2f02b058, 0x1e02b11b, 0x05b0593e, 0xd009b0dc, 
    0xffff3130, 0x00000bff, 0xe005a501, 0x8d002602, 0x07010000, 0xdc02ac00, 0x1600f2ff, 0x4500b000, 0x2f02b058, 0x1a02b11b, 0x05b0593e, 0xd009b0dc, 
    0xffff3130, 0xecff7d00, 0x3307ec04, 0x33002602, 0x07010000, 0xa904ac00, 0x16004501, 0x4500b000, 0x2f0bb058, 0x1e0bb11b, 0x1fb0593e, 0xd023b0dc, 
    0xffff3130, 0xecff5a00, 0xec052004, 0x53002602, 0x07010000, 0x3104ac00, 0x1600feff, 0x4500b000, 0x2f04b058, 0x1a04b11b, 0x20b0593e, 0xd024b0dc, 
    0xffff3130, 0x00008400, 0x2707bb04, 0x36002602, 0x07010000, 0x5504ac00, 0x16003901, 0x4500b000, 0x2f04b058, 0x1e04b11b, 0x19b0593e, 0xd01db0dc, 
    0xffff3130, 0x0000bfff, 0xec059302, 0x56002602, 0x07010000, 0x9003ac00, 0x1600feff, 0x4500b000, 0x2f09b058, 0x1a09b11b, 0x10b0593e, 0xd014b0dc, 
    0xffff3130, 0xecffa200, 0x2707a304, 0x39002602, 0x07010000, 0xa004ac00, 0x16003901, 0x4500b000, 0x2f0ab058, 0x1e0ab11b, 0x13b0593e, 0xd017b0dc, 
    0xffff3130, 0xecff6200, 0xed05ca03, 0x59002602, 0x07010000, 0x3304ac00, 0x1600ffff, 0x4500b000, 0x2f07b058, 0x1a07b11b, 0x12b0593e, 0xd016b0dc, 
    0xffff3130, 0x0000ecfe, 0x3406e704, 0xd0002600, 0x07000064, 0x25feae00, 0xffff0000, 0xd4feb800, 0xb0057604, 0x26002602, 0x07000000, 0x9204ad00, 
    0xffff0a00, 0xc1fe9b00, 0x00060304, 0x46002602, 0x07000000, 0x9704ad00, 0xfffff7ff, 0xd4feb800, 0xb005bd04, 0x28002602, 0x07000000, 0xa104ad00, 
    0xffff0a00, 0xcafe6c00, 0x0006d303, 0x48002602, 0x07000000, 0xa604ad00, 0xffff0000, 0x3bfeb800, 0xb005bd04, 0x28002602, 0x07000000, 0x5f01ba01, 
    0xfffff1fe, 0x31fe6c00, 0x0006d303, 0x48002602, 0x07000000, 0x6401ba01, 0xffffe7fe, 0xd4feb800, 0xb005ef04, 0x2c002602, 0x07000000, 0x1305ad00, 
    0xffff0a00, 0xd4fe9c00, 0x0006cc03, 0x4c002602, 0x07000000, 0x8c04ad00, 0xffff0a00, 0x0000b800, 0x0b07e704, 0x2f002602, 0x07010000, 0x98017500, 
    0x13000b01, 0x4500b000, 0x2f05b058, 0x1e05b11b, 0x0eb0593e, 0x003130dc, 0x9c00ffff, 0xe2030000, 0x26024007, 0x00004f00, 0x75000701, 0x40015f01, 
    0xb0000900, 0x0fb02f05, 0x003130dc, 0xb800ffff, 0xe7042eff, 0x2602b005, 0x00002f00, 0xad000700, 0x6400c904, 0x9c00ffff, 0xe20326ff, 0x26020006, 
    0x00004f00, 0xad000700, 0x5c005304, 0xb800ffff, 0x0304d4fe, 0x2602b005, 0x00003000, 0xad000700, 0x0a00b604, 0x8f00ffff, 0x3401d4fe, 0x26020006, 
    0x00005000, 0xad000700, 0x0a002f03, 0xb800ffff, 0x3306d4fe, 0x2602b005, 0x00003100, 0xad000700, 0x0a00be05, 0x9600ffff, 0x8406d4fe, 0x26024e04, 
    0x00005100, 0xad000700, 0x0a00d305, 0xb800ffff, 0xf404d4fe, 0x2602b005, 0x00003200, 0xad000700, 0x0a001a05, 0x9c00ffff, 0xcc03d4fe, 0x26024e04, 
    0x00005200, 0xad000700, 0x0a008204, 0x7d00ffff, 0xec04ecff, 0x2602de07, 0x00003300, 0x36020701, 0x6301f004, 0xb0001600, 0xb0584500, 0xb11b2f0b, 
    0x593e1e0b, 0xb0dc21b0, 0x3130d037, 0xb800ffff, 0x92040000, 0x26024107, 0x00003400, 0x75000701, 0x41018301, 0xb0001300, 0xb0584500, 0xb11b2f03, 
    0x593e1e03, 0x30dc16b0, 0xffff0031, 0x60fe9b00, 0xf6050204, 0x54002602, 0x07010000, 0x9a017500, 0x1300f6ff, 0x4500b000, 0x2f09b058, 0x1a09b11b, 
    0x1fb0593e, 0x003130dc, 0xb500ffff, 0xbb04d4fe, 0x2602b005, 0x00003600, 0xad000700, 0x0a00a804, 0x8600ffff, 0x9302d8fe, 0x26024e04, 0x00005600, 
    0xad000700, 0x0e002603, 0x5800ffff, 0x6c04c6fe, 0x2602c405, 0x00003700, 0xad000700, 0xfcffbe04, 0x6500ffff, 0x9c03c4fe, 0x26024e04, 0x00005700, 
    0xad000700, 0xfaff6104, 0x3400ffff, 0x9404cafe, 0x2602b005, 0x00003800, 0xad000700, 0x0000ac04, 0x1700ffff, 0x4902cafe, 0x26024f05, 0x00005800, 
    0xad000700, 0x0000f803, 0xa200ffff, 0xa304ecff, 0x2602d207, 0x00003900, 0x36020701, 0x5701e704, 0xb0000c00, 0x1db02f00, 0xd029b0dc, 0xffff3130, 
    0x00001f00, 0x1d07d104, 0x3a002602, 0x07010000, 0xc300a500, 0x13004a01, 0x4500b000, 0x2f03b058, 0x1e03b11b, 0x0cb0593e, 0x003130dc, 0x2600ffff, 
    0xb1030000, 0x2602d205, 0x00005a00, 0xa5000601, 0x1300ff3d, 0x4500b000, 0x2f01b058, 0x1a01b11b, 0x0ab0593e, 0x003130dc, 0x1f00ffff, 0xd104d4fe, 
    0x2602b005, 0x00003a00, 0xad000700, 0x0a00c204, 0x2600ffff, 0xb103d4fe, 0x26023a04, 0x00005a00, 0xad000700, 0x0a003804, 0x3d00ffff, 0xf706d4fe, 
    0x2602b005, 0x00003b00, 0xad000700, 0x0a00e405, 0x3f00ffff, 0xc105d4fe, 0x26023a04, 0x00005b00, 0xad000700, 0x0a004705, 0x5a00ffff, 0x7204d4fe, 
    0x2602b005, 0x00003e00, 0xad000700, 0x0a00bc04, 0x5700ffff, 0xaa03d4fe, 0x26023a04, 0x00005e00, 0xad000700, 0x0a005c04, 0x83feffff, 0x3205ecff, 
    0x2600d005, 0x00463300, 0x71010700, 0x000024fe, 0x1700ffff, 0x3a040000, 0x26021105, 0x00003302, 0xae000700, 0xddfecbff, 0x8affffff, 0xe6030000, 
    0x26001405, 0x003c2802, 0xae000700, 0xe0fec3fe, 0x9fffffff, 0x7d040000, 0x26001205, 0x003ce401, 0xae000700, 0xdefed8fe, 0xabffffff, 0x65010000, 
    0x26001105, 0x003ce301, 0xae000700, 0xddfee4fe, 0xfcffffff, 0x4904f0ff, 0x26001105, 0x000add01, 0xae000700, 0xddfe35ff, 0x3cffffff, 0x48040000, 
    0x26001105, 0x003cd301, 0xae000700, 0xddfe75fe, 0x2700ffff, 0x73040000, 0x26001005, 0x000af301, 0xae000700, 0xdcfe60ff, 0x1700ffff, 0x3a040000, 
    0x06028d04, 0x00003302, 0x9a00ffff, 0xdc030000, 0x06028d04, 0x00003202, 0x9a00ffff, 0xaa030000, 0x06028d04, 0x00002802, 0x4b00ffff, 0xd6030000, 
    0x06028d04, 0x0000d201, 0x9a00ffff, 0x41040000, 0x06028d04, 0x0000e401, 0xb100ffff, 0x29010000, 0x06028d04, 0x0000e301, 0x9a00ffff, 0x3d040000, 
    0x06028d04, 0x0000e101, 0x9a00ffff, 0x5a050000, 0x06028d04, 0x0000df01, 0x9a00ffff, 0x46040000, 0x06028d04, 0x0000de01, 0x6900ffff, 0x3f04f0ff, 
    0x06029d04, 0x0000dd01, 0x9a00ffff, 0xf4030000, 0x06028d04, 0x0000dc01, 0x2b00ffff, 0xf5030000, 0x06028d04, 0x0000d801, 0x1500ffff, 0x0c040000, 
    0x06028d04, 0x0000d301, 0x2a00ffff, 0x11040000, 0x06028d04, 0x0000d401, 0xc3ffffff, 0x1e020000, 0x2602e205, 0x0000e301, 0x6a000700, 0x1d003aff, 
    0x1500ffff, 0x0c040000, 0x2602e205, 0x0000d301, 0x6a000600, 0xffff1d5b, 0x00009a00, 0xe205aa03, 0x28022602, 0x06000000, 0x1d626a00, 0x9a00ffff, 
    0x7e030000, 0x26021d06, 0x0000ea01, 0x75000701, 0x1d004501, 0xb0000900, 0x08b02f04, 0x003130dc, 0x4a00ffff, 0xd303f0ff, 0x06029d04, 0x0000d901, 
    0xb100ffff, 0x29010000, 0x06028d04, 0x0000e301, 0xc3ffffff, 0x1e020000, 0x2602e205, 0x0000e301, 0x6a000700, 0x1d003aff, 0x3b00ffff, 0x3703f0ff, 
    0x06028d04, 0x0000e201, 0x9a00ffff, 0x3d040000, 0x26021d06, 0x0000e101, 0x75000701, 0x1d004301, 0xb0001300, 0xb0584500, 0xb11b2f05, 0x593e1c05, 
    0x30dc0fb0, 0xffff0031, 0xecff2000, 0xf2050004, 0x01022602, 0x06010000, 0x206ba100, 0xb0001300, 0xb0584500, 0xb11b2f12, 0x593e1c12, 0x30dc16b0, 
    0xffff0031, 0x00001700, 0x8d043a04, 0x33020602, 0xffff0000, 0x00009a00, 0x8d04dc03, 0x32020602, 0xffff0000, 0x00009a00, 0x8d047e03, 0xea010602, 
    0xffff0000, 0x00009a00, 0x8d04aa03, 0x28020602, 0xffff0000, 0x00009a00, 0xf2054d04, 0xfe012602, 0x07010000, 0xc500a100, 0x13002000, 0x4500b000, 
    0x2f08b058, 0x1c08b11b, 0x0db0593e, 0x003130dc, 0x9a00ffff, 0x5a050000, 0x06028d04, 0x0000df01, 0x9a00ffff, 0x41040000, 0x06028d04, 0x0000e401, 
    0x6900ffff, 0x3f04f0ff, 0x06029d04, 0x0000dd01, 0x9a00ffff, 0x2a040000, 0x06028d04, 0x0000ef01, 0x9a00ffff, 0xf4030000, 0x06028d04, 0x0000dc01, 
    0x6d00ffff, 0x1904f0ff, 0x06029d04, 0x00003102, 0x2b00ffff, 0xf5030000, 0x06028d04, 0x0000d801, 0x2a00ffff, 0x11040000, 0x06028d04, 0x0000d401, 
    0x4e000100, 0xc90351fe, 0x29009d04, 0x25b29a00, 0x12112b2a, 0x00b00039, 0x0ab05845, 0x0ab11b2f, 0xb0593e1c, 0xb0584500, 0xb11b2f16, 0x593e1016, 
    0x584500b0, 0x1b2f15b0, 0x3e0e15b1, 0x100ab059, 0xb00103b1, 0x21582b0a, 0x59f41bd8, 0x150a06b2, 0xb2391211, 0x11150a28, 0x28b03912, 0x285fb22f, 
    0x1fb45d01, 0x02282f28, 0x284fb45d, 0x7102285f, 0x9f288fb4, 0xb1710228, 0x0ab00125, 0xd821582b, 0xb259f41b, 0x11282510, 0x15b03912, 0xd018b010, 
    0x0a151cb2, 0xb0391211, 0x1fb11015, 0x2b0ab001, 0x1bd82158, 0x313059f4, 0x23263401, 0x23150622, 0x32333634, 0x06141516, 0x14151607, 0x23110706, 
    0x35262611, 0x33161633, 0x34353632, 0x35232726, 0x3e032033, 0xaa8495a3, 0xcdb2f478, 0xef6874e3, 0xac78b5d4, 0xb20278ce, 0xa4a7a48c, 0x018f9b9e, 
    0x6858033b, 0x90607a75, 0x6196a8b2, 0xd53e238b, 0xfe0dad91, 0x0fa2015f, 0x816a8cb4, 0x69766b7b, 0x01006601, 0x9dfe9a00, 0x8d04ad04, 0x91000f00, 
    0x111003b2, 0x00391211, 0xb02f00b0, 0xb0584500, 0xb11b2f08, 0x593e1c08, 0x584500b0, 0x1b2f0cb0, 0x3e1c0cb1, 0x4500b059, 0x2f02b058, 0x0e02b11b, 
    0x00b0593e, 0x06b05845, 0x06b11b2f, 0xb2593e0e, 0x1102080b, 0x0bb03912, 0x0b5fb22f, 0xcfb25d01, 0xb45d010b, 0x0b9f0b8f, 0xffb27102, 0xb271010b, 
    0x72010b0f, 0x010bcfb2, 0x0b4fb471, 0x71020b5f, 0x9f0b8fb4, 0xb45d020b, 0x0b2f0b1f, 0x3fb25d02, 0xb172010b, 0x0ab00104, 0xd821582b, 0x3059f41b, 
    0x11230131, 0x11211123, 0x11331123, 0x11331121, 0x78ad0433, 0x7747fd6b, 0x77b90277, 0x019dfe6c, 0xfd0c0263, 0xfd8d04f4, 0xfb1b02e5, 0x010000ee, 
    0x55fe6d00, 0x9d041904, 0x6a001f00, 0x21201cb2, 0x00391211, 0x584500b0, 0x1b2f0eb0, 0x3e1c0eb1, 0x4500b059, 0x2f04b058, 0x1004b11b, 0x00b0593e, 
    0x03b05845, 0x03b11b2f, 0xb0593e0e, 0xb0584500, 0xb11b2f06, 0x593e0e06, 0x060e12b2, 0xb0391211, 0x15b1100e, 0x2b0ab001, 0x1bd82158, 0x06b059f4, 
    0x011cb110, 0x582b0ab0, 0xf41bd821, 0x061fb259, 0x3912110e, 0x06013130, 0x23110706, 0x35022611, 0x36363435, 0x17163233, 0x23262623, 0x15150622, 
    0x32331614, 0x19043736, 0x78add413, 0xda77e2be, 0x15eec890, 0x9fa21278, 0xa5bfc2a8, 0x0113a5a1, 0x0dc4ab6f, 0x9e0162fe, 0xe21d0114, 0x83f39e83, 
    0x9388b9c9, 0xc784cce4, 0x008e8ce6, 0x1500ffff, 0x0c040000, 0x06028d04, 0x0000d301, 0x0b00ffff, 0x430552fe, 0x26029d04, 0x00001702, 0x51020700, 
    0xb5ff9c02, 0x9a00ffff, 0x4d040000, 0x2602c605, 0x0000fe01, 0x70000701, 0x2600b500, 0xb0000900, 0x0ab02f00, 0x003130dc, 0x2000ffff, 0x0004ecff, 
    0x2602c605, 0x00000102, 0x70000601, 0x0900265b, 0x2f03b000, 0x30dc13b0, 0xffff0031, 0x00006900, 0x8d04f504, 0xf1010602, 0xffff0000, 0xf0ffb100, 
    0x8d041105, 0xe3012600, 0x07000000, 0xda01e201, 0xffff0000, 0x00000e00, 0x0006df05, 0x73022602, 0x07000000, 0xad027500, 0xffff0000, 0xbeff6900, 
    0x1d063f04, 0x75022602, 0x07000000, 0x8f017500, 0xffff1d00, 0x2efe4a00, 0x9d04d303, 0xd9012602, 0x07000000, 0x2a01ba01, 0xffffe4fe, 0x00003200, 
    0x1d06fa05, 0xd5012602, 0x07000000, 0xaa014400, 0xffff1d00, 0x00003200, 0x1d06fa05, 0xd5012602, 0x07000000, 0x53027500, 0xffff1d00, 0x00003200, 
    0xe205fa05, 0xd5012602, 0x07000000, 0x62016a00, 0xffff1d00, 0x00001500, 0x1d060c04, 0xd3012602, 0x07000000, 0xa3004400, 0xffff1d00, 0x63fe1e00, 
    0xb005e104, 0x25002602, 0x07000000, 0x6e01a400, 0xffff0000, 0x63fe6400, 0x4e04c703, 0x45002602, 0x07000000, 0xd100a400, 0xffff0000, 0x6dfeb800, 
    0xb0054204, 0x29002602, 0x07000000, 0x4401a400, 0xffff0a00, 0x65fe5a00, 0x4e04d503, 0x49002602, 0x07000000, 0x0f01a400, 0xffff0200, 0x63fe1700, 
    0x8d043a04, 0x33022602, 0x07000000, 0x1401a400, 0xffff0000, 0x6bfe9a00, 0x8d04aa03, 0x28022602, 0x07000000, 0xef00a400, 0xffff0800, 0xd4fe8d00, 
    0x3a043201, 0x8d002602, 0x07000000, 0x2d03ad00, 0x00000a00, 0x00000100, 0x8f000e05, 0x59001600, 0x01000500, 0x00000000, 0x00000e00, 0x72020002, 
    0x01000600, 0x60000000, 0x60006000, 0x60006000, 0xbc009a00, 0xba013d01, 0xd5024402, 0x1903eb02, 0x7a034703, 0xbb03a003, 0xf303d203, 0x61040a04, 
    0xe1048f04, 0xa3055f05, 0x75060706, 0x2907a206, 0xa2079607, 0xe007ae07, 0x35080808, 0x40099208, 0xf4098709, 0x940a460a, 0x100bd80a, 0xb90b790b, 
    0x080cd40b, 0x6d0c490c, 0xf70cbb0c, 0x9e0d520d, 0x5e0e020e, 0xf80ecd0e, 0x660f370f, 0x0510bc0f, 0x6d103510, 0xa9109210, 0xf710ce10, 0x2f111211, 
    0x1212b111, 0xc4126612, 0x80132a13, 0x4614fe13, 0xcb147f14, 0x2b151015, 0xea159d15, 0xa5163d16, 0x48170917, 0x0b18b717, 0x82185218, 0x2019d718, 
    0x9c196419, 0xf319dc19, 0x761a321a, 0x0c1bb01a, 0xdf1b7a1b, 0x601c411c, 0x381d071d, 0x571ede1d, 0x811e631e, 0x4c1f321f, 0xcf1f8f1f, 0x92202020, 
    0x0421af20, 0x55213021, 0xc8219d21, 0x1e221222, 0x52223822, 0xd2226c22, 0x7d234023, 0x4f24fa23, 0x7825b624, 0x4026ef25, 0x1e27bb26, 0xff279c27, 
    0x67281a28, 0xf028b228, 0xa6294829, 0xd62a2f2a, 0x712b082b, 0x4d2cdb2b, 0x0b2db52c, 0x9d2d6b2d, 0x302e042e, 0x602e582e, 0xad2e8e2e, 0x202fea2e, 
    0x972f622f, 0xfa2fdb2f, 0x22301930, 0x95305e30, 0xd130b430, 0x1e311631, 0x75314531, 0x2b32fe31, 0xaf328032, 0x6633ec32, 0x2c34c133, 0x1d35a634, 
    0xc9355035, 0x9c364836, 0x6837e636, 0xef379737, 0xb7386338, 0x71391139, 0x103acb39, 0xc33a553a, 0x8d3b223b, 0x633c083c, 0x3e3dd93c, 0x2f3eb63d, 
    0x003fab3e, 0x963f3d3f, 0x6040f13f, 0x1541dc40, 0xa6416141, 0x58421e42, 0xdb429d42, 0x7e432443, 0x2f44e243, 0x3145a644, 0x03468d45, 0xa6467f46, 
    0x7147fd46, 0x2448eb47, 0xbf487748, 0x54490749, 0xaf498349, 0x734a3d4a, 0xf54ab74a, 0x934b3a4b, 0x424cf64b, 0x404db84c, 0x184e9d4d, 0x054f8e4e, 
    0xde4f774f, 0x7f501a50, 0x5151e550, 0x6452d851, 0xff52b052, 0xda536a53, 0xc1545054, 0xd8554e55, 0x12577156, 0x18589c57, 0xa4585e58, 0x7d591359, 
    0xf95a395a, 0x065c7f5b, 0xb05c5d5c, 0xff5ce55c, 0x495d335d, 0x335e5f5d, 0xb75e9c5e, 0x415fd25e, 0x0e60995f, 0x66603d60, 0x1361bc60, 0x2b611f61, 
    0x43613761, 0x0462a161, 0xbd625d62, 0xd562c962, 0x7b632163, 0x3a64da63, 0x7065dc64, 0x88657c65, 0x1d66d865, 0x35662966, 0xd7668766, 0x8f671967, 
    0x5c680068, 0xce68c268, 0x4169da68, 0xb569a969, 0xcd69c169, 0x446ad969, 0x086ba96a, 0x266b176b, 0x3e6b326b, 0xf06b8c6b, 0xec6c786c, 0xc56d5c6d, 
    0x986e286e, 0x7e6f036f, 0x5670fb6f, 0xff70ab70, 0xce715271, 0xe671da71, 0x1b721b72, 0x1b721b72, 0x1b721b72, 0x1b721b72, 0x1b721b72, 0x1b721b72, 
    0x1b721b72, 0x2b722372, 0x40723572, 0x8f727272, 0xc872aa72, 0xf072e472, 0x2e73fc72, 0xcf736d73, 0xff73f373, 0x32740f74, 0x26750a75, 0x56754375, 
    0xb4756a75, 0xe8764276, 0x85777977, 0xd1786778, 0xfd795379, 0xe67a687a, 0xb17b3f7b, 0xb27c4e7c, 0xa37d457d, 0x217e077e, 0x557e3b7e, 0xdf7e6f7e, 
    0x3f7f067f, 0x8b7f567f, 0x69802580, 0x3181ef80, 0x57814481, 0x9d819081, 0xe981c781, 0x5f82f581, 0x5183bc82, 0x6484dd83, 0x2a852a85, 0x5e87f886, 
    0xde87b087, 0x92882a88, 0x51892089, 0x228abb89, 0xf88a708a, 0x808b4e8b, 0x098cd18b, 0x828c398c, 0x068dd78c, 0x6f8d448d, 0x3b8edb8d, 0xdf8e948e, 
    0x6b8f328f, 0xe08fbc8f, 0x59902690, 0xb3907490, 0x59912291, 0x3e92d291, 0xc9929f92, 0x7a93ff92, 0xfb93ac93, 0x71942d94, 0x4595eb94, 0x0996ab95, 
    0xf3967e96, 0xd0977d97, 0x69981098, 0x3c99c198, 0xf499b899, 0x8d9a439a, 0x0f9bd49a, 0x939b539b, 0x339cdd9b, 0x8d9c3f9c, 0x899d039d, 0x279ee49d, 
    0x159fb19e, 0xd59f749f, 0x6fa063a0, 0x10a1c3a0, 0xa3a160a1, 0x73a211a2, 0x50a3d6a2, 0x6aa4dda3, 0x74a502a5, 0x2ba6e3a5, 0xf1a690a6, 0x9da71ea7, 
    0x1ba804a8, 0xbda878a8, 0xdca96fa9, 0x8caa41aa, 0x13abd2aa, 0x9eab55ab, 0x67acf3ab, 0xcfacadac, 0x82ad0cad, 0x13aecbad, 0xdaae68ae, 0x43af07af, 
    0xa7af93af, 0xcdafbbaf, 0xf3afe1af, 0x1eb00ab0, 0xe7b07bb0, 0x9ab138b1, 0x2db202b2, 0xdcb283b2, 0x87b324b3, 0x12b4aeb3, 0xb2b428b4, 0x47b51cb5, 
    0x57b54fb5, 0x67b55fb5, 0x77b56fb5, 0x87b57fb5, 0x97b58fb5, 0xa7b59fb5, 0xbab5afb5, 0x32b6c2b5, 0xb6b689b6, 0x6eb71ab7, 0x46b8ccb7, 0x04b99cb8, 
    0xcbb969b9, 0x4eba46ba, 0x23bbd9ba, 0xe0bb90bb, 0xc6bc58bc, 0x17bd17bd, 0x8fbd1fbd, 0x5fbef8bd, 0x11bfa2be, 0x3fbf28bf, 0x6dbf56bf, 0x91bf79bf, 
    0xa9bf9dbf, 0xd7bfc0bf, 0xfabfeebf, 0x28c011c0, 0x4bc03fc0, 0x79c062c0, 0xa7c090c0, 0xcac0bec0, 0xf8c0e1c0, 0x1bc10fc1, 0x49c132c1, 0x77c160c1, 
    0x9ac18ec1, 0xbec1b2c1, 0xe1c1cac1, 0x0fc2f8c1, 0x2dc21bc2, 0x55c23ec2, 0x78c261c2, 0xa6c28fc2, 0xd4c2bdc2, 0xf7c2e0c2, 0x25c30ec3, 0x48c331c3, 
    0x6ac353c3, 0x8ec37cc3, 0x0ec4a0c3, 0xc2c4b0c4, 0xebc4d4c4, 0x13c501c5, 0x37c525c5, 0x5ac548c5, 0x7dc566c5, 0xa0c58ec5, 0xc9c5b2c5, 0x4ec6dbc5, 
    0xf0c6d9c6, 0x19c702c7, 0x41c72fc7, 0x65c753c7, 0x83c777c7, 0xacc795c7, 0xd5c7bec7, 0x03c8ecc7, 0x2cc81ac8, 0x49c83ec8, 0x6bc854c8, 0x83c877c8, 
    0xb1c89ac8, 0xc9c8bdc8, 0xf2c8e0c8, 0x0ac9fec8, 0x2fc91fc9, 0x4fc93fc9, 0x78c966c9, 0x90c984c9, 0xb9c9a7c9, 0xe2c9d0c9, 0x06caf4c9, 0x2bca18ca, 
    0x50ca3eca, 0x6eca62ca, 0x91ca7aca, 0xb9caa2ca, 0xe7cad0ca, 0x09cbfdca, 0x21cb15cb, 0x3fcb2dcb, 0x5ccb50cb, 0x74cb68cb, 0x97cb80cb, 0xbacba3cb, 
    0xe3cbd1cb, 0x07ccf5cb, 0x2ccc19cc, 0x52cc3fcc, 0xcacc65cc, 0x50cd39cd, 0x7ecd67cd, 0xa0cd94cd, 0xcecdb7cd, 0xfccde5cd, 0x29ce13ce, 0x52ce40ce, 
    0x80ce69ce, 0xd4ceaace, 0xf1cedfce, 0x19cf03cf, 0x3acf2fcf, 0x5ecf52cf, 0x81cf6acf, 0xaecf98cf, 0xcfcfb9cf, 0xfccfe5cf, 0x1fd008d0, 0x48d036d0, 
    0x76d05fd0, 0x99d082d0, 0xc7d0b0d0, 0xead0d3d0, 0x12d100d1, 0x91d17fd1, 0xbad1a8d1, 0xddd1ccd1, 0x04d2f3d1, 0x8fd21bd2, 0xbcd2a5d2, 0xe0d2ced2, 
    0x03d3ecd2, 0x31d31ad3, 0x4ed343d3, 0x7bd364d3, 0x9dd387d3, 0xbed3a9d3, 0xe5d3ced3, 0x08d4f1d3, 0x2cd41ad4, 0x51d43fd4, 0x6ed45dd4, 0x96d480d4, 
    0xb3d4a2d4, 0xd5d4bfd4, 0xf8d4e1d4, 0x1cd50ad5, 0x47d534d5, 0xc1d5aad5, 0xe2d5d7d5, 0x10d6f9d5, 0x31d626d6, 0x49d63dd6, 0x61d655d6, 0x79d66dd6, 
    0x9cd694d6, 0xacd6a4d6, 0xbcd6b4d6, 0xccd6c4d6, 0xdcd6d4d6, 0xecd6e4d6, 0xfcd6f4d6, 0x10d704d7, 0x33d71cd7, 0x61d74ad7, 0x91d777d7, 0xa1d799d7, 
    0xb1d7a9d7, 0x2ad81ed8, 0x47d835d8, 0x6bd859d8, 0x8ed877d8, 0x05d9fdd8, 0x19d911d9, 0x38d921d9, 0x52d94ad9, 0x62d95ad9, 0x81d96ad9, 0x91d989d9, 
    0xa1d999d9, 0xb1d9a9d9, 0xc1d9b9d9, 0xd1d9c9d9, 0xebd9e3d9, 0x47daf3d9, 0x57da4fda, 0x7ada63da, 0x8ada82da, 0x9eda96da, 0xcbdab5da, 0xf9dae2da, 
    0x27db10db, 0x3fdb33db, 0x6ddb56db, 0x7ddb75db, 0x9bdb89db, 0xbadba3db, 0xdddbd1db, 0x00dce9db, 0x2edc17dc, 0x4ddc45dc, 0x6ddc55dc, 0x91dc85dc, 
    0xa9dc9ddc, 0xc1dcb5dc, 0xd5dccddc, 0xe5dcdddc, 0x13ddfcdc, 0x2ddd1bdd, 0x4bdd3fdd, 0x5fdd57dd, 0x7edd67dd, 0x9cdd90dd, 0xafdda4dd, 0xc7ddbbdd, 
    0xdeddd3dd, 0x0cdef5dd, 0x24de18de, 0x3cde30de, 0x4cde44de, 0x63de58de, 0x7ade6fde, 0x9dde8cde, 0xb4dea9de, 0xdfdeccde, 0xf6deebde, 0x16df06df, 
    0x2adf1edf, 0x48df36df, 0x72df5adf, 0xa2df8adf, 0xd2dfbadf, 0x02e0eadf, 0x35e01ae0, 0x63e050e0, 0x89e076e0, 0xb4e09ce0, 0xdfe0cce0, 0x0de1f2e0, 
    0x34e128e1, 0x52e140e1, 0x7be164e1, 0xaae192e1, 0xdae1c2e1, 0x09e2f1e1, 0x39e221e2, 0x6be250e2, 0x98e286e2, 0xb6e2aae2, 0xcee2c2e2, 0xf1e2dae2, 
    0x1be303e3, 0x4be333e3, 0x7be363e3, 0xabe393e3, 0xdee3c3e3, 0x10e4f9e3, 0x3ee427e4, 0x6ce455e4, 0x9ae483e4, 0xbde4b1e4, 0xd5e4c9e4, 0xf3e4e1e4, 
    0x1ce505e5, 0x4ae533e5, 0x78e561e5, 0xa6e58fe5, 0xc9e5bde5, 0xe1e5d5e5, 0xffe5ede5, 0x28e611e6, 0x56e63ee6, 0x6ee662e6, 0x86e67ae6, 0x9ee692e6, 
    0xb6e6aae6, 0x26e7bee6, 0xcee78ee7, 0x77e80ee8, 0x28e9dce8, 0xd5e978e9, 0x3dea35ea, 0x59ea4eea, 0x69ea61ea, 0x79ea71ea, 0x89ea81ea, 0x99ea91ea, 
    0xbdeaabea, 0xebead4ea, 0x1beb03eb, 0x4beb33eb, 0x7beb63eb, 0xabeb93eb, 0xdbebc3eb, 0x0becf3eb, 0x23ec17ec, 0x3bec2fec, 0x53ec47ec, 0x6bec5fec, 
    0x8eec77ec, 0xaceca0ec, 0xc4ecb8ec, 0xdcecd0ec, 0xf4ece8ec, 0x18ed00ed, 0x46ed2fed, 0x5eed52ed, 0x76ed6aed, 0x8eed82ed, 0xb8eda1ed, 0xdaedceed, 
    0xf2ede6ed, 0x0aeefeed, 0x22ee16ee, 0x3aee2eee, 0x52ee46ee, 0x6aee5eee, 0x7eee76ee, 0x8eee86ee, 0x9eee96ee, 0xaeeea6ee, 0xbeeeb6ee, 0xceeec6ee, 
    0xdeeed6ee, 0xf2eee6ee, 0x08effdee, 0x22ef1aef, 0x36ef2aef, 0x55ef3eef, 0x73ef6bef, 0x83ef7bef, 0xa2ef8bef, 0xb2efaaef, 0xc2efbaef, 0xd2efcaef, 
    0xe2efdaef, 0xd1f06bf0, 0x40f138f1, 0x5ef14cf1, 0x77f16ff1, 0x8ff183f1, 0xa7f19bf1, 0xbff1b3f1, 0xd7f1cbf1, 0xeff1e3f1, 0x07f2fbf1, 0x1ff213f2, 
    0x00002bf2, 0x00000100, 0x12230200, 0x0f816001, 0xf53c0f5f, 0x00081900, 0x00000000, 0x2e11f0c4, 0x00000000, 0xe35201d5, 0xd5fd20fa, 0x73081a09, 
    0x09000000, 0x00000200, 0x00000000, 0x64008c03, 0x00000000, 0x00000000, 0x0000f201, 0x0000f201, 0x9900ce01, 0x8f004c02, 0x5500a704, 0x73006f04, 
    0x6d00e905, 0x6c00ec04, 0x77005c01, 0x8c008d02, 0x21009b02, 0x1d006503, 0x4b008404, 0x3c008801, 0x31004a02, 0x9100e901, 0x1e002d03, 0x78006f04, 
    0xb2006f04, 0x69006f04, 0x62006f04, 0x43006f04, 0xa8006f04, 0x82006f04, 0x4d006f04, 0x6a006f04, 0x65006f04, 0x7f00ae01, 0x3c008f01, 0x4d001704, 
    0x95006d04, 0x7c002504, 0x5400a203, 0x71004e07, 0x1e00ff04, 0xb800e704, 0x83003205, 0xb8003d05, 0xb8008d04, 0xb8008004, 0x91007805, 0xb800a905, 
    0xd3002102, 0x47006704, 0xb8000c05, 0xb8003704, 0xb800ec06, 0xb800ae05, 0x7d006a05, 0xb800ed04, 0x79006a05, 0xb5001405, 0x5800bd04, 0x3400c704, 
    0xa2004205, 0x1f00ef04, 0x3d002c07, 0x3700e504, 0x1800ca04, 0x5a00c904, 0xa300eb01, 0x30002703, 0x0000eb01, 0x4d005403, 0x01007403, 0x67004902, 
    0x64004904, 0x9b006f04, 0x5e001f04, 0x6c007204, 0x5a002204, 0x3f00a602, 0x6c007004, 0x9c006404, 0x9500cb01, 0x98ffd301, 0x9c00eb03, 0xaa00cb01, 
    0x96001707, 0x9c006504, 0x5a007b04, 0x9b006f04, 0x6c007604, 0x9c00b102, 0x65000d04, 0x17009202, 0x98006504, 0x2600d903, 0x3f000806, 0x3000e403, 
    0x2000cd03, 0x5700e403, 0x4400a402, 0xb200c401, 0x0900a402, 0x91007a05, 0x8c00c401, 0x77005b04, 0x5d009204, 0x6d00c905, 0x18002004, 0x9f00bc01, 
    0x6600d704, 0x89007103, 0x6b006506, 0x9d008a03, 0x7b00a503, 0x7c005d04, 0x66006a06, 0x89006a03, 0x8f000603, 0x54003d04, 0x4c00e402, 0x4700e402, 
    0x7c004002, 0xa2007404, 0x5300cd03, 0xa300f701, 0x6200f201, 0x7e00e402, 0x87009a03, 0x7300a003, 0x7300cc05, 0x64000c06, 0x76003606, 0x5800ac03, 
    0x11004907, 0x5d003004, 0x7d006a05, 0xb700be04, 0x9700b004, 0x5500c406, 0x9500a704, 0x48008c04, 0x59007404, 0x9f007e04, 0x6c009404, 0x18008305, 
    0xa800c801, 0xa2005704, 0x15003a04, 0x19001102, 0xb5009a05, 0x9d007404, 0x6c007907, 0x5e006407, 0xa700d101, 0x7c009905, 0xc5ff9e02, 0x84009405, 
    0x59007a04, 0xa2007205, 0x9800b004, 0x8cffd401, 0x5c001f04, 0xa0007003, 0x8f004403, 0x89006b03, 0x8a006103, 0x9400cb01, 0x75007b02, 0x3c000002, 
    0x6a007b03, 0x78000503, 0x9d006e02, 0xe0fc0000, 0x99fd0000, 0xaafc0000, 0x6dfd0000, 0x2ffc0000, 0x60fd0000, 0xc7000702, 0x9900d503, 0xa300f701, 
    0xb9006a04, 0x2c009305, 0x76006205, 0x44002f05, 0x74007904, 0xbd00a905, 0x3f007904, 0x5800b805, 0x7b008e05, 0x78003d05, 0x6f008104, 0xb100bd04, 
    0x2c00ea03, 0x5b007404, 0x6b005904, 0x4900ef03, 0x9e007404, 0x8a009504, 0xb6006602, 0x31006704, 0x7700ed03, 0x3300c304, 0x9e007404, 0x6f004704, 
    0x5b007204, 0x4d001704, 0x9b004704, 0x71007c05, 0x79007805, 0x89009806, 0x85009704, 0xd1ff4a04, 0x38004a06, 0x3600f405, 0x85004805, 0x33007108, 
    0xba00a208, 0x36006f06, 0xb900a405, 0xb1000505, 0x4700ca05, 0x17000a07, 0x5a00c204, 0xbc00ae05, 0x28009e05, 0x37000505, 0x4c00f105, 0xb300b505, 
    0xac005305, 0xb6006807, 0xb6008a07, 0xf6ff3106, 0xba00ae06, 0xb200e604, 0x8d004805, 0xd1004807, 0x5c00e404, 0x61006704, 0xa9007904, 0xa3005f03, 
    0x34009604, 0x18002306, 0x62000d04, 0xa4007f04, 0xa3002504, 0x2c008104, 0xa900d905, 0xa4007f04, 0xa4007f04, 0x2800cd03, 0x6f00cc05, 0xa4008e04, 
    0x6e004204, 0xa4005906, 0x9e006b06, 0x23000a05, 0xa9000206, 0xa9004804, 0x6f004704, 0xa9008106, 0x5d005804, 0xe6ff6404, 0x6b004704, 0x2400d606, 
    0xa400e406, 0xf0ff7504, 0xa4007f04, 0xaa001a07, 0x9d009606, 0xe3ff4704, 0xd2002607, 0xa600f305, 0x2500cd04, 0x19003804, 0xe4000607, 0xc9000606, 
    0x9d008506, 0x9e00a705, 0xd100a508, 0xa8006a07, 0x74001e04, 0x5e00df03, 0x76006205, 0x59008604, 0x1c00ed04, 0x2c00f103, 0x76006205, 0x59007404, 
    0xaa001007, 0x8d006306, 0xaa001a07, 0x9d009606, 0x82001005, 0x6f002f04, 0x8800e104, 0xa3fc0000, 0x7ffc0000, 0x74fd0000, 0xa7fd0000, 0x20fa0000, 
    0x28fa0000, 0xbc00b205, 0xa4009304, 0xe3ff4704, 0xb4000e05, 0x9b008404, 0xb1006204, 0x9e008003, 0xb9009e04, 0x9e00fb03, 0x17005207, 0x18003506, 
    0xbd005905, 0xa3007a04, 0xb300e804, 0xa2005204, 0x51007606, 0x33004705, 0xb800a805, 0xa4008904, 0xb5000f08, 0x9e00ca05, 0xb1002808, 0x9e00d006, 
    0x7b00f205, 0x7600c004, 0x3700f704, 0x3000f303, 0x2300f206, 0x1c003a05, 0xac005105, 0x6e004c04, 0xac004e05, 0x97006604, 0xa6004e05, 0x24000a06, 
    0xf6ffb804, 0xb300e804, 0xa2003804, 0x2800a505, 0x2c009404, 0xba00a305, 0x9e007404, 0xb800b105, 0xa4009204, 0xb800ef06, 0xa900ee05, 0x7c009905, 
    0x71009b04, 0x71009b04, 0x19008d04, 0x11008703, 0x37000305, 0x3000fe03, 0x4b009504, 0x4c003f06, 0x6f00df06, 0x33005106, 0x2e002605, 0x62004404, 
    0x70000204, 0x4200bc07, 0x33007006, 0xbd00cb07, 0x96009c06, 0x8800f104, 0x75001804, 0x2100a805, 0x43001b05, 0x90004805, 0x2800a705, 0x2c009604, 
    0x5f00b602, 0x00001404, 0x00002908, 0x00001404, 0x00002908, 0x0000b902, 0x00000a02, 0x00005c01, 0x00007f04, 0x00003002, 0x0000a201, 0x00000001, 
    0x0000d100, 0x00000000, 0x31004202, 0x31004202, 0x9f003605, 0x7d002c06, 0x2d00a003, 0x62006c01, 0x3e006c01, 0x29006101, 0x59006c01, 0x63006402, 
    0x44006902, 0x29005102, 0x43006704, 0x54008204, 0x92009602, 0xa600a103, 0xa6002105, 0x5b005a01, 0x5b00ce07, 0x6c006102, 0x61006102, 0x3e009603, 
    0x3b00e402, 0x7b005e03, 0x60009204, 0x23002706, 0xb9008b06, 0xb5005e08, 0x23001306, 0x9b001a06, 0x53006f04, 0x23007d05, 0x3300e803, 0x2c001b04, 
    0x6a004105, 0x23002205, 0x7600e205, 0x5b00b903, 0xb1002808, 0x6b00f004, 0x95001205, 0x63001f06, 0x8000dc06, 0x7800c406, 0x6b006a06, 0x6a009104, 
    0xae004205, 0x3f009e04, 0xa5009004, 0x40005e04, 0x77007408, 0x89ff0702, 0x65008204, 0x95006d04, 0x45001704, 0x77002604, 0x37000a04, 0xa7000702, 
    0x75004c02, 0x7900e701, 0x3f00c304, 0x30004c04, 0x3f005b04, 0x3f009f06, 0x3f009f06, 0x3f00be04, 0x65007c06, 0x00000000, 0x58002e08, 0x5c003508, 
    0x4c00e302, 0x7e00e302, 0x5700e302, 0x55000004, 0x5c000004, 0x43000004, 0x7b000004, 0x91000004, 0x3c000004, 0x55000004, 0x5a000004, 0x9f000004, 
    0x69000004, 0x4b002004, 0x15002304, 0x2a003904, 0x32002706, 0x18004304, 0x88008704, 0x2b002104, 0x4a001804, 0x98006204, 0x6500a904, 0x9a004004, 
    0x6900a904, 0x9a00e004, 0x9a00f505, 0x9a00a203, 0x9a005804, 0x3b00cb03, 0xb100da01, 0x9a00dc04, 0x7800b204, 0x9a00dc03, 0x4a001804, 0x29000604, 
    0x1500a203, 0x9a00b103, 0x18004304, 0x6900a904, 0x18004304, 0x47009303, 0x9a00c404, 0x3b00e003, 0x69005f05, 0x6900f004, 0x8000e704, 0x22005305, 
    0x6d007804, 0x25003607, 0x9a004507, 0x2b005905, 0x9a00c404, 0x9a004104, 0x34000805, 0x25001906, 0x4e003504, 0x9a00e804, 0xa0004104, 0x2500af04, 
    0x20001404, 0x9a000d05, 0x43004c04, 0x9a001706, 0x9a006006, 0x04000805, 0x9a009005, 0x9a003304, 0x5f007404, 0x9a004806, 0x50006e04, 0x0f001c04, 
    0x25005706, 0xa0006404, 0xa000ad04, 0x11001d05, 0x6900b905, 0x15005104, 0x2a008404, 0x22003806, 0x43004c04, 0x9a004c04, 0x0b009205, 0x5e00a904, 
    0x4e003504, 0x6900a904, 0x29000604, 0x3500be03, 0x9a00dc07, 0x28009904, 0x4700e302, 0x3b00e302, 0x6c00e302, 0x6000e302, 0x3e00e302, 0x4f00e302, 
    0x4b00e302, 0x7d006003, 0xb000a402, 0x9a00e803, 0x3c003704, 0x6f00ab04, 0xba004405, 0xbd001c05, 0x9f00ee03, 0xbd002805, 0x9f00d603, 0x9a008004, 
    0x6d007804, 0x9a003c04, 0x17005304, 0x9700c601, 0x8a009f03, 0xb7fc0000, 0x5c005e03, 0x91ff7503, 0x6d000904, 0x6d007903, 0x9a00b103, 0x8a008203, 
    0x8a007d03, 0x5700e402, 0x3b00e402, 0x6c00e402, 0x6000e402, 0x3e00e402, 0x4f00e402, 0x4b00e402, 0x80005c05, 0x8000a105, 0xbd007805, 0x8000b505, 
    0x8000b605, 0xa000d503, 0x83008204, 0x0f005e04, 0x3e00cc04, 0x65006b04, 0x4a002e04, 0x95009f03, 0x8e009401, 0x6900af06, 0x70009c04, 0x8dffd101, 
    0x3c007004, 0x6e007004, 0x1c007004, 0x73007004, 0x6c007004, 0x39007004, 0x7c007004, 0x63007004, 0x69007004, 0x10017004, 0x8cffe101, 0x8cffd501, 
    0xa800c801, 0xfaffc801, 0xa800c801, 0x9a003c04, 0x7d00f804, 0x3800fa03, 0x9b006e04, 0x60002c04, 0x5f007904, 0x5f007704, 0x5a008204, 0x9b007604, 
    0x5f007d04, 0x5a002204, 0x6c007004, 0x70008203, 0x7800da04, 0x0400a203, 0x0e002506, 0x9a00dc03, 0x6900a904, 0x3f00dc04, 0x9a00e004, 0x0000f201, 
    0x31004a02, 0x21005b05, 0x21005b05, 0x00008204, 0x3400c704, 0x0e009202, 0x1e00ff04, 0x1e00ff04, 0x1e00ff04, 0x1e00ff04, 0x1e00ff04, 0x1e00ff04, 
    0x1e00ff04, 0x83003205, 0xb8008d04, 0xb8008d04, 0xb8008d04, 0xb8008d04, 0x0d002102, 0xca002102, 0xfeff2102, 0xe7ff2102, 0xb800ae05, 0x7d006a05, 
    0x7d006a05, 0x7d006a05, 0x7d006a05, 0x7d006a05, 0xa2004205, 0xa2004205, 0xa2004205, 0xa2004205, 0x1800ca04, 0x64004904, 0x64004904, 0x64004904, 
    0x64004904, 0x64004904, 0x64004904, 0x64004904, 0x5e001f04, 0x5a002204, 0x5a002204, 0x5a002204, 0x5a002204, 0xe2ffc801, 0x9f00c801, 0xd3ffc801, 
    0xbcffc801, 0x9c006504, 0x5a007b04, 0x5a007b04, 0x5a007b04, 0x5a007b04, 0x5a007b04, 0x98006504, 0x98006504, 0x98006504, 0x98006504, 0x2000cd03, 
    0x2000cd03, 0x1e00ff04, 0x64004904, 0x1e00ff04, 0x64004904, 0x1e00ff04, 0x64004904, 0x83003205, 0x5e001f04, 0x83003205, 0x5e001f04, 0x83003205, 
    0x5e001f04, 0x83003205, 0x5e001f04, 0xb8003d05, 0x6c000805, 0xb8008d04, 0x5a002204, 0xb8008d04, 0x5a002204, 0xb8008d04, 0x5a002204, 0xb8008d04, 
    0x5a002204, 0xb8008d04, 0x5a002204, 0x91007805, 0x6c007004, 0x91007805, 0x6c007004, 0x91007805, 0x6c007004, 0x91007805, 0x6c007004, 0xb800a905, 
    0x9c006404, 0xc6ff2102, 0x9bffc801, 0xe0ff2102, 0xb5ffc801, 0xf1ff2102, 0xc6ffc801, 0x27002102, 0xfcffcb01, 0xbf002102, 0xd3008806, 0x95009e03, 
    0x47006704, 0x8cffd401, 0xb8000c05, 0x9c00eb03, 0xb0003704, 0xa000cb01, 0xb8003704, 0x6700cb01, 0xb8003704, 0xaa006102, 0xb8003704, 0xaa00a702, 
    0xb800ae05, 0x9c006504, 0xb800ae05, 0x9c006504, 0xb800ae05, 0x9c006504, 0xd1ff6504, 0x7d006a05, 0x5a007b04, 0x7d006a05, 0x5a007b04, 0x7d006a05, 
    0x5a007b04, 0xb5001405, 0x9c00b102, 0xb5001405, 0x5e00b102, 0xb5001405, 0x8300b102, 0x5800bd04, 0x65000d04, 0x5800bd04, 0x65000d04, 0x5800bd04, 
    0x65000d04, 0x5800bd04, 0x65000d04, 0x5800bd04, 0x65000d04, 0x3400c704, 0x17009202, 0x3400c704, 0x17009202, 0x3400c704, 0x1700ba02, 0xa2004205, 
    0x98006504, 0xa2004205, 0x98006504, 0xa2004205, 0x98006504, 0xa2004205, 0x98006504, 0xa2004205, 0x98006504, 0xa2004205, 0x98006504, 0x3d002c07, 
    0x3f000806, 0x1800ca04, 0x2000cd03, 0x1800ca04, 0x5a00c904, 0x5700e403, 0x5a00c904, 0x5700e403, 0x5a00c904, 0x5700e403, 0x11004907, 0x5500c406, 
    0x7d006a05, 0x59007404, 0xd4ff8004, 0xd4ff8004, 0x2b002104, 0x17005304, 0x17005304, 0x17005304, 0x17005304, 0x17005304, 0x17005304, 0x17005304, 
    0x6d007804, 0x9a00e803, 0x9a00e803, 0x9a00e803, 0x9a00e803, 0xe9ffda01, 0xa600da01, 0xdaffda01, 0xc3ffda01, 0x9a00e004, 0x6900a904, 0x6900a904, 
    0x6900a904, 0x6900a904, 0x6900a904, 0x88008704, 0x88008704, 0x88008704, 0x88008704, 0x15002304, 0x17005304, 0x17005304, 0x17005304, 0x6d007804, 
    0x6d007804, 0x6d007804, 0x6d007804, 0x9a008004, 0x9a00e803, 0x9a00e803, 0x9a00e803, 0x9a00e803, 0x9a00e803, 0x7800b204, 0x7800b204, 0x7800b204, 
    0x7800b204, 0x9a00dc04, 0xa2ffda01, 0xbcffda01, 0xcdffda01, 0x0b00da01, 0x9b00da01, 0x3b00cb03, 0x9a005804, 0x9100a203, 0x9a00a203, 0x9a00a203, 
    0x9a00a203, 0x9a00e004, 0x9a00e004, 0x9a00e004, 0x6900a904, 0x6900a904, 0x6900a904, 0x98006204, 0x98006204, 0x98006204, 0x4a001804, 0x4a001804, 
    0x4a001804, 0x4a001804, 0x2b002104, 0x2b002104, 0x2b002104, 0x88008704, 0x88008704, 0x88008704, 0x88008704, 0x88008704, 0x88008704, 0x32002706, 
    0x15002304, 0x15002304, 0x4b002004, 0x4b002004, 0x4b002004, 0x1e00ff04, 0x3eff8d04, 0x4bffa905, 0x5bff2102, 0x00007e05, 0x33ff2e05, 0x0c005105, 
    0xa3ff6602, 0x1e00ff04, 0xb800e704, 0xb8008d04, 0x5a00c904, 0xb800a905, 0xd3002102, 0xb8000c05, 0xb800ec06, 0xb800ae05, 0x7d006a05, 0xb800ed04, 
    0x3400c704, 0x1800ca04, 0x3700e504, 0xe7ff2102, 0x1800ca04, 0x6f008104, 0x6b005904, 0x9e007404, 0xb6006602, 0x9b004704, 0xa2005704, 0x5a007b04, 
    0xa2007404, 0x2600d903, 0x3000e403, 0xcbff6602, 0x9b004704, 0x5a007b04, 0x9b004704, 0x89009806, 0xb8008d04, 0xb9006a04, 0x5800bd04, 0xd3002102, 
    0xe7ff2102, 0x47006704, 0xbd001c05, 0xb8000c05, 0x37000505, 0x1e00ff04, 0xb800e704, 0xb9006a04, 0xb8008d04, 0xbc00ae05, 0xb800ec06, 0xb800a905, 
    0x7d006a05, 0xbd00a905, 0xb800ed04, 0x83003205, 0x3400c704, 0x3700e504, 0x64004904, 0x5a002204, 0xa4007f04, 0x5a007b04, 0x9b006f04, 0x5e001f04, 
    0x2000cd03, 0x3000e403, 0x5a002204, 0xa3005f03, 0x65000d04, 0x9500cb01, 0xbcffc801, 0x98ffd301, 0xa3002504, 0x2000cd03, 0x3d002c07, 0x3f000806, 
    0x3d002c07, 0x3f000806, 0x3d002c07, 0x3f000806, 0x1800ca04, 0x2000cd03, 0x77005c01, 0x8f004c02, 0x99009c03, 0x8cffd401, 0x3e006c01, 0xb800ec06, 
    0x96001707, 0x1e00ff04, 0x64004904, 0xb8008d04, 0xbc00ae05, 0x5a002204, 0xa4007f04, 0x7b008e05, 0x79007805, 0x1c00ed04, 0x0900f103, 0x5a004808, 
    0x7d003709, 0x5a00c204, 0x62000d04, 0x83003205, 0x5e001f04, 0x1800ca04, 0x2c00ea03, 0xd3002102, 0x17000a07, 0x18002306, 0xd3002102, 0x1e00ff04, 
    0x64004904, 0x1e00ff04, 0x64004904, 0x11004907, 0x5500c406, 0xb8008d04, 0x5a002204, 0x7c009905, 0x5c001f04, 0x5c001f04, 0x17000a07, 0x18002306, 
    0x5a00c204, 0x62000d04, 0xbc00ae05, 0xa4007f04, 0xbc00ae05, 0xa4007f04, 0x7d006a05, 0x5a007b04, 0x76006205, 0x59008604, 0x76006205, 0x59008604, 
    0x8d004805, 0x6f004704, 0x37000505, 0x2000cd03, 0x37000505, 0x2000cd03, 0x37000505, 0x2000cd03, 0xac005305, 0x6e004204, 0xba00ae06, 0xa9000206, 
    0x6c007204, 0x1e00ff04, 0x64004904, 0x1e00ff04, 0x64004904, 0x1e00ff04, 0x64004904, 0x1e00ff04, 0x1c004904, 0x1e00ff04, 0x64004904, 0x1e00ff04, 
    0x64004904, 0x1e00ff04, 0x64004904, 0x1e00ff04, 0x64004904, 0x1e00ff04, 0x64004904, 0x1e00ff04, 0x64004904, 0x1e00ff04, 0x64004904, 0x1e00ff04, 
    0x64004904, 0xb8008d04, 0x5a002204, 0xb8008d04, 0x5a002204, 0xb8008d04, 0x5a002204, 0xb8008d04, 0x5a002204, 0x44008d04, 0x0f002204, 0xb8008d04, 
    0x5a002204, 0xb8008d04, 0x5a002204, 0xb8008d04, 0x5a002204, 0xc4002102, 0x9900c801, 0xb9002102, 0x8d00cb01, 0x7d006a05, 0x5a007b04, 0x7d006a05, 
    0x5a007b04, 0x7d006a05, 0x5a007b04, 0x7d006a05, 0x14007b04, 0x7d006a05, 0x5a007b04, 0x7d006a05, 0x5a007b04, 0x7d006a05, 0x5a007b04, 0x84009405, 
    0x59007a04, 0x84009405, 0x59007a04, 0x84009405, 0x59007a04, 0x84009405, 0x59007a04, 0x84009405, 0x59007a04, 0xa2004205, 0x98006504, 0xa2004205, 
    0x98006504, 0xa2007205, 0x9800b004, 0xa2007205, 0x9800b004, 0xa2007205, 0x9800b004, 0xa2007205, 0x9800b004, 0xa2007205, 0x9800b004, 0x1800ca04, 
    0x2000cd03, 0x1800ca04, 0x2000cd03, 0x1800ca04, 0x2000cd03, 0x6c009004, 0x3400c704, 0x2800cd03, 0xac005305, 0x6e004204, 0xb9006a04, 0xa3005f03, 
    0x24000a06, 0xf6ffb804, 0x9c006404, 0xfdffe604, 0xfdffe604, 0x2b006a04, 0x00005f03, 0xf3ff3005, 0xf5ff0204, 0x1800ca04, 0x2c00ea03, 0x3700e504, 
    0x3000e403, 0x6b005904, 0x19008004, 0x7d002c06, 0x69006f04, 0x62006f04, 0x43006f04, 0xa8006f04, 0x96008304, 0x7e009704, 0x65008304, 0x8c009704, 
    0x91007805, 0x6c007004, 0xb800ae05, 0x9c006504, 0x1e00ff04, 0x64004904, 0x90008d04, 0x5a002204, 0x36ff2102, 0x0bffc801, 0x7d006a05, 0x5a007b04, 
    0x84001405, 0xbfffb102, 0xa2004205, 0x62006504, 0xecfeae04, 0xb800e704, 0x9b006f04, 0xb8003d05, 0x6c007204, 0xb8003d05, 0x6c007204, 0xb800a905, 
    0x9c006404, 0xb8000c05, 0x9c00eb03, 0xb8000c05, 0x9c00eb03, 0xb8003704, 0x8f00cb01, 0xb800ec06, 0x96001707, 0xb800ae05, 0x9c006504, 0x7d006a05, 
    0xb800ed04, 0x9b006f04, 0xb5001405, 0x8600b102, 0x5800bd04, 0x65000d04, 0x3400c704, 0x17009202, 0xa2004205, 0x1f00ef04, 0x2600d903, 0x1f00ef04, 
    0x2600d903, 0x3d002c07, 0x3f000806, 0x5a00c904, 0x5700e403, 0x83feb005, 0x17005304, 0x8aff2404, 0x9fff1805, 0xabff1602, 0xfcffb304, 0x3cff5f04, 
    0x2700f104, 0x17005304, 0x9a003c04, 0x9a00e803, 0x4b002004, 0x9a00dc04, 0xb100da01, 0x9a005804, 0x9a00f505, 0x9a00e004, 0x6900a904, 0x9a004004, 
    0x2b002104, 0x15002304, 0x2a003904, 0xc3ffda01, 0x15002304, 0x9a00e803, 0x9a00b103, 0x4a001804, 0xb100da01, 0xc3ffda01, 0x3b00cb03, 0x9a005804, 
    0x20001404, 0x17005304, 0x9a003c04, 0x9a00b103, 0x9a00e803, 0x9a00e804, 0x9a00f505, 0x9a00dc04, 0x6900a904, 0x9a00c404, 0x9a004004, 0x6d007804, 
    0x2b002104, 0x2a003904, 0x4e003504, 0x9a00dc04, 0x6d007804, 0x15002304, 0x0b009205, 0x9a00e804, 0x20001404, 0x69005f05, 0xb100a505, 0x0e002506, 
    0x6900a904, 0x4a001804, 0x32002706, 0x32002706, 0x32002706, 0x15002304, 0x1e00ff04, 0x64004904, 0xb8008d04, 0x5a002204, 0x17005304, 0x9a00e803, 
    0x8d00c801, 0x00000100, 0x0cfe6c07, 0x37090000, 0x45fe20fa, 0x01001a09, 0x00000000, 0x00000000, 0x00000000, 0x0e050000, 0x6f040300, 0x05002c01, 
    0x9a050000, 0x00003305, 0x9a051f01, 0x00003305, 0x6600d103, 0x00000002, 0x00000002, 0x00000000, 0x00e00000, 0x0050ff02, 0x00005b20, 0x00002000, 
    0x4f470000, 0x4000474f, 0xfdff0000, 0x00fe0006, 0x9a076600, 0x00200002, 0x00009f01, 0x3a040000, 0x2000b005, 0x03002000, 0x01000000, 0x10050000, 
    0x00040a09, 0x02020200, 0x07050503, 0x03030206, 0x03020504, 0x05050402, 0x05050505, 0x05050505, 0x05050202, 0x06080405, 0x05060606, 0x02060605, 
    0x08050605, 0x06060606, 0x06050506, 0x05060806, 0x02040205, 0x05030404, 0x05050505, 0x02050503, 0x08020402, 0x05050505, 0x05030503, 0x04040704, 
    0x03020304, 0x05050206, 0x05020507, 0x04040704, 0x03040705, 0x03030305, 0x02020405, 0x07040403, 0x08040707, 0x05050605, 0x05050508, 0x02060505, 
    0x06020505, 0x02080805, 0x05060306, 0x05020506, 0x04040404, 0x04020302, 0x00000303, 0x00000000, 0x05020402, 0x05060606, 0x06060506, 0x04050506, 
    0x05040505, 0x04050305, 0x05050505, 0x06060505, 0x07050507, 0x0a0a0607, 0x07060607, 0x06060508, 0x06060706, 0x08070808, 0x06080606, 0x05040505, 
    0x05050507, 0x05050705, 0x05050704, 0x07060707, 0x05070505, 0x08080505, 0x07080505, 0x05070805, 0x07070805, 0x05080a06, 0x06050604, 0x08050604, 
    0x06070807, 0x00000505, 0x00000000, 0x06050506, 0x05040505, 0x06070804, 0x07050605, 0x09050606, 0x07080907, 0x08040605, 0x06050606, 0x05070605, 
    0x05060506, 0x05060506, 0x05060708, 0x06040505, 0x08070504, 0x05050607, 0x07090709, 0x06060506, 0x03050606, 0x09050905, 0x05020203, 0x01010202, 
    0x06030300, 0x02020407, 0x03030202, 0x03050503, 0x09020604, 0x03040303, 0x07070504, 0x05070709, 0x06050406, 0x09040706, 0x08070606, 0x06050708, 
    0x0a050505, 0x05050502, 0x03020505, 0x05050502, 0x07050707, 0x03090900, 0x05050303, 0x05050505, 0x05050505, 0x07050505, 0x05050505, 0x05050505, 
    0x05040705, 0x05050204, 0x04050504, 0x05050504, 0x06040504, 0x05060606, 0x05060808, 0x05070605, 0x05050506, 0x07070506, 0x05050606, 0x07050507, 
    0x06060505, 0x05070505, 0x05050605, 0x09040505, 0x03030305, 0x03030303, 0x05040304, 0x04060605, 0x05050406, 0x04020505, 0x05040400, 0x04040404, 
    0x03030303, 0x06030303, 0x06060606, 0x05050504, 0x02040505, 0x05020508, 0x05050505, 0x05050505, 0x02020205, 0x06050202, 0x05050504, 0x05050505, 
    0x05040505, 0x05040704, 0x03020505, 0x05050606, 0x06060603, 0x06060606, 0x05050506, 0x02020205, 0x06060602, 0x06060606, 0x05060606, 0x05050505, 
    0x05050505, 0x05050505, 0x02020202, 0x05050505, 0x05050505, 0x04040505, 0x05060506, 0x05060506, 0x05060506, 0x06060506, 0x05050505, 0x05050505, 
    0x05060505, 0x05060506, 0x05060506, 0x02020202, 0x02020202, 0x05040702, 0x05040602, 0x05020502, 0x06030503, 0x06050605, 0x05060505, 0x05060506, 
    0x03060306, 0x05050306, 0x05050505, 0x05050505, 0x03050305, 0x05060305, 0x05060506, 0x05060506, 0x07080506, 0x05050405, 0x05040504, 0x06080804, 
    0x05050505, 0x05050505, 0x05050505, 0x04040404, 0x02020202, 0x05050505, 0x05050505, 0x05050505, 0x05050505, 0x04050505, 0x04040404, 0x05050505, 
    0x02020205, 0x05040202, 0x04040404, 0x05050505, 0x05050505, 0x05050505, 0x05050505, 0x05050505, 0x05070505, 0x05050505, 0x02060506, 0x03060606, 
    0x05050606, 0x08060206, 0x05060606, 0x05020605, 0x03050505, 0x05050505, 0x05030404, 0x05070505, 0x02020505, 0x06060605, 0x05050606, 0x06060806, 
    0x05060606, 0x05050506, 0x04050505, 0x05040504, 0x05020202, 0x08070804, 0x05070807, 0x04030204, 0x08080202, 0x06050506, 0x06060505, 0x0a090406, 
    0x05060505, 0x08020405, 0x05060207, 0x08080506, 0x05060505, 0x05070805, 0x06050605, 0x06050605, 0x06050605, 0x06040605, 0x06040604, 0x05070805, 
    0x05060506, 0x05060506, 0x05060506, 0x05060506, 0x05060506, 0x05060506, 0x05050505, 0x05050505, 0x05050505, 0x05050505, 0x02020202, 0x05060506, 
    0x05060506, 0x05060506, 0x05060506, 0x05060506, 0x05060506, 0x05060506, 0x05060506, 0x05060506, 0x04050506, 0x04050405, 0x06040505, 0x07040505, 
    0x06060505, 0x05060405, 0x04060405, 0x05070505, 0x05050505, 0x06050505, 0x06050605, 0x02050505, 0x06050602, 0x05050603, 0x05060506, 0x05060506, 
    0x04060406, 0x08080205, 0x06060506, 0x05030605, 0x06030505, 0x04060406, 0x04050708, 0x06050506, 0x06050502, 0x05040505, 0x07050205, 0x05050505, 
    0x05020505, 0x02050404, 0x05050402, 0x04040505, 0x05050706, 0x05050505, 0x05050505, 0x05060605, 0x05070606, 0x07070705, 0x05050605, 0x02040505, 
    0x02000000, 0x03000000, 0x14000000, 0x01000300, 0x14000000, 0x6e060400, 0xf4000000, 0x06008000, 0x00007400, 0x0d000200, 0xa0007e00, 0xad00ac00, 
    0xc600bf00, 0xe600cf00, 0xfe00ef00, 0x11010f01, 0x27012501, 0x53013001, 0x67015f01, 0x7f017e01, 0x92018f01, 0xb001a101, 0xff01f001, 0x37021b02, 
    0xbc025902, 0xc902c702, 0xf302dd02, 0x03030103, 0x0f030903, 0x8a032303, 0x92038c03, 0xb003a103, 0xc903b903, 0xd203ce03, 0x2504d603, 0x45042f04, 
    0x62044f04, 0x79046f04, 0x9f048604, 0xb104a904, 0xce04ba04, 0xe104d704, 0x0105f504, 0x13051005, 0x3f1e011e, 0xf11e851e, 0xf91ef31e, 0x09204d1f, 
    0x11200b20, 0x1e201520, 0x27202220, 0x33203020, 0x3c203a20, 0x74204420, 0xa4207f20, 0xac20aa20, 0xba20b120, 0x0521bd20, 0x16211321, 0x26212221, 
    0x5e212e21, 0x06220222, 0x12220f22, 0x1e221a22, 0x48222b22, 0x65226022, 0x02eeca25, 0x04fbc3f6, 0xfdfffffe, 0x0000ffff, 0x02000000, 0x20000d00, 
    0xa100a000, 0xae00ad00, 0xc700c000, 0xe700d000, 0xff00f000, 0x12011001, 0x28012601, 0x54013101, 0x68016001, 0x8f017f01, 0xa0019201, 0xf001af01, 
    0x1802fa01, 0x59023702, 0xc602bc02, 0xd802c902, 0x0003f302, 0x09030303, 0x23030f03, 0x8c038403, 0x93038e03, 0xb103a303, 0xca03ba03, 0xd603d103, 
    0x26040004, 0x46043004, 0x63045004, 0x7a047004, 0xa0048804, 0xb204aa04, 0xcf04bb04, 0xe204d804, 0x0205f604, 0x001e1105, 0x801e3e1e, 0xf21ea01e, 
    0x4d1ff41e, 0x0a200020, 0x13201020, 0x20201720, 0x30202520, 0x39203220, 0x44203c20, 0x7f207420, 0xa620a320, 0xb120ab20, 0xbc20b920, 0x13210521, 
    0x22211621, 0x2e212621, 0x02225b21, 0x0f220622, 0x1a221122, 0x2b221e22, 0x60224822, 0xca256422, 0xc3f601ee, 0xfffe01fb, 0xfffffcff, 0x00000100, 
    0xe4fff6ff, 0xc2ffd801, 0xc1ffcc01, 0xbf010000, 0xba010000, 0xb6010000, 0xb4010000, 0xb2010000, 0xaa010000, 0xac010000, 0x07ff16ff, 0xf8fe05ff, 
    0xee01ebfe, 0x00000000, 0x44fe65fe, 0xd8fd2301, 0xc9fdd7fd, 0xa8fdb4fd, 0xa2fda7fd, 0x8afd9dfd, 0xfeff0000, 0x0000fdff, 0x0afd0000, 0xdeff0000, 
    0xfbfcfefc, 0xbafc0000, 0xb2fc0000, 0xa7fc0000, 0xa1fc0000, 0x99fc0000, 0x91fc0000, 0x28ff0000, 0x25ff0000, 0x5efc0000, 0xe2e50000, 0x53e5a2e5, 
    0xe7e47ee5, 0x7de57ce5, 0x73e172e1, 0x00006fe1, 0x6be16ce1, 0x61e169e1, 0x59e1a9e3, 0x50e1a1e3, 0x17e121e1, 0xf2e00000, 0xede00000, 0xe5e0e6e0, 
    0x91e09ee0, 0x84e08fe0, 0x79e094df, 0xaadf4de0, 0x9edfacde, 0x96df9ddf, 0x87df93df, 0x54df6bdf, 0xeddb51df, 0xf70ab713, 0xc302bb06, 0x0100c701, 
    0x00000000, 0x00000000, 0x00000000, 0x00000000, 0x0000e400, 0x0000ee00, 0x00001801, 0x00003201, 0x00003201, 0x00003201, 0x00007401, 0x00000000, 
    0x00000000, 0x00000000, 0x7e017401, 0x00000000, 0x00000000, 0x00000000, 0x00000000, 0x00000000, 0x00000000, 0x00006c01, 0x74010000, 0x00009001, 
    0x0000a801, 0x00000000, 0x0000c001, 0x00000802, 0x00003002, 0x00005202, 0x00006202, 0x00008e02, 0x00009a02, 0x0000be02, 0x0000ce02, 0x0000e202, 
    0x00000000, 0x00000000, 0x00000000, 0x00000000, 0xd2020000, 0x00000000, 0x00000000, 0x00000000, 0x00000000, 0x00000000, 0x0000c202, 0x0000c202, 
    0x00000000, 0x00000000, 0x00000000, 0x00000000, 0x00000000, 0x00000000, 0x00000000, 0x00000000, 0x00000000, 0x00000000, 0x00000000, 0x00000000, 
    0x00000000, 0x80027f02, 0x82028102, 0x84028302, 0x7b028100, 0x90028f02, 0x92029102, 0x94029302, 0x83008200, 0x96029502, 0x98029702, 0x84009902, 
    0x9a028500, 0x9c029b02, 0x9e029d02, 0x86009f02, 0xaa028700, 0xac02ab02, 0xae02ad02, 0x8800af02, 0xb0028900, 0xb202b102, 0xb402b302, 0x7a028a00, 
    0x8c008b00, 0x8d007c02, 0xe402e302, 0xe602e502, 0xe802e702, 0xe9028e00, 0xeb02ea02, 0xed02ec02, 0xef02ee02, 0x8f00f002, 0xf1029000, 0xf302f202, 
    0xf502f402, 0xf702f602, 0x92009100, 0xf902f802, 0xfb02fa02, 0xfd02fc02, 0x94009300, 0x0d030c03, 0x11031003, 0x13031203, 0x7e027d02, 0xa0028502, 
    0x2c032b03, 0x2e032d03, 0x0b030a03, 0x0f030e03, 0xaf00ae00, 0xb0008603, 0x88038703, 0xb1008903, 0x9003b200, 0x92039103, 0x9303b300, 0xb4009403, 
    0x96039503, 0x9703b500, 0x9803b600, 0x9903b700, 0xb8009a03, 0xb9009b03, 0x9c03ba00, 0x9e039d03, 0xa0039f03, 0xa203a103, 0xc400a303, 0xa603a503, 
    0xa403c500, 0xc700c600, 0xc900c800, 0xcb00ca00, 0xa703cc00, 0xce00cd00, 0xad03e403, 0xae03d200, 0xaf03d300, 0xb103b003, 0xd400b203, 0xd600d500, 
    0xe503b403, 0xd700b503, 0xd800b603, 0xb803b703, 0xb903d900, 0xdb00da00, 0xba03dc00, 0xdd00b303, 0xbc03bb03, 0xbe03bd03, 0xc003bf03, 0xde00c103, 
    0xc203df00, 0xea00c303, 0xec00eb00, 0xc403ed00, 0xef00ee00, 0xc503f000, 0xf200f100, 0xf400f300, 0xf500c603, 0xc803c703, 0xc903f600, 0xca03f700, 
    0xcb03e603, 0xcc030201, 0xcd030301, 0xcf03ce03, 0x0401d003, 0x06010501, 0xe703d103, 0x0701d203, 0x09010801, 0xe8038104, 0x1701e903, 0x19011801, 
    0xea031a01, 0xed03eb03, 0x2801ec03, 0x2a012901, 0x80042b01, 0x2d012c01, 0x2f012e01, 0x82043001, 0x31018304, 0x33013201, 0xee033401, 0x3501ef03, 
    0x37013601, 0x84043801, 0xf0038504, 0x7704f103, 0xf2037804, 0x8604f303, 0x7f048704, 0x4d014c01, 0x7e047d04, 0xf503f403, 0x4e01f603, 0x50014f01, 
    0x52015101, 0x54015301, 0x79045501, 0x56017a04, 0x58015701, 0x00040104, 0x03040204, 0x05040404, 0x59010604, 0x7b045a01, 0x1b047c04, 0x5b011c04, 
    0x5d015c01, 0x88045e01, 0x5f018904, 0x8a041d04, 0x70016f01, 0x82018101, 0x8b048c04, 0x76049701, 0x00009d01, 0x4b2c00b0, 0x585009b0, 0x8e0101b1, 
    0xff01b859, 0x1d44b085, 0x5f0309b1, 0x01b02d5e, 0x4520202c, 0x01b04469, 0x02b02d60, 0x2a01b02c, 0x03b02d21, 0xb046202c, 0x52462503, 0x20592358, 
    0x498a208a, 0x46208a64, 0x64616820, 0x462504b0, 0x64616820, 0x65235852, 0x202f598a, 0x585300b0, 0x00b02069, 0xb0215854, 0x691b5940, 0x5400b020, 
    0x40b02158, 0x3a595965, 0x2c04b02d, 0x04b04620, 0x58524625, 0x20598a23, 0x616a2046, 0x2504b064, 0x616a2046, 0x23585264, 0xfd2f598a, 0x2c05b02d, 
    0x03b0204b, 0x51585026, 0x4480b058, 0x4440b01b, 0x21211b59, 0xc0b04520, 0xc0b05850, 0x59211b44, 0x06b02d59, 0x4520202c, 0x01b04469, 0x45202060, 
    0x4418697d, 0x2d6001b0, 0xb02c07b0, 0xb02d2a06, 0x204b2c08, 0x532603b0, 0x1b40b058, 0x8a5900b0, 0x03b0208a, 0x23585326, 0x8a80b021, 0x238a1b8a, 
    0x03b02059, 0x23585326, 0x8ac0b021, 0x238a1b8a, 0x03b02059, 0x23585326, 0x0001b821, 0x8a1b8a8a, 0xb0205923, 0x58532603, 0x01b82123, 0x1b8a8a40, 
    0x2059238a, 0x532603b0, 0x2503b058, 0x8001b845, 0x21235850, 0x238001b8, 0x03b01b21, 0x21234525, 0x1b592123, 0x2d445921, 0x4b2c09b0, 0x44455853, 
    0x5921211b, 0x2c0ab02d, 0x2d452ab0, 0xb02c0bb0, 0xb02d452b, 0x27b12c0c, 0x8a208801, 0x40b95853, 0x63000400, 0x880008b8, 0x00b95854, 0x70e8032a, 
    0x23b01b59, 0x20b05853, 0x0010b888, 0x00b95854, 0x70e8032a, 0x2d595959, 0xb02c0db0, 0x20b88840, 0xb1585a00, 0x1b44002b, 0x032b00b9, 0x2d5944e8, 
    0xb02b0cb0, 0xb2002b00, 0x2b020c01, 0x010db201, 0xb7012b02, 0x29303a0d, 0x0800121e, 0x01b7002b, 0x3245596d, 0x2b08001d, 0x677e02b7, 0x001d3850, 
    0x03b72b08, 0x364b6076, 0x2b08001d, 0x648304b7, 0x001d3a4e, 0x05b72b08, 0x1e293a47, 0x2b080012, 0x779106b7, 0x00233a5c, 0x07b72b08, 0x3245596d, 
    0x2b08001d, 0x425108b7, 0x00172534, 0x09b72b08, 0x1a242f39, 0x2b080010, 0x77910ab7, 0x00233a5c, 0x0bb72b08, 0x364b6076, 0x2b08001d, 0x84a10cb7, 
    0x002c4a67, 0xb2002b08, 0x2b070e0e, 0x452000b0, 0x4418697d, 0x0112b0b2, 0x1250b273, 0x80b27401, 0xb2740112, 0x75011270, 0x011a3fb2, 0x1a5fb273, 
    0x7fb27301, 0xb273011a, 0x74011a2f, 0x011a4fb2, 0x1a6fb274, 0x8fb27401, 0xb274011a, 0x74011aaf, 0x011affb2, 0x1a1fb274, 0x3fb27501, 0xb275011a, 
    0x75011a5f, 0x011a7fb2, 0x1e0fb275, 0x6fb27301, 0xb275011e, 0x73011e7f, 0x011eefb2, 0x1e1fb273, 0x5fb27401, 0xb274011e, 0x74011e8f, 0x011ecfb2, 
    0x1effb274, 0x3fb27401, 0xb275011e, 0x7301202f, 0x01206fb2, 0x283fb273, 0x00007301, 0x68002a00, 0x60005a00, 0xa0005600, 0x6e004e00, 0xc8008c00, 
    0x60004e00, 0xc4004600, 0x14000000, 0x140060fe, 0x10009b02, 0x0d0039ff, 0x120097fe, 0x0b002103, 0x14003a04, 0x10008d04, 0x1400b005, 0x15001806, 
    0x1000c006, 0x12005b02, 0x05000407, 0x0600d906, 0x00000000, 0x0f000000, 0x0300ba00, 0x09040100, 0x5e000000, 0x03000000, 0x09040100, 0x18000100, 
    0x03005e00, 0x09040100, 0x0e000200, 0x03007600, 0x09040100, 0x18000300, 0x03005e00, 0x09040100, 0x18000400, 0x03005e00, 0x09040100, 0x26000500, 
    0x03008400, 0x09040100, 0x18000600, 0x0300aa00, 0x09040100, 0x40000700, 0x0300c200, 0x09040100, 0x0c000900, 0x03000201, 0x09040100, 0x14000b00, 
    0x03000e01, 0x09040100, 0x26000c00, 0x03002201, 0x09040100, 0x5c000d00, 0x03004801, 0x09040100, 0x54000e00, 0x0300a401, 0x09040100, 0x0c001000, 
    0x0300f801, 0x09040100, 0x0a001100, 0x43000402, 0x70006f00, 0x72007900, 0x67006900, 0x74006800, 0x32002000, 0x31003000, 0x20003100, 0x6f004700, 
    0x67006f00, 0x65006c00, 0x49002000, 0x63006e00, 0x20002e00, 0x6c004100, 0x20006c00, 0x69005200, 0x68006700, 0x73007400, 0x52002000, 0x73006500, 
    0x72006500, 0x65007600, 0x2e006400, 0x6f005200, 0x6f006200, 0x6f007400, 0x4c002000, 0x67006900, 0x74006800, 0x65005200, 0x75006700, 0x61006c00, 
    0x56007200, 0x72006500, 0x69007300, 0x6e006f00, 0x32002000, 0x31002e00, 0x37003300, 0x20003b00, 0x30003200, 0x37003100, 0x6f005200, 0x6f006200, 
    0x6f007400, 0x4c002d00, 0x67006900, 0x74006800, 0x6f005200, 0x6f006200, 0x6f007400, 0x69002000, 0x20007300, 0x20006100, 0x72007400, 0x64006100, 
    0x6d006500, 0x72006100, 0x20006b00, 0x66006f00, 0x47002000, 0x6f006f00, 0x6c006700, 0x2e006500, 0x6f004700, 0x67006f00, 0x65006c00, 0x6f004700, 
    0x67006f00, 0x65006c00, 0x63002e00, 0x6d006f00, 0x68004300, 0x69007200, 0x74007300, 0x61006900, 0x20006e00, 0x6f005200, 0x65006200, 0x74007200, 
    0x6f007300, 0x4c006e00, 0x63006900, 0x6e006500, 0x65007300, 0x20006400, 0x6e007500, 0x65006400, 0x20007200, 0x68007400, 0x20006500, 0x70004100, 
    0x63006100, 0x65006800, 0x4c002000, 0x63006900, 0x6e006500, 0x65007300, 0x20002c00, 0x65005600, 0x73007200, 0x6f006900, 0x20006e00, 0x2e003200, 
    0x68003000, 0x74007400, 0x3a007000, 0x2f002f00, 0x77007700, 0x2e007700, 0x70006100, 0x63006100, 0x65006800, 0x6f002e00, 0x67007200, 0x6c002f00, 
    0x63006900, 0x6e006500, 0x65007300, 0x2f007300, 0x49004c00, 0x45004300, 0x53004e00, 0x2d004500, 0x2e003200, 0x52003000, 0x62006f00, 0x74006f00, 
    0x4c006f00, 0x67006900, 0x74006800, 0x00000300, 0x00000000, 0x64006aff, 0x00000000, 0x00000000, 0x00000000, 0x00000000, 0x00000000, 0x02000100, 
    0x02000800, 0x0f00ffff, 0x02000100, 0x00000e00, 0x00000000, 0x02002802, 0x25005900, 0x01003e00, 0x5e004500, 0x79000100, 0x01007900, 0x81008100, 
    0x83000100, 0x01008300, 0x86008600, 0x89000100, 0x01008900, 0x96008b00, 0x98000100, 0x01009d00, 0xa400a400, 0xa8000100, 0x0300ad00, 0xb100b100, 
    0xba000100, 0x0100bb00, 0xbf00bf00, 0xc1000100, 0x0100c100, 0xc300c300, 0xc7000100, 0x0100c700, 0xcb00cb00, 0xcd000100, 0x0100ce00, 0xd100d000, 
    0xd3000100, 0x0100d300, 0xde00da00, 0xe1000100, 0x0100e100, 0xe500e500, 0xe7000100, 0x0100e900, 0xfb00eb00, 0xfd000100, 0x0100fd00, 0x0101ff00, 
    0x03010100, 0x01000301, 0x09010801, 0x16010100, 0x01001a01, 0x1c011c01, 0x20010100, 0x01002201, 0x25012401, 0x2a010300, 0x01002b01, 0x34013301, 
    0x36010100, 0x01003601, 0x3c013b01, 0x41010100, 0x01004401, 0x48014701, 0x4b010100, 0x01004d01, 0x51015101, 0x54010100, 0x01005801, 0x5e015d01, 
    0x62010100, 0x01006201, 0x64016401, 0x68010100, 0x01006801, 0x6c016a01, 0x6e010100, 0x01006e01, 0x70017001, 0xba010100, 0x0300ba01, 0xc101bb01, 
    0xd2010200, 0x0100e601, 0xea01ea01, 0xf3010100, 0x0100f301, 0xf501f501, 0xfc010100, 0x0100fe01, 0x01020002, 0x03020100, 0x01000302, 0x07020702, 
    0x09020100, 0x01000b02, 0x11021102, 0x16020100, 0x01001802, 0x1a021a02, 0x28020100, 0x01002802, 0x2b022b02, 0x2d020100, 0x01002d02, 0x33023002, 
    0x5f020100, 0x01006302, 0xe2027a02, 0xe5020100, 0x01008b03, 0xa4038d03, 0xa6030100, 0x0100b203, 0xbd03b403, 0xbf030100, 0x0100da03, 0xde03de03, 
    0xe0030100, 0x0100e703, 0xeb03e903, 0xee030100, 0x0100f203, 0x7c04f403, 0x7f040100, 0x01007f04, 0x83048204, 0x85040100, 0x01008604, 0x8b048804, 
    0x95040100, 0x0100d004, 0xf104d204, 0xf3040100, 0x0100fa04, 0xfd04fc04, 0x07050100, 0x01000d05, 0x02000100, 0x0c000000, 0x2c000000, 0x0e000100, 
    0xa800a800, 0xa900a900, 0xaa00aa00, 0xab00ab00, 0xac00ac00, 0x25012401, 0x27012601, 0x05000100, 0xa4007900, 0xad00ad00, 0x0000ba01, 0x00000100, 
    0x32000a00, 0x04004c00, 0x544c4644, 0x79631a00, 0x1a006c72, 0x6b657267, 0x616c1a00, 0x1a006e74, 0x00000400, 0xffff0000, 0x00000200, 0x02000100, 
    0x70737063, 0x656b0e00, 0x14006e72, 0x01000000, 0x00000000, 0x01000100, 0x06000200, 0x01001002, 0x01000000, 0x01000800, 0x05000a00, 0x48002400, 
    0xfa000100, 0x0a000800, 0x15001400, 0x17001600, 0x19001800, 0x1b001a00, 0x1d001c00, 0x26002500, 0x28002700, 0x2a002900, 0x2c002b00, 0x2e002d00, 
    0x30002f00, 0x32003100, 0x34003300, 0x36003500, 0x38003700, 0x3a003900, 0x3c003b00, 0x3e003d00, 0x67006500, 0x83008100, 0x8c008400, 0x91008f00, 
    0xb1009300, 0xb300b200, 0xb500b400, 0xb700b600, 0xb900b800, 0xd200ba00, 0xd400d300, 0xd600d500, 0xd800d700, 0xda00d900, 0xdc00db00, 0xde00dd00, 
    0xe000df00, 0xe200e100, 0xe400e300, 0xe600e500, 0xe800e700, 0x2f01e900, 0x35013301, 0x39013701, 0x41013b01, 0x45014301, 0x4b014901, 0x58014c01, 
    0x97015901, 0xa2019d01, 0x7a02a501, 0x7d027b02, 0x80027f02, 0x82028102, 0x84028302, 0x86028502, 0x88028702, 0x8a028902, 0x8c028b02, 0x8e028d02, 
    0x90028f02, 0x92029102, 0x94029302, 0x96029502, 0x98029702, 0xb6029902, 0xba02b802, 0xbe02bc02, 0xc202c002, 0xc602c402, 0xca02c802, 0xce02cc02, 
    0xd202d002, 0xd602d402, 0xda02d802, 0xde02dc02, 0xe202e002, 0xe502e302, 0xe902e702, 0xed02eb02, 0xf102ef02, 0xf502f302, 0xfa02f802, 0xfe02fc02, 
    0x02030003, 0x06030403, 0x0a030803, 0x0e030c03, 0x12031003, 0x16031403, 0x1a031803, 0x1e031c03, 0x22032003, 0x25032403, 0x29032703, 0x2d032b03, 
    0x87038603, 0x89038803, 0x8b038a03, 0x8e038c03, 0x90038f03, 0x92039103, 0x94039303, 0x96039503, 0x98039703, 0x9a039903, 0x9c039b03, 0xad039d03, 
    0xaf03ae03, 0xb103b003, 0xb303b203, 0xb503b403, 0xb703b603, 0xb903b803, 0xbb03ba03, 0xbd03bc03, 0xbf03be03, 0xc103c003, 0xd303c203, 0xd703d503, 
    0xee03d903, 0xf203f003, 0x0d040704, 0x7d041304, 0x86048204, 0x09050705, 0x00000200, 0x0a000200, 0x0100183a, 0x0400f203, 0xf4010000, 0xc634ce07, 
    0xfc07c634, 0xfe365e08, 0xcc34ae37, 0x7a37cc39, 0x18386408, 0xb8371838, 0x18380238, 0xcc391838, 0x020c4438, 0x8a38d00c, 0x94395839, 0x8436de34, 
    0x460db239, 0x66385c37, 0x8c0d8c35, 0xc20e3a38, 0x3a383a38, 0x66388837, 0xc40f7c38, 0x26107639, 0x76393c35, 0x66384010, 0x8610cc39, 0xfe36c635, 
    0xfe36cc39, 0x06120811, 0xea130813, 0x76398c14, 0x9c149214, 0x86173a38, 0x6a1a7819, 0x861b701b, 0x921b8c1b, 0x921e8c1e, 0x021fcc1e, 0xa0358c1f, 
    0xbe21a035, 0x60221838, 0xde345e23, 0x1838c025, 0x42351838, 0x18381838, 0x96261838, 0x1838a035, 0x4028a035, 0x98290629, 0xe02afa29, 0x6e2b9635, 
    0x46333c35, 0x722d982b, 0x00316638, 0x24333a31, 0x66382433, 0xfa327032, 0x24332433, 0xfe362433, 0x58398837, 0x46337639, 0xc6356638, 0xde349635, 
    0xb8373c35, 0xb837b837, 0xde341838, 0x18383c35, 0xcc391838, 0xde349635, 0xc6343c35, 0xc6347033, 0xc634c634, 0x1234083a, 0x023a6034, 0xea39bc34, 
    0x023af039, 0xea39f039, 0xea39ea39, 0xae34ea39, 0xcc34f039, 0xcc39cc39, 0xcc39cc39, 0xfe368a38, 0xfe36fe36, 0xfe36fe36, 0xfe36fe36, 0x7a37cc34, 
    0x7a377a37, 0x18387a37, 0x18381838, 0x18381838, 0xcc39cc39, 0xcc39cc39, 0x8436cc39, 0x5c375c37, 0x5c375c37, 0x5c375c37, 0x8c355c37, 0x8c358c35, 
    0x3a388c35, 0x88378837, 0x88378837, 0x76398837, 0xfe367639, 0xfe365c37, 0xfe365c37, 0xcc345c37, 0xcc34cc34, 0xcc39cc34, 0x8c357a37, 0x8c357a37, 
    0x8c357a37, 0x8c357a37, 0x8c357a37, 0x3a381838, 0x18381838, 0x18381838, 0xb8371838, 0x02380238, 0x02380238, 0x3a381838, 0x3a381838, 0x3a381838, 
    0xcc393a38, 0xcc398837, 0xcc398837, 0x7c388837, 0x7c387c38, 0x8a388a38, 0x94398a38, 0x76398436, 0xb2398436, 0xb239b239, 0x023a023a, 0xf039083a, 
    0xf039f039, 0xf039f039, 0xf039f039, 0x023a023a, 0x023a023a, 0xf039023a, 0xf039f039, 0xea39023a, 0xbc34bc34, 0xbc34bc34, 0x023a023a, 0x083a023a, 
    0x7a37fe36, 0x18381838, 0x8436cc39, 0xae37fe36, 0xb2397a37, 0x18381838, 0x1838b837, 0xcc391838, 0x8a384438, 0xde348436, 0x84361838, 0x88373a38, 
    0x88377639, 0xc6357a37, 0x18381838, 0xb837b837, 0xfe364235, 0xc635ae37, 0x18387a37, 0xcc391838, 0xcc344438, 0xde348a38, 0x8c355c37, 0x66388837, 
    0x3c357639, 0x96358c35, 0x94397639, 0x94399439, 0x76398436, 0xc634c634, 0x1838c634, 0xfe363a38, 0x7a375c37, 0x58398c35, 0xcc347639, 0x76398436, 
    0xde341838, 0x18383c35, 0x5c37fe36, 0x5c37fe36, 0x8c357a37, 0x8c358c35, 0x3c35de34, 0x8837cc39, 0x66388837, 0x76394235, 0x76394235, 0x76394235, 
    0x5c37fe36, 0x5c37fe36, 0x5c37fe36, 0x5c37fe36, 0x5c37fe36, 0x5c37fe36, 0x5c37fe36, 0x5c37fe36, 0x5c37fe36, 0x5c37fe36, 0x5c37fe36, 0x5c37fe36, 
    0x8c357a37, 0x8c357a37, 0x8c357a37, 0x8c357a37, 0x8c357a37, 0x8c357a37, 0x8c357a37, 0x8c357a37, 0x18381838, 0x8837cc39, 0x8837cc39, 0x8837cc39, 
    0x8837cc39, 0x8837cc39, 0x8837cc39, 0x8837cc39, 0x84368837, 0x84367639, 0x84367639, 0x8a387639, 0x9635c635, 0xa0353a38, 0xb837c635, 0x18388436, 
    0xfe363a38, 0x7a375c37, 0xcc391838, 0x7c388837, 0x6638ae37, 0xcc39cc39, 0x3a381838, 0xb837b837, 0x18380238, 0x18383a38, 0xcc393a38, 0x66384438, 
    0x8a387c38, 0x76395839, 0x76395839, 0xb2399439, 0xf039cc39, 0xf039023a, 0x083aea39, 0xf039ea39, 0x083a023a, 0xa4000200, 0x04000400, 0x06000000, 
    0x01000600, 0x0c000b00, 0x13000200, 0x04001300, 0x2a002500, 0x2c000500, 0x0b002d00, 0x36002f00, 0x38000d00, 0x15003800, 0x3f003a00, 0x45001600, 
    0x1c004600, 0x4a004900, 0x4c001e00, 0x20004c00, 0x4f004f00, 0x51002100, 0x22005400, 0x56005600, 0x58002600, 0x27005800, 0x5d005a00, 0x5f002800, 
    0x2c005f00, 0x8a008a00, 0x96002d00, 0x2e009600, 0x9d009d00, 0xb1002f00, 0x3000b500, 0xb900b700, 0xbb003500, 0x3800bb00, 0xbe00bd00, 0xc0003900, 
    0x3b00c100, 0xc500c300, 0xc7003d00, 0x4000ce00, 0xd200d200, 0xd4004800, 0x4900de00, 0xef00e000, 0xf1005400, 0x6400f100, 0xf800f600, 0xfb006500, 
    0x6800fc00, 0x0001fe00, 0x03016a00, 0x6d000501, 0x0a010a01, 0x0d017000, 0x71000d01, 0x1a011801, 0x22017200, 0x75002201, 0x30012e01, 0x33017600, 
    0x79003501, 0x37013701, 0x39017c00, 0x7d003901, 0x3b013b01, 0x43017e00, 0x7f004401, 0x54015401, 0x56018100, 0x82005601, 0x58015801, 0x5c018300, 
    0x84005e01, 0x85018401, 0x87018700, 0x89008901, 0xd801d801, 0xda018c00, 0x8d00db01, 0xdd01dd01, 0xe0018f00, 0x9000e101, 0xed01eb01, 0xff019200, 
    0x9500ff01, 0x10020e02, 0x30029600, 0x99003002, 0x33023302, 0x45029a00, 0x9b004502, 0x48024702, 0x7a029c00, 0x9e007b02, 0x7d027d02, 0x7f02a000, 
    0xa1009402, 0xa0029902, 0xa202b700, 0xbf00a502, 0xaf02aa02, 0xb402c300, 0xc900bc02, 0xbe02be02, 0xc002d200, 0xd300c002, 0xc202c202, 0xc402d400, 
    0xd500c402, 0xcf02c602, 0xd802d600, 0xe000da02, 0xdc02dc02, 0xde02e300, 0xe400de02, 0xe002e002, 0xe202e500, 0xe600e202, 0xe702e702, 0xe902e700, 
    0xe800e902, 0xeb02eb02, 0xed02e900, 0xea00ed02, 0xef02ef02, 0xf102eb00, 0xec00fd02, 0xff02ff02, 0x0103f900, 0xfa000103, 0x03030303, 0x0e03fb00, 
    0xfc000e03, 0x10031003, 0x1203fd00, 0xfe001203, 0x20032003, 0x2203ff00, 0x00012503, 0x27032703, 0x29030401, 0x05012903, 0x38032f03, 0x43030601, 
    0x10014703, 0x4f034d03, 0x54031501, 0x18015403, 0x69036503, 0x6d031901, 0x1e016f03, 0x78037803, 0x86032101, 0x22018b03, 0x9d038e03, 0xa0032801, 
    0x3801a003, 0xa403a403, 0xa6033901, 0x3a01a603, 0xaa03aa03, 0xad033b01, 0x3c01ae03, 0xb103b003, 0xb3033e01, 0x4001b903, 0xbd03bb03, 0xbf034701, 
    0x4a01c403, 0xc703c603, 0xc9035001, 0x5201cc03, 0xd303d203, 0xd5035601, 0x5801d503, 0xd703d703, 0xd9035901, 0x5a01dc03, 0xe403df03, 0xe6035e01, 
    0x6401e603, 0xeb03ea03, 0xf0036501, 0x6701f003, 0xfb03f203, 0xfe036801, 0x7201ff03, 0x04040104, 0x0b047401, 0x78010c04, 0x10041004, 0x12047a01, 
    0x7b011804, 0x46041e04, 0x48048201, 0xab014804, 0x57044a04, 0x5f04ac01, 0xba015f04, 0x75047004, 0x7704bb01, 0xc1017704, 0x7c047b04, 0x7f04c201, 
    0xc4017f04, 0x82048104, 0x8404c501, 0xc7018404, 0x86048604, 0x9704c801, 0xc9019b04, 0x9d049d04, 0x9f04ce01, 0xcf01a004, 0xa204a204, 0xa604d101, 
    0xd201a804, 0xaa04aa04, 0xac04d501, 0xd601ae04, 0xb004b004, 0xb204d901, 0xda01b204, 0xba04b404, 0xbc04db01, 0xe201bc04, 0xbf04bf04, 0xc204e301, 
    0xe401c604, 0xc804c804, 0xca04e901, 0xea01cb04, 0xcf04cf04, 0xd204ec01, 0xed01d204, 0xd804d804, 0xdd04ee01, 0xef01dd04, 0xe804e804, 0xea04f001, 
    0xf101ea04, 0xf104f104, 0xf504f201, 0xf301f504, 0x38000b00, 0xd200d8ff, 0xd600d8ff, 0x3901d8ff, 0x4501d8ff, 0x0e03d8ff, 0x1003d8ff, 0x1203d8ff, 
    0xc103d8ff, 0x7704d8ff, 0xbf04d8ff, 0x1800d8ff, 0x14003a00, 0x12003b00, 0x16003d00, 0x14001901, 0x16009902, 0x12002003, 0x16002203, 0x16002403, 
    0x16008b03, 0x16009a03, 0x16009d03, 0x1200d303, 0x1200d503, 0x1200d703, 0x1600d903, 0x1400ea03, 0x1600f203, 0x16007004, 0x16007204, 0x16007404, 
    0x16008604, 0x1400c204, 0x1400c404, 0x1200c604, 0x13000100, 0xe70020ff, 0x16ff1000, 0x16ff1200, 0x56ff2500, 0xf8fe2e00, 0x14003800, 0xdeff4500, 
    0xebff4700, 0xebff4800, 0xebff4900, 0xebff4b00, 0xebff5300, 0xebff5500, 0xe6ff5600, 0xeaff5900, 0xe8ff5a00, 0xe8ff5d00, 0xebff9400, 0xebff9900, 
    0xeaff9b00, 0x56ffb200, 0x56ffb400, 0xebffbb00, 0xe8ffbd00, 0xebffc800, 0xebffc900, 0xeaffcb00, 0x1400d200, 0x1400d600, 0xebfff700, 0xebff0301, 
    0x56ff0d01, 0xebff1801, 0xe8ff1a01, 0xebff1e01, 0xebff2201, 0x14003901, 0xebff4201, 0x14004501, 0xebff6001, 0xebff6101, 0xebff6b01, 0x16ff8601, 
    0x16ff8a01, 0x16ff8e01, 0x16ff8f01, 0xc0ffeb01, 0xc0ffed01, 0xc0ff3302, 0x56ff7f02, 0x56ff8002, 0x56ff8102, 0x56ff8202, 0x56ff8302, 0x56ff8402, 
    0x56ff8502, 0xdeff9a02, 0xdeff9b02, 0xdeff9c02, 0xdeff9d02, 0xdeff9e02, 0xdeff9f02, 0xdeffa002, 0xebffa102, 0xebffa202, 0xebffa302, 0xebffa402, 
    0xebffa502, 0xebffab02, 0xebffac02, 0xebffad02, 0xebffae02, 0xebffaf02, 0xeaffb002, 0xeaffb102, 0xeaffb202, 0xeaffb302, 0xe8ffb402, 0xe8ffb502, 
    0x56ffb602, 0xdeffb702, 0x56ffb802, 0xdeffb902, 0x56ffba02, 0xdeffbb02, 0xebffbd02, 0xebffbf02, 0xebffc102, 0xebffc302, 0xebffc502, 0xebffc702, 
    0xebffc902, 0xebffcb02, 0xebffcd02, 0xebffcf02, 0xebffd102, 0xebffd302, 0xebffd502, 0xebffd702, 0xf8fee502, 0xebfff902, 0xebfffb02, 0xebfffd02, 
    0x14000e03, 0x14001003, 0x14001203, 0xeaff1503, 0xeaff1703, 0xeaff1903, 0xeaff1b03, 0xeaff1d03, 0xeaff1f03, 0xe8ff2303, 0xc0ff3203, 0xc0ff3303, 
    0xc0ff3403, 0xc0ff3503, 0xc0ff3603, 0xc0ff3703, 0xc0ff3803, 0xc0ff4d03, 0xc0ff4e03, 0xc0ff4f03, 0x56ff8603, 0x56ff8e03, 0xebff9e03, 0xeaffa203, 
    0xebffa403, 0xe8ffa603, 0xeaffa903, 0xebffaa03, 0xeaffab03, 0xf8feb203, 0x56ffb603, 0x1400c103, 0xdeffc303, 0xebffc403, 0xebffc603, 0xebffc803, 
    0xe8ffc903, 0xebffcb03, 0xe8ffd203, 0xe8ffda03, 0x56ffe203, 0xdeffe303, 0xebffe603, 0xe8ffeb03, 0xebffec03, 0xebfff103, 0xe8fff303, 0x56fff803, 
    0xdefff903, 0x56fffa03, 0xdefffb03, 0xebffff03, 0xebff0104, 0xebff0204, 0xebff0c04, 0xebff0e04, 0xebff1004, 0xe8ff1404, 0xe8ff1604, 0xe8ff1804, 
    0xebff1d04, 0x56ff1e04, 0xdeff1f04, 0x56ff2004, 0xdeff2104, 0x56ff2204, 0xdeff2304, 0x56ff2404, 0xdeff2504, 0x56ff2604, 0xdeff2704, 0x56ff2804, 
    0xdeff2904, 0x56ff2a04, 0xdeff2b04, 0x56ff2c04, 0xdeff2d04, 0x56ff2e04, 0xdeff2f04, 0x56ff3004, 0xdeff3104, 0x56ff3204, 0xdeff3304, 0x56ff3404, 
    0xdeff3504, 0xebff3704, 0xebff3904, 0xebff3b04, 0xebff3d04, 0xebff3f04, 0xebff4104, 0xebff4304, 0xebff4504, 0xebff4b04, 0xebff4d04, 0xebff4f04, 
    0xebff5104, 0xebff5304, 0xebff5504, 0xebff5704, 0xebff5904, 0xebff5b04, 0xebff5d04, 0xebff5f04, 0xebff6104, 0xeaff6304, 0xeaff6504, 0xeaff6704, 
    0xeaff6904, 0xeaff6b04, 0xeaff6d04, 0xeaff6f04, 0xe8ff7104, 0xe8ff7304, 0xe8ff7504, 0x14007704, 0x56ff9904, 0xdeff9a04, 0xebff9c04, 0xebffa004, 
    0xeaffa404, 0xebffa904, 0xebffab04, 0x1400bf04, 0xe8ffc304, 0xe8ffc504, 0xc0ffcb04, 0xc0ffd204, 0xc0ffea04, 0x38003300, 0x3a00d5ff, 0x3b00e4ff, 
    0x3d00ecff, 0xd200ddff, 0xd600d5ff, 0x1901d5ff, 0x3901e4ff, 0x4501d5ff, 0xeb01d5ff, 0xed010e00, 0x33020e00, 0x99020e00, 0x0e03ddff, 0x1003d5ff, 
    0x1203d5ff, 0x2003d5ff, 0x2203ecff, 0x2403ddff, 0x3203ddff, 0x33030e00, 0x34030e00, 0x35030e00, 0x36030e00, 0x37030e00, 0x38030e00, 0x4d030e00, 
    0x4e030e00, 0x4f030e00, 0x8b030e00, 0x9a03ddff, 0x9d03ddff, 0xc103ddff, 0xd303d5ff, 0xd503ecff, 0xd703ecff, 0xd903ecff, 0xea03ddff, 0xf203e4ff, 
    0x7004ddff, 0x7204ddff, 0x7404ddff, 0x7704ddff, 0x8604d5ff, 0xbf04ddff, 0xc204d5ff, 0xc404e4ff, 0xc604e4ff, 0xcb04ecff, 0xd2040e00, 0xea040e00, 
    0x1d000e00, 0xb0ff3800, 0xedff3a00, 0xd0ff3d00, 0xb0ffd200, 0xb0ffd600, 0xedff1901, 0xb0ff3901, 0xb0ff4501, 0xd0ff9902, 0xb0ff0e03, 0xb0ff1003, 
    0xb0ff1203, 0xd0ff2203, 0xd0ff2403, 0xd0ff8b03, 0xd0ff9a03, 0xd0ff9d03, 0xb0ffc103, 0xd0ffd903, 0xedffea03, 0xd0fff203, 0xd0ff7004, 0xd0ff7204, 
    0xd0ff7404, 0xb0ff7704, 0xd0ff8604, 0xb0ffbf04, 0xedffc204, 0xedffc404, 0x2e001100, 0x3900eeff, 0x9502eeff, 0x9602eeff, 0x9702eeff, 0x9802eeff, 
    0xe502eeff, 0x1403eeff, 0x1603eeff, 0x1803eeff, 0x1a03eeff, 0x1c03eeff, 0x1e03eeff, 0xb203eeff, 0x6204eeff, 0x6404eeff, 0xc104eeff, 0x4d00eeff, 
    0x10000600, 0x10000b00, 0x14000d00, 0x12004100, 0xe8ff4700, 0xe8ff4800, 0xe8ff4900, 0xe8ff4b00, 0xe8ff5500, 0x13006100, 0xe8ff9400, 0xe8ff9900, 
    0xe8ffbb00, 0xe8ffc800, 0xe8ffc900, 0xe8fff700, 0xe8ff0301, 0xe8ff1e01, 0xe8ff2201, 0xe8ff4201, 0xe8ff6001, 0xe8ff6101, 0xe8ff6b01, 0x10008401, 
    0x10008501, 0x10008701, 0x10008801, 0x10008901, 0xe8ffa102, 0xe8ffa202, 0xe8ffa302, 0xe8ffa402, 0xe8ffa502, 0xe8ffbd02, 0xe8ffbf02, 0xe8ffc102, 
    0xe8ffc302, 0xe8ffc502, 0xe8ffc702, 0xe8ffc902, 0xe8ffcb02, 0xe8ffcd02, 0xe8ffcf02, 0xe8ffd102, 0xe8ffd302, 0xe8ffd502, 0xe8ffd702, 0xe8ff9e03, 
    0xe8ffc403, 0xe8ffc803, 0xe8ffcb03, 0x1000db03, 0x1000dc03, 0x1000df03, 0xe8ffe603, 0xe8ffec03, 0xe8fff103, 0xe8ffff03, 0xe8ff0104, 0xe8ff0204, 
    0xe8ff0e04, 0xe8ff1d04, 0xe8ff3704, 0xe8ff3904, 0xe8ff3b04, 0xe8ff3d04, 0xe8ff3f04, 0xe8ff4104, 0xe8ff4304, 0xe8ff4504, 0xe8ff5904, 0xe8ff5b04, 
    0xe8ff5d04, 0xe8ff6104, 0xe8ff9c04, 0xe8ffa904, 0xe8ffab04, 0x47004000, 0x4800ecff, 0x4900ecff, 0x4b00ecff, 0x5500ecff, 0x9400ecff, 0x9900ecff, 
    0xbb00ecff, 0xc800ecff, 0xc900ecff, 0xf700ecff, 0x0301ecff, 0x1e01ecff, 0x2201ecff, 0x4201ecff, 0x6001ecff, 0x6101ecff, 0x6b01ecff, 0xa102ecff, 
    0xa202ecff, 0xa302ecff, 0xa402ecff, 0xa502ecff, 0xbd02ecff, 0xbf02ecff, 0xc102ecff, 0xc302ecff, 0xc502ecff, 0xc702ecff, 0xc902ecff, 0xcb02ecff, 
    0xcd02ecff, 0xcf02ecff, 0xd102ecff, 0xd302ecff, 0xd502ecff, 0xd702ecff, 0x9e03ecff, 0xc403ecff, 0xc803ecff, 0xcb03ecff, 0xe603ecff, 0xec03ecff, 
    0xf103ecff, 0xff03ecff, 0x0104ecff, 0x0204ecff, 0x0e04ecff, 0x1d04ecff, 0x3704ecff, 0x3904ecff, 0x3b04ecff, 0x3d04ecff, 0x3f04ecff, 0x4104ecff, 
    0x4304ecff, 0x4504ecff, 0x5904ecff, 0x5b04ecff, 0x5d04ecff, 0x6104ecff, 0x9c04ecff, 0xa904ecff, 0xab04ecff, 0x1800ecff, 0xecff5300, 0xecff1801, 
    0xecffab02, 0xecffac02, 0xecffad02, 0xecffae02, 0xecffaf02, 0xecfff902, 0xecfffb02, 0xecfffd02, 0xecffa403, 0xecffaa03, 0xecffc603, 0xecff0c04, 
    0xecff1004, 0xecff4b04, 0xecff4d04, 0xecff4f04, 0xecff5104, 0xecff5304, 0xecff5504, 0xecff5704, 0xecff5f04, 0xecffa004, 0x10000600, 0x120084ff, 
    0x860184ff, 0x8a0184ff, 0x8e0184ff, 0x8f0184ff, 0x110084ff, 0xecff2e00, 0xecff3900, 0xecff9502, 0xecff9602, 0xecff9702, 0xecff9802, 0xecffe502, 
    0xecff1403, 0xecff1603, 0xecff1803, 0xecff1a03, 0xecff1c03, 0xecff1e03, 0xecffb203, 0xecff6204, 0xecff6404, 0xecffc104, 0x06002000, 0x0b00f2ff, 
    0x5a00f2ff, 0x5d00f3ff, 0xbd00f3ff, 0xf600f3ff, 0x1a01f5ff, 0x8401f3ff, 0x8501f2ff, 0x8701f2ff, 0x8801f2ff, 0x8901f2ff, 0xb402f2ff, 0xb502f3ff, 
    0x2303f3ff, 0xa603f3ff, 0xc903f3ff, 0xd203f3ff, 0xda03f3ff, 0xdb03f3ff, 0xdc03f2ff, 0xdf03f2ff, 0xeb03f2ff, 0xf303f3ff, 0x1404f3ff, 0x1604f3ff, 
    0x1804f3ff, 0x7104f3ff, 0x7304f3ff, 0x7504f3ff, 0xc304f3ff, 0xc504f3ff, 0x3f00f3ff, 0xf3ff2700, 0xf3ff2b00, 0xf3ff3300, 0xf3ff3500, 0xf3ff8300, 
    0xf3ff9300, 0xf3ff9800, 0xf3ffb300, 0x0d00c400, 0xf3ffd300, 0xf3ff0801, 0xf3ff1701, 0xf3ff1b01, 0xf3ff1d01, 0xf3ff1f01, 0xf3ff2101, 0xf3ff4101, 
    0xf3ff6a01, 0xf3ff4502, 0xf3ff4602, 0xf3ff4802, 0xf3ff4902, 0xf3ff8602, 0xf3ff9002, 0xf3ff9102, 0xf3ff9202, 0xf3ff9302, 0xf3ff9402, 0xf3ffbc02, 
    0xf3ffbe02, 0xf3ffc002, 0xf3ffc202, 0xf3ffd002, 0xf3ffd202, 0xf3ffd402, 0xf3ffd602, 0xf3fff802, 0xf3fffa02, 0xf3fffc02, 0xf3ff2d03, 0xf3ff8a03, 
    0xf3ff9703, 0xf3ffbd03, 0xf3ffc003, 0xf3ffed03, 0xf3fff003, 0xf3ff0b04, 0xf3ff0d04, 0xf3ff0f04, 0xf3ff4a04, 0xf3ff4c04, 0xf3ff4e04, 0xf3ff5004, 
    0xf3ff5204, 0xf3ff5404, 0xf3ff5604, 0xf3ff5804, 0xf3ff5a04, 0xf3ff5c04, 0xf3ff5e04, 0xf3ff6004, 0xf3ff9f04, 0xf3ffb804, 0x27004000, 0x2b00e6ff, 
    0x3300e6ff, 0x3500e6ff, 0x8300e6ff, 0x9300e6ff, 0x9800e6ff, 0xb300e6ff, 0xb800e6ff, 0xc400c2ff, 0xd3001000, 0x0801e6ff, 0x1701e6ff, 0x1b01e6ff, 
    0x1d01e6ff, 0x1f01e6ff, 0x2101e6ff, 0x4101e6ff, 0x6a01e6ff, 0x4502e6ff, 0x4602e6ff, 0x4802e6ff, 0x4902e6ff, 0x8602e6ff, 0x9002e6ff, 0x9102e6ff, 
    0x9202e6ff, 0x9302e6ff, 0x9402e6ff, 0xbc02e6ff, 0xbe02e6ff, 0xc002e6ff, 0xc202e6ff, 0xd002e6ff, 0xd202e6ff, 0xd402e6ff, 0xd602e6ff, 0xf802e6ff, 
    0xfa02e6ff, 0xfc02e6ff, 0x2d03e6ff, 0x8a03e6ff, 0x9703e6ff, 0xbd03e6ff, 0xc003e6ff, 0xed03e6ff, 0xf003e6ff, 0x0b04e6ff, 0x0d04e6ff, 0x0f04e6ff, 
    0x4a04e6ff, 0x4c04e6ff, 0x4e04e6ff, 0x5004e6ff, 0x5204e6ff, 0x5404e6ff, 0x5604e6ff, 0x5804e6ff, 0x5a04e6ff, 0x5c04e6ff, 0x5e04e6ff, 0x6004e6ff, 
    0x9f04e6ff, 0xb804e6ff, 0x3800e6ff, 0xe4ff2500, 0xd2ff3c00, 0xd3ff3d00, 0xe4ffb200, 0xe4ffb400, 0xe2ffc400, 0xd2ffda00, 0xe4ff0d01, 0xd2ff3301, 
    0xd2ff4301, 0xd2ff5d01, 0xe4ff7f02, 0xe4ff8002, 0xe4ff8102, 0xe4ff8202, 0xe4ff8302, 0xe4ff8402, 0xe4ff8502, 0xd3ff9902, 0xe4ffb602, 0xe4ffb802, 
    0xe4ffba02, 0xd3ff2203, 0xd3ff2403, 0xe4ff8603, 0xd3ff8b03, 0xe4ff8e03, 0xd3ff9a03, 0xd2ff9b03, 0xd3ff9d03, 0xe4ffb603, 0xd2ffc203, 0xd3ffd903, 
    0xe4ffe203, 0xd3fff203, 0xd2fff503, 0xe4fff803, 0xe4fffa03, 0xd2ff0304, 0xe4ff1e04, 0xe4ff2004, 0xe4ff2204, 0xe4ff2404, 0xe4ff2604, 0xe4ff2804, 
    0xe4ff2a04, 0xe4ff2c04, 0xe4ff2e04, 0xe4ff3004, 0xe4ff3204, 0xe4ff3404, 0xd3ff7004, 0xd3ff7204, 0xd3ff7404, 0xd3ff8604, 0xe4ff9904, 0x10002800, 
    0x12001eff, 0x25001eff, 0xb200cdff, 0xb400cdff, 0xc700cdff, 0x0d01f2ff, 0x8601cdff, 0x8a011eff, 0x8e011eff, 0x8f011eff, 0x7f021eff, 0x8002cdff, 
    0x8102cdff, 0x8202cdff, 0x8302cdff, 0x8402cdff, 0x8502cdff, 0xb602cdff, 0xb802cdff, 0xba02cdff, 0x8603cdff, 0x8e03cdff, 0xb603cdff, 0xe203cdff, 
    0xf803cdff, 0xfa03cdff, 0x1e04cdff, 0x2004cdff, 0x2204cdff, 0x2404cdff, 0x2604cdff, 0x2804cdff, 0x2a04cdff, 0x2c04cdff, 0x2e04cdff, 0x3004cdff, 
    0x3204cdff, 0x3404cdff, 0x9904cdff, 0x0100cdff, 0x0e00c400, 0xca000200, 0xf600edff, 0xba00c0ff, 0xdcff4700, 0xdcff4800, 0xdcff4900, 0xdcff4b00, 
    0xf3ff5100, 0xf3ff5200, 0xd6ff5300, 0xf3ff5400, 0xdcff5500, 0xddff5900, 0xe1ff5a00, 0xe1ff5d00, 0xdcff9400, 0xdcff9900, 0xddff9b00, 0xdcffbb00, 
    0xe1ffbd00, 0xeeffbe00, 0xe6ffbf00, 0xf3ffc100, 0xebffc200, 0xe9ffc300, 0xf0ffc500, 0xe7ffc600, 0xdcffc800, 0xdcffc900, 0xe3ffca00, 0xddffcb00, 
    0xceffcc00, 0xd4ffcd00, 0xdbffce00, 0xf3ffec00, 0xf3fff000, 0xf3fff100, 0xf3fff300, 0xf3fff400, 0xf3fff500, 0xdcfff700, 0xf3fff800, 0xf3fffa00, 
    0xf3fffb00, 0xf3fffe00, 0xf3ff0001, 0xdcff0301, 0xf3ff0501, 0xd6ff1801, 0xe1ff1a01, 0xdcff1e01, 0xdcff2201, 0xf3ff2b01, 0xf3ff3601, 0xf3ff3c01, 
    0xf3ff3e01, 0xdcff4201, 0xf3ff5301, 0xf3ff5501, 0xf3ff5701, 0xf3ff5c01, 0xdcff6001, 0xdcff6101, 0xdcff6b01, 0xdcffa102, 0xdcffa202, 0xdcffa302, 
    0xdcffa402, 0xdcffa502, 0xf3ffaa02, 0xd6ffab02, 0xd6ffac02, 0xd6ffad02, 0xd6ffae02, 0xd6ffaf02, 0xddffb002, 0xddffb102, 0xddffb202, 0xddffb302, 
    0xe1ffb402, 0xe1ffb502, 0xdcffbd02, 0xdcffbf02, 0xdcffc102, 0xdcffc302, 0xdcffc502, 0xdcffc702, 0xdcffc902, 0xdcffcb02, 0xdcffcd02, 0xdcffcf02, 
    0xdcffd102, 0xdcffd302, 0xdcffd502, 0xdcffd702, 0xf3fff202, 0xf3fff402, 0xf3fff602, 0xf3fff702, 0xd6fff902, 0xd6fffb02, 0xd6fffd02, 0xddff1503, 
    0xddff1703, 0xddff1903, 0xddff1b03, 0xddff1d03, 0xddff1f03, 0xe1ff2303, 0xdcff9e03, 0xf3ffa003, 0xddffa203, 0xd6ffa403, 0xe1ffa603, 0xddffa903, 
    0xd6ffaa03, 0xddffab03, 0xdcffc403, 0xf3ffc503, 0xd6ffc603, 0xf3ffc703, 0xdcffc803, 0xe1ffc903, 0xdcffcb03, 0xf3ffcc03, 0xf3ffd103, 0xe1ffd203, 
    0xe1ffda03, 0xf3ffe103, 0xdcffe603, 0xf3ffe703, 0xe1ffeb03, 0xdcffec03, 0xdcfff103, 0xe1fff303, 0xdcffff03, 0xdcff0104, 0xdcff0204, 0xf3ff0804, 
    0xf3ff0a04, 0xd6ff0c04, 0xdcff0e04, 0xd6ff1004, 0xe1ff1404, 0xe1ff1604, 0xe1ff1804, 0xf3ff1c04, 0xdcff1d04, 0xdcff3704, 0xdcff3904, 0xdcff3b04, 
    0xdcff3d04, 0xdcff3f04, 0xdcff4104, 0xdcff4304, 0xdcff4504, 0xd6ff4b04, 0xd6ff4d04, 0xd6ff4f04, 0xd6ff5104, 0xd6ff5304, 0xd6ff5504, 0xd6ff5704, 
    0xdcff5904, 0xdcff5b04, 0xdcff5d04, 0xd6ff5f04, 0xdcff6104, 0xddff6304, 0xddff6504, 0xddff6704, 0xddff6904, 0xddff6b04, 0xddff6d04, 0xddff6f04, 
    0xe1ff7104, 0xe1ff7304, 0xe1ff7504, 0xf3ff7c04, 0xf3ff9804, 0xdcff9c04, 0xd6ffa004, 0xddffa404, 0xdcffa904, 0xdcffab04, 0xf3ffb504, 0xf3ffb704, 
    0xe1ffc304, 0xe1ffc504, 0x06007c00, 0x0b00daff, 0x4700daff, 0x4800f0ff, 0x4900f0ff, 0x4b00f0ff, 0x5500f0ff, 0x5900f0ff, 0x5a00efff, 0x5d00dcff, 
    0x9400dcff, 0x9900f0ff, 0x9b00f0ff, 0xbb00efff, 0xbd00f0ff, 0xc200dcff, 0xc400ecff, 0xc6000f00, 0xc800eaff, 0xc900f0ff, 0xca00f0ff, 0xcb00c4ff, 
    0xcc00efff, 0xf700e7ff, 0x0301f0ff, 0x1a01f0ff, 0x1e01dcff, 0x2201f0ff, 0x4201f0ff, 0x6001f0ff, 0x6101f0ff, 0x6b01f0ff, 0x8401f0ff, 0x8501daff, 
    0x8701daff, 0x8801daff, 0x8901daff, 0xa102daff, 0xa202f0ff, 0xa302f0ff, 0xa402f0ff, 0xa502f0ff, 0xb002f0ff, 0xb102efff, 0xb202efff, 0xb302efff, 
    0xb402efff, 0xb502dcff, 0xbd02dcff, 0xbf02f0ff, 0xc102f0ff, 0xc302f0ff, 0xc502f0ff, 0xc702f0ff, 0xc902f0ff, 0xcb02f0ff, 0xcd02f0ff, 0xcf02f0ff, 
    0xd102f0ff, 0xd302f0ff, 0xd502f0ff, 0xd702f0ff, 0x1503f0ff, 0x1703efff, 0x1903efff, 0x1b03efff, 0x1d03efff, 0x1f03efff, 0x2303efff, 0x9e03dcff, 
    0xa203f0ff, 0xa603efff, 0xa903dcff, 0xab03efff, 0xc403efff, 0xc803f0ff, 0xc903f0ff, 0xcb03dcff, 0xd203f0ff, 0xda03dcff, 0xdb03dcff, 0xdc03daff, 
    0xdf03daff, 0xe603daff, 0xeb03f0ff, 0xec03dcff, 0xf103f0ff, 0xf303f0ff, 0xff03dcff, 0x0104f0ff, 0x0204f0ff, 0x0e04f0ff, 0x1404f0ff, 0x1604dcff, 
    0x1804dcff, 0x1d04dcff, 0x3704f0ff, 0x3904f0ff, 0x3b04f0ff, 0x3d04f0ff, 0x3f04f0ff, 0x4104f0ff, 0x4304f0ff, 0x4504f0ff, 0x5904f0ff, 0x5b04f0ff, 
    0x5d04f0ff, 0x6104f0ff, 0x6304f0ff, 0x6504efff, 0x6704efff, 0x6904efff, 0x6b04efff, 0x6d04efff, 0x6f04efff, 0x7104efff, 0x7304dcff, 0x7504dcff, 
    0x9c04dcff, 0xa404f0ff, 0xa904efff, 0xab04f0ff, 0xc304f0ff, 0xc504dcff, 0x3c00dcff, 0xa0ff0600, 0xa0ff0b00, 0xe9ff4a00, 0xf1ff5900, 0xc5ff5a00, 
    0xc5ff5d00, 0xf1ff9b00, 0xc5ffbd00, 0xeeffc200, 0x1000c400, 0xecffc600, 0x20ffca00, 0xf1ffcb00, 0xc5ff1a01, 0xa0ff8401, 0xa0ff8501, 0xa0ff8701, 
    0xa0ff8801, 0xa0ff8901, 0xf1ffb002, 0xf1ffb102, 0xf1ffb202, 0xf1ffb302, 0xc5ffb402, 0xc5ffb502, 0xf1ff1503, 0xf1ff1703, 0xf1ff1903, 0xf1ff1b03, 
    0xf1ff1d03, 0xf1ff1f03, 0xc5ff2303, 0xf1ffa203, 0xc5ffa603, 0xf1ffa903, 0xf1ffab03, 0xc5ffc903, 0xc5ffd203, 0xc5ffda03, 0xa0ffdb03, 0xa0ffdc03, 
    0xa0ffdf03, 0xc5ffeb03, 0xc5fff303, 0xc5ff1404, 0xc5ff1604, 0xc5ff1804, 0xf1ff6304, 0xf1ff6504, 0xf1ff6704, 0xf1ff6904, 0xf1ff6b04, 0xf1ff6d04, 
    0xf1ff6f04, 0xc5ff7104, 0xc5ff7304, 0xc5ff7504, 0xf1ffa404, 0xc5ffc304, 0xc5ffc504, 0x47004100, 0x4800e7ff, 0x4900e7ff, 0x4b00e7ff, 0x5500e7ff, 
    0x9400e7ff, 0x9900e7ff, 0xbb00e7ff, 0xc400e7ff, 0xc8000f00, 0xc900e7ff, 0xf700e7ff, 0x0301e7ff, 0x1e01e7ff, 0x2201e7ff, 0x4201e7ff, 0x6001e7ff, 
    0x6101e7ff, 0x6b01e7ff, 0xa102e7ff, 0xa202e7ff, 0xa302e7ff, 0xa402e7ff, 0xa502e7ff, 0xbd02e7ff, 0xbf02e7ff, 0xc102e7ff, 0xc302e7ff, 0xc502e7ff, 
    0xc702e7ff, 0xc902e7ff, 0xcb02e7ff, 0xcd02e7ff, 0xcf02e7ff, 0xd102e7ff, 0xd302e7ff, 0xd502e7ff, 0xd702e7ff, 0x9e03e7ff, 0xc403e7ff, 0xc803e7ff, 
    0xcb03e7ff, 0xe603e7ff, 0xec03e7ff, 0xf103e7ff, 0xff03e7ff, 0x0104e7ff, 0x0204e7ff, 0x0e04e7ff, 0x1d04e7ff, 0x3704e7ff, 0x3904e7ff, 0x3b04e7ff, 
    0x3d04e7ff, 0x3f04e7ff, 0x4104e7ff, 0x4304e7ff, 0x4504e7ff, 0x5904e7ff, 0x5b04e7ff, 0x5d04e7ff, 0x6104e7ff, 0x9c04e7ff, 0xa904e7ff, 0xab04e7ff, 
    0x0500e7ff, 0xeaffca00, 0xeeffed00, 0xabfff600, 0xecff3a01, 0xecff6d01, 0xf6000100, 0x0100d5ff, 0x0b00ca00, 0x0600be00, 0x0b000c00, 0x47000c00, 
    0x4800e8ff, 0x4900e8ff, 0x4a00e8ff, 0x4b000c00, 0x5300e8ff, 0x5500eaff, 0x5a00e8ff, 0x5d000b00, 0x94000b00, 0x9900e8ff, 0xbb00e8ff, 0xbd00e8ff, 
    0xbe000b00, 0xc600edff, 0xc8000b00, 0xc900e8ff, 0xca00e8ff, 0xf7000c00, 0x0301e8ff, 0x1801e8ff, 0x1a01eaff, 0x1e010b00, 0x2201e8ff, 0x4201e8ff, 
    0x6001e8ff, 0x6101e8ff, 0x6b01e8ff, 0x8401e8ff, 0x85010c00, 0x87010c00, 0x88010c00, 0x89010c00, 0xd3010c00, 0xd6010d00, 0xd8010d00, 0xd9010e00, 
    0xdb01f5ff, 0xdd01ecff, 0xe501edff, 0xeb01ecff, 0xec01bfff, 0xed01edff, 0xf401bfff, 0xf5010e00, 0xf801edff, 0x10020e00, 0x11020e00, 0x1202edff, 
    0x14020d00, 0x1a020e00, 0x3102edff, 0x3302eeff, 0xa102bfff, 0xa202e8ff, 0xa302e8ff, 0xa402e8ff, 0xa502e8ff, 0xab02e8ff, 0xac02eaff, 0xad02eaff, 
    0xae02eaff, 0xaf02eaff, 0xb402eaff, 0xb5020b00, 0xbd020b00, 0xbf02e8ff, 0xc102e8ff, 0xc302e8ff, 0xc502e8ff, 0xc702e8ff, 0xc902e8ff, 0xcb02e8ff, 
    0xcd02e8ff, 0xcf02e8ff, 0xd102e8ff, 0xd302e8ff, 0xd502e8ff, 0xd702e8ff, 0xf902e8ff, 0xfb02eaff, 0xfd02eaff, 0x2303eaff, 0x32030b00, 0x3303bfff, 
    0x3403bfff, 0x3503bfff, 0x3603bfff, 0x3703bfff, 0x3803bfff, 0x3903bfff, 0x4303edff, 0x4403edff, 0x4503edff, 0x4603edff, 0x4703edff, 0x4c03edff, 
    0x4d030d00, 0x4e03bfff, 0x4f03bfff, 0x5003bfff, 0x5103edff, 0x5203edff, 0x5303edff, 0x5a03edff, 0x5b03edff, 0x5c03edff, 0x5d03edff, 0x6d03edff, 
    0x6e03edff, 0x6f03edff, 0x7303edff, 0x7403f5ff, 0x7503f5ff, 0x7603f5ff, 0x7803f5ff, 0x81030e00, 0x82030d00, 0x9e030d00, 0xa403e8ff, 0xa603eaff, 
    0xaa030b00, 0xc403eaff, 0xc603e8ff, 0xc803eaff, 0xc903e8ff, 0xcb030b00, 0xd203e8ff, 0xda030b00, 0xdb030b00, 0xdc030c00, 0xdf030c00, 0xe6030c00, 
    0xeb03e8ff, 0xec030b00, 0xf103e8ff, 0xf303e8ff, 0xff030b00, 0x0104e8ff, 0x0204e8ff, 0x0c04e8ff, 0x0e04eaff, 0x1004e8ff, 0x1404eaff, 0x16040b00, 
    0x18040b00, 0x1d040b00, 0x3704e8ff, 0x3904e8ff, 0x3b04e8ff, 0x3d04e8ff, 0x3f04e8ff, 0x4104e8ff, 0x4304e8ff, 0x4504e8ff, 0x4b04e8ff, 0x4d04eaff, 
    0x4f04eaff, 0x5104eaff, 0x5304eaff, 0x5504eaff, 0x5704eaff, 0x5904eaff, 0x5b04e8ff, 0x5d04e8ff, 0x5f04e8ff, 0x6104eaff, 0x7104e8ff, 0x73040b00, 
    0x75040b00, 0x9c040b00, 0xa004e8ff, 0xa904eaff, 0xab04e8ff, 0xc304e8ff, 0xc5040b00, 0xcb040b00, 0xcf04bfff, 0xd004edff, 0xd2040d00, 0xde04bfff, 
    0xe1040d00, 0xea040d00, 0xf104bfff, 0xf404edff, 0xf504edff, 0xf9040e00, 0xfa04edff, 0x01000d00, 0xd8fff600, 0x5c000e00, 0x5e00edff, 0xee00edff, 
    0xf600edff, 0x3401aaff, 0x4401edff, 0x5e01edff, 0x2603edff, 0x2803edff, 0x2a03edff, 0xca03edff, 0xf603edff, 0x0404edff, 0xc904edff, 0x0d00edff, 
    0xf2ff5c00, 0xf2ff5e00, 0xf2ffee00, 0xf2ff3401, 0xf2ff4401, 0xf2ff5e01, 0xf2ff2603, 0xf2ff2803, 0xf2ff2a03, 0xf2ffca03, 0xf2fff603, 0xf2ff0404, 
    0xf2ffc904, 0x5a002200, 0x5c00f4ff, 0x5d00f2ff, 0x5e00f4ff, 0xbd00f3ff, 0xee00f4ff, 0x1a01f2ff, 0x3401f4ff, 0x4401f2ff, 0x5e01f2ff, 0xb402f2ff, 
    0xb502f4ff, 0x2303f4ff, 0x2603f4ff, 0x2803f3ff, 0x2a03f3ff, 0xa603f3ff, 0xc903f4ff, 0xca03f4ff, 0xd203f2ff, 0xda03f4ff, 0xeb03f4ff, 0xf303f4ff, 
    0xf603f4ff, 0x0404f2ff, 0x1404f2ff, 0x1604f4ff, 0x1804f4ff, 0x7104f4ff, 0x7304f4ff, 0x7504f4ff, 0xc304f4ff, 0xc504f4ff, 0xc904f4ff, 0x8c00f3ff, 
    0xcaff0600, 0xcaff0b00, 0xd2ff3800, 0xd4ff3a00, 0xf4ff3c00, 0xd3ff3d00, 0xd1ff5100, 0xd1ff5200, 0xd1ff5400, 0xe6ff5a00, 0xefff5c00, 0xe6ff5d00, 
    0xe6ffbd00, 0xd1ffc100, 0xd2ffd200, 0xd2ffd600, 0xf4ffda00, 0xedffde00, 0xe1ffe100, 0xd4ffe600, 0xd1ffec00, 0xefffee00, 0xd1fff000, 0xd1fff100, 
    0xd1fff300, 0xd1fff400, 0xd1fff500, 0xc9fff600, 0xd1fff800, 0xd1fffa00, 0xd1fffb00, 0xd1fffe00, 0xd1ff0001, 0xd1ff0501, 0xe5ff0901, 0xd4ff1901, 
    0xe6ff1a01, 0xe3ff2001, 0xd1ff2b01, 0xf4ff3301, 0xefff3401, 0xd1ff3601, 0xd2ff3901, 0xc4ff3a01, 0xd1ff3c01, 0xd1ff3e01, 0xf4ff4301, 0xefff4401, 
    0xd2ff4501, 0xe1ff4701, 0xe1ff4901, 0xd1ff5301, 0xd1ff5501, 0xd1ff5701, 0xd1ff5c01, 0xf4ff5d01, 0xefff5e01, 0xd4ff6201, 0xf5ff6301, 0xe7ff6401, 
    0xd2ff6c01, 0xc9ff6d01, 0xcaff8401, 0xcaff8501, 0xcaff8701, 0xcaff8801, 0xcaff8901, 0xd3ff9902, 0xd1ffaa02, 0xe6ffb402, 0xe6ffb502, 0xd1fff202, 
    0xd1fff402, 0xd1fff602, 0xd1fff702, 0xd2ff0e03, 0xd2ff1003, 0xd2ff1203, 0xd3ff2203, 0xe6ff2303, 0xd3ff2403, 0xd3ff8b03, 0xd3ff9a03, 0xf4ff9b03, 
    0xd3ff9d03, 0xd1ffa003, 0xe6ffa603, 0xedffb503, 0xd2ffc103, 0xf4ffc203, 0xd1ffc503, 0xd1ffc703, 0xe6ffc903, 0xefffca03, 0xd1ffcc03, 0xd1ffd103, 
    0xe6ffd203, 0xd3ffd903, 0xe6ffda03, 0xcaffdb03, 0xcaffdc03, 0xcaffdf03, 0xd1ffe103, 0xd1ffe703, 0xd4ffea03, 0xe6ffeb03, 0xd3fff203, 0xe6fff303, 
    0xf4fff503, 0xeffff603, 0xf4ff0304, 0xefff0404, 0xd1ff0804, 0xd1ff0a04, 0xedff1304, 0xe6ff1404, 0xedff1504, 0xe6ff1604, 0xedff1704, 0xe6ff1804, 
    0xe1ff1904, 0xd1ff1c04, 0xd3ff7004, 0xe6ff7104, 0xd3ff7204, 0xe6ff7304, 0xd3ff7404, 0xe6ff7504, 0xd2ff7704, 0xe1ff7904, 0xd1ff7c04, 0xd3ff8604, 
    0xd1ff9804, 0xd1ffb504, 0xd1ffb704, 0xd2ffbf04, 0xd4ffc204, 0xe6ffc304, 0xd4ffc404, 0xe6ffc504, 0x38002800, 0x5a00beff, 0x5d00efff, 0xbd00efff, 
    0xd200efff, 0xd600beff, 0xe600beff, 0xf600c9ff, 0x0901dfff, 0x1a01edff, 0x2001efff, 0x3901ebff, 0x3a01beff, 0x4501dfff, 0x4c01beff, 0x6301e9ff, 
    0x6d01f5ff, 0xb402e0ff, 0xb502efff, 0x0e03efff, 0x1003beff, 0x1203beff, 0x2303beff, 0xa603efff, 0xc103efff, 0xc903beff, 0xd203efff, 0xda03efff, 
    0xeb03efff, 0xf303efff, 0x1404efff, 0x1604efff, 0x1804efff, 0x7104efff, 0x7304efff, 0x7504efff, 0x7704efff, 0xbf04beff, 0xc304beff, 0xc504efff, 
    0x3f00efff, 0xe6ff3800, 0xe7ff3a00, 0xf2ff3c00, 0xe7ff3d00, 0xf1ff5c00, 0xe6ffd200, 0xe6ffd600, 0xf2ffda00, 0xeeffde00, 0xe8ffe100, 0xe6ffe600, 
    0xf1ffee00, 0xd0fff600, 0xe7ff1901, 0xf2ff3301, 0xf1ff3401, 0xe6ff3901, 0xceff3a01, 0xf2ff4301, 0xf1ff4401, 0xe6ff4501, 0xe8ff4701, 0xe8ff4901, 
    0xf2ff5d01, 0xf1ff5e01, 0xe7ff6201, 0xedff6401, 0xe6ff6c01, 0xd0ff6d01, 0xe7ff9902, 0xe6ff0e03, 0xe6ff1003, 0xe6ff1203, 0xe7ff2203, 0xe7ff2403, 
    0xe7ff8b03, 0xe7ff9a03, 0xf2ff9b03, 0xe7ff9d03, 0xeeffb503, 0xe6ffc103, 0xf2ffc203, 0xf1ffca03, 0xe7ffd903, 0xe7ffea03, 0xe7fff203, 0xf2fff503, 
    0xf1fff603, 0xf2ff0304, 0xf1ff0404, 0xeeff1304, 0xeeff1504, 0xeeff1704, 0xe8ff1904, 0xe7ff7004, 0xe7ff7204, 0xe7ff7404, 0xe6ff7704, 0xe8ff7904, 
    0xe7ff8604, 0xe6ffbf04, 0xe7ffc204, 0xe7ffc404, 0x25009800, 0x27001000, 0x2b00e8ff, 0x3300e8ff, 0x3500e8ff, 0x3800e8ff, 0x3a00e0ff, 0x3d00e0ff, 
    0x8300dfff, 0x9300e8ff, 0x9800e8ff, 0xb200e8ff, 0xb3001000, 0xb400e8ff, 0xd2001000, 0xd300e0ff, 0xd400e8ff, 0xd6001000, 0xd900e0ff, 0xdd001400, 
    0xe1001000, 0xe600e1ff, 0xed00e0ff, 0xf2001300, 0xf9001000, 0x0401e0ff, 0x08011000, 0x0d01e8ff, 0x17011000, 0x1901e8ff, 0x1b01e0ff, 0x1d01e8ff, 
    0x1f01e8ff, 0x2101e8ff, 0x3901e8ff, 0x4101e0ff, 0x4501e8ff, 0x4701e0ff, 0x4801e1ff, 0x4901e0ff, 0x4a01e1ff, 0x4d01e0ff, 0x5001e1ff, 0x51011000, 
    0x58011000, 0x6201e9ff, 0x6401dfff, 0x6601deff, 0x6a011000, 0x6c01e8ff, 0x6e01dfff, 0x6f01f2ff, 0x70011000, 0x45021000, 0x4602e8ff, 0x4802e8ff, 
    0x4902e8ff, 0x7f02e8ff, 0x80021000, 0x81021000, 0x82021000, 0x83021000, 0x84021000, 0x85021000, 0x86021000, 0x9002e8ff, 0x9102e8ff, 0x9202e8ff, 
    0x9302e8ff, 0x9402e8ff, 0x9902e8ff, 0xb602dfff, 0xb8021000, 0xba021000, 0xbc021000, 0xbe02e8ff, 0xc002e8ff, 0xc202e8ff, 0xd002e8ff, 0xd202e8ff, 
    0xd402e8ff, 0xd602e8ff, 0xf802e8ff, 0xfa02e8ff, 0xfc02e8ff, 0x0e03e8ff, 0x1003e0ff, 0x1203e0ff, 0x2203e0ff, 0x2403dfff, 0x2d03dfff, 0x8603e8ff, 
    0x8a031000, 0x8b03e8ff, 0x8e03dfff, 0x97031000, 0x9a03e8ff, 0x9d03dfff, 0xb603dfff, 0xbd031000, 0xc003e8ff, 0xc103e8ff, 0xd903e0ff, 0xe203dfff, 
    0xea031000, 0xed03e0ff, 0xf003e8ff, 0xf203e8ff, 0xf803dfff, 0xfa031000, 0x0b041000, 0x0d04e8ff, 0x0f04e8ff, 0x1904e8ff, 0x1a04e1ff, 0x1e04e0ff, 
    0x20041000, 0x22041000, 0x24041000, 0x26041000, 0x28041000, 0x2a041000, 0x2c041000, 0x2e041000, 0x30041000, 0x32041000, 0x34041000, 0x4a041000, 
    0x4c04e8ff, 0x4e04e8ff, 0x5004e8ff, 0x5204e8ff, 0x5404e8ff, 0x5604e8ff, 0x5804e8ff, 0x5a04e8ff, 0x5c04e8ff, 0x5e04e8ff, 0x6004e8ff, 0x7004e8ff, 
    0x7204dfff, 0x7404dfff, 0x7704dfff, 0x7904e0ff, 0x7a04e1ff, 0x8604e0ff, 0x9904dfff, 0x9f041000, 0xb804e8ff, 0xbf04e8ff, 0xc204e0ff, 0xc404e0ff, 
    0x3500e0ff, 0xf2ff1b00, 0xf1ff3800, 0xf4ff3a00, 0xf4ff3c00, 0xf0ff3d00, 0xf1ffd200, 0xf5ffd400, 0xf1ffd600, 0xf4ffda00, 0xf5ffdd00, 0xf3ffde00, 
    0xf1ffe600, 0xf4ff1901, 0xf4ff3301, 0xf1ff3901, 0xf4ff4301, 0xf1ff4501, 0xf5ff5001, 0xf4ff5d01, 0xf2ff6201, 0xf2ff6401, 0xf5ff6601, 0xf2ff6c01, 
    0xf5ff6f01, 0xf0ff9902, 0xf1ff0e03, 0xf1ff1003, 0xf1ff1203, 0xf0ff2203, 0xf0ff2403, 0xf0ff8b03, 0xf0ff9a03, 0xf4ff9b03, 0xf0ff9d03, 0xf3ffb503, 
    0xf1ffc103, 0xf4ffc203, 0xf0ffd903, 0xf4ffea03, 0xf0fff203, 0xf4fff503, 0xf4ff0304, 0xf3ff1304, 0xf3ff1504, 0xf3ff1704, 0xf0ff7004, 0xf0ff7204, 
    0xf0ff7404, 0xf1ff7704, 0xf0ff8604, 0xf1ffbf04, 0xf4ffc204, 0xf4ffc404, 0x25006a00, 0x38000f00, 0x3a00e6ff, 0x3c00e6ff, 0x3d000e00, 0xb200e6ff, 
    0xb4000f00, 0xd2000f00, 0xd400e6ff, 0xd6000e00, 0xd900e6ff, 0xda001300, 0xdd000e00, 0xde000e00, 0xe1000b00, 0xe600e5ff, 0xe700e6ff, 0xed00f4ff, 
    0xf2001200, 0xf6000f00, 0xf900e7ff, 0x0401e8ff, 0x0d010f00, 0x19010f00, 0x3301e6ff, 0x39010e00, 0x3a01e6ff, 0x4301e7ff, 0x45010e00, 0x4701e6ff, 
    0x4801e5ff, 0x4901e8ff, 0x4a01e5ff, 0x4c01e8ff, 0x5001e4ff, 0x51010e00, 0x5d010f00, 0x62010e00, 0x6401e6ff, 0x6601e6ff, 0x6c010e00, 0x6d01e6ff, 
    0x6f01e7ff, 0x70010e00, 0x7f020f00, 0x80020f00, 0x81020f00, 0x82020f00, 0x83020f00, 0x84020f00, 0x85020f00, 0x99020f00, 0xb602e6ff, 0xb8020f00, 
    0xba020f00, 0x0e030f00, 0x1003e6ff, 0x1203e6ff, 0x2203e6ff, 0x2403e6ff, 0x8603e6ff, 0x8b030f00, 0x8e03e6ff, 0x9a030f00, 0x9b03e6ff, 0x9d030e00, 
    0xb503e6ff, 0xb6030b00, 0xc1030f00, 0xc203e6ff, 0xd9030e00, 0xe203e6ff, 0xea030f00, 0xf203e6ff, 0xf503e6ff, 0xf8030e00, 0xfa030f00, 0x03040f00, 
    0x13040e00, 0x15040b00, 0x17040b00, 0x19040b00, 0x1a04e5ff, 0x1e04e8ff, 0x20040f00, 0x22040f00, 0x24040f00, 0x26040f00, 0x28040f00, 0x2a040f00, 
    0x2c040f00, 0x2e040f00, 0x30040f00, 0x32040f00, 0x34040f00, 0x70040f00, 0x7204e6ff, 0x7404e6ff, 0x7704e6ff, 0x7904e6ff, 0x7a04e5ff, 0x8604e8ff, 
    0x9904e6ff, 0xbf040f00, 0xc204e6ff, 0xc404e6ff, 0x3100e6ff, 0xe3ff3800, 0xe5ff3c00, 0xe4ff3d00, 0xe3ffd200, 0xe5ffd400, 0xe3ffd600, 0xe2ffd900, 
    0xe5ffda00, 0xe5ffdd00, 0xe9ffde00, 0xeafff200, 0xeaff0401, 0xe5ff3301, 0xe3ff3901, 0xe5ff4301, 0xe3ff4501, 0xe5ff5001, 0xeaff5101, 0xe5ff5d01, 
    0xe5ff6601, 0xe4ff6c01, 0xe5ff6f01, 0xeaff7001, 0xe4ff9902, 0xe3ff0e03, 0xe3ff1003, 0xe3ff1203, 0xe4ff2203, 0xe4ff2403, 0xe4ff8b03, 0xe4ff9a03, 
    0xe5ff9b03, 0xe4ff9d03, 0xe9ffb503, 0xe3ffc103, 0xe5ffc203, 0xe4ffd903, 0xe4fff203, 0xe5fff503, 0xe5ff0304, 0xe9ff1304, 0xe9ff1504, 0xe9ff1704, 
    0xe4ff7004, 0xe4ff7204, 0xe4ff7404, 0xe3ff7704, 0xe4ff8604, 0xe3ffbf04, 0x38002400, 0x3c00e2ff, 0xd200e4ff, 0xd400e2ff, 0xd600e4ff, 0xd900e2ff, 
    0xda00e1ff, 0xdd00e4ff, 0xde00e4ff, 0xed00e9ff, 0xf200e4ff, 0x0401ebff, 0x3301ebff, 0x3901e4ff, 0x4301e2ff, 0x4501e4ff, 0x5001e2ff, 0x5101e4ff, 
    0x5d01ebff, 0x6601e4ff, 0x6f01e4ff, 0x7001e4ff, 0x0e03ebff, 0x1003e2ff, 0x1203e2ff, 0x9b03e2ff, 0xb503e4ff, 0xc103e9ff, 0xc203e2ff, 0xf503e4ff, 
    0x0304e4ff, 0x1304e4ff, 0x1504e9ff, 0x1704e9ff, 0x7704e9ff, 0xbf04e2ff, 0x1800e2ff, 0xebff3800, 0xf3ff3d00, 0xebffd200, 0xebffd600, 0xebff3901, 
    0xebff4501, 0xf3ff9902, 0xebff0e03, 0xebff1003, 0xebff1203, 0xf3ff2203, 0xf3ff2403, 0xf3ff8b03, 0xf3ff9a03, 0xf3ff9d03, 0xebffc103, 0xf3ffd903, 
    0xf3fff203, 0xf3ff7004, 0xf3ff7204, 0xf3ff7404, 0xebff7704, 0xf3ff8604, 0xebffbf04, 0x51003900, 0x5200efff, 0x5400efff, 0x5c00efff, 0xc100f0ff, 
    0xec00efff, 0xed00efff, 0xee00eeff, 0xf000f0ff, 0xf100efff, 0xf300efff, 0xf400efff, 0xf500efff, 0xf600efff, 0xf800eeff, 0xfa00efff, 0xfb00efff, 
    0xfe00efff, 0x0001efff, 0x0501efff, 0x0901efff, 0x2001f4ff, 0x2b01f1ff, 0x3401efff, 0x3601f0ff, 0x3a01efff, 0x3c01efff, 0x3e01efff, 0x4401efff, 
    0x5301f0ff, 0x5501efff, 0x5701efff, 0x5c01efff, 0x5e01efff, 0x6d01f0ff, 0xaa02efff, 0xf202efff, 0xf402efff, 0xf602efff, 0xf702efff, 0xa003efff, 
    0xc503efff, 0xc703efff, 0xca03efff, 0xcc03f0ff, 0xd103efff, 0xe103efff, 0xe703efff, 0xf603efff, 0x0404f0ff, 0x0804f0ff, 0x0a04efff, 0x1c04efff, 
    0x7c04efff, 0x9804efff, 0xb504efff, 0xb704efff, 0x2300efff, 0xf2ff0600, 0xf2ff0b00, 0xf5ff5a00, 0xf5ff5d00, 0xf5ffbd00, 0xf4fff600, 0xf5ff0901, 
    0xf5ff1a01, 0xf5ff3a01, 0xf5ff6d01, 0xf2ff8401, 0xf2ff8501, 0xf2ff8701, 0xf2ff8801, 0xf2ff8901, 0xf5ffb402, 0xf5ffb502, 0xf5ff2303, 0xf5ffa603, 
    0xf5ffc903, 0xf5ffd203, 0xf5ffda03, 0xf2ffdb03, 0xf2ffdc03, 0xf2ffdf03, 0xf5ffeb03, 0xf5fff303, 0xf5ff1404, 0xf5ff1604, 0xf5ff1804, 0xf5ff7104, 
    0xf5ff7304, 0xf5ff7504, 0xf5ffc304, 0xf5ffc504, 0xed000a00, 0xf6001400, 0xf900edff, 0xfc00edff, 0x3a01e2ff, 0x4801edff, 0x4a01edff, 0x6d01edff, 
    0x1a04edff, 0x7a04edff, 0x7600edff, 0xf0ff4700, 0xf0ff4800, 0xf0ff4900, 0xf0ff4b00, 0xebff5300, 0xf0ff5500, 0xf0ff9400, 0xf0ff9900, 0xf0ffbb00, 
    0xf0ffc800, 0xf0ffc900, 0xf0fff700, 0xf0ff0301, 0xebff1801, 0xebff1c01, 0xf0ff1e01, 0xf0ff2201, 0xf0ff4201, 0xf0ff6001, 0xf0ff6101, 0xf0ff6b01, 
    0xebffdb01, 0xebffdd01, 0xe9ffe501, 0xebffec01, 0xebfff501, 0xebff1102, 0xebff1a02, 0xebff3102, 0xf0ffa102, 0xf0ffa202, 0xf0ffa302, 0xf0ffa402, 
    0xf0ffa502, 0xebffab02, 0xebffac02, 0xebffad02, 0xebffae02, 0xebffaf02, 0xf0ffbd02, 0xf0ffbf02, 0xf0ffc102, 0xf0ffc302, 0xf0ffc502, 0xf0ffc702, 
    0xf0ffc902, 0xf0ffcb02, 0xf0ffcd02, 0xf0ffcf02, 0xf0ffd102, 0xf0ffd302, 0xf0ffd502, 0xf0ffd702, 0xebfff902, 0xebfffb02, 0xebfffd02, 0xebff3903, 
    0xebff4303, 0xebff4403, 0xebff4503, 0xebff4603, 0xebff4703, 0xebff5003, 0xebff5103, 0xebff5203, 0xebff5303, 0xebff5a03, 0xebff5b03, 0xebff5c03, 
    0xebff5d03, 0xebff6d03, 0xebff6e03, 0xebff6f03, 0xf0ff9e03, 0xebffa403, 0xebffaa03, 0xf0ffc403, 0xebffc603, 0xf0ffc803, 0xf0ffcb03, 0xf0ffe603, 
    0xf0ffec03, 0xf0fff103, 0xf0ffff03, 0xf0ff0104, 0xf0ff0204, 0xebff0c04, 0xf0ff0e04, 0xebff1004, 0xf0ff1d04, 0xf0ff3704, 0xf0ff3904, 0xf0ff3b04, 
    0xf0ff3d04, 0xf0ff3f04, 0xf0ff4104, 0xf0ff4304, 0xf0ff4504, 0xebff4b04, 0xebff4d04, 0xebff4f04, 0xebff5104, 0xebff5304, 0xebff5504, 0xebff5704, 
    0xf0ff5904, 0xf0ff5b04, 0xf0ff5d04, 0xebff5f04, 0xf0ff6104, 0xf0ff9c04, 0xebffa004, 0xf0ffa904, 0xf0ffab04, 0xebffcf04, 0xebfff104, 0xebfff404, 
    0xebfff904, 0x0600e300, 0x0b000d00, 0x45000d00, 0x4700f0ff, 0x4800b0ff, 0x4900b0ff, 0x4a00b0ff, 0x4b000d00, 0x5300b0ff, 0x5500d6ff, 0x5a00b0ff, 
    0x5d000b00, 0x94000b00, 0x9900b0ff, 0xbb00b0ff, 0xbd00b0ff, 0xbe000b00, 0xc700b0ff, 0xc800abff, 0xc900c0ff, 0xcc00b0ff, 0xed00d5ff, 0xf200aaff, 
    0xf700afff, 0x0301b0ff, 0x0401b0ff, 0x1801afff, 0x1a01d6ff, 0x1c010b00, 0x1e01e2ff, 0x2001b0ff, 0x22010c00, 0x4201b0ff, 0x5101b0ff, 0x6001afff, 
    0x6101b0ff, 0x6301b0ff, 0x65010b00, 0x6b010b00, 0x7001b0ff, 0x8401afff, 0x85010d00, 0x87010d00, 0x88010d00, 0x89010d00, 0xd3010d00, 0xd6010d00, 
    0xd8010d00, 0xd9010e00, 0xdb01f5ff, 0xdd01ecff, 0xe501edff, 0xeb01ecff, 0xec01bfff, 0xed01edff, 0xf401bfff, 0xf5010e00, 0xf801edff, 0x10020e00, 
    0x11020e00, 0x1202edff, 0x14020d00, 0x1a020e00, 0x3102edff, 0x3302eeff, 0x9a02bfff, 0x9b02f0ff, 0x9c02f0ff, 0x9d02f0ff, 0x9e02f0ff, 0x9f02f0ff, 
    0xa002f0ff, 0xa102f0ff, 0xa202b0ff, 0xa302b0ff, 0xa402b0ff, 0xa502b0ff, 0xab02b0ff, 0xac02d6ff, 0xad02d6ff, 0xae02d6ff, 0xaf02d6ff, 0xb402d6ff, 
    0xb5020b00, 0xb7020b00, 0xb902f0ff, 0xbb02f0ff, 0xbd02f0ff, 0xbf02b0ff, 0xc102b0ff, 0xc302b0ff, 0xc502b0ff, 0xc702b0ff, 0xc902b0ff, 0xcb02b0ff, 
    0xcd02b0ff, 0xcf02b0ff, 0xd102b0ff, 0xd302b0ff, 0xd502b0ff, 0xd702b0ff, 0xf902b0ff, 0xfb02d6ff, 0xfd02d6ff, 0x2303d6ff, 0x32030b00, 0x3303bfff, 
    0x3403bfff, 0x3503bfff, 0x3603bfff, 0x3703bfff, 0x3803bfff, 0x3903bfff, 0x4303edff, 0x4403edff, 0x4503edff, 0x4603edff, 0x4703edff, 0x4c03edff, 
    0x4d030d00, 0x4e03bfff, 0x4f03bfff, 0x5003bfff, 0x5103edff, 0x5203edff, 0x5303edff, 0x5a03edff, 0x5b03edff, 0x5c03edff, 0x5d03edff, 0x6d03edff, 
    0x6e03edff, 0x6f03edff, 0x7303edff, 0x7403f5ff, 0x7503f5ff, 0x7603f5ff, 0x7803f5ff, 0x81030e00, 0x82030d00, 0x9e030d00, 0xa403b0ff, 0xa603d6ff, 
    0xaa030b00, 0xc303d6ff, 0xc403f0ff, 0xc603b0ff, 0xc803d6ff, 0xc903b0ff, 0xcb030b00, 0xd203b0ff, 0xda030b00, 0xdb030b00, 0xdc030d00, 0xdf030d00, 
    0xe3030d00, 0xe603f0ff, 0xeb03b0ff, 0xec030b00, 0xf103b0ff, 0xf303b0ff, 0xf9030b00, 0xfb03f0ff, 0xff03f0ff, 0x0104b0ff, 0x0204b0ff, 0x0c04b0ff, 
    0x0e04d6ff, 0x1004b0ff, 0x1404d6ff, 0x16040b00, 0x18040b00, 0x1d040b00, 0x1f04b0ff, 0x2104f0ff, 0x2304f0ff, 0x2504f0ff, 0x2704f0ff, 0x2904f0ff, 
    0x2b04f0ff, 0x2d04f0ff, 0x2f04f0ff, 0x3104f0ff, 0x3304f0ff, 0x3504f0ff, 0x3704f0ff, 0x3904b0ff, 0x3b04b0ff, 0x3d04b0ff, 0x3f04b0ff, 0x4104b0ff, 
    0x4304b0ff, 0x4504b0ff, 0x4b04b0ff, 0x4d04d6ff, 0x4f04d6ff, 0x5104d6ff, 0x5304d6ff, 0x5504d6ff, 0x5704d6ff, 0x5904d6ff, 0x5b04b0ff, 0x5d04b0ff, 
    0x5f04b0ff, 0x6104d6ff, 0x7104b0ff, 0x73040b00, 0x75040b00, 0x9a040b00, 0x9c04f0ff, 0xa004b0ff, 0xa904d6ff, 0xab04b0ff, 0xc304b0ff, 0xc5040b00, 
    0xcb040b00, 0xcf04bfff, 0xd004edff, 0xd2040d00, 0xde04bfff, 0xe1040d00, 0xea040d00, 0xf104bfff, 0xf404edff, 0xf504edff, 0xf9040e00, 0xfa04edff, 
    0x0e000d00, 0x1400ed00, 0x1000f200, 0xf0fff600, 0xf0fff900, 0x0c000101, 0x10000401, 0xf0ff3a01, 0xf0ff4801, 0xe6ff4a01, 0x10005101, 0xf0ff6d01, 
    0x10007001, 0xf0ff1a04, 0xf0ff7a04, 0x47004d00, 0x48000c00, 0x49000c00, 0x4b000c00, 0x55000c00, 0x94000c00, 0x99000c00, 0xbb000c00, 0xc8000c00, 
    0xc9000c00, 0xed000c00, 0xf2003a00, 0xf6001800, 0xf700e3ff, 0xf9000c00, 0x0301f7ff, 0x04010c00, 0x1e011800, 0x22010c00, 0x3a010c00, 0x4201e2ff, 
    0x48010c00, 0x4a01f7ff, 0x5101e3ff, 0x60011800, 0x61010c00, 0x6b010c00, 0x6d010c00, 0x7001e3ff, 0xa1021800, 0xa2020c00, 0xa3020c00, 0xa4020c00, 
    0xa5020c00, 0xbd020c00, 0xbf020c00, 0xc1020c00, 0xc3020c00, 0xc5020c00, 0xc7020c00, 0xc9020c00, 0xcb020c00, 0xcd020c00, 0xcf020c00, 0xd1020c00, 
    0xd3020c00, 0xd5020c00, 0xd7020c00, 0x9e030c00, 0xc4030c00, 0xc8030c00, 0xcb030c00, 0xe6030c00, 0xec030c00, 0xf1030c00, 0xff030c00, 0x01040c00, 
    0x02040c00, 0x0e040c00, 0x1a040c00, 0x1d04f7ff, 0x37040c00, 0x39040c00, 0x3b040c00, 0x3d040c00, 0x3f040c00, 0x41040c00, 0x43040c00, 0x45040c00, 
    0x59040c00, 0x5b040c00, 0x5d040c00, 0x61040c00, 0x7a040c00, 0x9c04f7ff, 0xa9040c00, 0xab040c00, 0x22000c00, 0xf4ff5a00, 0xf0ff5c00, 0xf4ff5d00, 
    0xf4ffbd00, 0xefffed00, 0xf0ffee00, 0xf3fff200, 0xf3ff0401, 0xf4ff1a01, 0xf0ff3401, 0xf0ff4401, 0xf3ff5101, 0xf0ff5e01, 0xf3ff7001, 0xf4ffb402, 
    0xf4ffb502, 0xf4ff2303, 0xf4ffa603, 0xf4ffc903, 0xf0ffca03, 0xf4ffd203, 0xf4ffda03, 0xf4ffeb03, 0xf4fff303, 0xf0fff603, 0xf0ff0404, 0xf4ff1404, 
    0xf4ff1604, 0xf4ff1804, 0xf4ff7104, 0xf4ff7304, 0xf4ff7504, 0xf4ffc304, 0xf4ffc504, 0x06000a00, 0x0b00d6ff, 0x8401d6ff, 0x8501d6ff, 0x8701d6ff, 
    0x8801d6ff, 0x8901d6ff, 0xdb03d6ff, 0xdc03d6ff, 0xdf03d6ff, 0x0800d6ff, 0xbafff600, 0xcfff0901, 0xdbff2001, 0x50ff3a01, 0x9dff4a01, 0xf0ff6301, 
    0xf2ff6501, 0x4cff6d01, 0x06000a00, 0x0b00f5ff, 0x8401f5ff, 0x8501f5ff, 0x8701f5ff, 0x8801f5ff, 0x8901f5ff, 0xdb03f5ff, 0xdc03f5ff, 0xdf03f5ff, 
    0x2800f5ff, 0x20004c00, 0x20004f00, 0x20005000, 0x80ff5300, 0x90ff5700, 0x0b005b00, 0x80ff1801, 0x90ffc101, 0x80ffab02, 0x80ffac02, 0x80ffad02, 
    0x80ffae02, 0x80ffaf02, 0x80fff902, 0x80fffb02, 0x80fffd02, 0x90ff0503, 0x90ff0703, 0x90ff0903, 0x90ff0b03, 0x90ff0d03, 0x80ffa403, 0x80ffaa03, 
    0x80ffc603, 0x90ffcd03, 0x80ff0c04, 0x80ff1004, 0x80ff4b04, 0x80ff4d04, 0x80ff4f04, 0x80ff5104, 0x80ff5304, 0x80ff5504, 0x80ff5704, 0x80ff5f04, 
    0x80ffa004, 0x2000ad04, 0x2000af04, 0x2000b104, 0x90ffbe04, 0xd3011300, 0xd501eeff, 0xd601f5ff, 0xd801f1ff, 0xf401f2ff, 0xf801f2ff, 0x1002f2ff, 
    0x1202f2ff, 0x1402eeff, 0x4c03f2ff, 0x7803eeff, 0x8003f2ff, 0x8103f5ff, 0x8203eeff, 0xd004eeff, 0xde04eeff, 0xe104eeff, 0xf504eeff, 0xfa04f2ff, 
    0x1300eeff, 0xe5ffd301, 0xf1ffd501, 0xebffd601, 0xe9ffd801, 0xe9fff401, 0xe9fff801, 0xe9ff1002, 0xe5ff1202, 0xe9ff1402, 0xe5ff4c03, 0xe9ff7803, 
    0xf1ff8003, 0xe5ff8103, 0xe5ff8203, 0xe5ffd004, 0xe5ffde04, 0xe5ffe104, 0xe9fff504, 0xe5fffa04, 0xd5010300, 0xd601f5ff, 0x8003eeff, 0x0200f5ff, 
    0xb7ffd601, 0xf0ffdb01, 0x5b000100, 0x04000b00, 0xe6ff0d00, 0xf4ff4100, 0xefff6100, 0xedff4d01, 0xb8001700, 0xbe00d4ff, 0xc200f0ff, 0xc400edff, 
    0xca001100, 0xcc00e0ff, 0xcd00e7ff, 0xce00e5ff, 0xd900eeff, 0xea001200, 0xf600e9ff, 0x3a01d7ff, 0x4a01d7ff, 0x4c01d3ff, 0x4d01d6ff, 0x5801c5ff, 
    0x6201e7ff, 0x64010d00, 0x6d010c00, 0x6e01d6ff, 0xdb01f2ff, 0xe501e9ff, 0x3102e7ff, 0x0100e9ff, 0xf1ff1c01, 0xd9001200, 0xe600aeff, 0xeb001200, 
    0xed00e0ff, 0xef00adff, 0xfd00d6ff, 0x0101dfff, 0x0701d2ff, 0x1c01e0ff, 0x2e01ceff, 0x3001ddff, 0x3801e2ff, 0x4001e0ff, 0x4a01e0ff, 0x4d01e9ff, 
    0x5f01daff, 0x6901bdff, 0x6c01dfff, 0x02001100, 0xf5fff600, 0xb0ff8501, 0xed000200, 0x1c01c9ff, 0x0900eeff, 0xc3ffe600, 0xcffff600, 0xceff3a01, 
    0xe7ff4901, 0xdfff4c01, 0xd1ff6201, 0xecff6401, 0xa0ff6c01, 0xd1ff6d01, 0x56002f00, 0x5b006dff, 0x6d008cff, 0x7c00bffd, 0x81007dfe, 0x8600bcfe, 
    0x89002bff, 0xb8004bff, 0xbe0061ff, 0xbf008fff, 0xc3000fff, 0xc600e8fe, 0xc7001fff, 0xca00e5fe, 0xcc0046ff, 0xcd00edfe, 0xce00fdfe, 0xd900d9fe, 
    0xe60052ff, 0xea000500, 0xeb00bdff, 0xed0049ff, 0xef00fefe, 0xf60013ff, 0xfd0068ff, 0xff000eff, 0x010113ff, 0x070107ff, 0x09010eff, 0x1c0111ff, 
    0x20013cff, 0x2e01acff, 0x300115ff, 0x38013cff, 0x3a010eff, 0x40016aff, 0x4a0149ff, 0x4c010cff, 0x4d013fff, 0x5801f1fe, 0x5f01c0ff, 0x6301effe, 
    0x650131ff, 0x69015fff, 0x6c010aff, 0x6d010500, 0x6e0130ff, 0x1e00d5ff, 0xe2ff0a00, 0x14000d00, 0xcfff0e00, 0x12004100, 0xeaff4a00, 0xd8ff5600, 
    0xeaff5800, 0x13006100, 0xaeff6d00, 0xcdff7c00, 0xa0ff8100, 0xc1ff8600, 0xc0ff8900, 0xd0ffb800, 0xeaffbc00, 0xeeffbe00, 0xc6ffbf00, 0x0d00c000, 
    0xe9ffc200, 0xd6ffc300, 0xe8ffc600, 0xbaffc700, 0xe9ffca00, 0xcbffcc00, 0xdaffcd00, 0xc7ffce00, 0xd3ff8d01, 0xcbffdb01, 0xcbffe501, 0xcdff3102, 
    0x23001700, 0x5800c3ff, 0x5b00efff, 0x9a00dfff, 0xb800eeff, 0xb900e5ff, 0xc400d1ff, 0xca001100, 0xd900c8ff, 0xe6001300, 0xf600c5ff, 0x3a01caff, 
    0x49019fff, 0x4a0151ff, 0x4c017bff, 0x4d01caff, 0x5801ddff, 0x6201f2ff, 0x640175ff, 0x6c01caff, 0x6d014fff, 0xd6018cff, 0xe501cdff, 0x0700f5ff, 
    0xf0fff600, 0xf1ff0901, 0xf3ff2001, 0xf1ff3a01, 0xf3ff6301, 0xe9ff6501, 0xd3ff6d01, 0x4a000300, 0x5b00eeff, 0xd601eaff, 0x0900f0ff, 0xeaffca00, 
    0xb8ffed00, 0xeafff600, 0xf0ff0901, 0xf1ff2001, 0xebff3a01, 0xf5ff6301, 0xecff6d01, 0xb0ff8501, 0x11010200, 0x6c010b00, 0x1200e6ff, 0xc1ff5b00, 
    0xc5ffb800, 0xb4ffca00, 0xd7ffea00, 0xb9fff600, 0xb2ff0901, 0xd2ff1c01, 0xc8ff2001, 0xa0ff3a01, 0xc5ff4a01, 0xe4ff5801, 0xccff6301, 0xccff6501, 
    0xcbff6d01, 0xefff6e01, 0xe7ffdb01, 0xe6ffe501, 0xe8ff3102, 0x5b000500, 0xd601a4ff, 0xdb0154ff, 0xe501f1ff, 0x3102f1ff, 0x0800f3ff, 0x1500d900, 
    0x1500ed00, 0xe4ff4901, 0xe5ff4a01, 0xe4ff4c01, 0xe3ff6201, 0xe2ff6401, 0xe4ff6c01, 0xf6000200, 0x8501c0ff, 0x0800b0ff, 0x0e005800, 0x9fff8100, 
    0xf5ffbe00, 0xdeffc400, 0xe5ffc700, 0xa8ffd900, 0xcaffed00, 0xe3ff5f01, 0xca000500, 0xed00eaff, 0xf600eeff, 0x3a01b0ff, 0x6d01ecff, 0x0300ecff, 
    0x0f004a00, 0x32005800, 0x11005b00, 0x04003300, 0x5600d8ff, 0x5b00b5ff, 0x6d00c7ff, 0x7c00b8fe, 0x810028ff, 0x86004dff, 0x89008eff, 0xb800a1ff, 
    0xbe00aeff, 0xbf00c9ff, 0xc3007eff, 0xc60067ff, 0xc70087ff, 0xca0065ff, 0xcc009eff, 0xcd006aff, 0xce0073ff, 0xd9005eff, 0xe600a5ff, 0xea000f00, 
    0xeb00e4ff, 0xed00a0ff, 0xef0074ff, 0xf60080ff, 0xfd00b2ff, 0xff007dff, 0x010180ff, 0x070179ff, 0x09017dff, 0x1c017fff, 0x200198ff, 0x2e01daff, 
    0x300181ff, 0x380198ff, 0x3a017dff, 0x4001b3ff, 0x4a01a0ff, 0x4c017cff, 0x4d019aff, 0x58016cff, 0x5f01e6ff, 0x63016bff, 0x650192ff, 0x6901adff, 
    0x6c017bff, 0x6d010f00, 0x6e0191ff, 0xdb01f2ff, 0xe501b9ff, 0x3102b9ff, 0x0700b9ff, 0x14000d00, 0x11004100, 0xe2ff5600, 0x13006100, 0xd9ffdb01, 
    0xd9ffe501, 0xd9ff3102, 0x4a000700, 0xbe000d00, 0xc600f5ff, 0xc7000b00, 0xca00eaff, 0xed000c00, 0x1c01c8ff, 0x0700f1ff, 0x0f000d00, 0x0c004100, 
    0xebff5600, 0x0e006100, 0xe7ffdb01, 0xe7ffe501, 0xe9ff3102, 0x5b000600, 0xb800e5ff, 0xcd00cbff, 0xdb01e4ff, 0xe501ecff, 0x3102ebff, 0x0700edff, 
    0xdfff8100, 0xf3ffb500, 0xf0ffb700, 0xeaffc400, 0xdfffd900, 0xe0ffe600, 0xe0ff6c01, 0xdb010100, 0x0400ebff, 0xc7ffd601, 0xf2ffdb01, 0xf2ffe501, 
    0xf2ff3102, 0xd6010100, 0x0100f1ff, 0x0d00d601, 0x0c0b0200, 0x00000400, 0x6817ac0e, 0x25002600, 0x00000000, 0x00000000, 0x00000000, 0x00001200, 
    0x00000000, 0xe3ff0000, 0x0000e4ff, 0x00000000, 0x11000000, 0x00000000, 0x00000000, 0x00000000, 0x11000000, 0x11000000, 0x00000000, 0x00000000, 
    0xe5ffe4ff, 0x00000000, 0x00000000, 0x00000000, 0x00000000, 0xebff0000, 0x00000000, 0x00000000, 0xd5ffe5ff, 0x0000edff, 0x00000000, 0x0000eaff, 
    0x0000e9ff, 0x00000000, 0x00000000, 0x9affe1ff, 0xf5ff0000, 0x0000eaff, 0x00000000, 0x00000000, 0x00000000, 0x00000000, 0x0000f5ff, 0xf5fff4ff, 
    0x00000000, 0xcefff5ff, 0x7fffefff, 0x0000a2ff, 0x0c000000, 0x00000000, 0x0000f1ff, 0x000088ff, 0xc4ffbbff, 0x1100c7ff, 0x12000000, 0xa9ff0000, 
    0x00000000, 0x8fffc9ff, 0x00000000, 0x0000ddff, 0x00000000, 0x00000000, 0x00000000, 0x00000000, 0x0000f1ff, 0x00000000, 0x00000000, 0x0000f0ff, 
    0x00000000, 0x78ff0000, 0x0000ebff, 0x00000000, 0x00000000, 0x0000f0ff, 0x00000000, 0x00000000, 0x00000000, 0x00000000, 0x00000000, 0x00000000, 
    0x00000000, 0x00000000, 0x00000000, 0x00000000, 0x00000000, 0x00000000, 0x00000000, 0x00000000, 0x000098ff, 0x00000000, 0x00000000, 0x00000000, 
    0x00000000, 0x00000000, 0x00000000, 0x00000000, 0x00000000, 0x0000edff, 0xedff0000, 0x0000efff, 0x00000000, 0x0000e6ff, 0x00001400, 0x00000000, 
    0x00000000, 0x00000000, 0x00000000, 0x00000000, 0x0000f0ff, 0x00000000, 0x00000000, 0x00000000, 0x00000000, 0x00000000, 0xedff0000, 0x00000000, 
    0x00000000, 0x00000000, 0x00000000, 0xf1ff0000, 0x00000000, 0x00000000, 0x00000000, 0x00000000, 0x00000000, 0x0000bdff, 0x00000000, 0x00000000, 
    0x00000000, 0x00000000, 0x00000000, 0x00000000, 0x00000000, 0x00000000, 0x00000000, 0x00000000, 0x00000000, 0x00000000, 0x0000f5ff, 0x00000000, 
    0x00000000, 0x0000f1ff, 0x00000000, 0xe3ff0000, 0x0000f1ff, 0x00000000, 0x00000000, 0x0000f2ff, 0x00000000, 0x00000000, 0x00000000, 0x00000000, 
    0x00000000, 0x00000000, 0x00000000, 0x00000000, 0xf3ff0000, 0x00000000, 0x00000000, 0x00000000, 0x00000000, 0x00000000, 0x0000f2ff, 0x00000000, 
    0x00000000, 0x00000000, 0x00000000, 0x00000000, 0x00000000, 0x00000000, 0x00000000, 0x0000f3ff, 0xf1ff0000, 0x00000000, 0x0000f1ff, 0x00000000, 
    0x00000000, 0x00000000, 0x00000000, 0x00000000, 0x0f000000, 0x00000000, 0x00000000, 0x95ff0000, 0x0000d7ff, 0x00000000, 0x00000000, 0x00000000, 
    0x00000000, 0x00000000, 0x00000000, 0x00000000, 0x0000eaff, 0x00000000, 0x00000000, 0xebff0000, 0x00000000, 0x00000000, 0x00000000, 0x00000000, 
    0x00000000, 0x00000000, 0x00000000, 0x00000000, 0x00000000, 0x00000000, 0x00000000, 0x00000000, 0xe1ffe6ff, 0xe5ffe9ff, 0x0000e9ff, 0xe7ff0000, 
    0x0000d8ff, 0x00000000, 0x00000000, 0x00000000, 0x00000000, 0x00000000, 0x00000000, 0x00000000, 0x00000000, 0x00000000, 0x00000000, 0x0000c0ff, 
    0x0000a3ff, 0x00000000, 0xbfff0000, 0xd8ffe3ff, 0xd9ffbfff, 0xb7ffa2ff, 0xecffcbff, 0x1100a0ff, 0xabff1200, 0xe2ffc6ff, 0x0d00f0ff, 0x00000000, 
    0xe9ff0000, 0x00001100, 0x0000f3ff, 0x00002dff, 0x1200efff, 0xccff0000, 0x00000000, 0xa0ff0000, 0x0000f3ff, 0x00000000, 0x00000000, 0x00000000, 
    0x00000000, 0x00000000, 0x00000000, 0x00000000, 0x00000000, 0x00000000, 0x00000000, 0x00000000, 0xeeffeaff, 0x00000000, 0xecff0000, 0x00000000, 
    0x00000000, 0x00000000, 0x00000000, 0x9dff0000, 0x93ffe4ff, 0xa1ff9dff, 0x8fffb1ff, 0xb8ffb9ff, 0x10000000, 0xafff1000, 0xc4ff8cff, 0x0000f0ff, 
    0x00000000, 0xb3ff0000, 0x00000f00, 0xcbfff1ff, 0x7eff26ff, 0x1000edff, 0x18ffbcff, 0x7cff0000, 0x10ff0000, 0x0000f1ff, 0x00000000, 0x00000000, 
    0x00000000, 0xf2ff0000, 0x00000000, 0x00000000, 0x00000000, 0x00000000, 0xecff0000, 0x00000000, 0x00000000, 0xc0ffbfff, 0x00000000, 0x00000000, 
    0x00000000, 0x00000000, 0x00000000, 0xd8ff0000, 0xf0ff0000, 0x00000000, 0x0000f0ff, 0x00000000, 0x00000000, 0x00000000, 0x00000000, 0x00000000, 
    0x00000000, 0x00000000, 0x00000000, 0x00000000, 0x00000000, 0x00000000, 0x00000000, 0x00000000, 0x00000000, 0x00000000, 0x00000000, 0xe6ffebff, 
    0xebff0000, 0x0d00edff, 0xecff0000, 0x0000e5ff, 0x00000000, 0x00000d00, 0x00000000, 0x00000000, 0x00000000, 0x00000000, 0x00000000, 0x00000000, 
    0x00000000, 0x00000000, 0x00000000, 0x00000000, 0x00000000, 0xe6ff0000, 0x0000e7ff, 0xebffebff, 0x00000000, 0xe1ffe7ff, 0x00000000, 0x00000000, 
    0x00000000, 0x00000000, 0x00000000, 0x00000000, 0x00000000, 0x11000000, 0x11000000, 0x0e000000, 0xd2ff0000, 0xd1ff0000, 0x00000000, 0x00000000, 
    0x00000000, 0x00000000, 0x00000000, 0x00000000, 0x00000000, 0x0000e3ff, 0x00000000, 0x00000000, 0x00000000, 0x00000000, 0x00000000, 0x00000000, 
    0x00000000, 0x00000000, 0x00000000, 0x00000000, 0x00000000, 0x00000000, 0xecff0000, 0x00000000, 0x0000ecff, 0x00000000, 0x00000000, 0x00000000, 
    0x00000000, 0x00000000, 0x00000000, 0x00000000, 0x00000000, 0x00000000, 0x00000000, 0x00000000, 0x00000000, 0x00000000, 0x00000000, 0x00000000, 
    0x00000000, 0x0000edff, 0xecff0000, 0x00000000, 0x0000d8ff, 0x00001200, 0x00000000, 0x00000000, 0x00000000, 0x00000000, 0x10000000, 0x00000000, 
    0x00000000, 0x85ff0000, 0x00000000, 0x00000000, 0x00000000, 0x00000000, 0x00000000, 0xf3ff0000, 0x00000000, 0x0000f3ff, 0xf5ff76ff, 0x0f000000, 
    0x00000000, 0xc6ff0000, 0x00000000, 0xe1ff0000, 0xe6ff0000, 0x00000000, 0x00000000, 0xc9ff0000, 0xd9ffbcfe, 0x00000000, 0x00000000, 0x00000000, 
    0x38ff0000, 0x00000000, 0x00000000, 0x00000000, 0x00000000, 0x00000000, 0x00000000, 0x00000000, 0x00000000, 0x00000000, 0x00000000, 0xf5ff0000, 
    0x00000000, 0x00000000, 0x00000000, 0x00000000, 0x00000000, 0x00000000, 0x00000000, 0x00000000, 0x00000000, 0x0000bfff, 0xd4ff0000, 0x00001300, 
    0x7bfff2ff, 0xedfecaff, 0x130011ff, 0x00000000, 0x00000000, 0x0000daff, 0x0000b0fe, 0x3fff71ff, 0x00003bff, 0x00000000, 0x51ff0000, 0x00000000, 
    0x00000000, 0x00000000, 0x000091ff, 0x0000c5ff, 0xc3ffecff, 0x88ff0000, 0x0000ceff, 0x00000000, 0x00000000, 0xb0ff0000, 0x00000000, 0x00000000, 
    0x95ff0000, 0x00000000, 0x00000000, 0x00000000, 0x00000000, 0x00000000, 0x00000000, 0x00000000, 0x00000000, 0xecff0000, 0x00000000, 0x0000ecff, 
    0x00000000, 0x00000000, 0x00000000, 0x00000000, 0x00000000, 0x00000000, 0x00000000, 0x00000000, 0x00000000, 0x00000000, 0xd8ff0000, 0x00000000, 
    0x00000000, 0x00000000, 0x00000000, 0x00000000, 0x0000e1ff, 0xe1ff0000, 0xd5ffedff, 0xe7ffdfff, 0x00000000, 0x00000e00, 0x0000cbff, 0x00000000, 
    0x00000000, 0x00000000, 0x00000000, 0x00000000, 0x85ff0000, 0x00000000, 0x00000000, 0x0000c4ff, 0x00000000, 0x00000000, 0x00000000, 0x00000000, 
    0x00000000, 0x00000000, 0x00000000, 0xe5ff0000, 0x0000c9ff, 0x00000000, 0x00000000, 0x00000000, 0x00000000, 0x00000000, 0x00000000, 0x00000000, 
    0xe8ff0000, 0x00000000, 0x00000000, 0x0000f3ff, 0x00000000, 0xf3ffd4ff, 0xd2ff0000, 0xb5ffe4ff, 0xd9ffd2ff, 0x0000f5ff, 0x00000000, 0x0000b4ff, 
    0x00000000, 0x00000000, 0x00000000, 0x00000000, 0x00000000, 0x1fff0000, 0x00000000, 0x00000000, 0x0000dbff, 0x00000000, 0x00000000, 0x00000000, 
    0x00000000, 0x00000000, 0x00000000, 0x0000ebff, 0x00000000, 0x00000000, 0x00000000, 0x00000000, 0x00000000, 0x00000000, 0x00000000, 0x00000000, 
    0x00000000, 0x00000000, 0x00000000, 0x00000000, 0x00000000, 0x00000000, 0x00000000, 0x00000000, 0x00000000, 0x00000000, 0x0000ddff, 0x00000000, 
    0x00000000, 0x00000000, 0x00000000, 0x79ff0000, 0x0000f5ff, 0x00000000, 0x00000000, 0x00000000, 0x00000000, 0x00000000, 0x0000d9ff, 0x00000000, 
    0x00000000, 0x00000000, 0x00000000, 0x00000000, 0x00000000, 0xf5fe0000, 0x0000adff, 0x00000000, 0xf0ff0000, 0x00000000, 0xc9ffc0ff, 0x00000000, 
    0xf5ff0000, 0x00000000, 0xc8ff0000, 0x00000000, 0x0000e7ff, 0x0000ebff, 0x00000000, 0x00000000, 0x00000000, 0x00000000, 0x00000000, 0x00000000, 
    0x00000000, 0x00000000, 0x00000000, 0x00000000, 0x56ff0000, 0x00000000, 0x00000000, 0x00000000, 0x00000000, 0x00000000, 0x00000000, 0x00000000, 
    0x00000000, 0x44ff0000, 0x33ffbdff, 0x4bff44ff, 0x2cff3eff, 0x72ff0000, 0x07000000, 0x00000700, 0x86ff27ff, 0x0000d1ff, 0x00000000, 0x6aff0000, 
    0x00000500, 0x92ff0000, 0x0fff7afe, 0x07000000, 0x62fe0000, 0x0cff0000, 0x00000000, 0x00000000, 0x00000000, 0x00000000, 0x00000000, 0x00000000, 
    0x00000000, 0x00000000, 0x00000000, 0x00000000, 0x00000000, 0x00000000, 0x00000000, 0x00000d00, 0x00000000, 0x00000000, 0x00000000, 0x00000000, 
    0x00000000, 0x00000000, 0x00000000, 0x00000000, 0x00000000, 0x00000000, 0x0000efff, 0x00000000, 0x00000000, 0x00000000, 0x00000000, 0x0000ecff, 
    0x00000000, 0xb4ff0000, 0x0000bbff, 0x00000000, 0x00000000, 0x00000000, 0x00000000, 0x00000000, 0x0000d5ff, 0xe9ffbdff, 0xbdff9aff, 0xa5ff0000, 
    0x000091ff, 0x00000000, 0x12001200, 0xd2ff0000, 0x00000000, 0x00000000, 0x00000000, 0x00000000, 0x00000000, 0x6dfecaff, 0x0000bbff, 0x00000000, 
    0x000089ff, 0x0000e9ff, 0x00000000, 0x9a000200, 0x06000600, 0x0b000000, 0x01000b00, 0x10001000, 0x12000200, 0x03001200, 0x29002500, 0x2c000400, 
    0x09003400, 0x3e003800, 0x45001200, 0x19004700, 0x49004900, 0x4c001c00, 0x1d004c00, 0x54005100, 0x56001e00, 0x22005600, 0x5a005a00, 0x5c002300, 
    0x24005e00, 0x8a008a00, 0x96002700, 0x28009600, 0xb400b100, 0xbd002900, 0x2d00bd00, 0xc100c100, 0xc7002e00, 0x2f00c700, 0xd500d400, 0xd7003000, 
    0x3200d700, 0xda00da00, 0xdc003300, 0x3400de00, 0xe600e000, 0xec003700, 0x3e00ec00, 0xee00ee00, 0xf7003f00, 0x4000f700, 0xfc00fc00, 0xfe004100, 
    0x4200ff00, 0x05010401, 0x0a014400, 0x46000a01, 0x0d010d01, 0x18014700, 0x48001a01, 0x30012e01, 0x33014b00, 0x4e003501, 0x37013701, 0x39015100, 
    0x52003901, 0x3b013b01, 0x43015300, 0x54004401, 0x54015401, 0x56015600, 0x57005601, 0x58015801, 0x5c015800, 0x59005e01, 0x8a018401, 0x8e015c00, 
    0x63008f01, 0xd801d801, 0xdd016500, 0x6600dd01, 0xe101e001, 0xeb016700, 0x6900ed01, 0xff01ff01, 0x0e026c00, 0x6d001002, 0x30023002, 0x33027000, 
    0x71003302, 0x45024502, 0x47027200, 0x73004802, 0x7b027a02, 0x7d027500, 0x77007d02, 0xa5027f02, 0xaa027800, 0x9f00af02, 0xc402b402, 0xc602a500, 
    0xb600cf02, 0xda02d802, 0xdc02c000, 0xc300dc02, 0xde02de02, 0xe002c400, 0xc500e002, 0xe202e202, 0xe502c600, 0xc700e502, 0xe702e702, 0xe902c800, 
    0xc900e902, 0xeb02eb02, 0xed02ca00, 0xcb00ed02, 0xef02ef02, 0xf102cc00, 0xcd00fd02, 0xff02ff02, 0x0103da00, 0xdb000103, 0x03030303, 0x0e03dc00, 
    0xdd000e03, 0x10031003, 0x1203de00, 0xdf001203, 0x14031403, 0x1603e000, 0xe1001603, 0x18031803, 0x1a03e200, 0xe3001a03, 0x1c031c03, 0x1e03e400, 
    0xe5001e03, 0x20032003, 0x2203e600, 0xe7002a03, 0x38032f03, 0x4303f000, 0xfa004703, 0x4f034d03, 0x5403ff00, 0x02015403, 0x69036503, 0x6d030301, 
    0x08016f03, 0x78037803, 0x86030b01, 0x0c018b03, 0x9d038e03, 0xa0031201, 0x2201a003, 0xa403a403, 0xa6032301, 0x2401a603, 0xaa03aa03, 0xad032501, 
    0x2601ae03, 0xb903b003, 0xbb032801, 0x3201bd03, 0xc403bf03, 0xc6033501, 0x3b01cc03, 0xd303d203, 0xd5034201, 0x4401d503, 0xd703d703, 0xd9034501, 
    0x4601dc03, 0xe403df03, 0xe6034a01, 0x5001e603, 0xeb03ea03, 0xf0035101, 0x5301fb03, 0xff03fe03, 0x01045f01, 0x61010404, 0x0c040b04, 0x10046501, 
    0x67011004, 0x18041204, 0x1e046801, 0x6f014604, 0x48044804, 0x4a049801, 0x99015704, 0x5f045f04, 0x6204a701, 0xa8016204, 0x64046404, 0x7004a901, 
    0xaa017504, 0x77047704, 0x7b04b001, 0xb1017c04, 0x7f047f04, 0x8104b301, 0xb4018204, 0x84048404, 0x8604b601, 0xb7018604, 0x9b049704, 0x9d04b801, 
    0xbd019d04, 0xa0049f04, 0xa204be01, 0xc001a204, 0xa804a604, 0xaa04c101, 0xc401aa04, 0xae04ac04, 0xb004c501, 0xc801b004, 0xb204b204, 0xb404c901, 
    0xca01ba04, 0xbc04bc04, 0xbf04d101, 0xd201bf04, 0xc604c104, 0xc804d301, 0xd901cb04, 0xcf04cf04, 0xd204dd01, 0xde01d204, 0xd804d804, 0xdd04df01, 
    0xe001dd04, 0xe804e804, 0xea04e101, 0xe201ea04, 0xf104f104, 0xf504e301, 0xe401f504, 0x74010200, 0x06000600, 0x0b001900, 0x19000b00, 0x10001000, 
    0x12002100, 0x21001200, 0x25002500, 0x26000200, 0x1c002600, 0x27002700, 0x28001300, 0x01002800, 0x29002900, 0x2e000500, 0x0a002e00, 0x2f002f00, 
    0x30000b00, 0x18003000, 0x33003300, 0x34000100, 0x16003400, 0x38003800, 0x39000e00, 0x0a003900, 0x3a003a00, 0x3b001d00, 0x1b003b00, 0x3c003c00, 
    0x3d001200, 0x0c003d00, 0x3e003e00, 0x45001100, 0x06004500, 0x46004600, 0x47000700, 0x17004700, 0x49004900, 0x4c000800, 0x04004c00, 0x52005100, 
    0x53000400, 0x03005300, 0x54005400, 0x56000700, 0x15005600, 0x5a005a00, 0x5c000900, 0x14005c00, 0x5d005d00, 0x5e000900, 0x10005e00, 0x8a008a00, 
    0x96000700, 0x01009600, 0xb100b100, 0xb2002200, 0x0200b200, 0xb300b300, 0xb4000100, 0x0200b400, 0xbd00bd00, 0xc1000900, 0x0400c100, 0xc700c700, 
    0xd4000700, 0x2000d500, 0xda00da00, 0xde001200, 0x2500de00, 0xe400e400, 0xe6002000, 0x2000e600, 0xec00ec00, 0xee001a00, 0x1400ee00, 0xf700f700, 
    0xfc000700, 0x1f00fc00, 0xfe00fe00, 0xff001f00, 0x0700ff00, 0x05010401, 0x0a011f00, 0x1f000a01, 0x0d010d01, 0x18010200, 0x03001801, 0x19011901, 
    0x1a011d00, 0x09001a01, 0x2e012e01, 0x2f010700, 0x22002f01, 0x30013001, 0x33011a00, 0x12003301, 0x34013401, 0x35011400, 0x0b003501, 0x37013701, 
    0x39010b00, 0x0b003901, 0x43014301, 0x44011200, 0x14004401, 0x58015801, 0x5c010100, 0x1a005c01, 0x5d015d01, 0x5e011200, 0x14005e01, 0x85018401, 
    0x86011900, 0x21008601, 0x89018701, 0x8a011900, 0x21008a01, 0x8f018e01, 0xd8012100, 0x2300d801, 0xdd01dd01, 0xe0010d00, 0x2400e001, 0xe101e101, 
    0xeb011e00, 0x0f00eb01, 0xec01ec01, 0xed010d00, 0x0f00ed01, 0xff01ff01, 0x0e021e00, 0x1e001002, 0x30023002, 0x33020d00, 0x0f003302, 0x45024502, 
    0x47021300, 0x01004802, 0x7b027a02, 0x7d020100, 0x0e007d02, 0x85027f02, 0x86020200, 0x13008602, 0x8a028702, 0x90020500, 0x01009402, 0x98029502, 
    0x99020a00, 0x0c009902, 0xa0029a02, 0xa1020600, 0x1700a102, 0xa502a202, 0xaa020800, 0x0400aa02, 0xaf02ab02, 0xb4020300, 0x0900b502, 0xb602b602, 
    0xb7020200, 0x0600b702, 0xb802b802, 0xb9020200, 0x0600b902, 0xba02ba02, 0xbb020200, 0x0600bb02, 0xbc02bc02, 0xbd021300, 0x1700bd02, 0xbe02be02, 
    0xbf021300, 0x1700bf02, 0xc002c002, 0xc1021300, 0x1700c102, 0xc202c202, 0xc3021300, 0x1700c302, 0xc402c402, 0xc6020100, 0x0500c602, 0xc702c702, 
    0xc8020800, 0x0500c802, 0xc902c902, 0xca020800, 0x0500ca02, 0xcb02cb02, 0xcc020800, 0x0500cc02, 0xcd02cd02, 0xce020800, 0x0500ce02, 0xcf02cf02, 
    0xd9020800, 0x0400d902, 0xe502e502, 0xe7020a00, 0x0b00e702, 0xe902e902, 0xeb021800, 0x1800eb02, 0xed02ed02, 0xef021800, 0x1800ef02, 0xf202f202, 
    0xf4020400, 0x0400f402, 0xf702f602, 0xf8020400, 0x0100f802, 0xf902f902, 0xfa020300, 0x0100fa02, 0xfb02fb02, 0xfc020300, 0x0100fc02, 0xfd02fd02, 
    0xff020300, 0x1500ff02, 0x01030103, 0x03031500, 0x15000303, 0x0e030e03, 0x10030e00, 0x0e001003, 0x12031203, 0x14030e00, 0x0a001403, 0x16031603, 
    0x18030a00, 0x0a001803, 0x1a031a03, 0x1c030a00, 0x0a001c03, 0x1e031e03, 0x20030a00, 0x1b002003, 0x22032203, 0x23030c00, 0x09002303, 0x24032403, 
    0x25030c00, 0x11002503, 0x26032603, 0x27031000, 0x11002703, 0x28032803, 0x29031000, 0x11002903, 0x2a032a03, 0x2f031000, 0x0d003003, 0x31033103, 
    0x32032300, 0x0f003803, 0x47034303, 0x4d030d00, 0x0f004f03, 0x54035403, 0x65030d00, 0x1e006503, 0x69036603, 0x6d032400, 0x0d006f03, 0x78037803, 
    0x86032300, 0x02008603, 0x87038703, 0x8a030500, 0x01008a03, 0x8b038b03, 0x8e030c00, 0x02008e03, 0x8f038f03, 0x90031c00, 0x05009003, 0x91039103, 
    0x94031100, 0x0b009403, 0x97039703, 0x98030100, 0x16009803, 0x99039903, 0x9a030e00, 0x0c009a03, 0x9b039b03, 0x9d031200, 0x0c009d03, 0xa003a003, 
    0xa4030400, 0x0300a403, 0xa603a603, 0xaa030900, 0x0300aa03, 0xad03ad03, 0xae030500, 0x2200ae03, 0xb203b203, 0xb3030a00, 0x0b00b403, 0xb503b503, 
    0xb6032500, 0x0200b603, 0xb703b703, 0xb8031c00, 0x2200b803, 0xb903b903, 0xbd030500, 0x0100bd03, 0xbf03bf03, 0xc0031600, 0x1300c003, 0xc103c103, 
    0xc2030e00, 0x1200c203, 0xc303c303, 0xc4030600, 0x0800c403, 0xc603c603, 0xc7030300, 0x0700c703, 0xc803c803, 0xc9031700, 0x0900c903, 0xca03ca03, 
    0xcb031400, 0x0800cb03, 0xcc03cc03, 0xd2031a00, 0x0900d203, 0xd303d303, 0xd5031b00, 0x1b00d503, 0xd703d703, 0xd9031b00, 0x0c00d903, 0xda03da03, 
    0xdb030900, 0x1900dc03, 0xdf03df03, 0xe1031900, 0x0400e103, 0xe203e203, 0xe3030200, 0x0600e303, 0xe403e403, 0xe6030500, 0x0800e603, 0xea03ea03, 
    0xeb031d00, 0x0900eb03, 0xf003f003, 0xf1031300, 0x1700f103, 0xf203f203, 0xf3030c00, 0x0900f303, 0xf503f503, 0xf6031200, 0x1400f603, 0xf803f803, 
    0xf9030200, 0x0600f903, 0xfa03fa03, 0xfb030200, 0x0600fb03, 0xfe03fe03, 0xff030500, 0x0800ff03, 0x02040104, 0x03040800, 0x12000304, 0x04040404, 
    0x0b041400, 0x01000b04, 0x0c040c04, 0x10040300, 0x03001004, 0x12041204, 0x13040700, 0x25001304, 0x14041404, 0x15040900, 0x25001504, 0x16041604, 
    0x17040900, 0x25001704, 0x18041804, 0x1e040900, 0x02001e04, 0x1f041f04, 0x20040600, 0x02002004, 0x21042104, 0x22040600, 0x02002204, 0x23042304, 
    0x24040600, 0x02002404, 0x25042504, 0x26040600, 0x02002604, 0x27042704, 0x28040600, 0x02002804, 0x29042904, 0x2a040600, 0x02002a04, 0x2b042b04, 
    0x2c040600, 0x02002c04, 0x2d042d04, 0x2e040600, 0x02002e04, 0x2f042f04, 0x30040600, 0x02003004, 0x31043104, 0x32040600, 0x02003204, 0x33043304, 
    0x34040600, 0x02003404, 0x35043504, 0x36040600, 0x05003604, 0x37043704, 0x38040800, 0x05003804, 0x39043904, 0x3a040800, 0x05003a04, 0x3b043b04, 
    0x3c040800, 0x05003c04, 0x3d043d04, 0x3e040800, 0x05003e04, 0x3f043f04, 0x40040800, 0x05004004, 0x41044104, 0x42040800, 0x05004204, 0x43044304, 
    0x44040800, 0x05004404, 0x45044504, 0x4a040800, 0x01004a04, 0x4b044b04, 0x4c040300, 0x01004c04, 0x4d044d04, 0x4e040300, 0x01004e04, 0x4f044f04, 
    0x50040300, 0x01005004, 0x51045104, 0x52040300, 0x01005204, 0x53045304, 0x54040300, 0x01005404, 0x55045504, 0x56040300, 0x01005604, 0x57045704, 
    0x5f040300, 0x03005f04, 0x62046204, 0x64040a00, 0x0a006404, 0x70047004, 0x71040c00, 0x09007104, 0x72047204, 0x73040c00, 0x09007304, 0x74047404, 
    0x75040c00, 0x09007504, 0x77047704, 0x7b040e00, 0x22007b04, 0x7c047c04, 0x7f041a00, 0x04007f04, 0x81048104, 0x82042000, 0x22008204, 0x84048404, 
    0x86040b00, 0x0c008604, 0x98049804, 0x99040400, 0x02009904, 0x9a049a04, 0x9b040600, 0x05009b04, 0x9f049f04, 0xa0040100, 0x0300a004, 0xa204a204, 
    0xa6041500, 0x1c00a604, 0xa704a704, 0xa8040700, 0x0100a804, 0xaa04aa04, 0xad040100, 0x0400ad04, 0xae04ae04, 0xb0040b00, 0x0b00b004, 0xb204b204, 
    0xb5041800, 0x0400b504, 0xb704b704, 0xb8040400, 0x0100b804, 0xb904b904, 0xba041600, 0x0700ba04, 0xbc04bc04, 0xbf041500, 0x0e00bf04, 0xc104c104, 
    0xc2040a00, 0x1d00c204, 0xc304c304, 0xc4040900, 0x1d00c404, 0xc504c504, 0xc6040900, 0x1b00c604, 0xc804c804, 0xc9041100, 0x1000c904, 0xca04ca04, 
    0xcb040100, 0x0f00cb04, 0xcf04cf04, 0xd2040d00, 0x0f00d204, 0xd804d804, 0xdd041e00, 0x2300dd04, 0xe804e804, 0xea041e00, 0x0f00ea04, 0xf104f104, 
    0xf5040d00, 0x2300f504, 0x06000100, 0x1400f504, 0x00000000, 0x00000000, 0x00001400, 0x00000000, 0x1a000000, 0x1a001f00, 0x00000000, 0x00000000, 
    0x00000000, 0x00000000, 0x00000000, 0x00000000, 0x00000000, 0x00000000, 0x00000000, 0x00000600, 0x00000200, 0x00000000, 0x00000200, 0x23000000, 
    0x00000000, 0x00000000, 0x00000200, 0x00000200, 0x0b001000, 0x1d000a00, 0x11001600, 0x13000c00, 0x00000000, 0x00000000, 0x00000000, 0x00000700, 
    0x01000100, 0x00000100, 0x00000100, 0x00000000, 0x00000000, 0x03000300, 0x03000400, 0x00000100, 0x00000e00, 0x09000500, 0x15000000, 0x0f000900, 
    0x00000000, 0x00000000, 0x00000000, 0x00000000, 0x00000000, 0x00000000, 0x00000000, 0x00000000, 0x00000000, 0x00000000, 0x00000000, 0x00000000, 
    0x00000000, 0x00000000, 0x00000000, 0x00000000, 0x00000000, 0x00000000, 0x00000200, 0x00000000, 0x00000000, 0x00000000, 0x00000000, 0x00000000, 
    0x00000000, 0x00000000, 0x01000200, 0x00000000, 0x02000000, 0x00000100, 0x00000500, 0x00000000, 0x00000000, 0x00000000, 0x00000000, 0x00000000, 
    0x00000000, 0x00000000, 0x00000000, 0x00000000, 0x00000000, 0x06000000, 0x06000200, 0x00000000, 0x00000000, 0x00000000, 0x00000100, 0x00000900, 
    0x00000000, 0x00000300, 0x00000000, 0x00000000, 0x01000000, 0x00000100, 0x00000500, 0x00000000, 0x00000000, 0x0b000000, 0x19000200, 0x0b000000, 
    0x00000000, 0x11000000, 0x00000000, 0x22001900, 0x00000000, 0x00002000, 0x00000000, 0x00000000, 0x00000000, 0x00000000, 0x03000000, 0x15000000, 
    0x03000000, 0x1b000300, 0x03000300, 0x00000300, 0x03000100, 0x03002100, 0x00000300, 0x03000000, 0x03000000, 0x00000000, 0x1b000100, 0x00000300, 
    0x02000000, 0x00000000, 0x00000000, 0x00000600, 0x00000000, 0x00000000, 0x00000000, 0x00000000, 0x04000200, 0x09001d00, 0x00000200, 0x01000200, 
    0x00000200, 0x01000200, 0x00000000, 0x00000000, 0x00000000, 0x00000000, 0x00000300, 0x00000000, 0x00000000, 0x00000000, 0x15001100, 0x03000000, 
    0x00000000, 0x00000b00, 0x03000000, 0x03000000, 0x00000000, 0x01000200, 0x15001100, 0x00000b00, 0x21002000, 0x00000000, 0x00000000, 0x00000000, 
    0x19000000, 0x00001b00, 0x00000300, 0x00000300, 0x00000300, 0x00000000, 0x03000000, 0x15001100, 0x01000000, 0x00000100, 0x00000000, 0x19000000, 
    0x00000000, 0x02000000, 0x00000100, 0x00000000, 0x1b001900, 0x00000000, 0x00000000, 0x00000000, 0x00000000, 0x00000000, 0x00000000, 0x00000000, 
    0x00000000, 0x1f001f00, 0x14000000, 0x1a001400, 0x14001400, 0x1a001400, 0x00000000, 0x1a000000, 0x00001a00, 0x00000000, 0x00000000, 0x00000000, 
    0x00000000, 0x00000000, 0x00000000, 0x00000000, 0x00000000, 0x00000000, 0x00000000, 0x00000000, 0x00000000, 0x00000000, 0x00000000, 0x00000000, 
    0x00000000, 0x00000000, 0x00000000, 0x00000000, 0x00000000, 0x00000000, 0x00000000, 0x00000000, 0x00000000, 0x00000e00, 0x00000000, 0x00000000, 
    0x00000000, 0x00000000, 0x00000000, 0x00000000, 0x00000000, 0x00000000, 0x1c001700, 0x00002400, 0x18001200, 0x00001e00, 0x00000800, 0x00000800, 
    0x00000000, 0x00000000, 0x00000000, 0x00000800, 0x00000000, 0x00000000, 0x08000d00, 0x00000d00, 0x00000000, 0x00000000, 0x18000000, 0x00000800, 
    0x18000000, 0x00000000, 0x1c000000, 0x00000000, 0x00000000, 0x00000000, 0x00000000, 0x00000000, 0x00000000, 0x00000000, 0x00000000, 0x00001c00, 
    0x18000000, 0x17000800, 0x18001c00, 0x00000000, 0x00000000, 0x08000000, 0x00000000, 0x00000000, 0x00000000, 0x00000000, 0x00000000, 0x00000000, 
    0x00000000, 0x00000000, 0x00000000, 0x00000000, 0x00000000, 0x00000800, 0x00000d00, 0x00000000, 0x00000000, 0x00000000, 0x00000000, 0x00000000, 
    0x00000000, 0x00000000, 0x00000000, 0x02000200, 0x02000000, 0x00000200, 0x00000000, 0x00000000, 0x00000000, 0x00000000, 0x00000000, 0x00000000, 
    0x00000000, 0x00000000, 0x00000000, 0x00000000, 0x00000000, 0x00000000, 0x00000000, 0x00000000, 0x00000000, 0x00000000, 0x00000000, 0x00000000, 
    0x00000000, 0x00000000, 0x00000000, 0x00000000, 0x00000000, 0x00001f00, 0x00000000, 0x00000000, 0x06000600, 0x06000600, 0x06000600, 0x02000600, 
    0x00000000, 0x00000000, 0x00000000, 0x00000000, 0x02000000, 0x02000200, 0x02000200, 0x0a000a00, 0x0a000a00, 0x07000c00, 0x07000700, 0x07000700, 
    0x07000700, 0x01000100, 0x01000100, 0x00000100, 0x00000000, 0x03000000, 0x04000400, 0x04000400, 0x05000400, 0x05000500, 0x09000500, 0x06000900, 
    0x06000700, 0x06000700, 0x02000700, 0x02000100, 0x02000100, 0x02000100, 0x00000100, 0x00000100, 0x00000100, 0x00000100, 0x00000100, 0x00000100, 
    0x02000100, 0x02000100, 0x02000100, 0x02000100, 0x00000100, 0x00000000, 0x00000000, 0x00000000, 0x00000000, 0x00000000, 0x00000000, 0x00002300, 
    0x00000000, 0x00000000, 0x00000000, 0x00000000, 0x00000000, 0x03000000, 0x03000000, 0x03000000, 0x02000300, 0x02000400, 0x02000400, 0x00000400, 
    0x00000000, 0x00000000, 0x10000000, 0x10000e00, 0x10000e00, 0x10000e00, 0x10000e00, 0x0b000e00, 0x0b000000, 0x0b000000, 0x0a000000, 0x0a000500, 
    0x0a000500, 0x0a000500, 0x0a000500, 0x0a000500, 0x16000500, 0x0c000000, 0x0c000900, 0x0f001300, 0x0f001300, 0x0f001300, 0x00000000, 0x00000200, 
    0x00000000, 0x0d000000, 0x0d000d00, 0x0d000d00, 0x0d000d00, 0x00000800, 0x00000000, 0x00000000, 0x00000000, 0x00000000, 0x08000800, 0x08000800, 
    0x12000800, 0x12001200, 0x17001200, 0x0d000d00, 0x08000d00, 0x08000800, 0x00000800, 0x00000000, 0x00000000, 0x08000000, 0x08000800, 0x00000800, 
    0x00000000, 0x00000000, 0x00000000, 0x00000000, 0x00000000, 0x00000000, 0x00000000, 0x08000800, 0x00000800, 0x00000000, 0x1e001e00, 0x1e001e00, 
    0x18000000, 0x12000000, 0x12001200, 0x12001200, 0x24001200, 0x17001700, 0x00000000, 0x06000000, 0x00000000, 0x02000000, 0x00000c00, 0x06000000, 
    0x00000000, 0x00001300, 0x00000000, 0x00000000, 0x00000200, 0x0c000000, 0x00001100, 0x01000c00, 0x03000000, 0x05000000, 0x04000000, 0x09000000, 
    0x00000000, 0x04000500, 0x00000500, 0x00000000, 0x00000000, 0x23000000, 0x00000000, 0x06002200, 0x00000000, 0x00000000, 0x00000000, 0x00000200, 
    0x02000000, 0x11000b00, 0x01000700, 0x04000300, 0x01000300, 0x15000900, 0x03000100, 0x00000e00, 0x00000000, 0x09000300, 0x00001600, 0x00001600, 
    0x00001600, 0x09000c00, 0x14001400, 0x00000000, 0x00001400, 0x06000300, 0x00000700, 0x01000000, 0x00000300, 0x1d000000, 0x01000900, 0x00000200, 
    0x02000000, 0x0c000100, 0x00000900, 0x15001100, 0x06000000, 0x06000700, 0x00000700, 0x00000000, 0x00000100, 0x01000100, 0x15001100, 0x00000000, 
    0x03000000, 0x03000000, 0x04000200, 0x01000200, 0x04000200, 0x00000000, 0x09002200, 0x09002200, 0x09002200, 0x21002000, 0x03000000, 0x06000100, 
    0x06000700, 0x06000700, 0x06000700, 0x06000700, 0x06000700, 0x06000700, 0x06000700, 0x06000700, 0x06000700, 0x06000700, 0x06000700, 0x00000700, 
    0x00000100, 0x00000100, 0x00000100, 0x00000100, 0x00000100, 0x00000100, 0x00000100, 0x00000100, 0x00000000, 0x02000000, 0x02000400, 0x02000400, 
    0x02000400, 0x02000400, 0x02000400, 0x02000400, 0x02000400, 0x02000100, 0x02000100, 0x02000100, 0x02000400, 0x0a000100, 0x0a000500, 0x00000500, 
    0x00000500, 0x00000500, 0x00000500, 0x00000500, 0x0c000500, 0x0c000900, 0x0c000900, 0x00000900, 0x00000b00, 0x21002000, 0x03000000, 0x00000000, 
    0x00000000, 0x00000000, 0x00000000, 0x0c000000, 0x00000000, 0x00000000, 0x1f000000, 0x00000000, 0x00000000, 0x00000000, 0x00000000, 0x00000000, 
    0x03000000, 0x07000600, 0x01000000, 0x00000000, 0x04000200, 0x00000000, 0x05000000, 0x00000000, 0x00000000, 0x00000100, 0x00000100, 0x00000000, 
    0x00000000, 0x00000000, 0x00000000, 0x00000300, 0x02000300, 0x00000000, 0x00000000, 0x0e001000, 0x00000b00, 0x1d000a00, 0x1d000900, 0x16000900, 
    0x13000000, 0x00000f00, 0x00000d00, 0x00000000, 0x17000800, 0x0d000000, 0x00000000, 0x00000000, 0x00000000, 0x00000000, 0x00000000, 0x17000000, 
    0x00001c00, 0x00001700, 0x00000000, 0x00000000, 0x00000000, 0x0d000000, 0x00000000, 0x00000000, 0x00000000, 0x00000800, 0x08000000, 0x1c001800, 
    0x00000000, 0x17000800, 0x00000100, 0x62010a00, 0x04009202, 0x544c4644, 0x79631a00, 0x1a006c72, 0x6b657267, 0x616c1a00, 0x48006e74, 0x00000400, 
    0xffff0000, 0x00001200, 0x02000100, 0x04000300, 0x0c000800, 0x0e000d00, 0x10000f00, 0x12001100, 0x14001300, 0x16001500, 0x2e001700, 0x5a410700, 
    0xe4002045, 0x20545243, 0x5246e400, 0x5a002041, 0x204c4f4d, 0x414eb600, 0x88002056, 0x204d4f52, 0x5254b600, 0xe400204b, 0xffff0000, 0x00001300, 
    0x02000100, 0x04000300, 0x08000700, 0x0d000c00, 0x0f000e00, 0x11001000, 0x13001200, 0x15001400, 0x17001600, 0xffff0000, 0x00001400, 0x02000100, 
    0x04000300, 0x08000600, 0x0c000900, 0x0e000d00, 0x10000f00, 0x12001100, 0x14001300, 0x16001500, 0x00001700, 0x1400ffff, 0x01000000, 0x03000200, 
    0x06000400, 0x0b000800, 0x0d000c00, 0x0f000e00, 0x11001000, 0x13001200, 0x15001400, 0x17001600, 0xffff0000, 0x00001400, 0x02000100, 0x04000300, 
    0x08000600, 0x0c000a00, 0x0e000d00, 0x10000f00, 0x12001100, 0x14001300, 0x16001500, 0x00001700, 0x1300ffff, 0x01000000, 0x03000200, 0x05000400, 
    0x0c000800, 0x0e000d00, 0x10000f00, 0x12001100, 0x14001300, 0x16001500, 0x18001700, 0x63733263, 0x63639200, 0x9800706d, 0x67696c64, 0x6e64a000, 
    0xa6006d6f, 0x63617266, 0x696cac00, 0xb6006167, 0x6167696c, 0x696cbc00, 0xc8006167, 0x6d756e6c, 0x6f6cd000, 0xd6006c63, 0x6c636f6c, 0x6f6cdc00, 
    0xe2006c63, 0x726d756e, 0x6e6fe800, 0xee006d75, 0x6d756e70, 0x6d73f400, 0xfa007063, 0x31307373, 0x73730001, 0x06013230, 0x33307373, 0x73730c01, 
    0x12013430, 0x35307373, 0x73731801, 0x1e013630, 0x37307373, 0x6e742401, 0x2a016d75, 0x01000000, 0x00000000, 0x02000200, 0x00000400, 0x0a000100, 
    0x01000000, 0x00001800, 0x16000300, 0x19001700, 0x01000000, 0x00000900, 0x08000400, 0x08000900, 0x00000900, 0x08000200, 0x00000900, 0x15000100, 
    0x01000000, 0x00000700, 0x05000100, 0x01000000, 0x00000600, 0x19000100, 0x01000000, 0x00001200, 0x13000100, 0x01000000, 0x00000100, 0x0b000100, 
    0x01000000, 0x00000c00, 0x0d000100, 0x01000000, 0x00000e00, 0x0f000100, 0x01000000, 0x00001000, 0x11000100, 0x01000000, 0x1a001400, 0x30043600, 
    0xa008ee07, 0x6e0fca08, 0xae0f840f, 0xe60fc20f, 0x4c101010, 0x74106010, 0x9a108810, 0xf610b410, 0x66111411, 0x0e12ac11, 0x80126c12, 0xd212b012, 
    0x00000100, 0x08000100, 0xfa010200, 0xe701fa00, 0xd1017102, 0xcf01d001, 0xcd01ce01, 0xcb01cc01, 0xc901ca01, 0x3302c801, 0x31023202, 0x28023002, 
    0xe501e601, 0xe301e401, 0xe101e201, 0xdf01e001, 0xdd01de01, 0xdb01dc01, 0xd901da01, 0xd701d801, 0xd501d601, 0xd301d401, 0xe801d201, 0x7302e901, 
    0x74027502, 0x72027602, 0x52027702, 0xeb01ea01, 0xed01ec01, 0xef01ee01, 0xf101f001, 0xf301f201, 0xf501f401, 0xf701f601, 0xf901f801, 0xfb01fa01, 
    0xfd01fc01, 0x0002fe01, 0xfe040102, 0x03020202, 0x05020402, 0x07020602, 0x09020802, 0x0b020a02, 0x0d023b02, 0x0f020e02, 0xf8041002, 0x13021102, 
    0x15021402, 0x17021602, 0x19021802, 0x1c021b02, 0x1d021e02, 0x30032f03, 0x32033103, 0x34033303, 0x36033503, 0x38033703, 0x3a033903, 0x3c033b03, 
    0x3e033d03, 0x40033f03, 0x42034103, 0x44034303, 0x46034503, 0x48034703, 0x4a034903, 0x4c034b03, 0x4e034d03, 0x50034f03, 0x52035103, 0x54035303, 
    0x56035503, 0x58035703, 0x5a035903, 0x5c035b03, 0x5e035d03, 0x60035f03, 0x62036103, 0xff046303, 0x65036403, 0x67036603, 0x69036803, 0x6b036a03, 
    0x6d036c03, 0x6f036e03, 0x71037003, 0x73037203, 0x75037403, 0x76030205, 0x79037703, 0x7a037803, 0x7c037b03, 0x7e037d03, 0x80037f03, 0x82038103, 
    0x84038303, 0x00058503, 0xcb040105, 0xcd04cc04, 0xcf04ce04, 0xd104d004, 0xd304d204, 0xd504d404, 0xd704d604, 0xd904d804, 0xdb04da04, 0xdd04dc04, 
    0xdf04de04, 0xe104e004, 0xe304e204, 0xe504e404, 0xe704e604, 0xe804ff01, 0xea04e904, 0xec04eb04, 0xee04ed04, 0xf004ef04, 0xf204f104, 0xf404f304, 
    0xf604f504, 0x04050305, 0x06050505, 0xf904f704, 0xfc04fa04, 0xfd041a02, 0x0c02fb04, 0x0b051202, 0x01000c05, 0x0800fa00, 0x14000a00, 0x16001500, 
    0x18001700, 0x1a001900, 0x1c001b00, 0x25001d00, 0x27002600, 0x29002800, 0x2b002a00, 0x2d002c00, 0x2f002e00, 0x31003000, 0x33003200, 0x35003400, 
    0x37003600, 0x39003800, 0x3b003a00, 0x3d003c00, 0x65003e00, 0x81006700, 0x84008300, 0x8f008c00, 0x93009100, 0xb200b100, 0xb400b300, 0xb600b500, 
    0xb800b700, 0xba00b900, 0xd300d200, 0xd500d400, 0xd700d600, 0xd900d800, 0xdb00da00, 0xdd00dc00, 0xdf00de00, 0xe100e000, 0xe300e200, 0xe500e400, 
    0xe700e600, 0xe900e800, 0x33012f01, 0x37013501, 0x3b013901, 0x43014101, 0x49014501, 0x4c014b01, 0x59015801, 0x9d019701, 0xa501a201, 0x7b027a02, 
    0x7f027d02, 0x81028002, 0x83028202, 0x85028402, 0x87028602, 0x89028802, 0x8b028a02, 0x8d028c02, 0x8f028e02, 0x91029002, 0x93029202, 0x95029402, 
    0x97029602, 0x99029802, 0xb802b602, 0xbc02ba02, 0xc002be02, 0xc402c202, 0xc802c602, 0xcc02ca02, 0xd002ce02, 0xd402d202, 0xd802d602, 0xdc02da02, 
    0xe002de02, 0xe302e202, 0xe702e502, 0xeb02e902, 0xef02ed02, 0xf302f102, 0xf802f502, 0xfc02fa02, 0x0003fe02, 0x04030203, 0x08030603, 0x0c030a03, 
    0x10030e03, 0x14031203, 0x18031603, 0x1c031a03, 0x20031e03, 0x24032203, 0x27032503, 0x2b032903, 0x86032d03, 0x88038703, 0x8a038903, 0x8c038b03, 
    0x8f038e03, 0x91039003, 0x93039203, 0x95039403, 0x97039603, 0x99039803, 0x9b039a03, 0x9d039c03, 0xae03ad03, 0xb003af03, 0xb203b103, 0xb403b303, 
    0xb603b503, 0xb803b703, 0xba03b903, 0xbc03bb03, 0xbe03bd03, 0xc003bf03, 0xc203c103, 0xd503d303, 0xd903d703, 0xf003ee03, 0x0704f203, 0x13040d04, 
    0x82047d04, 0x07058604, 0x01000905, 0x01000000, 0x02000800, 0xeb00dc01, 0x33027102, 0x31023202, 0x28023002, 0xe501e601, 0xe301e401, 0xe101e201, 
    0xdf01e001, 0xdd01de01, 0xdb01dc01, 0xd901da01, 0xd701d801, 0xd501d601, 0xd301d401, 0x6402d201, 0x30037302, 0x74027502, 0xe3012f03, 0x77027202, 
    0xd2045202, 0xea01d304, 0xd404eb01, 0xd604d504, 0xd704ec01, 0xee01ed01, 0xdc04ef01, 0xf001f001, 0xde04dd04, 0xf201f101, 0xfa01f301, 0xec04eb04, 
    0xfc01fb01, 0xfe01fd01, 0x0002ff01, 0xf004ef04, 0xf504f204, 0x0202fe04, 0x04020302, 0x06020502, 0x08020702, 0x0a020902, 0xf4010b02, 0xf601f501, 
    0xf801f701, 0x3b02f901, 0x0e020d02, 0x10020f02, 0x1102f804, 0x14021302, 0x17021502, 0x76021902, 0x32033103, 0x34033303, 0x36033503, 0x38033703, 
    0x3a033903, 0x3c033b03, 0x3e033d03, 0x40033f03, 0x42034103, 0x44034303, 0x46034503, 0x48034703, 0x4a034903, 0x4c034b03, 0x4d038203, 0x4f034e03, 
    0x51035003, 0x53035203, 0x55035403, 0x57035603, 0x59035803, 0x5b035a03, 0x5d035c03, 0x5f035e03, 0x61036003, 0xff046203, 0x65036403, 0x67036603, 
    0x69036803, 0x6b036a03, 0x6d036c03, 0x6f036e03, 0x71037003, 0x73037203, 0x75037403, 0x76030205, 0x79037703, 0x7a037803, 0x7c037b03, 0x7e037d03, 
    0x80037f03, 0x83038103, 0x85038403, 0x01050005, 0xcc04cb04, 0xce04cd04, 0xdb04d804, 0xda04d904, 0xe004df04, 0xcf04e104, 0xd104d004, 0xed04ea04, 
    0xf104ee04, 0xf404f304, 0xf6040102, 0xe304e204, 0xe504e404, 0xe704e604, 0xe904e804, 0x04050305, 0x06050505, 0xf904f704, 0x1802fa04, 0x1a02fc04, 
    0xfb04fd04, 0x0c021602, 0x0b051202, 0x01000c05, 0x0a00eb00, 0x46004500, 0x48004700, 0x4a004900, 0x4c004b00, 0x4e004d00, 0x50004f00, 0x52005100, 
    0x54005300, 0x56005500, 0x58005700, 0x5a005900, 0x5c005b00, 0x5e005d00, 0x86008500, 0x89008700, 0x8b008a00, 0x90008d00, 0x94009200, 0xbc00bb00, 
    0xbe00bd00, 0xc000bf00, 0xc200c100, 0xc400c300, 0xc600c500, 0xc800c700, 0xca00c900, 0xcc00cb00, 0xce00cd00, 0xeb00ea00, 0xed00ec00, 0xef00ee00, 
    0xf100f000, 0xf300f200, 0xf500f400, 0xf700f600, 0xf900f800, 0xfb00fa00, 0xfd00fc00, 0xff00fe00, 0x01010001, 0x03010201, 0x05010401, 0x07010601, 
    0x34013001, 0x38013601, 0x3c013a01, 0x44014201, 0x4a014601, 0x5a014d01, 0x7e027c02, 0x9b029a02, 0x9d029c02, 0x9f029e02, 0xa102a002, 0xa302a202, 
    0xa502a402, 0xa702a602, 0xa902a802, 0xab02aa02, 0xad02ac02, 0xaf02ae02, 0xb102b002, 0xb302b202, 0xb502b402, 0xb902b702, 0xbd02bb02, 0xc102bf02, 
    0xc502c302, 0xc902c702, 0xcd02cb02, 0xd102cf02, 0xd502d302, 0xd902d702, 0xdd02db02, 0xe102df02, 0xe602e402, 0xea02e802, 0xee02ec02, 0xf202f002, 
    0xf602f402, 0xfb02f902, 0xff02fd02, 0x03030103, 0x07030503, 0x0b030903, 0x0f030d03, 0x13031103, 0x17031503, 0x1b031903, 0x1f031d03, 0x23032103, 
    0x28032603, 0x2c032a03, 0x9e032e03, 0xa0039f03, 0xa303a103, 0xa503a403, 0xa703a603, 0xa903a803, 0xab03aa03, 0xc303ac03, 0xc503c403, 0xc703c603, 
    0xc903c803, 0xcb03ca03, 0xcd03cc03, 0xcf03ce03, 0xd103d003, 0xd403d203, 0xd803d603, 0xef03da03, 0xf303f103, 0x08040104, 0x14040e04, 0x7f047e04, 
    0x87048304, 0x0a050805, 0x00000600, 0x12000600, 0x42002a00, 0x72005a00, 0x03008a00, 0x01000000, 0x01001200, 0x01009000, 0x03000000, 0x01000100, 
    0x03004d00, 0x01000000, 0x01001200, 0x01007800, 0x03000000, 0x01000100, 0x03004e00, 0x01000000, 0x01001200, 0x01006000, 0x03000000, 0x01000100, 
    0x0300e102, 0x01000000, 0x01001200, 0x01004800, 0x03000000, 0x01000100, 0x0300ce03, 0x01000000, 0x01001200, 0x01003000, 0x03000000, 0x01000100, 
    0x0300d003, 0x01000000, 0x01001200, 0x01001800, 0x03000000, 0x01000100, 0x02004904, 0xa8000200, 0x0000ac00, 0x27012401, 0x01000500, 0x01000000, 
    0x02000800, 0x06001200, 0x5f026102, 0x63026202, 0x0d056002, 0x06000100, 0x4e004d00, 0xce03e102, 0x4904d003, 0x00000400, 0x08000100, 0x32060100, 
    0x72003600, 0xae00a400, 0xca00b800, 0x0e01fc00, 0x4a011801, 0x7e016401, 0xba019001, 0x0002f601, 0x3c022202, 0x8a024e02, 0xb6029c02, 0xf202e002, 
    0x2e032403, 0x4a033803, 0x86037c03, 0x9a039003, 0xce03b403, 0x0a04e003, 0x46043c04, 0x82046804, 0xc6049404, 0xf204d804, 0x2e051c05, 0x42053805, 
    0x56054c05, 0xaa058005, 0xfe05d405, 0x06002806, 0x14000e00, 0x20001a00, 0x2c002600, 0x02008002, 0x1e04a900, 0xad000200, 0x02007f02, 0x2004a800, 
    0xab000200, 0x02008202, 0x9904aa00, 0xac000200, 0x04000100, 0x0200a604, 0x0100ad00, 0xbc020400, 0xa9000200, 0x06000200, 0xaa040c00, 0xba010200, 
    0x0200a804, 0x0600ad00, 0x14000e00, 0x20001a00, 0x2c002600, 0x02008802, 0x3604a900, 0xad000200, 0x02008702, 0x3804a800, 0xab000200, 0x02003a04, 
    0x9b04aa00, 0xac000200, 0x06000200, 0x95040c00, 0xa9000200, 0x0200d602, 0x0100ba01, 0xac040400, 0xad000200, 0x0e000600, 0x1a001400, 0x26002000, 
    0x8c022c00, 0xa9000200, 0x02004804, 0x8b02ad00, 0xa8000200, 0x02004604, 0xda02ab00, 0xaa000200, 0x02009d04, 0x0300ac00, 0x0e000800, 0xae041400, 
    0xa9000200, 0x0200e702, 0xb004ba01, 0xad000200, 0x08000300, 0x14000e00, 0x0200e902, 0xeb02a900, 0xba010200, 0x0200b204, 0x0200ad00, 0x0c000600, 
    0x0200e003, 0xb404a900, 0xad000200, 0x0c000500, 0x18001200, 0x24001e00, 0x0200f102, 0xf302a900, 0xba010200, 0x0200b604, 0x9704ad00, 0xa8000200, 
    0x02008f02, 0x0700aa00, 0x18001000, 0x24001e00, 0x30002a00, 0xb8043600, 0xaa000300, 0x9102a900, 0xa9000200, 0x02004a04, 0x9002ad00, 0xa8000200, 
    0x02004c04, 0x9302ab00, 0xaa000200, 0x02009f04, 0x0100ac00, 0xb9040400, 0xa9000200, 0x0a000400, 0x16001000, 0xfe021c00, 0xa9000200, 0x02000003, 
    0xbb04ba01, 0xad000200, 0x0200a104, 0x0300ac00, 0x0e000800, 0x04031400, 0xa9000200, 0x02000a03, 0xbd04ba01, 0xad000200, 0x06000200, 0x0e030c00, 
    0xba010200, 0x0200bf04, 0x0700ad00, 0x18001000, 0x24001e00, 0x30002a00, 0xc1043600, 0xaa000300, 0x9602a900, 0xa9000200, 0x02006204, 0x9502ad00, 
    0xa8000200, 0x02006404, 0x1403ab00, 0xaa000200, 0x0200a304, 0x0200ac00, 0x0c000600, 0x0200c404, 0xc204ad00, 0xaa000200, 0x08000300, 0x14000e00, 
    0x0200d503, 0xc604a900, 0xad000200, 0x0200d303, 0x0500a800, 0x12000c00, 0x1e001800, 0x99022400, 0xa9000200, 0x02007004, 0xd903ad00, 0xa8000200, 
    0x02007204, 0x7404ab00, 0xaa000200, 0x06000200, 0x25030c00, 0xa9000200, 0x0200c804, 0x0600ad00, 0x14000e00, 0x20001a00, 0x2c002600, 0x02009b02, 
    0x1f04a900, 0xad000200, 0x02009a02, 0x2104a800, 0xab000200, 0x02009d02, 0x9a04aa00, 0xac000200, 0x04000100, 0x0200a704, 0x0100ad00, 0xbd020400, 
    0xa9000200, 0x06000200, 0xab040c00, 0xba010200, 0x0200a904, 0x0600ad00, 0x14000e00, 0x20001a00, 0x2c002600, 0x0200a302, 0x3704a900, 0xad000200, 
    0x0200a202, 0x3904a800, 0xab000200, 0x02003b04, 0x9c04aa00, 0xac000200, 0x04000100, 0x02009604, 0x0100a900, 0xad040400, 0xad000200, 0x04000100, 
    0x02004904, 0x0300ad00, 0x0e000800, 0xaf041400, 0xa9000200, 0x0200e802, 0xb104ba01, 0xad000200, 0x08000300, 0x14000e00, 0x0200ea02, 0xec02a900, 
    0xba010200, 0x0200b304, 0x0200ad00, 0x0c000600, 0x0200e103, 0xb504a900, 0xad000200, 0x0c000500, 0x18001200, 0x24001e00, 0x0200f202, 0xf402a900, 
    0xba010200, 0x0200b704, 0x9804ad00, 0xa8000200, 0x0200aa02, 0x0600aa00, 0x14000e00, 0x20001a00, 0x2c002600, 0x0200ac02, 0x4b04a900, 0xad000200, 
    0x0200ab02, 0x4d04a800, 0xab000200, 0x0200ae02, 0xa004aa00, 0xac000200, 0x04000100, 0x0200ba04, 0x0400a900, 0x10000a00, 0x1c001600, 0x0200ff02, 
    0x0103a900, 0xba010200, 0x0200bc04, 0xa204ad00, 0xac000200, 0x08000300, 0x14000e00, 0x02000503, 0x0b03a900, 0xba010200, 0x0200be04, 0x0200ad00, 
    0x0c000600, 0x02000f03, 0xc004ba01, 0xad000200, 0x0e000600, 0x1a001400, 0x26002000, 0xb1022c00, 0xa9000200, 0x02006304, 0xb002ad00, 0xa8000200, 
    0x02006504, 0x1503ab00, 0xaa000200, 0x0200a404, 0x0200ac00, 0x0c000600, 0x0200c504, 0xc304ad00, 0xaa000200, 0x08000300, 0x14000e00, 0x0200d603, 
    0xc704a900, 0xad000200, 0x0200d403, 0x0500a800, 0x12000c00, 0x1e001800, 0xb4022400, 0xa9000200, 0x02007104, 0xda03ad00, 0xa8000200, 0x02007304, 
    0x7504ab00, 0xaa000200, 0x06000200, 0x26030c00, 0xa9000200, 0x0200c904, 0x0100ad00, 0x2b030400, 0xa9000200, 0x04000100, 0x02002d03, 0x0100a900, 
    0x2c030400, 0xa9000200, 0x04000100, 0x02002e03, 0x0500a900, 0x12000c00, 0x1e001800, 0xa7022400, 0xa9000200, 0x0200a602, 0x4704a800, 0xab000200, 
    0x0200db02, 0x9e04aa00, 0xac000200, 0x0c000500, 0x18001200, 0x24001e00, 0x02005804, 0x6004a900, 0xad000200, 0x02005a04, 0x5c04a800, 0xab000200, 
    0x02005e04, 0x0500aa00, 0x12000c00, 0x1e001800, 0x59042400, 0xa9000200, 0x02006104, 0x5b04ad00, 0xa8000200, 0x02005d04, 0x5f04ab00, 0xaa000200, 
    0x0c000500, 0x18001200, 0x24001e00, 0x02006604, 0x6e04a900, 0xad000200, 0x02006804, 0x6a04a800, 0xab000200, 0x02006c04, 0x0500aa00, 0x12000c00, 
    0x1e001800, 0x67042400, 0xa9000200, 0x02006f04, 0x6904ad00, 0xa8000200, 0x02006b04, 0x6d04ab00, 0xaa000200, 0x04000100, 0x0200a504, 0x0200a900, 
    0x25001100, 0x00002900, 0x2d002b00, 0x2f000500, 0x08003400, 0x3b003600, 0x3d000e00, 0x14003e00, 0x49004500, 0x4b001600, 0x1b004d00, 0x54004f00, 
    0x56001e00, 0x24005b00, 0x5e005d00, 0x81002a00, 0x2c008100, 0x83008300, 0x86002d00, 0x2e008600, 0x89008900, 0x8d002f00, 0x30008d00, 0x9b009800, 
    0xd0003100, 0x3500d000, 0x00000100, 0x08000100, 0x06000100, 0x01000200, 0x08030200, 0x01000903, 0x01000000, 0x02000800, 0x06001200, 0x08050705, 
    0x0a050905, 0x0c050b05, 0x06000100, 0xbb02ba02, 0xcd02cc02, 0x58034f03, 0x00000100, 0x08000100, 0x06000100, 0x01000100, 0x7b010100, 0x00000400, 
    0x08000100, 0x40000100, 0x08000100, 0x06000200, 0xbe010e00, 0x4a000300, 0xbc014d00, 0x4d000200, 0x00000400, 0x08000100, 0x1c000100, 0x08000100, 
    0x06000200, 0xbf010e00, 0x4a000300, 0xbd015000, 0x50000200, 0x01000100, 0x04004a00, 0x01000000, 0x01000800, 0x03002a00, 0x16000c00, 0x01002000, 
    0xbb010400, 0x4a000200, 0x04000100, 0x0200c101, 0x01005800, 0xc0010400, 0x58000200, 0x03000100, 0x57004a00, 0x01009500, 0x01000000, 0x01000800, 
    0xde010600, 0x01000100, 0x01004b00, 0x01000000, 0x01000800, 0x6f010600, 0x01000100, 0x0100bb00, 0x01000000, 0x01000800, 0xf5010600, 0x01000100, 
    0x01003600, 0x01000000, 0x02000800, 0x02001c00, 0x2d022c02, 0x00000100, 0x08000100, 0x0a000200, 0x2e020200, 0x01002f02, 0x2f000200, 0x01004f00, 
    0x01000000, 0x02000800, 0x0c001e00, 0x47024502, 0x48024602, 0x67024902, 0x69026802, 0x6b026a02, 0x6d026c02, 0x0c000100, 0x28002700, 0x33002b00, 
    0x46003500, 0x48004700, 0x53004b00, 0x55005400, 0x00000100, 0x08000100, 0x0c000200, 0x6e020300, 0x6f026f02, 0x03000100, 0x4b004900, 0x01006a02, 
    0x01000000, 0x02000800, 0x14002e00, 0x5e025a02, 0x55025802, 0x56025702, 0x59025b02, 0x5c025d02, 0x4a024f02, 0x4c024b02, 0x4e024d02, 0x1c001a00, 
    0x65025302, 0x04000200, 0x1d001400, 0x66020000, 0x0a006602, 0x70027002, 0x8d040b00, 0x0c009404, 0x00000100, 0x08000100, 0x2e000200, 0x94041400, 
    0x8d047002, 0x8f048e04, 0x91049004, 0x92046602, 0x4c029304, 0x4d024e02, 0x4f024b02, 0x1a006502, 0x1c005302, 0x02004a02, 0x14000200, 0x00001d00, 
    0x5e025502, 0x01000a00, 0x01000000, 0x02000800, 0x14002e00, 0x5d025b02, 0x58025e02, 0x57025502, 0x59025602, 0x5a025c02, 0x15001b00, 0x17001600, 
    0x19001800, 0x1c001a00, 0x14001d00, 0x14000100, 0x1c001a00, 0x4b024a02, 0x4d024c02, 0x4f024e02, 0x65025302, 0x70026602, 0x8e048d04, 0x90048f04, 
    0x92049104, 0x94049304, 0x00000100, 0x08000100, 0x2e000200, 0x91041400, 0x70029204, 0x8e048d04, 0x90048f04, 0x93046602, 0x19001700, 0x16001800, 
    0x14001b00, 0x1d001a00, 0x15001c00, 0x02009404, 0x1a000600, 0x00001a00, 0x1c001c00, 0x4a020100, 0x02004f02, 0x53025302, 0x55020800, 0x09005e02, 
    0x65026502, 0x01001300, 0x01000000, 0x01000800, 0x81010600, 0x01000100, 0x06001300, 0x01000000, 0x03000800, 0x12000100, 0x6c000100, 0x01000000, 
    0x18000000, 0x03000200, 0x94019401, 0xc5010000, 0x0100c701, 0x25021f02, 0x01000400, 0x01000000, 0x02000800, 0x0a003c00, 0xc601c701, 0x1f02c501, 
    0x21022002, 0x23022202, 0x25022402, 0x00000100, 0x08000100, 0x1a000200, 0x3e020a00, 0x73007a00, 0x3f027400, 0x41024002, 0x43024202, 0x02004402, 
    0x14000100, 0x00001d00, 
};

