// File: 'Roboto-Thin.ttf' (168488 bytes)
// Exported using binary_to_compressed_c.cpp
static const unsigned int roboto_thin_size = 168488;
static const unsigned int roboto_thin_data[168488/4] =
{
    0x00000100, 0x00011200, 0x20000400, 0x46454447, 0x8cb04cb4, 0x601c0200, 0x62020000, 0x534f5047, 0xe51916fd, 0xc41e0200, 0xd25d0000, 0x42555347, 
    0xa8e4f4eb, 0x987c0200, 0x90150000, 0x322f534f, 0x7bb1ec96, 0x8c0a0200, 0x60000000, 0x70616d63, 0x6d51eec6, 0x04100200, 0x82060000, 0x20747663, 
    0xca01322e, 0x28190200, 0x48000000, 0x6d677066, 0xab1af25f, 0x88160200, 0xbc010000, 0x70736167, 0x13000800, 0x541c0200, 0x0c000000, 0x66796c67, 
    0xf0f122c9, 0x2c010000, 0x8cea0100, 0x786d6468, 0x4f354529, 0xec0a0200, 0x18050000, 0x64616568, 0x7fd247fc, 0xf8f50100, 0x36000000, 0x61656868, 
    0x810a970a, 0x680a0200, 0x24000000, 0x78746d68, 0x85ebb1ff, 0x30f60100, 0x38140000, 0x61636f6c, 0xf26df0ed, 0xd8eb0100, 0x1e0a0000, 0x7078616d, 
    0xf9023e07, 0xb8eb0100, 0x20000000, 0x656d616e, 0x076c173d, 0x70190200, 0xc2020000, 0x74736f70, 0x64006dff, 0x341c0200, 0x20000000, 0x70657270, 
    0xbcc9362b, 0x44180200, 0xe3000000, 0x64000500, 0x28030000, 0x0300b005, 0x09000600, 0x0f000c00, 0x0cb27100, 0x12111110, 0x100cb039, 0xb0d000b0, 
    0x06b0100c, 0x100cb0d0, 0xb0d009b0, 0x0db0100c, 0x00b000d0, 0x02b05845, 0x02b11b2f, 0xb0593e16, 0xb0584500, 0xb11b2f00, 0x593e0600, 0x000204b2, 
    0xb2391211, 0x11000205, 0x07b23912, 0x12110002, 0x0208b239, 0x39121100, 0xf4010ab1, 0x00020cb2, 0xb2391211, 0x1100020d, 0x02b03912, 0x010eb110, 
    0x213130f4, 0x03211121, 0x11010111, 0x01210301, 0x03210135, 0x023cfd28, 0xeefe36c4, 0x0c01bafe, 0xfe0302e4, 0xfd0201fe, 0xfab005fd, 0xfd0705a4, 
    0xfb77027d, 0xfd780211, 0x885e025e, 0x02005e02, 0xfaff9300, 0xb0050201, 0x0c000300, 0x06b23c00, 0x12110e0d, 0x1006b039, 0x00d000b0, 0x584500b0, 
    0x1b2f02b0, 0x3e1602b1, 0x4500b059, 0x2f0bb058, 0x060bb11b, 0x06b1593e, 0x2b0ab005, 0x1bd82158, 0x01b059f4, 0x2f01b0d0, 0x23133130, 0x34033311, 
    0x14163236, 0xdd262206, 0x204a3636, 0x2e21212e, 0x04910120, 0x1781fa1f, 0x202e2121, 0x02000020, 0x62049600, 0x00069b01, 0x0b000500, 0x00b22300, 
    0x12110d0c, 0xd008b039, 0x2f04b000, 0x040c01b2, 0xb0391211, 0x07b02f01, 0x1004b0d0, 0x30d00ab0, 0x23031331, 0x17333512, 0x35132303, 0x320ad233, 
    0x0ac93705, 0x05360632, 0x01f1fe71, 0xfe8f920c, 0x920c01f1, 0x33000200, 0x8f040000, 0x1b00b005, 0x9e001f00, 0x21200db2, 0xb0391211, 0x1fb0100d, 
    0x00b000d0, 0x0cb05845, 0x0cb11b2f, 0xb0593e16, 0xb0584500, 0xb11b2f10, 0x593e1610, 0x584500b0, 0x1b2f02b0, 0x3e0602b1, 0x4500b059, 0x2f1ab058, 
    0x061ab11b, 0x1db2593e, 0x1211020c, 0x1db07c39, 0x00b1182f, 0x2b0ab001, 0x1bd82158, 0x04b059f4, 0x101db0d0, 0xb0d006b0, 0x0bb0101d, 0x2f0bb0d0, 
    0xb00108b1, 0x21582b0a, 0x59f41bd8, 0xb0100bb0, 0x0bb0d00e, 0xd012b010, 0xb01008b0, 0x1db0d014, 0xd016b010, 0xb01000b0, 0x08b0d018, 0xd01eb010, 
    0x21013130, 0x21132303, 0x21132135, 0x33132135, 0x33132103, 0x21153303, 0x21152103, 0x21012303, 0xe6022113, 0x384a94fe, 0x01f1fe4a, 0xd4fe5f19, 
    0x384b3601, 0x4c6d014c, 0xfefe4c38, 0x1d0160f8, 0x384bdafe, 0x6b01e9fe, 0x0193fe60, 0x0166fe9a, 0x0c02349a, 0xfea00136, 0xfea00160, 0xf4fd3660, 
    0x0166fe34, 0x000c02ce, 0x79000100, 0xe90330ff, 0x2e007f06, 0x24b28900, 0x1211302f, 0x0bb00039, 0x4500b02f, 0x2f0ab058, 0x160ab11b, 0x00b0593e, 
    0x0db05845, 0x0db11b2f, 0xb0593e16, 0xb0584500, 0xb11b2f23, 0x593e0c23, 0x584500b0, 0x1b2f25b0, 0x3e0625b1, 0x0a03b259, 0x39121125, 0x250a11b2, 
    0xb0391211, 0x14b1100a, 0x2b0ab001, 0x1bd82158, 0x03b059f4, 0x011bb110, 0x582b0ab0, 0xf41bd821, 0x1025b059, 0xb2d022b0, 0x110a2529, 0x25b03912, 
    0x012cb110, 0x582b0ab0, 0xf41bd821, 0x01313059, 0x24262634, 0x34352626, 0x33353736, 0x15161615, 0x23263423, 0x14150622, 0x1e041616, 0x06141502, 
    0x35231507, 0x33352626, 0x32331614, 0x45b30336, 0x98bffea4, 0x37acd649, 0xc136c8b8, 0x41c3a2a7, 0x92120197, 0xaecf2f60, 0x36e8d437, 0xcc9dbedd, 
    0x775b5801, 0x8c696f64, 0x06c5a364, 0xe10abbbb, 0xaecfaac2, 0x5d72628a, 0x7660495e, 0x0ac59f50, 0xe108bbbc, 0xb4c8b1c5, 0x72000500, 0x8505ebff, 
    0x0d00c505, 0x29001b00, 0x3b003700, 0x05b28d00, 0x12113d3c, 0x1005b039, 0xb0d013b0, 0x1cb01005, 0x1005b0d0, 0xb0d02ab0, 0x3ab01005, 0x38b000d0, 
    0x2f3ab02f, 0x584500b0, 0x1b2f03b0, 0x3e1603b1, 0x4500b059, 0x2f26b058, 0x0626b11b, 0x03b0593e, 0xd00ab010, 0xb12f0ab0, 0x0ab00111, 0xd821582b, 
    0xb059f41b, 0x18b11003, 0x2b0ab001, 0x1bd82158, 0x26b059f4, 0xd01fb010, 0xb02f1fb0, 0x2db11026, 0x2b0ab001, 0x1bd82158, 0x1fb059f4, 0x0134b110, 
    0x582b0ab0, 0xf41bd821, 0x13313059, 0x32333634, 0x14151516, 0x26222306, 0x16141735, 0x35363233, 0x23263435, 0x01150622, 0x32333634, 0x14151516, 
    0x26222306, 0x16141735, 0x35363233, 0x23263435, 0x05150622, 0x72170127, 0x9a75749c, 0x9d757499, 0x60647737, 0x5f617776, 0x9bbd027a, 0x9b9b7574, 
    0x379d7473, 0x75626377, 0x75636475, 0x022d09fe, 0x98042dc7, 0x85adac81, 0xaaac7f48, 0x8c680687, 0x6c486f8a, 0xfc738a8a, 0xabab81d4, 0xab814788, 
    0x6b0587aa, 0x496f8b8a, 0x72878471, 0x72041fde, 0x0300001f, 0xecff7300, 0xc505ac04, 0x28001d00, 0x97003300, 0x35342cb2, 0xb0391211, 0x0bb0102c, 
    0x102cb0d0, 0x00d01fb0, 0x584500b0, 0x1b2f06b0, 0x3e1606b1, 0x4500b059, 0x2f13b058, 0x0613b11b, 0x00b0593e, 0x17b05845, 0x17b11b2f, 0xb2593e06, 
    0x11130622, 0x2bb23912, 0x12111306, 0x2200b239, 0x3912112b, 0x222b0cb2, 0xb2391211, 0x1113060d, 0x0fb23912, 0x12110613, 0x0615b239, 0x39121113, 
    0x150d12b2, 0xb1391211, 0x0ab0011e, 0xd821582b, 0xb259f41b, 0x110d1521, 0x06b03912, 0x0131b110, 0x582b0ab0, 0xf41bd821, 0x01313059, 0x34352626, 
    0x16323336, 0x07071415, 0x33353601, 0x23170714, 0x22230627, 0x36343526, 0x36321337, 0x06070137, 0x16141506, 0x37171403, 0x26343536, 0x01062223, 
    0xa94d58a6, 0xbc977d88, 0x73db019c, 0x43be8537, 0xc9e3c49d, 0xb28f71e9, 0xfe4cc96f, 0x7376341d, 0xaf9640cf, 0x71617b91, 0x6c220389, 0xa98d55ac, 
    0x9c887593, 0xa0e5fd7c, 0xd8b3edd6, 0xabc9c4b0, 0xfd79bf62, 0x02585f28, 0xb2662923, 0x04b08e5b, 0x8bb19e6f, 0x765c7779, 0x0100008d, 0x62048800, 
    0x0006c800, 0x17000500, 0x070601b2, 0x00391211, 0xb22f04b0, 0x11040602, 0x02b03912, 0x1331302f, 0x35372307, 0x320ec833, 0x57053709, 0x00abf3f5, 
    0x94000100, 0x45022afe, 0x12005706, 0x0cb21000, 0x12111413, 0x04b00039, 0x2f0fb02f, 0x34133130, 0x17371212, 0x07020206, 0x12121415, 0x02260717, 
    0xc36a9402, 0xae621371, 0xb2640368, 0xbf741365, 0xd84a026b, 0x4c01a201, 0xfe412b47, 0xc370fed0, 0x69fec634, 0x2b43c1fe, 0x013d0149, 0x010000a5, 
    0x2afe1c00, 0x5706cd01, 0x10001100, 0x131207b2, 0x00391211, 0xb02f0eb0, 0x31302f04, 0x02021401, 0x12362707, 0x02343512, 0x16372702, 0xcd011212, 
    0x1374bf6b, 0x6661b268, 0x711364b1, 0x36026ac3, 0xfe5bfee1, 0x462b49c3, 0x90014401, 0x9701cadf, 0x2b423b01, 0xfeb4fe47, 0x0100005e, 0x95021e00, 
    0xb0054003, 0x27000e00, 0x100f0cb2, 0x00391211, 0x584500b0, 0x1b2f04b0, 0x3e1604b1, 0xd000b059, 0x2f00b019, 0xd009b018, 0x2f09b019, 0x01313018, 
    0x13053725, 0x17250333, 0x03071305, 0x89012703, 0x011295fe, 0x0738016a, 0xfe146001, 0xf22ff998, 0xf9032de4, 0x0185367c, 0x8f75fe8a, 0xc3fe8935, 
    0xfe420121, 0x010020bb, 0x92004900, 0xb6042f04, 0x22000b00, 0x0d0c00b2, 0x00391211, 0xb02f09b0, 0x09b0d000, 0x0106b110, 0x582b0ab0, 0xf41bd821, 
    0xd003b059, 0x21013130, 0x23112115, 0x21352111, 0x4e023311, 0x1ffee101, 0x0132fe37, 0xbe0237ce, 0x0109fe35, 0xf80135f7, 0x5c000100, 0xeb0001ff, 
    0x07009f00, 0x04b21900, 0x12110908, 0x08b00039, 0xd004b02f, 0xb02f04b0, 0x00b0d000, 0x1731302f, 0x37373627, 0x81061533, 0x01075125, 0x20ff0436, 
    0x92a76f68, 0x0100009f, 0x7f023d00, 0xb5021302, 0x19000300, 0x050400b2, 0x00391211, 0xb12f03b0, 0x0ab00100, 0xd821582b, 0x3059f41b, 0x35210131, 
    0xfe130221, 0x02d6012a, 0x0100367f, 0xfaff9300, 0x69000201, 0x23000800, 0x0a0903b2, 0x00391211, 0x584500b0, 0x1b2f07b0, 0x3e0607b1, 0x0502b159, 
    0x582b0ab0, 0xf41bd821, 0x37313059, 0x16323634, 0x26220614, 0x212e2093, 0x31202e21, 0x2e212117, 0x01002020, 0x83ff2a00, 0xb005c502, 0x1a000300, 
    0x050402b2, 0x00391211, 0xb02f00b0, 0xb0584500, 0xb11b2f02, 0x593e1602, 0x23173130, 0x3b653301, 0x7d3b6002, 0x02002d06, 0xecff7d00, 0xc505e403, 
    0x1b000d00, 0x0ab24800, 0x12111d1c, 0x100ab039, 0x00d011b0, 0x584500b0, 0x1b2f0ab0, 0x3e160ab1, 0x4500b059, 0x2f03b058, 0x0603b11b, 0x0ab0593e, 
    0x0111b110, 0x582b0ab0, 0xf41bd821, 0x1003b059, 0xb00118b1, 0x21582b0a, 0x59f41bd8, 0x10013130, 0x02222302, 0x12101111, 0x11123233, 0x23021027, 
    0x11110222, 0x32331210, 0xe4031112, 0xe8cdcee4, 0xe5cfcee5, 0xb8b7c736, 0xb6b5cac5, 0xfe5202c6, 0x01bffedb, 0x01260144, 0x01220108, 0xfebbfe45, 
    0x090104da, 0xd7fe2801, 0xfbfef3fe, 0xd6fef8fe, 0x0d012a01, 0xbb000100, 0x93020000, 0x0600b405, 0x01b24100, 0x12110807, 0x00b00039, 0x05b05845, 
    0x05b11b2f, 0xb0593e16, 0xb0584500, 0xb11b2f00, 0x593e0600, 0x000504b2, 0xb0391211, 0x03b12f04, 0x2b0ab001, 0x1bd82158, 0x02b259f4, 0x12110503, 
    0x21313039, 0x35051123, 0x93023325, 0x015efe36, 0x6c050bcd, 0x00aa3b9d, 0x75000100, 0x00040000, 0x1a00c405, 0x09b25700, 0x12111c1b, 0x00b00039, 
    0x12b05845, 0x12b11b2f, 0xb0593e16, 0xb0584500, 0xb11b2f00, 0x593e0600, 0xb00119b1, 0x21582b0a, 0x59f41bd8, 0xb2d002b0, 0x11001204, 0x12b03912, 
    0x0109b110, 0x582b0ab0, 0xf41bd821, 0x000db259, 0x39121112, 0x001217b2, 0x30391211, 0x35212131, 0x35363601, 0x22232634, 0x23150606, 0x33363634, 
    0x14151632, 0x21010707, 0x99fc0004, 0x777af101, 0xa866a9ba, 0xc06c365f, 0xbfd8c277, 0x0348fe5b, 0x3d023620, 0xa05dde8f, 0x6aad62b1, 0xce72c875, 
    0x6fedaab9, 0x0100fffd, 0xecff6700, 0xc405ef03, 0x72002a00, 0x2c2b07b2, 0x00391211, 0x584500b0, 0x1b2f0fb0, 0x3e160fb1, 0x4500b059, 0x2f1bb058, 
    0x061bb11b, 0x01b2593e, 0x12111b0f, 0x01b07c39, 0x0fb0182f, 0x0107b110, 0x582b0ab0, 0xf41bd821, 0x070ab259, 0x39121101, 0xb11001b0, 0x0ab00129, 
    0xd821582b, 0xb259f41b, 0x11012915, 0x1bb03912, 0x0123b110, 0x582b0ab0, 0xf41bd821, 0x2320b259, 0x39121129, 0x33013130, 0x34353636, 0x06222326, 
    0x36342315, 0x16323336, 0x07061415, 0x14151616, 0x26222306, 0x14333526, 0x36323316, 0x27263435, 0x7aa10123, 0xa8bdd3ab, 0x7036d4a4, 0xdebd78c6, 
    0xa18f7d93, 0xe084c4ee, 0xb4ec3672, 0xcfd7c9b3, 0x03020372, 0xb69b88b0, 0xb8749cc0, 0x74b6d566, 0xb62126b6, 0x72dcba90, 0xd3a07bbc, 0xaaa1a3b9, 
    0x02000001, 0x00005200, 0xb0054604, 0x0e000a00, 0x0eb25700, 0x1211100f, 0x100eb039, 0x00d009b0, 0x584500b0, 0x1b2f09b0, 0x3e1609b1, 0x4500b059, 
    0x2f04b058, 0x0604b11b, 0x01b2593e, 0x12110409, 0x2f01b039, 0xb00102b1, 0x21582b0a, 0x59f41bd8, 0xb0d006b0, 0x0bb01001, 0x0208b2d0, 0x3912110b, 
    0x04090db2, 0x30391211, 0x15330131, 0x11231123, 0x33013521, 0x07112101, 0xfcfc4a03, 0x023efd36, 0x5cfd41b7, 0x01546e02, 0x73fe36c3, 0x041e8d01, 
    0x0313fc05, 0x01008aac, 0xecffb600, 0xb0050004, 0x70001e00, 0x201f08b2, 0x00391211, 0x584500b0, 0x1b2f01b0, 0x3e1601b1, 0x4500b059, 0x2f0eb058, 
    0x060eb11b, 0x01b0593e, 0x0103b110, 0x582b0ab0, 0xf41bd821, 0x0108b259, 0x3912110e, 0xb22f08b0, 0x110e0805, 0x0eb03912, 0x0115b110, 0x582b0ab0, 
    0xf41bd821, 0x1008b059, 0xb0011bb1, 0x21582b0a, 0x59f41bd8, 0x1b1512b2, 0xb2391211, 0x11151b1e, 0x31303912, 0x15211313, 0x36360321, 0x15163233, 
    0x22230614, 0x16332726, 0x36323316, 0x23263435, 0xe7070622, 0xfdc60244, 0xab343b6b, 0xd4eac452, 0x0fe6bbc6, 0xa9c01037, 0xabcbafb4, 0x023e9c69, 
    0x35b602fa, 0x362bb8fd, 0xf7edccf8, 0xb2abbdd6, 0xdab6d3d9, 0x02003c38, 0xecff8000, 0xc405f503, 0x22001500, 0x16b26500, 0x12112423, 0x1016b039, 
    0x00d002b0, 0x584500b0, 0x1b2f00b0, 0x3e1600b1, 0x4500b059, 0x2f0eb058, 0x060eb11b, 0x00b0593e, 0x0101b110, 0x582b0ab0, 0xf41bd821, 0x0007b259, 
    0x3912110e, 0xb22f07b0, 0x110e0704, 0x16b13912, 0x2b0ab001, 0x1bd82158, 0x0eb059f4, 0x011db110, 0x582b0ab0, 0xf41bd821, 0x01313059, 0x03002015, 
    0x32333636, 0x06141512, 0x26222306, 0x10352726, 0x06221300, 0x16141507, 0x35123233, 0x48032634, 0xaefecefe, 0x83dc3a0d, 0xbe68e5c0, 0x7ad88675, 
    0x5b6e0102, 0xea1ee98c, 0xc8ca9bba, 0xfe36c405, 0x67b9fe96, 0xd7fafe79, 0x7c83e68b, 0x01b393e6, 0xfdac0184, 0x8079a1c3, 0x0301fece, 0x00e5c2bc, 
    0x4d000100, 0xef030000, 0x0600b005, 0x01b23a00, 0x12110807, 0x00b00039, 0x05b05845, 0x05b11b2f, 0xb0593e16, 0xb0584500, 0xb11b2f01, 0x593e0601, 
    0xb11005b0, 0x0ab00103, 0xd821582b, 0xb259f41b, 0x11050300, 0x31303912, 0x01230101, 0x03213521, 0x377ffdef, 0x9cfc7a02, 0x8e05a203, 0x7a0572fa, 
    0x03000036, 0xecff6400, 0xc4050404, 0x23001700, 0x74002f00, 0x313015b2, 0xb0391211, 0x1bb01015, 0x1015b0d0, 0x00d027b0, 0x584500b0, 0x1b2f15b0, 
    0x3e1615b1, 0x4500b059, 0x2f09b058, 0x0609b11b, 0x2db2593e, 0x12110915, 0x2db07c39, 0x1bb1182f, 0x2b0ab001, 0x1bd82158, 0x03b259f4, 0x12112d1b, 
    0x2d0fb239, 0x3912111b, 0xb11009b0, 0x0ab00121, 0xd821582b, 0xb059f41b, 0x27b11015, 0x2b0ab001, 0x1bd82158, 0x313059f4, 0x07061401, 0x14151616, 
    0x26222306, 0x37363435, 0x34352626, 0x16323336, 0x23263403, 0x14150622, 0x36323316, 0x23263403, 0x14150622, 0x36323316, 0x7897da03, 0xd2fdaa8f, 
    0x8fa5fbd6, 0xbde79378, 0xe60debbe, 0xdfe4b5b4, 0x29e0b8bc, 0xcda19dd6, 0xcfa2a4cc, 0xb77a3e04, 0x80c82624, 0xb9d6d6b9, 0x2426c781, 0xd2b47ab7, 
    0x9688fcd6, 0x9a97c1c2, 0x6603bbba, 0x95b6bd8e, 0x00b3b18e, 0x67000200, 0xe103ecff, 0x1700c405, 0x68002600, 0x28271fb2, 0xb0391211, 0x0bb0101f, 
    0x00b000d0, 0x0bb05845, 0x0bb11b2f, 0xb0593e16, 0xb0584500, 0xb11b2f12, 0x593e0612, 0x0b1203b2, 0xb0391211, 0x00b22f03, 0x12110b03, 0x1012b039, 
    0xb00114b1, 0x21582b0a, 0x59f41bd8, 0xb11003b0, 0x0ab00118, 0xd821582b, 0xb059f41b, 0x1fb1100b, 0x2b0ab001, 0x1bd82158, 0x313059f4, 0x23060601, 
    0x35262622, 0x33363634, 0x15131232, 0x23050010, 0x00243337, 0x37363225, 0x23023435, 0x15060622, 0x03161614, 0x8cdf35ab, 0x6e6cc078, 0xece178c6, 
    0xfeb8fe01, 0x2b0230c1, 0x30012401, 0xe49460fe, 0x6bc3d128, 0xa65e61ae, 0x8d73d402, 0x8f87e281, 0xdbfe88ef, 0xfea7ecfe, 0x047dfe8f, 0x5e010336, 
    0x3e90ae87, 0x7e0b01fd, 0xcb7779d9, 0xffff0072, 0xfaff7800, 0x2b04ec00, 0x12002600, 0x070000e5, 0xeaff1200, 0xffffc203, 0x01ff5100, 0x2b04ed00, 
    0x12002700, 0xc203ebff, 0x10000600, 0x010000f5, 0x06015200, 0x2d049703, 0x41000600, 0x080700b2, 0x00391211, 0xb12f04b0, 0x0ab00203, 0xd821582b, 
    0xb259f41b, 0x11040300, 0x02b03912, 0x0101b1d0, 0x582b0ab0, 0xf41bd821, 0x1004b059, 0xb1d005b0, 0x0ab00106, 0xd821582b, 0x3059f41b, 0x15011331, 
    0x15013501, 0xfcfc029b, 0x024503bb, 0x3ba7fe9a, 0x01327b01, 0x02003a7a, 0xb4019300, 0x8103d503, 0x07000300, 0x00b23100, 0x12110908, 0xd004b039, 
    0x2f07b000, 0xb0d003b0, 0x00b12f03, 0x2b0ab001, 0x1bd82158, 0x07b059f4, 0x0104b110, 0x582b0ab0, 0xf41bd821, 0x01313059, 0x11213521, 0x03213521, 
    0x03befcd5, 0x03befc42, 0x364b0342, 0x003633fe, 0x72000100, 0xb6030901, 0x06003004, 0x00b24400, 0x12110807, 0x03b00039, 0x0204b12f, 0x582b0ab0, 
    0xf41bd821, 0x0400b259, 0x39121103, 0xb01003b0, 0x01b1d002, 0x2b0ab001, 0x1bd82158, 0x04b059f4, 0xd005b010, 0xb00106b1, 0x21582b0a, 0x59f41bd8, 
    0x01013130, 0x01150135, 0xfd680335, 0xfc44030a, 0x019c02bc, 0x86fe3b59, 0x3b85fe32, 0x5d000200, 0x2103faff, 0x1700c405, 0x60002000, 0x222116b2, 
    0xb0391211, 0x1bb01016, 0x00b000d0, 0x0fb05845, 0x0fb11b2f, 0xb0593e16, 0xb0584500, 0xb11b2f1f, 0x593e061f, 0xb0051ab1, 0x21582b0a, 0x59f41bd8, 
    0xb0d000b0, 0x03b22f00, 0x1211000f, 0x100fb039, 0xb00109b1, 0x21582b0a, 0x59f41bd8, 0x0f000cb2, 0xb2391211, 0x110f0014, 0x31303912, 0x35043e01, 
    0x22232634, 0x36230706, 0x15162036, 0x06070614, 0x36340315, 0x06141632, 0x8b012622, 0x48b44102, 0x90879a21, 0x023602a5, 0xba3a01ce, 0x4e84825a, 
    0x21212e20, 0x9001202e, 0x66a88f70, 0xa6914d6e, 0xc6a287ac, 0xb373a8c6, 0xfec36776, 0x212117a1, 0x0020202e, 0x78000200, 0xfd063bfe, 0x35008305, 
    0x80004200, 0x44433ab2, 0xb0391211, 0x24b0103a, 0x2bb000d0, 0x2f33b02f, 0x584500b0, 0x1b2f04b0, 0x3e0604b1, 0x4500b059, 0x2f09b058, 0x0609b11b, 
    0x0fb2593e, 0x12113309, 0x2f0fb039, 0x0f0907b2, 0xb0391211, 0x39b11009, 0x2b0ab001, 0x1bd82158, 0x16b059f4, 0x1033b0d0, 0xb0011cb1, 0x21582b0a, 
    0x59f41bd8, 0xb1102bb0, 0x0ab00124, 0xd821582b, 0xb059f41b, 0x3fb1100f, 0x2b0ab001, 0x1bd82158, 0x313059f4, 0x06020601, 0x27262223, 0x26222306, 
    0x33123637, 0x03171732, 0x32331606, 0x00123712, 0x02042221, 0x04120607, 0x37363233, 0x23060617, 0x13022422, 0x33241212, 0x16010020, 0x36323316, 
    0x22261337, 0x06060706, 0xa26405ea, 0x0b7c6467, 0x8588df6e, 0xabf21812, 0x31345373, 0x8662610b, 0xfe160ba5, 0xe08dfe94, 0x0dd292fe, 0x5401a80c, 
    0x40b05ae6, 0x5bcb4018, 0xb398fefa, 0x01de0c0c, 0x8801f985, 0x7dfb8901, 0x7d52670b, 0x452b33a2, 0x2228c1fe, 0xfe9a0b02, 0x6c7a83fe, 0xfbcff9e6, 
    0x2c422d01, 0x877bb7fd, 0x01e60201, 0xe0a4019b, 0xfffc70fe, 0x2bde71fe, 0x2f2a2e25, 0x01a701e1, 0x0118011b, 0x35fee5a8, 0x81745ffd, 0xfb019b9b, 
    0x98b0c852, 0x21000200, 0xa5040000, 0x0700b005, 0x54000a00, 0x0c0b0ab2, 0xb0391211, 0x04b0100a, 0x00b000d0, 0x04b05845, 0x04b11b2f, 0xb0593e16, 
    0xb0584500, 0xb11b2f02, 0x593e0602, 0x584500b0, 0x1b2f06b0, 0x3e0606b1, 0x0409b259, 0x39121102, 0xb12f09b0, 0x0ab00100, 0xd821582b, 0xb259f41b, 
    0x1102040a, 0x31303912, 0x23032101, 0x23013301, 0x03012101, 0xa237fdc7, 0x4221023b, 0xfc3b2102, 0xfea102a8, 0xfeb301b0, 0xfab0054d, 0x03e90150, 
    0x03000086, 0x0000c800, 0xb0056504, 0x17000e00, 0x81001f00, 0x212019b2, 0xb0391211, 0x02b01019, 0x1019b0d0, 0x00d011b0, 0x584500b0, 0x1b2f01b0, 
    0x3e1601b1, 0x4500b059, 0x2f00b058, 0x0600b11b, 0x18b2593e, 0x12110001, 0x2f18b039, 0x01185fb2, 0x188fb25d, 0x2fb25d01, 0xb45d0118, 0x18bf18af, 
    0x0fb15d02, 0x2b0ab001, 0x1bd82158, 0x08b259f4, 0x1211180f, 0x1000b039, 0xb00110b1, 0x21582b0a, 0x59f41bd8, 0xb11001b0, 0x0ab0011e, 0xd821582b, 
    0x3059f41b, 0x21113331, 0x14151632, 0x16160706, 0x23061415, 0x32211101, 0x26343536, 0x32212527, 0x25103536, 0x7f01c821, 0x7a86f1eb, 0xd7f1b88a, 
    0xa50161fe, 0xabccd3b9, 0x5d0146fe, 0x67fecac7, 0xb005abfe, 0xae84b6bf, 0x83cb1218, 0xcf02d7ba, 0xa2b767fd, 0x3603b38a, 0x3601a199, 0x01000005, 
    0xecff9000, 0xc405a604, 0x50001e00, 0x201f03b2, 0x00391211, 0x584500b0, 0x1b2f0cb0, 0x3e160cb1, 0x4500b059, 0x2f03b058, 0x0603b11b, 0x10b2593e, 
    0x1211030c, 0x100cb039, 0xb00113b1, 0x21582b0a, 0x59f41bd8, 0xb11003b0, 0x0ab0011b, 0xd821582b, 0xb259f41b, 0x110c031e, 0x31303912, 0x23040601, 
    0x27022622, 0x36123435, 0x17043233, 0x23262623, 0x15110022, 0x33161214, 0x04373632, 0xf4fe15a6, 0x84ef9be6, 0x9cf18201, 0x150e01e4, 0xd0ea1736, 
    0x74fbfed4, 0xebd18cd9, 0xe1be0115, 0x21019df1, 0x01bae1ba, 0xe0f0a025, 0xc0fed1c9, 0xacd6f3fe, 0xce94f7fe, 0x020000ce, 0x0000c800, 0xb005b404, 
    0x17000b00, 0x17b24800, 0x12111918, 0x1017b039, 0x00d00bb0, 0x584500b0, 0x1b2f01b0, 0x3e1601b1, 0x4500b059, 0x2f00b058, 0x0600b11b, 0x01b0593e, 
    0x010cb110, 0x582b0ab0, 0xf41bd821, 0x1000b059, 0xb0010db1, 0x21582b0a, 0x59f41bd8, 0x11333130, 0x12043221, 0x02141517, 0x11010704, 0x12363221, 
    0x02343537, 0x01c82726, 0x1201a993, 0xfe99029c, 0x9efea9ee, 0xfb995d01, 0xf98b018e, 0xa0b00597, 0xbdb3dffe, 0xa4dcfeb6, 0xfa7a0501, 0x0b0195bc, 
    0x01a3bba3, 0x0002970a, 0xc8000100, 0x3e040000, 0x0b00b005, 0x01b26e00, 0x12110d0c, 0x00b00039, 0x06b05845, 0x06b11b2f, 0xb0593e16, 0xb0584500, 
    0xb11b2f04, 0x593e0604, 0x04060bb2, 0xb0391211, 0x5fb22f0b, 0xb25d010b, 0x5d010b8f, 0x010b2fb2, 0x0bafb45d, 0x5d020bbf, 0xb00100b1, 0x21582b0a, 
    0x59f41bd8, 0xb11004b0, 0x0ab00102, 0xd821582b, 0xb059f41b, 0x08b11006, 0x2b0ab001, 0x1bd82158, 0x313059f4, 0x21112101, 0x21112115, 0x21112115, 
    0x26fdd803, 0x8afc4003, 0xc0fc7603, 0xd202da02, 0x053664fd, 0x8efd36b0, 0xc8000100, 0x4e040000, 0x0900b005, 0x01b24900, 0x12110b0a, 0x00b00039, 
    0x04b05845, 0x04b11b2f, 0xb0593e16, 0xb0584500, 0xb11b2f02, 0x593e0602, 0x020409b2, 0xb0391211, 0x00b12f09, 0x2b0ab001, 0x1bd82158, 0x04b059f4, 
    0x0106b110, 0x582b0ab0, 0xf41bd821, 0x01313059, 0x11231121, 0x11211521, 0xfde80321, 0x86033616, 0xea02b0fc, 0x34fdcc02, 0xfd36b005, 0x0100008a, 
    0xecffa800, 0xc405ca04, 0x5f002200, 0x24230cb2, 0x00391211, 0x584500b0, 0x1b2f0cb0, 0x3e160cb1, 0x4500b059, 0x2f03b058, 0x0603b11b, 0x10b2593e, 
    0x12110c03, 0x100cb039, 0xb00113b1, 0x21582b0a, 0x59f41bd8, 0xb11003b0, 0x0ab0011b, 0xd821582b, 0xb259f41b, 0x11030c22, 0x22b03912, 0x011fb12f, 
    0x582b0ab0, 0xf41bd821, 0x25313059, 0x22230406, 0x35270226, 0x33361234, 0x23170432, 0x22232626, 0x14151100, 0x32331612, 0x21113736, 0xca042135, 
    0xa6ecfe37, 0x028ffea2, 0xd99cfa8a, 0x36161101, 0xdcc3ec1b, 0xe77ff2fe, 0x2ffa9295, 0xf30143fe, 0x9e644c9c, 0xfab62001, 0x9b1c01b3, 0xbaaec0de, 
    0x00ffc6fe, 0xf4feabe8, 0x013d5693, 0x010037a8, 0x0000c800, 0xb005d604, 0x56000b00, 0x0d0c01b2, 0x00391211, 0x584500b0, 0x1b2f06b0, 0x3e1606b1, 
    0x4500b059, 0x2f0ab058, 0x160ab11b, 0x00b0593e, 0x00b05845, 0x00b11b2f, 0xb0593e06, 0xb0584500, 0xb11b2f04, 0x593e0604, 0x0a0009b2, 0x7c391211, 
    0x182f09b0, 0xb00102b1, 0x21582b0a, 0x59f41bd8, 0x23213130, 0x23112111, 0x21113311, 0xd6043311, 0x365efc36, 0x36a20336, 0x2efdd202, 0x58fdb005, 
    0x0100a802, 0x0000f000, 0xb0052601, 0x24000300, 0x050400b2, 0x00391211, 0x584500b0, 0x1b2f02b0, 0x3e1602b1, 0x4500b059, 0x2f00b058, 0x0600b11b, 
    0x3130593e, 0x33112321, 0x36362601, 0x0100b005, 0xecff5a00, 0xb005a203, 0x30000f00, 0x111005b2, 0x00391211, 0x584500b0, 0x1b2f00b0, 0x3e1600b1, 
    0x4500b059, 0x2f05b058, 0x0605b11b, 0x0cb1593e, 0x2b0ab001, 0x1bd82158, 0x313059f4, 0x14113301, 0x26222306, 0x16143335, 0x37363233, 0xe6366c03, 
    0x36d8ccbe, 0xcba0b7b7, 0xfcb00503, 0xdafbd30a, 0xd6bdb2cb, 0x010000b8, 0x0000c800, 0xb005ca04, 0x4c000c00, 0x0e0d0ab2, 0x00391211, 0x584500b0, 
    0x1b2f04b0, 0x3e1604b1, 0x4500b059, 0x2f08b058, 0x1608b11b, 0x00b0593e, 0x02b05845, 0x02b11b2f, 0xb0593e06, 0xb0584500, 0xb11b2f0b, 0x593e060b, 
    0x020400b2, 0xb2391211, 0x11020406, 0x31303912, 0x23110701, 0x37113311, 0x01013301, 0xe9e70123, 0x02f03636, 0x77fd4e5c, 0x0246bb02, 0xd9fdd7fe, 
    0xb6fcb005, 0xfd5f02eb, 0x00ddfc73, 0xc8000100, 0xea030000, 0x0500b005, 0x00b23000, 0x12110706, 0x00b00039, 0x04b05845, 0x04b11b2f, 0xb0593e16, 
    0xb0584500, 0xb11b2f02, 0x593e0602, 0xb00100b1, 0x21582b0a, 0x59f41bd8, 0x21373130, 0x33112115, 0xfceb02ff, 0x363637de, 0x0100b005, 0x0000c800, 
    0xb0051406, 0x60000c00, 0x0e0d01b2, 0x00391211, 0x584500b0, 0x1b2f00b0, 0x3e1600b1, 0x4500b059, 0x2f02b058, 0x1602b11b, 0x00b0593e, 0x04b05845, 
    0x04b11b2f, 0xb0593e06, 0xb0584500, 0xb11b2f07, 0x593e0607, 0x584500b0, 0x1b2f0ab0, 0x3e060ab1, 0x0001b259, 0x39121104, 0x040006b2, 0xb2391211, 
    0x11040009, 0x31303912, 0x11330209, 0x23011123, 0x11231101, 0x57021501, 0x364f5902, 0xfd2ba4fd, 0xb00536a7, 0x61059ffa, 0x600550fa, 0x5905a0fa, 
    0xb005a7fa, 0xc8000100, 0xe1040000, 0x0900b005, 0x02b24c00, 0x12110b0a, 0x00b00039, 0x05b05845, 0x05b11b2f, 0xb0593e16, 0xb0584500, 0xb11b2f08, 
    0x593e1608, 0x584500b0, 0x1b2f00b0, 0x3e0600b1, 0x4500b059, 0x2f03b058, 0x0603b11b, 0x02b2593e, 0x12110005, 0x0507b239, 0x39121100, 0x23213130, 
    0x11231101, 0x33110133, 0xfc36e104, 0x03373754, 0x540536ac, 0xb005acfa, 0x5105affa, 0x85000200, 0xcf04ecff, 0x1000c405, 0x48001f00, 0x212004b2, 
    0xb0391211, 0x14b01004, 0x00b000d0, 0x0cb05845, 0x0cb11b2f, 0xb0593e16, 0xb0584500, 0xb11b2f04, 0x593e0604, 0xb1100cb0, 0x0ab00114, 0xd821582b, 
    0xb059f41b, 0x1cb11004, 0x2b0ab001, 0x1bd82158, 0x313059f4, 0x06021401, 0x11002223, 0x36123435, 0x12163233, 0x00102715, 0x11002223, 0x16121415, 
    0x11003233, 0xfa87cf04, 0xd0fef6a3, 0xa3a2fb87, 0xfe3688fb, 0xfee1e4f4, 0x96e079f4, 0x020a01e4, 0xddfebd6b, 0x015e019f, 0x01bcd229, 0xfe9f9f24, 
    0x0102bbdb, 0xfe3f0108, 0xd5effec3, 0x90f5feae, 0x13013e01, 0xc8000200, 0x65040000, 0x0a00b005, 0x4f001300, 0x151404b2, 0xb0391211, 0x0cb01004, 
    0x00b000d0, 0x03b05845, 0x03b11b2f, 0xb0593e16, 0xb0584500, 0xb11b2f01, 0x593e0601, 0x01030bb2, 0xb0391211, 0x00b12f0b, 0x2b0ab001, 0x1bd82158, 
    0x03b059f4, 0x0112b110, 0x582b0ab0, 0xf41bd821, 0x13313059, 0x21112311, 0x14151632, 0x21250706, 0x34353632, 0xfe212326, 0xdfc70136, 0xfedef1f7, 
    0xc5910168, 0xfec5dbdb, 0xfd67026f, 0xe1b00599, 0x02d8c6c8, 0xb0aabe36, 0x020000c5, 0xf9fe8500, 0xc405cf04, 0x23001400, 0x08b24800, 0x12112524, 
    0x1008b039, 0x00d018b0, 0x584500b0, 0x1b2f10b0, 0x3e1610b1, 0x4500b059, 0x2f08b058, 0x0608b11b, 0x10b0593e, 0x0118b110, 0x582b0ab0, 0xf41bd821, 
    0x1008b059, 0xb00120b1, 0x21582b0a, 0x59f41bd8, 0x14013130, 0x07010702, 0x22230601, 0x34351100, 0x32333612, 0x27151216, 0x22230010, 0x14151100, 
    0x32331612, 0xcf041100, 0x0b01949f, 0x5ae4fe27, 0xd0fef65f, 0xa3a2fb87, 0xfe3688fb, 0xfee1e4f4, 0x96e079f4, 0x020a01e4, 0xccfecc6b, 0x23fbfe4a, 
    0x011e1101, 0xd229015e, 0x9f2401bc, 0xbbdbfe9f, 0x01080102, 0xfec3fe3f, 0xfeaed5ef, 0x3e0190f5, 0x02001301, 0x0000c300, 0xb005ae04, 0x17000e00, 
    0x05b26800, 0x12111918, 0x1005b039, 0x00d016b0, 0x584500b0, 0x1b2f04b0, 0x3e1604b1, 0x4500b059, 0x2f02b058, 0x0602b11b, 0x00b0593e, 0x0db05845, 
    0x0db11b2f, 0xb2593e06, 0x11020410, 0x10b03912, 0x0100b12f, 0x582b0ab0, 0xf41bd821, 0x000bb259, 0x39121110, 0x2f0bb07c, 0x1004b018, 0xb00116b1, 
    0x21582b0a, 0x59f41bd8, 0x21013130, 0x21112311, 0x14150432, 0x15010706, 0x32210123, 0x26343536, 0xf2022123, 0x013607fe, 0x0301dbd0, 0x85018fb9, 
    0x0184fc39, 0xe5cfa8cb, 0x026afec7, 0x0591fd6f, 0x95c2e2b0, 0x91fd1bdf, 0xcca5020e, 0x00c4aa9b, 0x60000100, 0x6704ecff, 0x2900c405, 0x0ab26f00, 
    0x12112b2a, 0x00b00039, 0x0ab05845, 0x0ab11b2f, 0xb0593e16, 0xb0584500, 0xb11b2f1f, 0x593e061f, 0x0a1f03b2, 0xb0391211, 0x04b01003, 0x0a0eb2d0, 
    0x3912111f, 0xb1100ab0, 0x0ab00112, 0xd821582b, 0xb059f41b, 0x18b11003, 0x2b0ab001, 0x1bd82158, 0x17b059f4, 0x1f24b2d0, 0x3912110a, 0xb1101fb0, 
    0x0ab00127, 0xd821582b, 0x3059f41b, 0x26340131, 0x26262426, 0x33243435, 0x15161632, 0x23263423, 0x14150622, 0x16170416, 0x06061415, 0x26262223, 
    0x04143335, 0x04363233, 0xfebb5730, 0x0158bd86, 0xdf8cd70c, 0xbff0367a, 0x01ceedc0, 0x7c8c6eda, 0xfc9e8ee4, 0x0c01367f, 0x01f8bfd7, 0x63815d5d, 
    0x648c6a68, 0xc56dc59f, 0xabd5a37c, 0x7ba08381, 0x6ead6751, 0xc2695ca9, 0xafc6b384, 0x37000100, 0x91040000, 0x0700b005, 0x01b23900, 0x12110908, 
    0x00b00039, 0x06b05845, 0x06b11b2f, 0xb0593e16, 0xb0584500, 0xb11b2f02, 0x593e0602, 0xb11006b0, 0x0ab00100, 0xd821582b, 0xb059f41b, 0x05b0d004, 
    0x013130d0, 0x11231121, 0x04213521, 0x36eefd91, 0x5a04eefd, 0x86fa7a05, 0x00367a05, 0xb9000100, 0x9c04ecff, 0x0f00b005, 0x0bb23d00, 0x12111110, 
    0x00b00039, 0x00b05845, 0x00b11b2f, 0xb0593e16, 0xb0584500, 0xb11b2f07, 0x593e1607, 0x584500b0, 0x1b2f04b0, 0x3e0604b1, 0x010bb159, 0x582b0ab0, 
    0xf41bd821, 0x01313059, 0x20001411, 0x33112700, 0x20161411, 0x04113536, 0xfef4fe9c, 0x01f4fe36, 0x9201f336, 0xfcb005f2, 0xfdfee726, 0x03e30301, 
    0xca28fcde, 0x03cbecec, 0x010000d7, 0x00002300, 0xb005a504, 0x38000800, 0x0a0901b2, 0x00391211, 0x584500b0, 0x1b2f03b0, 0x3e1603b1, 0x4500b059, 
    0x2f07b058, 0x1607b11b, 0x00b0593e, 0x05b05845, 0x05b11b2f, 0xb2593e06, 0x11050301, 0x31303912, 0x01371725, 0x01230133, 0x1d470233, 0x3be9011d, 
    0xfd42e0fd, 0x588e3be0, 0xfa220558, 0x00b00550, 0x3d000100, 0x01070000, 0x1200b005, 0x0cb26000, 0x12111413, 0x00b00039, 0x02b05845, 0x02b11b2f, 
    0xb0593e16, 0xb0584500, 0xb11b2f07, 0x593e1607, 0x584500b0, 0x1b2f10b0, 0x3e1610b1, 0x4500b059, 0x2f09b058, 0x0609b11b, 0x00b0593e, 0x0eb05845, 
    0x0eb11b2f, 0xb2593e06, 0x11090200, 0x05b23912, 0x12110902, 0x020cb239, 0x39121109, 0x37253130, 0x17013301, 0x01330137, 0x07270123, 0x33012301, 
    0x42e90101, 0x013c5801, 0x01444156, 0x78fe3b2c, 0x3397fe3d, 0x3d94fe31, 0x013c77fe, 0x04f05a2e, 0xf09afb66, 0xfa6604f0, 0x9abe0450, 0x0542fb9a, 
    0x009afbb0, 0x36000100, 0x90040000, 0x0b00b005, 0x00b25a00, 0x12110d0c, 0x00b00039, 0x01b05845, 0x01b11b2f, 0xb0593e16, 0xb0584500, 0xb11b2f0a, 
    0x593e160a, 0x584500b0, 0x1b2f04b0, 0x3e0604b1, 0x4500b059, 0x2f07b058, 0x0607b11b, 0x00b2593e, 0x12110401, 0x0106b239, 0x39121104, 0x060003b2, 
    0xb2391211, 0x11000609, 0x31303912, 0x01330101, 0x01012301, 0x33010123, 0xd6016302, 0x0208fe44, 0x16fe430b, 0x024114fe, 0x4408fe0b, 0x9f021103, 
    0x19fd37fd, 0x43fdbd02, 0xc902e702, 0x21000100, 0xa1040000, 0x0800b005, 0x00b23800, 0x12110a09, 0x00b00039, 0x01b05845, 0x01b11b2f, 0xb0593e16, 
    0xb0584500, 0xb11b2f07, 0x593e1607, 0x584500b0, 0x1b2f04b0, 0x3e0604b1, 0x0100b259, 0x39121104, 0x01013130, 0x23110133, 0x02330111, 0x42fe0161, 
    0xfd36dbfd, 0x5a0248db, 0x79fc5603, 0x2902d7fd, 0x01008703, 0x00005e00, 0xb0056a04, 0x4d000900, 0x0b0a05b2, 0x00391211, 0x584500b0, 0x1b2f07b0, 
    0x3e1607b1, 0x4500b059, 0x2f02b058, 0x0602b11b, 0x00b1593e, 0x2b0ab001, 0x1bd82158, 0x04b259f4, 0x12110200, 0x1007b039, 0xb00105b1, 0x21582b0a, 
    0x59f41bd8, 0x070509b2, 0x30391211, 0x15213731, 0x21013521, 0xa8152135, 0xf4fbc203, 0x87fca103, 0x3636c403, 0x354f052c, 0x01000026, 0xc8feb500, 
    0x8006d001, 0x2b000700, 0x090801b2, 0x00391211, 0xb02f04b0, 0x00b12f07, 0x2b0ab001, 0x1bd82158, 0x04b059f4, 0x0103b110, 0x582b0ab0, 0xf41bd821, 
    0x01313059, 0x15331123, 0x01211121, 0xfee5e5d0, 0x061b01e5, 0x36b4f84a, 0x0100b807, 0x83ff3900, 0xb005d302, 0x1a000300, 0x050401b2, 0x00391211, 
    0xb02f02b0, 0xb0584500, 0xb11b2f00, 0x593e1600, 0x33133130, 0x3a392301, 0x053a6002, 0x00d3f9b0, 0xf8ff0100, 0x1301c8fe, 0x07008006, 0x05b22e00, 
    0x12110908, 0x02b00039, 0x2f01b02f, 0xb11002b0, 0x0ab00105, 0xd821582b, 0xb059f41b, 0x06b11001, 0x2b0ab001, 0x1bd82158, 0x313059f4, 0x21112103, 
    0x23113335, 0xfe1b0108, 0x06e4e4e5, 0x3648f880, 0x01004c07, 0xd9025b00, 0xb005e502, 0x2b000600, 0x080700b2, 0x00391211, 0x584500b0, 0x1b2f03b0, 
    0x3e1603b1, 0x0701b259, 0x39121103, 0xb22f01b0, 0x11030100, 0x05b03912, 0x013130d0, 0x33012301, 0xa0012301, 0x013bf6fe, 0x2b01342b, 0xfd66053d, 
    0xfdd70273, 0x01000029, 0xcaffffff, 0x00004d03, 0x23000300, 0x050400b2, 0x00391211, 0x584500b0, 0x1b2f03b0, 0x3e0603b1, 0x0100b159, 0x582b0ab0, 
    0xf41bd821, 0x05313059, 0x03213521, 0x03b2fc4d, 0x0036364e, 0x95000100, 0x9301f604, 0x03000006, 0xb0002000, 0x00b02f01, 0x00b019d0, 0x01b0182f, 
    0xd003b010, 0xb62f03b0, 0x031f030f, 0x5d03032f, 0x23013130, 0x93013303, 0x0442c33b, 0x000a01f6, 0x5c000200, 0xa503ecff, 0x1e004e04, 0x96002a00, 
    0x2c2b10b2, 0xb0391211, 0x20b01010, 0x00b000d0, 0x17b05845, 0x17b11b2f, 0xb0593e12, 0xb0584500, 0xb11b2f00, 0x593e0600, 0x584500b0, 0x1b2f05b0, 
    0x3e0605b1, 0x0502b259, 0x39121117, 0x17050cb2, 0xb0391211, 0x2fb42f0c, 0x020c3f0c, 0x0c6fb45d, 0x5d020c7f, 0xb11017b0, 0x0ab00110, 0xd821582b, 
    0xb259f41b, 0x11100c13, 0x09403912, 0x131c130c, 0x133c132c, 0x05b05d04, 0x011fb110, 0x582b0ab0, 0xf41bd821, 0x100cb059, 0xb00123b1, 0x21582b0a, 
    0x59f41bd8, 0x26213130, 0x23060635, 0x34352622, 0x35213724, 0x22232634, 0x34271506, 0x16323336, 0x17141117, 0x36322515, 0x22231137, 0x14150607, 
    0x14670316, 0x968cde40, 0xdf0d01b7, 0x9fab0b01, 0xe836c694, 0x03ceafa8, 0x9804fe1c, 0xe8fa37db, 0x459e647b, 0xa3726881, 0x02b39583, 0x9896889e, 
    0xb8840270, 0xfbfd9faf, 0x210940b2, 0x01017b88, 0x63704b5c, 0x0200008a, 0xecffaa00, 0x0006e703, 0x1e001100, 0x0eb26600, 0x1211201f, 0x100eb039, 
    0x00d015b0, 0xb02f09b0, 0xb0584500, 0xb11b2f0e, 0x593e120e, 0x584500b0, 0x1b2f07b0, 0x3e0607b1, 0x4500b059, 0x2f03b058, 0x0603b11b, 0x06b2593e, 
    0x1211070e, 0x0e0bb239, 0x39121107, 0xb1100eb0, 0x0ab00115, 0xd821582b, 0xb059f41b, 0x1cb11003, 0x2b0ab001, 0x1bd82158, 0x313059f4, 0x23021401, 
    0x15272622, 0x11331123, 0x32333636, 0x34271112, 0x06222302, 0x16161107, 0x03123233, 0x7abcdae7, 0x363637c0, 0xbe7bbb39, 0xa6b938da, 0x2b2bbd88, 
    0xb6a78abd, 0xfefd1302, 0xab5a65d6, 0x75fd0006, 0xddfe6e6b, 0xe904f9fe, 0x8a8c0701, 0x7d7310fe, 0x01000a01, 0xecff6100, 0x4e04ac03, 0x4d001b00, 
    0x1d1c0eb2, 0x00391211, 0x584500b0, 0x1b2f0eb0, 0x3e120eb1, 0x4500b059, 0x2f07b058, 0x0607b11b, 0x00b1593e, 0x2b0ab001, 0x1bd82158, 0x03b259f4, 
    0x12110e07, 0x0e12b239, 0x39121107, 0xb1100eb0, 0x0ab00115, 0xd821582b, 0x3059f41b, 0x36322531, 0x06063337, 0x35022223, 0x33123435, 0x23171632, 
    0x22232626, 0x14151502, 0x931b0212, 0x083609bf, 0xefcba7e2, 0xe0acc9ef, 0xbf073607, 0xcfcdb597, 0x9d8a9c22, 0xfc2601bf, 0x2601f624, 0xb192abce, 
    0x23e8fbfe, 0x00fdfee3, 0x7a000200, 0xb703ecff, 0x11000006, 0x63001d00, 0x1f1e03b2, 0xb0391211, 0x1bb01003, 0x07b000d0, 0x4500b02f, 0x2f03b058, 
    0x1203b11b, 0x00b0593e, 0x09b05845, 0x09b11b2f, 0xb0593e06, 0xb0584500, 0xb11b2f0e, 0x593e060e, 0x090306b2, 0xb2391211, 0x1109030b, 0x15b13912, 
    0x2b0ab001, 0x1bd82158, 0x03b059f4, 0x011bb110, 0x582b0ab0, 0xf41bd821, 0x13313059, 0x32331210, 0x33111716, 0x06352311, 0x02222306, 0x12141711, 
    0x37363233, 0x22210211, 0xbeda7a02, 0x363abb7a, 0x7ac03736, 0xb638dabc, 0x2ebe86a7, 0xa6edfe5d, 0x012802b9, 0x6e230103, 0xfa8d026d, 0x655cad00, 
    0x04012a01, 0xf5fee607, 0xfb017377, 0xfafe1101, 0x57000200, 0xb803ecff, 0x18004e04, 0x6c002100, 0x232209b2, 0xb0391211, 0x19b01009, 0x00b000d0, 
    0x09b05845, 0x09b11b2f, 0xb0593e12, 0xb0584500, 0xb11b2f00, 0x593e0600, 0x00091db2, 0xb0391211, 0x2fb42f1d, 0x021d3f1d, 0x010db15d, 0x582b0ab0, 
    0xf41bd821, 0x1000b059, 0xb00113b1, 0x21582b0a, 0x59f41bd8, 0x000916b2, 0xb0391211, 0x19b11009, 0x2b0ab001, 0x1bd82158, 0x313059f4, 0x26262205, 
    0x36343535, 0x12323336, 0x15211515, 0x33161614, 0x17373632, 0x06220106, 0x34352107, 0x31022626, 0x787cdb83, 0xe6b57cd2, 0xc36fd5fc, 0x3b996d72, 
    0xfefe7926, 0x0213dc9e, 0x14a35df2, 0x2d96f68d, 0xfe8cfa96, 0x3b39d2fe, 0x4980e184, 0x04af1b4c, 0x0db6eb2c, 0x0069bd6e, 0x42000100, 0x99020000, 
    0x15001506, 0x0fb26800, 0x12111716, 0x00b00039, 0x08b05845, 0x08b11b2f, 0xb0593e18, 0xb0584500, 0xb11b2f03, 0x593e1203, 0x584500b0, 0x1b2f11b0, 
    0x3e1211b1, 0x4500b059, 0x2f00b058, 0x0600b11b, 0x11b0593e, 0x0101b110, 0x582b0ab0, 0xf41bd821, 0xd002b059, 0xb11008b0, 0x0ab0010d, 0xd821582b, 
    0xb059f41b, 0x13b01002, 0xd014b0d0, 0x11333130, 0x35333523, 0x32333636, 0x23260717, 0x15150622, 0x11211521, 0x01bcbcfe, 0x364a8595, 0x6b433408, 
    0xfe1e017b, 0x370304e2, 0x11a7969e, 0x808b0f34, 0xfdfb379a, 0x79000200, 0xb6034cfe, 0x1d004e04, 0x86002900, 0x2b2a0cb2, 0xb0391211, 0x27b0100c, 
    0x00b000d0, 0x03b05845, 0x03b11b2f, 0xb0593e12, 0xb0584500, 0xb11b2f07, 0x593e1207, 0x584500b0, 0x1b2f0cb0, 0x3e080cb1, 0x4500b059, 0x2f1ab058, 
    0x061ab11b, 0x06b2593e, 0x12111a03, 0x100cb039, 0xb00113b1, 0x21582b0a, 0x59f41bd8, 0x131a10b2, 0xb2391211, 0x111a0317, 0x1ab03912, 0x0121b110, 
    0x582b0ab0, 0xf41bd821, 0x1003b059, 0xb00127b1, 0x21582b0a, 0x59f41bd8, 0x10133130, 0x16323312, 0x11333517, 0x22230614, 0x16372726, 0x36323316, 
    0x06063537, 0x11022223, 0x33121417, 0x11373632, 0x02222102, 0x79beda79, 0xdc3739bc, 0x40b56dbd, 0x65963f26, 0x3803baa7, 0xdabc79bf, 0x89a6b837, 
    0xfe5828c0, 0x02b9a7e9, 0x01030128, 0xc66b6f23, 0xf1d6d9fb, 0x5024585e, 0xa6b9cb55, 0x2a01635c, 0xe8070401, 0x737ff7fe, 0x1901eb01, 0x0100fafe, 
    0x0000ac00, 0x0006ba03, 0x4a001300, 0x15140cb2, 0x00391211, 0xb02f12b0, 0xb0584500, 0xb11b2f03, 0x593e1203, 0x584500b0, 0x1b2f07b0, 0x3e0607b1, 
    0x4500b059, 0x2f10b058, 0x0610b11b, 0x00b2593e, 0x12110703, 0x1003b039, 0xb0010cb1, 0x21582b0a, 0x59f41bd8, 0x36133130, 0x16323336, 0x11231117, 
    0x22232626, 0x23110706, 0x35e23311, 0xa9ae7dce, 0x8c013601, 0x24cd8c98, 0x3e033636, 0xc7c5927e, 0xc4023efd, 0x9dc7a7ae, 0x00064bfd, 0x9d000200, 
    0x0c010000, 0x0300c405, 0x3f000c00, 0x0e0d06b2, 0xb0391211, 0x01b01006, 0x00b000d0, 0x03b05845, 0x03b11b2f, 0xb0593e12, 0xb0584500, 0xb11b2f00, 
    0x593e0600, 0xb01003b0, 0x0bb0d00b, 0x0506b12f, 0x582b0ab0, 0xf41bd821, 0x33313059, 0x03331123, 0x16323634, 0x26220614, 0x523636ef, 0x21212e20, 
    0x3a04202e, 0x21175201, 0x20202e21, 0x71ff0200, 0x12014bfe, 0x0d00c405, 0x48001600, 0x181700b2, 0xb0391211, 0xb000d011, 0xb0584500, 0xb11b2f00, 
    0x593e1200, 0x584500b0, 0x1b2f04b0, 0x3e0804b1, 0x0109b159, 0x582b0ab0, 0xf41bd821, 0x1000b059, 0xb0d015b0, 0x10b12f15, 0x2b0ab005, 0x1bd82158, 
    0x313059f4, 0x06141113, 0x37272223, 0x36323316, 0x34031135, 0x14163236, 0xf0262206, 0x31318796, 0x702f3003, 0x2e201777, 0x202e2121, 0x45fb3a04, 
    0x34149e96, 0x04798512, 0x175201bb, 0x202e2121, 0x01000020, 0x0000ac00, 0x0006b903, 0x42000d00, 0x0f0e0bb2, 0x00391211, 0xb02f05b0, 0xb0584500, 
    0xb11b2f09, 0x593e1209, 0x584500b0, 0x1b2f03b0, 0x3e0603b1, 0x4500b059, 0x2f0cb058, 0x060cb11b, 0x00b2593e, 0x12110309, 0x0907b239, 0x39121103, 
    0x07013130, 0x11231107, 0x01371133, 0x23010133, 0x9d028101, 0x017f3636, 0x0ffe4dec, 0x02461002, 0xfe870249, 0xfb000640, 0xc70178fb, 0x93fd33fe, 
    0xb9000100, 0xef000000, 0x03000006, 0x01b21a00, 0x12110504, 0x02b00039, 0x4500b02f, 0x2f00b058, 0x0600b11b, 0x3130593e, 0x33112333, 0x063636ef, 
    0x01000000, 0x0000a100, 0x4e049006, 0x78002400, 0x262513b2, 0x00391211, 0x584500b0, 0x1b2f11b0, 0x3e1211b1, 0x4500b059, 0x2f17b058, 0x1217b11b, 
    0x00b0593e, 0x0db05845, 0x0db11b2f, 0xb0593e12, 0xb0584500, 0xb11b2f00, 0x593e0600, 0x584500b0, 0x1b2f0ab0, 0x3e060ab1, 0x4500b059, 0x2f1bb058, 
    0x061bb11b, 0x11b0593e, 0x0105b110, 0x582b0ab0, 0xf41bd821, 0x170eb259, 0x39121100, 0x001714b2, 0xb0391211, 0x3130d020, 0x26112321, 0x07222326, 
    0x23110706, 0x36113311, 0x16323336, 0x33363617, 0x11171632, 0x26341123, 0x06070607, 0x36b20307, 0xb29a8d01, 0x37164371, 0x7ccc3737, 0x301bad88, 
    0xabaf86d8, 0x998f3601, 0x064273c5, 0x9fa3d702, 0xfd725e9d, 0xff3a0454, 0x78908400, 0xc68b7588, 0x023efdc6, 0x02abb2be, 0x53599a03, 0xac000100, 
    0xba030000, 0x13004e04, 0x0cb25400, 0x12111514, 0x00b00039, 0x03b05845, 0x03b11b2f, 0xb0593e12, 0xb0584500, 0xb11b2f13, 0x593e1213, 0x584500b0, 
    0x1b2f07b0, 0x3e0607b1, 0x4500b059, 0x2f10b058, 0x0610b11b, 0x00b2593e, 0x12110703, 0x1003b039, 0xb0010cb1, 0x21582b0a, 0x59f41bd8, 0x36133130, 
    0x16323336, 0x11231117, 0x22232626, 0x23110706, 0x35e23311, 0xa9ae7dce, 0x8c013601, 0x24cd8c98, 0x3e033636, 0xc7c5927e, 0xc4023efd, 0x9dc7a7ae, 
    0x3a044bfd, 0x5a000200, 0x0d04ecff, 0x10004e04, 0x45002000, 0x222104b2, 0xb0391211, 0x1db01004, 0x00b000d0, 0x04b05845, 0x04b11b2f, 0xb0593e12, 
    0xb0584500, 0xb11b2f0d, 0x593e060d, 0xb00114b1, 0x21582b0a, 0x59f41bd8, 0xb11004b0, 0x0ab0011d, 0xd821582b, 0x3059f41b, 0x36341331, 0x16323336, 
    0x14151716, 0x26200606, 0x14372726, 0x32331616, 0x34353512, 0x22232626, 0x775a1502, 0xd88889d9, 0xd9760179, 0x78d9eefe, 0xbf6b3601, 0x6ce9b97b, 
    0xeab979bf, 0xf79b3202, 0x9af6868a, 0x8af69c30, 0x0699f588, 0x017ee187, 0x851fdb16, 0xe6fe7fe2, 0x020000d6, 0x60feaa00, 0x4e04e703, 0x1e001100, 
    0x0eb27000, 0x1211201f, 0x100eb039, 0x00d015b0, 0x584500b0, 0x1b2f0eb0, 0x3e120eb1, 0x4500b059, 0x2f0ab058, 0x120ab11b, 0x00b0593e, 0x07b05845, 
    0x07b11b2f, 0xb0593e08, 0xb0584500, 0xb11b2f03, 0x593e0603, 0x030e06b2, 0xb2391211, 0x11030e0b, 0x0eb03912, 0x0115b110, 0x582b0ab0, 0xf41bd821, 
    0x1003b059, 0xb0011cb1, 0x21582b0a, 0x59f41bd8, 0x14013130, 0x26222302, 0x11231127, 0x36361533, 0x11123233, 0x23023427, 0x11070622, 0x32331616, 
    0xdae70312, 0x36c07bbc, 0xbe383636, 0x37dabe79, 0xbe88a7b9, 0x89bf2a2a, 0x1302b8a6, 0x64d6fefd, 0x05b8fd58, 0x6e67c1da, 0xf9feddfe, 0x0701e904, 
    0x06fe848d, 0x08017b70, 0x7a000200, 0xb70360fe, 0x11004e04, 0x6d001e00, 0x201f03b2, 0xb0391211, 0x1cb01003, 0x00b000d0, 0x03b05845, 0x03b11b2f, 
    0xb0593e12, 0xb0584500, 0xb11b2f07, 0x593e1207, 0x584500b0, 0x1b2f09b0, 0x3e0809b1, 0x4500b059, 0x2f0eb058, 0x060eb11b, 0x06b2593e, 0x12110e03, 
    0x030bb239, 0x3912110e, 0xb00115b1, 0x21582b0a, 0x59f41bd8, 0xb11003b0, 0x0ab0011c, 0xd821582b, 0x3059f41b, 0x12101331, 0x17163233, 0x23113335, 
    0x23060611, 0x17110222, 0x32331214, 0x26113736, 0x02222326, 0x79beda7a, 0x363638be, 0xbc78bf3a, 0xa7b638da, 0x2f2ebe86, 0xb9a683be, 0x03012802, 
    0x676e2301, 0x0226fac1, 0x01615b48, 0x0704012a, 0x77f5fee6, 0x87fb0173, 0x00fafe8a, 0xac000100, 0x8f020000, 0x0e004e04, 0x0ab24700, 0x1211100f, 
    0x00b00039, 0x0cb05845, 0x0cb11b2f, 0xb0593e12, 0xb0584500, 0xb11b2f07, 0x593e1207, 0x584500b0, 0x1b2f05b0, 0x3e0605b1, 0x100cb059, 0xb00101b1, 
    0x21582b0a, 0x59f41bd8, 0x050c09b2, 0x30391211, 0x22270131, 0x23110706, 0x36153311, 0x17323336, 0x8a468902, 0x36361dba, 0x2f85b02c, 0x0613041d, 
    0x3bfda1b3, 0x71e13a04, 0x01000b84, 0xecff6c00, 0x4e047d03, 0x79002500, 0x272608b2, 0x00391211, 0x584500b0, 0x1b2f08b0, 0x3e1208b1, 0x4500b059, 
    0x2f1cb058, 0x061cb11b, 0x02b2593e, 0x1211081c, 0x080cb239, 0x3912111c, 0x0c0c0940, 0x0c2c0c1c, 0x5d040c3c, 0xb11008b0, 0x0ab0010f, 0xd821582b, 
    0xb059f41b, 0x15b11002, 0x2b0ab001, 0x1bd82158, 0x20b259f4, 0x1211081c, 0x2004b439, 0x5d022014, 0xb1101cb0, 0x0ab00123, 0xd821582b, 0x3059f41b, 
    0x25340131, 0x34352626, 0x16323336, 0x26342315, 0x15062223, 0x04161614, 0x14151616, 0x26222306, 0x16163335, 0x03363233, 0xcab0fe47, 0xafa1c99e, 
    0x94b837d4, 0x8c3ea68e, 0x469c0c01, 0xdfb6aad2, 0x9eb90836, 0x0901b591, 0x872b47c5, 0xa79a7776, 0x7c926d8e, 0x4353495d, 0x5373543e, 0x82a59c80, 
    0x00877f72, 0x26000100, 0x3c02ecff, 0x15005e05, 0x0eb26100, 0x12111716, 0x00b00039, 0x01b05845, 0x01b11b2f, 0xb0593e12, 0xb0584500, 0xb11b2f13, 
    0x593e1213, 0x584500b0, 0x1b2f0db0, 0x3e060db1, 0x1001b059, 0xb0d000b0, 0x01b02f00, 0x0103b110, 0x582b0ab0, 0xf41bd821, 0x100db059, 0xb00108b1, 
    0x21582b0a, 0x59f41bd8, 0xb01003b0, 0x12b0d011, 0x013130d0, 0x23153311, 0x33161411, 0x06173732, 0x27262223, 0x33352311, 0xf6250111, 0x2c584bf6, 
    0x5021093f, 0xc8016676, 0xfe5e05c8, 0x00fd37dc, 0x33096e73, 0x038d830c, 0x24013707, 0xa8000100, 0xb803ecff, 0x13003a04, 0x04b25100, 0x12111514, 
    0x00b00039, 0x08b05845, 0x08b11b2f, 0xb0593e12, 0xb0584500, 0xb11b2f11, 0x593e1211, 0x584500b0, 0x1b2f00b0, 0x3e0600b1, 0x4500b059, 0x2f04b058, 
    0x0604b11b, 0x01b2593e, 0x12110011, 0x010db139, 0x582b0ab0, 0xf41bd821, 0x21313059, 0x23060635, 0x11272622, 0x16161133, 0x37363233, 0x03113311, 
    0x8db83081, 0x3602b1b1, 0x9b929802, 0xaf371ac2, 0xc6cf695a, 0x45fdb902, 0x8d92b1ac, 0xc6fbf902, 0x2b000100, 0xa9030000, 0x06003a04, 0x00b23800, 
    0x12110807, 0x00b00039, 0x01b05845, 0x01b11b2f, 0xb0593e12, 0xb0584500, 0xb11b2f05, 0x593e1205, 0x584500b0, 0x1b2f03b0, 0x3e0603b1, 0x0500b259, 
    0x39121103, 0x01253130, 0x01230133, 0x01ea0133, 0x5bfe3a85, 0x3a5cfe35, 0xfbe40356, 0x003a04c6, 0x53000100, 0xb0050000, 0x10003a04, 0x0bb26000, 
    0x12111211, 0x00b00039, 0x02b05845, 0x02b11b2f, 0xb0593e12, 0xb0584500, 0xb11b2f06, 0x593e1206, 0x584500b0, 0x1b2f0fb0, 0x3e120fb1, 0x4500b059, 
    0x2f08b058, 0x0608b11b, 0x00b0593e, 0x0db05845, 0x0db11b2f, 0xb2593e06, 0x11080f01, 0x04b23912, 0x1211080f, 0x0f0bb239, 0x39121108, 0x17013130, 
    0x37013301, 0x23013313, 0x01072701, 0x01330123, 0x3d013b6e, 0x3d3b0137, 0xc5fe3fdc, 0x33f5fe36, 0x36f9fe37, 0x013ec6fe, 0xea03e939, 0x03e916fc, 
    0x03c6fb01, 0xfcc2c22d, 0x003a04d3, 0x37000100, 0x9a030000, 0x0b003a04, 0x00b25a00, 0x12110d0c, 0x00b00039, 0x01b05845, 0x01b11b2f, 0xb0593e12, 
    0xb0584500, 0xb11b2f0a, 0x593e120a, 0x584500b0, 0x1b2f04b0, 0x3e0604b1, 0x4500b059, 0x2f07b058, 0x0607b11b, 0x00b2593e, 0x1211040a, 0x0a06b239, 
    0x39121104, 0x060003b2, 0xb2391211, 0x11000609, 0x31303912, 0x01330101, 0x01012301, 0x33010123, 0x5901e901, 0x0184fe44, 0x91fe4390, 0x014392fe, 
    0x4484fe90, 0xe0015a02, 0xd5fdf1fd, 0x04fefc01, 0x0f022b02, 0x2b000100, 0xb0034bfe, 0x12003a04, 0x00b24b00, 0x12111413, 0x00b00039, 0x02b05845, 
    0x02b11b2f, 0xb0593e12, 0xb0584500, 0xb11b2f11, 0x593e1211, 0x584500b0, 0x1b2f07b0, 0x3e0807b1, 0x1100b259, 0x39121107, 0xb0010cb1, 0x21582b0a, 
    0x59f41bd8, 0x110710b2, 0x30391211, 0x01372531, 0x06070133, 0x27272223, 0x36323316, 0x33013737, 0x0107f701, 0x1cfe3c76, 0x3ab44e18, 0x29200116, 
    0x42297055, 0x543b51fe, 0xfbd20314, 0x0bbd3c0a, 0x70630933, 0x003404b3, 0x57000100, 0xa2030000, 0x09003a04, 0x05b24d00, 0x12110b0a, 0x00b00039, 
    0x07b05845, 0x07b11b2f, 0xb0593e12, 0xb0584500, 0xb11b2f02, 0x593e0602, 0xb00100b1, 0x21582b0a, 0x59f41bd8, 0x020004b2, 0xb0391211, 0x05b11007, 
    0x2b0ab001, 0x1bd82158, 0x09b259f4, 0x12110705, 0x37313039, 0x35211521, 0x21352101, 0x0203a015, 0xc702b5fc, 0xf10258fd, 0x032c3636, 0x003037d7, 
    0x49000100, 0x960247fe, 0x18003d06, 0x0bb22d00, 0x12111a19, 0x00b00039, 0x2f0db02f, 0x0d0007b2, 0xb0391211, 0x06b12f07, 0x2b0ab001, 0x1bd82158, 
    0x13b259f4, 0x12110706, 0x01313039, 0x35352626, 0x32352310, 0x36363511, 0x11041737, 0x16071015, 0x05101511, 0x9fa08202, 0x9f01fafa, 0xe8fe0f9f, 
    0x1d01d3d3, 0xe23247fe, 0x1a01f1b9, 0xf7180142, 0x2d32e2b9, 0xe4b0fe5b, 0x3531f0fe, 0xfee5f4fe, 0x010060bb, 0xf2feb500, 0xb005eb00, 0x1a000300, 
    0x050401b2, 0x00391211, 0xb02f00b0, 0xb0584500, 0xb11b2f02, 0x593e1602, 0x23133130, 0x36eb3311, 0x06f2fe36, 0x010000be, 0x47fe0000, 0x3d064c02, 
    0x2d001800, 0x1a190db2, 0x00391211, 0xb02f18b0, 0x11b22f0b, 0x12110b18, 0x2f11b039, 0xb00112b1, 0x21582b0a, 0x59f41bd8, 0x111205b2, 0x30391211, 
    0x11241131, 0x26371035, 0x25103511, 0x17161637, 0x15331015, 0x14151122, 0x1c010706, 0xe9fed3d3, 0x029da00e, 0xa29dfafa, 0x016175fe, 0x0c01e940, 
    0x10013135, 0x5a5201e3, 0xb5e1322d, 0x42e5fef9, 0xbaede3fe, 0x010033e1, 0xbb01a000, 0x0603de04, 0x46001700, 0x191805b2, 0x00391211, 0xb22f0fb0, 
    0x5d010f0f, 0x0f1803b2, 0xb0391211, 0x0fb02f03, 0x0108b110, 0x582b0ab0, 0xf41bd821, 0x1003b059, 0xb0d00bb0, 0x14b11003, 0x2b0ab001, 0x1bd82158, 
    0x0fb059f4, 0xd017b010, 0x14013130, 0x2e222306, 0x06222302, 0x36342315, 0x021e3233, 0x35363233, 0x7a93de04, 0x64c37a47, 0x3771643d, 0x7e487d8f, 
    0x653964c2, 0x8af00270, 0x2fae38ab, 0xa98f8082, 0x872ead3b, 0x0200007a, 0x99fe8e00, 0x4f04fd00, 0x0c000300, 0x06b23f00, 0x12110e0d, 0x1006b039, 
    0x00d000b0, 0x584500b0, 0x1b2f0ab0, 0x3e120ab1, 0x4500b059, 0x2f02b058, 0x0e02b11b, 0x0ab0593e, 0x0507b110, 0x582b0ab0, 0xf41bd821, 0xd000b059, 
    0x302f00b0, 0x11331331, 0x06141323, 0x36342622, 0x36b31632, 0x2e204a36, 0x202e2121, 0xe1fbb802, 0x21177f05, 0x20202e21, 0x86000100, 0xd1030bff, 
    0x21002605, 0x09b26d00, 0x12112322, 0x12b00039, 0x2f08b02f, 0x584500b0, 0x1b2f11b0, 0x3e1211b1, 0x4500b059, 0x2f14b058, 0x1214b11b, 0x00b0593e, 
    0x07b05845, 0x07b11b2f, 0xb0593e06, 0xb0584500, 0xb11b2f0a, 0x593e060a, 0xb00100b1, 0x21582b0a, 0x59f41bd8, 0x140a03b2, 0xb2391211, 0x110a1418, 
    0x11b03912, 0x011bb110, 0x582b0ab0, 0xf41bd821, 0x25313059, 0x33373632, 0x15070606, 0x02263523, 0x12343535, 0x15333537, 0x23171616, 0x22232626, 
    0x14151502, 0x93400212, 0x083609bf, 0xbf379bd2, 0x37bfe0e0, 0x3607cba3, 0xb597bf07, 0x9c22cfcd, 0x08bd968a, 0x010ae2e2, 0xf024f522, 0xd90a2101, 
    0xa3ca0bd9, 0xfbfeb192, 0xfee323e8, 0x010000fd, 0x00005f00, 0xc4052504, 0x6d002000, 0x22211bb2, 0x00391211, 0x584500b0, 0x1b2f13b0, 0x3e1613b1, 
    0x4500b059, 0x2f06b058, 0x0606b11b, 0x0eb2593e, 0x12111306, 0x0eb07c39, 0x0db1182f, 0x2b0ab001, 0x1bd82158, 0x00b059f4, 0x1006b0d0, 0xb00107b1, 
    0x21582b0a, 0x59f41bd8, 0xb2d003b0, 0x110e1317, 0x13b03912, 0x011ab110, 0x582b0ab0, 0xf41bd821, 0x100eb059, 0x30d01eb0, 0x16130131, 0x21172107, 
    0x36363335, 0x35230327, 0x36340333, 0x15163233, 0x23263423, 0x13150622, 0x68011521, 0x0247040a, 0x3efc01f5, 0x02333078, 0x09d1d30a, 0xc9ada8c6, 
    0x9395ab36, 0x720109a5, 0xb5fe9b02, 0x363658c2, 0x016ba10e, 0x3e01364b, 0xb3d0e9cc, 0xb7c8ae9f, 0x0036c2fe, 0x72000200, 0x6405e5ff, 0x1d00f104, 
    0x41002c00, 0x2e2d11b2, 0xb0391211, 0x22b01011, 0x00b000d0, 0x03b05845, 0x03b11b2f, 0xb0593e06, 0x11b0d011, 0x1003b02f, 0xb00122b1, 0x21582b0a, 
    0x59f41bd8, 0xb11011b0, 0x0ab0012a, 0xd821582b, 0x3059f41b, 0x06062531, 0x07272622, 0x35263727, 0x37273734, 0x32333617, 0x17371716, 0x14151607, 
    0x01071707, 0x33161214, 0x35123632, 0x20260234, 0x87040206, 0xd5f2d451, 0xb328b051, 0x28bd9a90, 0x76e8abbc, 0x29bf50cd, 0xb68d98c1, 0x9391fb29, 
    0xfa8f90fa, 0xfefb9193, 0x9c91fce0, 0x525c5d53, 0xb0b627b4, 0xc1b2f6ed, 0x57a2c027, 0xc428c34d, 0xafeaf3b2, 0x7b0228ba, 0x99f4fe9a, 0x9a0c0199, 
    0x9b090199, 0x00f7fe9b, 0x21000100, 0xe8030000, 0x1900b005, 0x18b27100, 0x12111b1a, 0x00b00039, 0x00b05845, 0x00b11b2f, 0xb0593e16, 0xb0584500, 
    0xb11b2f0a, 0x593e060a, 0x0a0006b2, 0xb0391211, 0x02b02f06, 0x2f02b0d0, 0xb00104b1, 0x21582b0a, 0x59f41bd8, 0xb11006b0, 0x0ab00108, 0xd821582b, 
    0xb059f41b, 0x06b0d00c, 0xd00eb010, 0xb01004b0, 0x02b0d010, 0xd012b010, 0xb01000b0, 0x17b2d014, 0x1211000a, 0x01313039, 0x15210133, 0x15211521, 
    0x11231121, 0x35213521, 0x01213521, 0x33170133, 0x3eaa0337, 0x6f0150fe, 0x880178fe, 0xfe3678fe, 0xfe86017a, 0xfe6d017a, 0x88013e51, 0x051a0919, 
    0x37f4fcb0, 0xbafe37f0, 0xf0374601, 0xfd0c0337, 0x00333332, 0xac000200, 0xe200f2fe, 0x0300b005, 0x22000700, 0x090800b2, 0xb0391211, 0xb000d004, 
    0x00b02f00, 0x06b05845, 0x06b11b2f, 0xb2593e16, 0x2b030105, 0x11133130, 0x23111133, 0x36ac3311, 0xf2fe3636, 0x10fdf002, 0xf602c803, 0x73000200, 
    0x460411fe, 0x3400c405, 0x86004400, 0x464517b2, 0xb0391211, 0x35b01017, 0x09b000d0, 0x4500b02f, 0x2f23b058, 0x1623b11b, 0x16b2593e, 0x12112309, 
    0x2f16b039, 0xb0013eb1, 0x21582b0a, 0x59f41bd8, 0x3e1603b2, 0xb2391211, 0x1123090d, 0x09b03912, 0x0110b110, 0x582b0ab0, 0xf41bd821, 0x0930b259, 
    0x39121123, 0xb12f30b0, 0x0ab00137, 0xd821582b, 0xb259f41b, 0x1130371d, 0x27b23912, 0x12110923, 0x1023b039, 0xb0012ab1, 0x21582b0a, 0x59f41bd8, 
    0x14013130, 0x16160706, 0x23061415, 0x37352422, 0x32331614, 0x26343536, 0x26242726, 0x37363435, 0x34352626, 0x16323336, 0x26342315, 0x15062223, 
    0x17161614, 0x2625021e, 0x15060627, 0x17161614, 0x34353636, 0x46042626, 0x768e8ca4, 0xfee2cff3, 0xc7e836fd, 0xa449d4b7, 0xd7f1fe97, 0x7081849a, 
    0xefd7cff5, 0xb8b6da36, 0x9fa548d6, 0xfe59b5d0, 0x8f313b08, 0xfbbd4ea4, 0xba52be9d, 0x8e69af01, 0x70933614, 0xcee1baa0, 0x9fc7b402, 0x526b5883, 
    0x8eb34028, 0x33148e6d, 0xbe9d6c94, 0xd2a7cee1, 0x6c5b889a, 0x5e342d54, 0x110def83, 0x5d6b8305, 0x0245576c, 0x70556581, 0x0200005a, 0x5605ae00, 
    0xc505da02, 0x11000800, 0xb0001b00, 0x07b02f10, 0x2f07b0d0, 0xb00502b1, 0x21582b0a, 0x59f41bd8, 0x30d00bb0, 0x36341331, 0x06141632, 0x34252622, 
    0x14163236, 0xae262206, 0x21212e20, 0xbd01202e, 0x21212e20, 0x8d05202e, 0x2e212117, 0x17172020, 0x202e2121, 0x03000020, 0xebff7b00, 0xc4050706, 
    0x29001900, 0x92003700, 0x39381eb2, 0xb0391211, 0x03b0101e, 0x101eb0d0, 0x00d02db0, 0x584500b0, 0x1b2f2db0, 0x3e162db1, 0x4500b059, 0x2f35b058, 
    0x0635b11b, 0x03b2593e, 0x12112d35, 0x2f03b039, 0x352d0ab2, 0xb0391211, 0x00b42f0a, 0x020a100a, 0x0a0eb25d, 0x39121103, 0xb00111b1, 0x21582b0a, 
    0x59f41bd8, 0xb11003b0, 0x0ab00117, 0xd821582b, 0xb259f41b, 0x110a0319, 0x35b03912, 0x011eb110, 0x582b0ab0, 0xf41bd821, 0x102db059, 0xb00126b1, 
    0x21582b0a, 0x59f41bd8, 0x14013130, 0x26222306, 0x36343535, 0x15163233, 0x22263423, 0x14151506, 0x11323316, 0x04121425, 0x12243233, 0x24023435, 
    0x02042223, 0x24123407, 0x15120420, 0x20040214, 0x64040224, 0xb0908d9d, 0x9c8f8eb2, 0x92ee8034, 0xfcf67891, 0x2f01b183, 0x3001b0ae, 0xcffeaeae, 
    0xd0feadaf, 0x01bb38b1, 0x0180014b, 0xfeb6bb4b, 0xfe76feb5, 0x6802b6b5, 0xb0d7a298, 0xa5d6ad4b, 0xb8818394, 0xb7954a9b, 0xbc710301, 0xbcb8bdfe, 
    0xbbba4101, 0xb6ba3f01, 0xcabdbffe, 0xc7c75a01, 0xc7caa6fe, 0xcfcfa8fe, 0x02005801, 0xb302a700, 0xc405e202, 0x26001d00, 0x10b29100, 0x12112827, 
    0x1010b039, 0x00d01eb0, 0x584500b0, 0x1b2f17b0, 0x3e1617b1, 0x2705b259, 0x39121117, 0xb02f05b0, 0x00b0d000, 0x0502b22f, 0x39121117, 0x17050cb2, 
    0xb0391211, 0x6fb62f0c, 0x8f0c7f0c, 0xb05d030c, 0x10b11017, 0x2b0ab001, 0x1bd82158, 0x13b259f4, 0x1211100c, 0x0c134039, 0x2c131c13, 0x4c133c13, 
    0x6c135c13, 0x8c137c13, 0xb05d0913, 0x1eb11005, 0x2b0ab001, 0x1bd82158, 0x0cb059f4, 0x0122b110, 0x582b0ab0, 0xf41bd821, 0x01313059, 0x06062726, 
    0x35262223, 0x33333634, 0x23263435, 0x23150622, 0x32333634, 0x14111516, 0x36322517, 0x20233537, 0xa8021415, 0x83270412, 0xa7807947, 0x6463aa98, 
    0xa236806d, 0x1a8a7481, 0x9546c0fe, 0xf4fea714, 0x4036c102, 0x5f72483c, 0x68457b6d, 0x665b5875, 0xfe849083, 0x29575cc4, 0xaeb33b5e, 0xffff009e, 
    0x92009100, 0x89031d03, 0x92012600, 0x0700dd25, 0x44019201, 0x0100ddff, 0x8c017a00, 0xf1029303, 0x26000500, 0x070601b2, 0x00391211, 0xb22f05b0, 
    0x11050600, 0x00b03912, 0x1005b02f, 0xb00102b1, 0x21582b0a, 0x59f41bd8, 0x23013130, 0x21352111, 0xfd369303, 0x0119031d, 0x3530018c, 0x73000400, 
    0xff05ebff, 0x0d00c405, 0x31001d00, 0x9e003a00, 0x3c3b22b2, 0xb0391211, 0x04b01022, 0x1022b0d0, 0xb0d012b0, 0x39b01022, 0x00b000d0, 0x03b05845, 
    0x03b11b2f, 0xb0593e16, 0xb0584500, 0xb11b2f0b, 0x593e060b, 0xb00112b1, 0x21582b0a, 0x59f41bd8, 0xb11003b0, 0x0ab0011a, 0xd821582b, 0xb259f41b, 
    0x11030b1f, 0x1fb03912, 0x0321b22f, 0x3912110b, 0xb42f21b0, 0x21102100, 0x32b25d02, 0x1211211f, 0x2f32b039, 0xb0011eb1, 0x21582b0a, 0x59f41bd8, 
    0x321e26b2, 0xb0391211, 0x2cb0101f, 0x1021b0d0, 0xb0013ab1, 0x21582b0a, 0x59f41bd8, 0x34133130, 0x04202412, 0x02141512, 0x02242004, 0x04121437, 
    0x12243233, 0x24023435, 0x02042223, 0x11231105, 0x14152033, 0x14151607, 0x26231517, 0x27263435, 0x36323327, 0x27263435, 0x01bb7323, 0x0180014b, 
    0xfeb6bb4b, 0xfe76feb5, 0xae37b6b5, 0xb0b13001, 0xaeae3001, 0xb0afcffe, 0x01aecffe, 0x01ef37de, 0x11849921, 0x5e4d0e3b, 0x7560cde1, 0x02c67567, 
    0x5a01cad9, 0xa6fec7c7, 0xa8fec7ca, 0x5801cfcf, 0xbffebac7, 0x4101bcbc, 0x3f01bbba, 0xc1febaba, 0x03a0feee, 0x3e90f03e, 0x316fa927, 0x5c8c2410, 
    0x65380252, 0x02546252, 0x84000100, 0xbb026705, 0x03009c05, 0x01b21900, 0x12110504, 0x02b00039, 0x0100b12f, 0x582b0ab0, 0xf41bd821, 0x01313059, 
    0x02213521, 0x02c9fdbb, 0x35670537, 0x9c000200, 0x7002e703, 0x0b00c405, 0x31001700, 0x4500b000, 0x2f03b058, 0x1603b11b, 0x0fb0593e, 0x2f0fb0d0, 
    0xb00109b1, 0x21582b0a, 0x59f41bd8, 0xb11003b0, 0x0ab00115, 0xd821582b, 0x3059f41b, 0x36341331, 0x15163233, 0x22230614, 0x16143726, 0x35363233, 
    0x22232634, 0x628a9c06, 0x60888860, 0x66378a62, 0x65644c4f, 0x04674e4b, 0x8f8f61d4, 0x8a8b6261, 0x65684d63, 0x6a675250, 0x48000200, 0xdc03ffff, 
    0x0b00f304, 0x4e000f00, 0x111005b2, 0xb0391211, 0x0db01005, 0x09b000d0, 0x4500b02f, 0x2f0db058, 0x060db11b, 0x09b0593e, 0xd000b010, 0xb11009b0, 
    0x0ab00106, 0xd821582b, 0xb059f41b, 0x0db0d003, 0x010eb110, 0x582b0ab0, 0xf41bd821, 0x0e05b259, 0x39121106, 0x21013130, 0x23112115, 0x21352111, 
    0x21013311, 0x39022135, 0x5dfea301, 0x0145fe36, 0x840136bb, 0x4303bdfc, 0xfe362503, 0x36ce0132, 0x0cfbce01, 0x01000036, 0x98025600, 0xb8058b02, 
    0x5b001800, 0x1a1909b2, 0x00391211, 0x584500b0, 0x1b2f10b0, 0x3e1610b1, 0x4500b059, 0x2f00b058, 0x0a00b11b, 0x17b1593e, 0x2b0ab002, 0x1bd82158, 
    0x02b259f4, 0x12110017, 0x1004b239, 0x39121100, 0xb11010b0, 0x0ab00209, 0xd821582b, 0xb259f41b, 0x1110000c, 0x15b23912, 0x12110010, 0x01313039, 
    0x36013521, 0x26343536, 0x15062223, 0x33363423, 0x14151632, 0x0221020f, 0x01e1fd8b, 0x624a4f22, 0x36726661, 0x85747797, 0x01fb4271, 0x2c9802dc, 
    0x744d2701, 0x685b4d33, 0x76876755, 0x467b5e62, 0x010000f8, 0x8d025000, 0xb8057d02, 0x84002600, 0x282707b2, 0x00391211, 0x584500b0, 0x1b2f0eb0, 
    0x3e160eb1, 0x4500b059, 0x2f1ab058, 0x0a1ab11b, 0x00b2593e, 0x12110e1a, 0x00b07c39, 0x0eb0182f, 0x0207b110, 0x582b0ab0, 0xf41bd821, 0x000ab259, 
    0x39121107, 0x4b0a3bb6, 0x030a5b0a, 0x1000b05d, 0xb00225b1, 0x21582b0a, 0x59f41bd8, 0x002514b2, 0xb0391211, 0x20b1101a, 0x2b0ab002, 0x1bd82158, 
    0x1eb259f4, 0x12112025, 0x1e34b639, 0x1e541e44, 0x31305d03, 0x36363301, 0x23263435, 0x23150622, 0x32333634, 0x06141516, 0x15161607, 0x22230614, 
    0x14333526, 0x35363216, 0x01232334, 0x76654b0e, 0x795b5f6b, 0x77729735, 0x564b5089, 0x7c7a9458, 0xce8236a3, 0x043cfd71, 0x45590142, 0x4c5d594d, 
    0x66747a60, 0x14176339, 0x7a644864, 0x664e657f, 0x00a7515c, 0x7e000100, 0x7d01f604, 0x03000006, 0xb0002000, 0x01b02f02, 0x2f01b0d0, 0x1f010fb6, 
    0x03012f01, 0x1002b05d, 0x19d003b0, 0x182f03b0, 0x33013130, 0x3b012303, 0x063cc342, 0x00f6fe00, 0xab000100, 0xb90360fe, 0x14003a04, 0x0eb26500, 
    0x12111615, 0x00b00039, 0x00b05845, 0x00b11b2f, 0xb0593e12, 0xb0584500, 0xb11b2f08, 0x593e1208, 0x584500b0, 0x1b2f12b0, 0x3e0812b1, 0x4500b059, 
    0x2f0ab058, 0x060ab11b, 0x00b0593e, 0x0eb05845, 0x0eb11b2f, 0xb1593e06, 0x0ab00104, 0xd821582b, 0xb259f41b, 0x110a080c, 0x11b23912, 0x12110a08, 
    0x13313039, 0x33161611, 0x11373632, 0x27231133, 0x26222106, 0x11231127, 0x969903df, 0x360fb3b0, 0xfe600333, 0x2a9f72f7, 0xfd3a0434, 0xb5c6bd6b, 
    0xfb9c02c7, 0x64dfcbc6, 0x05b5fd5b, 0x010000da, 0x00006300, 0xb0050203, 0x2b000b00, 0x0d0c03b2, 0x00391211, 0x584500b0, 0x1b2f09b0, 0x3e1609b1, 
    0x4500b059, 0x2f00b058, 0x0600b11b, 0x01b2593e, 0x12110900, 0x21313039, 0x26222311, 0x24343526, 0x02113333, 0xde967fcc, 0xe40a0176, 0x740802b1, 
    0xffd58bd5, 0x010050fa, 0x8b02b300, 0xfa022201, 0x19000800, 0x0a0903b2, 0x00391211, 0xb12f02b0, 0x0ab00507, 0xd821582b, 0x3059f41b, 0x36341331, 
    0x06141632, 0x20b32622, 0x2e21212e, 0x17c20220, 0x202e2121, 0x01000020, 0x4dfe5100, 0x00007501, 0x5c000e00, 0x100f0cb2, 0x00391211, 0x584500b0, 
    0x1b2f06b0, 0x3e0806b1, 0x4500b059, 0x2f00b058, 0x0600b11b, 0x01b2593e, 0x12110006, 0x2f01b039, 0x013c0d40, 0x015c014c, 0x017c016c, 0x5d06018c, 
    0xb11006b0, 0x0ab00207, 0xd821582b, 0xb059f41b, 0x0db11001, 0x2b0ab002, 0x1bd82158, 0x313059f4, 0x15160733, 0x27230614, 0x34353632, 0xcf372726, 
    0x8598b10b, 0x4d886507, 0x104c1970, 0x31695599, 0x38383e4f, 0x0100790c, 0x98028300, 0xaf05b101, 0x41000600, 0x080701b2, 0x00391211, 0x584500b0, 
    0x1b2f05b0, 0x3e1605b1, 0x4500b059, 0x2f00b058, 0x0a00b11b, 0x04b2593e, 0x12110005, 0x2f04b039, 0xb00103b1, 0x21582b0a, 0x59f41bd8, 0x050302b2, 
    0x30391211, 0x11230131, 0x33253507, 0xf836b101, 0x02092501, 0x51d20298, 0x02006135, 0xb2029400, 0xc405f502, 0x1a000c00, 0x09b24200, 0x12111c1b, 
    0x1009b039, 0x00d010b0, 0x584500b0, 0x1b2f02b0, 0x3e1602b1, 0x1b09b259, 0x39121102, 0xb12f09b0, 0x0ab00110, 0xd821582b, 0xb059f41b, 0x17b11002, 
    0x2b0ab001, 0x1bd82158, 0x313059f4, 0x20363413, 0x14151516, 0x26222306, 0x16141735, 0x35363233, 0x23263435, 0x94150622, 0xa81201a7, 0xa98988a7, 
    0x74778536, 0x72738986, 0x96750488, 0x709cb8b9, 0x9db6b797, 0x99958305, 0x99807183, 0xffff8798, 0xab008000, 0xac030e03, 0x93012600, 0x07000016, 
    0x38019301, 0xffff0000, 0x00009100, 0xaf055c05, 0xc7012700, 0x98020e00, 0x94012700, 0x08001401, 0x21020701, 0x0000ab02, 0xb0001000, 0xb0584500, 
    0xb11b2f05, 0x593e1605, 0xffff3130, 0x00007a00, 0xaf057005, 0x94012700, 0x0800e900, 0xc7012700, 0x9802f7ff, 0xc6010701, 0x0000e502, 0xb0001000, 
    0xb0584500, 0xb11b2f09, 0x593e1609, 0xffff3130, 0x00007c00, 0xb805e805, 0x94012700, 0x0800b601, 0x21022700, 0x00003703, 0x20020701, 0x98022c00, 
    0xb0001000, 0xb0584500, 0xb11b2f21, 0x593e1621, 0x02003130, 0x83fe6c00, 0x4d043003, 0x25001c00, 0x1ab26300, 0x12112726, 0x101ab039, 0x00d020b0, 
    0x584500b0, 0x1b2f23b0, 0x3e1223b1, 0x4500b059, 0x2f12b058, 0x0e12b11b, 0x23b0593e, 0x0520b110, 0x582b0ab0, 0xf41bd821, 0xd01cb059, 0xb22f1cb0, 
    0x111c1204, 0x12b03912, 0x010bb110, 0x582b0ab0, 0xf41bd821, 0x120eb259, 0x3912111c, 0x121c18b2, 0x30391211, 0x020e0131, 0x06060707, 0x33161415, 
    0x33373632, 0x22230606, 0x36343526, 0x37363637, 0x06141337, 0x36342622, 0x02021632, 0x38301302, 0x9e464f4e, 0x049f8a8d, 0xa2bf0236, 0x9568bca5, 
    0x01022d33, 0x212e204e, 0x02202e21, 0x424966b7, 0xa44f4c33, 0xa5a29565, 0xc9c1a78e, 0x88cb79a5, 0x453b5228, 0x21175f01, 0x20202e21, 0x32000200, 
    0xe8060000, 0x0f00b005, 0x96001200, 0x141306b2, 0xb0391211, 0x12b01006, 0x00b000d0, 0x06b05845, 0x06b11b2f, 0xb0593e16, 0xb0584500, 0xb11b2f00, 
    0x593e0600, 0x584500b0, 0x1b2f04b0, 0x3e0604b1, 0x0611b259, 0x39121100, 0xb12f11b0, 0x0ab00102, 0xd821582b, 0xb059f41b, 0x08b11006, 0x2b0ab001, 
    0x1bd82158, 0x0bb259f4, 0x12110006, 0x2f0bb039, 0x010b2fb2, 0x0b5fb25d, 0x8fb25d01, 0xb15d010b, 0x0ab0010c, 0xd821582b, 0xb059f41b, 0x0eb11000, 
    0x2b0ab001, 0x1bd82158, 0x08b059f4, 0xd012b010, 0x21213130, 0x23012103, 0x21152101, 0x21152113, 0x21012113, 0xfde80603, 0x8dfd1210, 0x034100ff, 
    0xfd080371, 0x4c021a48, 0x021cb6fd, 0x02abfabd, 0xa9012751, 0xb00557fe, 0x3698fd36, 0xa8015afd, 0x01009803, 0xffff6200, 0x4003b003, 0x45000b00, 
    0x0d0c0ab2, 0x00391211, 0x584500b0, 0x1b2f0bb0, 0x3e060bb1, 0xd009b059, 0xb02f09b0, 0x05b0d005, 0x090ab22f, 0x39121105, 0x090504b2, 0xb2391211, 
    0x11040a01, 0x03b03912, 0x2f03b0d0, 0x0a0407b2, 0x30391211, 0x01013731, 0x17010137, 0x01070101, 0x80016201, 0x01279bfe, 0x27650164, 0x81019bfe, 
    0xfe80fe27, 0x89012480, 0xfe276c01, 0x276c0194, 0x77fe94fe, 0xfe870125, 0x03000079, 0xb5ff8500, 0xd705d804, 0x20001700, 0x68002900, 0x2b2a04b2, 
    0xb0391211, 0x1db01004, 0x1004b0d0, 0x00d026b0, 0x584500b0, 0x1b2f10b0, 0x3e1610b1, 0x4500b059, 0x2f04b058, 0x0604b11b, 0x1ab2593e, 0x12110410, 
    0x1023b239, 0x39121104, 0xb01023b0, 0x10b0d01b, 0x011db110, 0x582b0ab0, 0xf41bd821, 0x101ab059, 0xb0d024b0, 0x26b11004, 0x2b0ab001, 0x1bd82158, 
    0x313059f4, 0x06021401, 0x07272223, 0x11263723, 0x36123435, 0x37173233, 0x13160733, 0x01171005, 0x00222326, 0x27342511, 0x32331601, 0xcf041100, 
    0xc3a3fa87, 0x82426a8b, 0xa2fb87ae, 0x426f97e7, 0xfb01828c, 0xb80295ed, 0xfee1dc84, 0x6bdd03f4, 0xb57c4cfd, 0x020a01e4, 0xddfebd6b, 0xcda7709f, 
    0xd04301b0, 0x9f2401bc, 0xacdcb09d, 0xfedcf8fe, 0x49049fe4, 0xfec3fe95, 0x97ed07ef, 0x0167befb, 0x0013013e, 0xc8000200, 0x33040000, 0x0c00b005, 
    0x59001500, 0x17160fb2, 0xb0391211, 0x02b0100f, 0x00b000d0, 0x00b05845, 0x00b11b2f, 0xb0593e16, 0xb0584500, 0xb11b2f0a, 0x593e060a, 0x0a0001b2, 
    0xb0391211, 0x0fb22f01, 0x12110a00, 0x2f0fb039, 0xb00108b1, 0x21582b0a, 0x59f41bd8, 0xb11001b0, 0x0ab0010d, 0xd821582b, 0x3059f41b, 0x21111331, 
    0x14151616, 0x11210706, 0x11131123, 0x35363221, 0xfe272634, 0xeece7901, 0x7ffec9eb, 0x73013636, 0xaecfd7b5, 0xc7feb005, 0xb4b5de02, 0xb2fe04dc, 
    0x91feb005, 0x98c443fd, 0x0004c499, 0xa4000100, 0x2604ebff, 0x2b00ff05, 0x28b25e00, 0x12112d2c, 0x05b00039, 0x4500b02f, 0x2f00b058, 0x0600b11b, 
    0x00b0593e, 0x14b05845, 0x14b11b2f, 0xb2593e06, 0x1105140a, 0x0db23912, 0x12111405, 0x011bb139, 0x582b0ab0, 0xf41bd821, 0x1421b259, 0x39121105, 
    0x140524b2, 0xb0391211, 0x29b11005, 0x2b0ab001, 0x1bd82158, 0x313059f4, 0x34112333, 0x16323336, 0x15061415, 0x15021e14, 0x23060614, 0x37272622, 
    0x32331616, 0x2e343536, 0x36343502, 0x23263435, 0x36da0320, 0xb97ea0a9, 0x5aca5577, 0x5b59ae68, 0x2c1926b7, 0xba8749a2, 0x7157cf53, 0xe7fe5f92, 
    0xbf770404, 0x64779fc9, 0x6a3b72d6, 0x5a508897, 0x22375391, 0x9e322331, 0x98724174, 0xe26f477b, 0xfe845a5b, 0x030000b8, 0xecff5d00, 0x4e047906, 
    0x3a002e00, 0xe6004200, 0x444303b2, 0xb0391211, 0x33b01003, 0x1003b0d0, 0x00d03eb0, 0x584500b0, 0x1b2f1ab0, 0x3e121ab1, 0x4500b059, 0x2f20b058, 
    0x1220b11b, 0x00b0593e, 0x00b05845, 0x00b11b2f, 0xb0593e06, 0xb0584500, 0xb11b2f08, 0x593e0608, 0x002003b2, 0xb2391211, 0x111a080f, 0x0fb03912, 
    0x0f2fb42f, 0x5d020f3f, 0xb1101ab0, 0x0ab00113, 0xd821582b, 0xb259f41b, 0x11130f16, 0x0d403912, 0x161c160c, 0x163c162c, 0x165c164c, 0x1db25d06, 
    0x12110020, 0x203fb239, 0x39121100, 0xb42f3fb0, 0x3f3f3f2f, 0x24b15d02, 0x2b0ab001, 0x1bd82158, 0x00b059f4, 0x0129b110, 0x582b0ab0, 0xf41bd821, 
    0x202bb259, 0x39121100, 0xb11008b0, 0x0ab0012f, 0xd821582b, 0xb059f41b, 0x34b1100f, 0x2b0ab001, 0x1bd82158, 0x13b059f4, 0xd03bb010, 0x22053130, 
    0x33152726, 0x22230606, 0x36343526, 0x34352137, 0x06222326, 0x36342715, 0x17163233, 0x32333636, 0x21151516, 0x33161415, 0x06173732, 0x36322506, 
    0x21113736, 0x14150606, 0x06220116, 0x34352107, 0x93f40426, 0x300134c9, 0xbba890e5, 0x2901cadd, 0xbd9e9490, 0x8db1df35, 0xcf3817af, 0xfcdaba82, 
    0xccbdd1ed, 0xad4f1e80, 0x9c515dfc, 0xd3fe0e73, 0x0399c5a7, 0x13d099b8, 0x14bbda02, 0x6b0c7387, 0x9e8ca483, 0x9c5a02ba, 0x077d98ac, 0x8c94b391, 
    0xd5e99789, 0xf8da4d4f, 0x3f4f2a82, 0x2a5e3934, 0xa0035e01, 0x03847484, 0x20bde3f8, 0x0200d2ae, 0xecffad00, 0x29061104, 0x2e001f00, 0x0fb26800, 
    0x1211302f, 0x100fb039, 0x00d024b0, 0x584500b0, 0x1b2f1bb0, 0x3e181bb1, 0x4500b059, 0x2f08b058, 0x0608b11b, 0x0fb2593e, 0x1211081b, 0x2f0fb039, 
    0x080f12b2, 0xb0391211, 0x1ab1101b, 0x2b0ab002, 0x1bd82158, 0x0fb059f4, 0x0124b110, 0x582b0ab0, 0xf41bd821, 0x1008b059, 0xb0012bb1, 0x21582b0a, 
    0x59f41bd8, 0x16013130, 0x14151512, 0x22230606, 0x34352626, 0x16323312, 0x27262617, 0x26372707, 0x17163727, 0x27031737, 0x22232626, 0x16141506, 
    0x12323316, 0x79220337, 0x77be6776, 0xe276d181, 0x3ccb71ca, 0xeb597414, 0xe98adc1c, 0xca96fc14, 0x2e01041d, 0xc4b185ce, 0x9c76b867, 0x1c0504c2, 
    0xe5adfe7d, 0x8ffd9f50, 0xe787e07e, 0x54590101, 0x835af2a8, 0x56797b30, 0x71895c32, 0x37e4fc30, 0xcbe37669, 0x0170c873, 0x0300d70b, 0xf6004900, 
    0x6f042f04, 0x0c000300, 0x57001500, 0x171606b2, 0xb0391211, 0x00b01006, 0x1006b0d0, 0x00d00fb0, 0xb12f03b0, 0x0ab00100, 0xd821582b, 0xb059f41b, 
    0x0bb01003, 0x582b0ab0, 0x59dc1bd8, 0xb00506b1, 0x21582b0a, 0x59f41bd8, 0xb01000b0, 0x2b0ab00f, 0xdc1bd858, 0x0514b159, 0x582b0ab0, 0xf41bd821, 
    0x01313059, 0x01213521, 0x16323634, 0x26220614, 0x32363411, 0x22061416, 0xfc2f0426, 0xfde6031a, 0x212e20e2, 0x20202e21, 0x2e21212e, 0x34ae0220, 
    0x21175501, 0x20202e21, 0x21170dfd, 0x20202e21, 0x57000300, 0x0a046fff, 0x1900c304, 0x2d002300, 0x04b26800, 0x12112f2e, 0x1004b039, 0xb0d020b0, 
    0x2ab01004, 0x00b000d0, 0x04b05845, 0x04b11b2f, 0xb0593e12, 0xb0584500, 0xb11b2f11, 0x593e0611, 0x11041db2, 0xb2391211, 0x11110427, 0x27b03912, 
    0xd01eb010, 0xb11004b0, 0x0ab00120, 0xd821582b, 0xb059f41b, 0x28b0101d, 0x1011b0d0, 0xb0012ab1, 0x21582b0a, 0x59f41bd8, 0x34133130, 0x32333636, 
    0x07333717, 0x15151616, 0x23060614, 0x23072722, 0x35262637, 0x17161417, 0x22232601, 0x34251502, 0x16012726, 0x35123233, 0x89d97757, 0x3f546878, 
    0x766b5f63, 0x627089d9, 0x67623f54, 0x57633671, 0x6f58b001, 0x4703eab9, 0x52fe535b, 0xe9b96753, 0xf79b3202, 0xcbac378a, 0x2a96ea46, 0x308af69c, 
    0xf545c9ad, 0xd9840298, 0x35780340, 0x0ad6e6fe, 0xfc43d47a, 0x16012b8a, 0x020000db, 0x60feaa00, 0x0006e703, 0x1e001100, 0x0eb26600, 0x1211201f, 
    0x100eb039, 0x00d015b0, 0xb02f09b0, 0xb0584500, 0xb11b2f0e, 0x593e120e, 0x584500b0, 0x1b2f07b0, 0x3e0807b1, 0x4500b059, 0x2f03b058, 0x0603b11b, 
    0x06b2593e, 0x1211030e, 0x0e0bb239, 0x39121103, 0xb1100eb0, 0x0ab00115, 0xd821582b, 0xb059f41b, 0x1cb11003, 0x2b0ab001, 0x1bd82158, 0x313059f4, 
    0x23021401, 0x11272622, 0x11331123, 0x32333636, 0x34271112, 0x06222302, 0x16161107, 0x03123233, 0x7bbcdae7, 0x363636c0, 0xbe79be38, 0xa7b937da, 
    0x2a2abe88, 0xb8a689bf, 0xfefd1302, 0xfd5864d6, 0xfda007b8, 0xfe6e6779, 0x04f9fedd, 0x8d0701e9, 0x7006fe84, 0x0008017b, 0x7a000200, 0x5704ecff, 
    0x19000006, 0x8f002500, 0x27260eb2, 0xb0391211, 0x23b0100e, 0x16b000d0, 0x4500b02f, 0x2f0eb058, 0x120eb11b, 0x00b0593e, 0x02b05845, 0x02b11b2f, 
    0xb0593e06, 0xb0584500, 0xb11b2f07, 0x593e0607, 0x01162fb2, 0x160fb25d, 0x19b25d01, 0x12111602, 0x2f19b039, 0xb00100b1, 0x21582b0a, 0x59f41bd8, 
    0x020e04b2, 0xb2391211, 0x11020e11, 0x12b03912, 0x1019b0d0, 0xb0d014b0, 0x1db11007, 0x2b0ab001, 0x1bd82158, 0x0eb059f4, 0x0123b110, 0x582b0ab0, 
    0xf41bd821, 0x01313059, 0x35231123, 0x22230606, 0x10351102, 0x16323312, 0x35211117, 0x15333521, 0x12140133, 0x37363233, 0x22210211, 0xa0570402, 
    0x7ac03736, 0xbedadabc, 0xfe3abb7a, 0x3675018b, 0xb65bfca0, 0x2ebe86a7, 0xa6edfe5d, 0xfa0105b9, 0x655cadff, 0x04012a01, 0x0103010e, 0x016d6e23, 
    0xc9c9368e, 0xfee6dcfc, 0x017377f5, 0xfe1101fb, 0x020000fa, 0x00001400, 0xb0054805, 0x17001300, 0x05b28f00, 0x12111918, 0x1005b039, 0x00d015b0, 
    0x584500b0, 0x1b2f12b0, 0x3e1612b1, 0x4500b059, 0x2f0fb058, 0x160fb11b, 0x00b0593e, 0x08b05845, 0x08b11b2f, 0xb0593e06, 0xb0584500, 0xb11b2f05, 
    0x593e0605, 0x0f0814b2, 0xb0391211, 0x10b22f14, 0x1211140f, 0x2f10b039, 0x1f100fb4, 0xb05d0210, 0x10b0d000, 0x0117b110, 0x582b0ab0, 0xf41bd821, 
    0xd003b059, 0xb11014b0, 0x0ab00107, 0xd821582b, 0xb059f41b, 0x0ab01017, 0x1010b0d0, 0x30d00cb0, 0x15330131, 0x11231123, 0x11231121, 0x11333523, 
    0x11211133, 0x35210133, 0x9bad0421, 0x5efc369b, 0x368b8b36, 0xfc36a203, 0xfca20328, 0x3539045e, 0xd202fcfb, 0x04042efd, 0xfe770135, 0xfd770189, 
    0x0100fc58, 0x0000b500, 0x3a04eb00, 0x1d000300, 0x4500b000, 0x2f02b058, 0x1202b11b, 0x00b0593e, 0x00b05845, 0x00b11b2f, 0x30593e06, 0x11233331, 
    0x3636eb33, 0x01003a04, 0x0000ab00, 0x3a040104, 0x5d000c00, 0x0e0d0ab2, 0x00391211, 0x584500b0, 0x1b2f04b0, 0x3e1204b1, 0x4500b059, 0x2f08b058, 
    0x1208b11b, 0x00b0593e, 0x02b05845, 0x02b11b2f, 0xb0593e06, 0xb0584500, 0xb11b2f0b, 0x593e060b, 0x020807b2, 0x7c391211, 0x182f07b0, 0xb00100b1, 
    0x21582b0a, 0x59f41bd8, 0x07000ab2, 0x30391211, 0x11230131, 0x11331123, 0x01330133, 0x8a012301, 0xb23737a8, 0xfe45e901, 0x473b0204, 0xeffd1102, 
    0x0cfe3a04, 0xeffdf401, 0x0100d7fd, 0x00000800, 0xb005e203, 0x64000d00, 0x0f0e01b2, 0x00391211, 0x584500b0, 0x1b2f0cb0, 0x3e160cb1, 0x4500b059, 
    0x2f06b058, 0x0606b11b, 0x01b2593e, 0x1211060c, 0x2f01b039, 0xb0d000b0, 0x02b11001, 0x2b0ab001, 0x1bd82158, 0x03b059f4, 0x1006b0d0, 0xb00104b1, 
    0x21582b0a, 0x59f41bd8, 0xb01003b0, 0x09b0d008, 0x1000b0d0, 0xb0d00bb0, 0x3130d00a, 0x05152513, 0x21152111, 0x37350711, 0x01f73311, 0x02a1fe5f, 
    0xb8defceb, 0x170337b8, 0xfd6f396f, 0xcc023658, 0x023a393a, 0x010000ab, 0x00001100, 0x0006e701, 0x48000b00, 0x0d0c05b2, 0x00391211, 0xb02f0ab0, 
    0xb0584500, 0xb11b2f04, 0x593e0604, 0x0a0401b2, 0xb0391211, 0x00b02f01, 0x1001b0d0, 0xb00102b1, 0x21582b0a, 0x59f41bd8, 0xb0d003b0, 0x07b0d006, 
    0x1000b0d0, 0xb0d009b0, 0x3130d008, 0x07153701, 0x07112311, 0x33113735, 0xc9c91e01, 0x36d7d736, 0x3b505203, 0x03e9fc50, 0x553b5501, 0x0100c402, 
    0x4bfec800, 0xb005e204, 0x65001400, 0x161506b2, 0x00391211, 0x584500b0, 0x1b2f00b0, 0x3e1600b1, 0x4500b059, 0x2f11b058, 0x1611b11b, 0x00b0593e, 
    0x0db05845, 0x0db11b2f, 0xb0593e06, 0xb0584500, 0xb11b2f0f, 0x593e060f, 0x584500b0, 0x1b2f04b0, 0x3e0804b1, 0x0109b159, 0x582b0ab0, 0xf41bd821, 
    0x000eb259, 0x3912110d, 0x0d0013b2, 0x30391211, 0x14110131, 0x27222306, 0x32331637, 0x01353536, 0x33112311, 0xe2041101, 0x3a368697, 0x6f33300d, 
    0x3652fc78, 0x05ae0336, 0xaaf7f9b0, 0x123414b2, 0x05598e98, 0x05acfa54, 0x05adfab0, 0x01000053, 0x4bfeaa00, 0x4e04ba03, 0x60001d00, 0x1f1e0eb2, 
    0x00391211, 0x584500b0, 0x1b2f04b0, 0x3e1204b1, 0x4500b059, 0x2f00b058, 0x1200b11b, 0x00b0593e, 0x1bb05845, 0x1bb11b2f, 0xb0593e06, 0xb0584500, 
    0xb11b2f0b, 0x593e080b, 0x1b0401b2, 0xb1391211, 0x0ab00110, 0xd821582b, 0xb059f41b, 0x17b11004, 0x2b0ab001, 0x1bd82158, 0x313059f4, 0x36361713, 
    0x17163233, 0x23061411, 0x16372722, 0x35363233, 0x23263411, 0x11070622, 0x06da1123, 0xb18eba30, 0x869702af, 0x390d4441, 0x90786f3f, 0x19c29e9b, 
    0xe03a0436, 0xeadb8371, 0xb2aa1efd, 0x99133414, 0xced8028e, 0xfdb2becb, 0x003a0458, 0x70000200, 0x0907ebff, 0x1700c405, 0xac002400, 0x26251ab2, 
    0xb0391211, 0x01b0101a, 0x00b000d0, 0x0fb05845, 0x0fb11b2f, 0xb0593e16, 0xb0584500, 0xb11b2f0c, 0x593e160c, 0x584500b0, 0x1b2f03b0, 0x3e0603b1, 
    0x4500b059, 0x2f00b058, 0x0600b11b, 0x0fb0593e, 0x0110b110, 0x582b0ab0, 0xf41bd821, 0x0013b259, 0x3912110f, 0xb22f13b0, 0x5d01132f, 0x01135fb2, 
    0x138fb25d, 0xafb45d01, 0x0213bf13, 0x0114b15d, 0x582b0ab0, 0xf41bd821, 0x1000b059, 0xb00117b1, 0x21582b0a, 0x59f41bd8, 0xb11003b0, 0x0ab00118, 
    0xd821582b, 0xb059f41b, 0x1db1100c, 0x2b0ab001, 0x1bd82158, 0x313059f4, 0x23062121, 0x27022622, 0x36123411, 0x21173233, 0x21112115, 0x21112115, 
    0x11373205, 0x02222326, 0x16141115, 0xfc090716, 0x9683c7b8, 0x810283ec, 0xbe8e96ee, 0xc0fc4803, 0x26fdda02, 0x6efb4003, 0xb36b6ab2, 0xd475fed1, 
    0x0d019515, 0xac3b01a8, 0x14971101, 0x368efd36, 0x0d1564fd, 0xfe0d5305, 0xd5fefcd9, 0x0088f99e, 0x5c000300, 0x3f07ecff, 0x23004e04, 0x3b003300, 
    0x1db2a000, 0x12113d3c, 0x101db039, 0xb0d02ab0, 0x37b0101d, 0x00b000d0, 0x04b05845, 0x04b11b2f, 0xb0593e12, 0xb0584500, 0xb11b2f0a, 0x593e120a, 
    0x584500b0, 0x1b2f19b0, 0x3e0619b1, 0x4500b059, 0x2f1fb058, 0x061fb11b, 0x07b2593e, 0x1211190a, 0x0a38b239, 0x39121119, 0xb42f38b0, 0x383f382f, 
    0x0eb15d02, 0x2b0ab001, 0x1bd82158, 0x19b059f4, 0x0114b110, 0x582b0ab0, 0xf41bd821, 0x0a16b259, 0x39121119, 0x190a1cb2, 0xb0391211, 0x04b0d028, 
    0x0130b110, 0x582b0ab0, 0xf41bd821, 0xd034b059, 0x34133130, 0x32333636, 0x36361716, 0x15163233, 0x14152115, 0x32331616, 0x23061737, 0x06272622, 
    0x26222306, 0x14372726, 0x32331616, 0x34353512, 0x22232626, 0x22011502, 0x35210706, 0x775c2634, 0xeda689d9, 0x96e62e2f, 0xd5fce5b9, 0xe76dba69, 
    0xf3801d6f, 0x302eee93, 0xd9899fef, 0x6b360178, 0xe9b97bbf, 0xb979bf6c, 0x9e0f05ea, 0xf20213d9, 0x9b3202cb, 0xa5be8af7, 0xccf2c2a1, 0xd87e4d4f, 
    0x8f2a837c, 0xb8a79dc2, 0x0699f588, 0x017ee187, 0x851fdb16, 0xe6fe7fe2, 0xe9f001d6, 0xd7a921b8, 0xae000100, 0x48020000, 0x0d001506, 0x0bb23300, 
    0x12110f0e, 0x00b00039, 0x04b05845, 0x04b11b2f, 0xb0593e18, 0xb0584500, 0xb11b2f00, 0x593e0600, 0xb11004b0, 0x0ab00109, 0xd821582b, 0x3059f41b, 
    0x34113331, 0x17323336, 0x22232607, 0xae111506, 0x354b8595, 0x6b433408, 0x9cd4047a, 0x0f3411a5, 0x2cfb808b, 0x9c000200, 0x2f05ecff, 0x1700c405, 
    0x68002100, 0x232209b2, 0xb0391211, 0x18b01009, 0x00b000d0, 0x10b05845, 0x10b11b2f, 0xb0593e16, 0xb0584500, 0xb11b2f00, 0x593e0600, 0x100005b2, 
    0xb0391211, 0x10b02f05, 0x0109b110, 0x582b0ab0, 0xf41bd821, 0x100cb259, 0x39121100, 0xb11000b0, 0x0ab00118, 0xd821582b, 0xb059f41b, 0x1cb11005, 
    0x2b0ab001, 0x1bd82158, 0x313059f4, 0x11002005, 0x10352135, 0x06222100, 0x36372707, 0x11002021, 0x04021415, 0x12363227, 0x14152137, 0xf2021616, 
    0xbcfeeefe, 0xe1fe5d04, 0xe393fefe, 0xa53f1e51, 0x14010101, 0xfe934301, 0xea97a3f9, 0xd9fb0185, 0x0114f884, 0x761a014b, 0x0113017c, 0x2b445638, 
    0xa9fe7431, 0xc4a2ccfe, 0x36aec7fe, 0xb121019c, 0x8cfc9e48, 0xa6ff0100, 0x98024bfe, 0x1f001506, 0x01b27400, 0x12112120, 0x00b00039, 0x15b05845, 
    0x15b11b2f, 0xb0593e18, 0xb0584500, 0xb11b2f10, 0x593e1210, 0x584500b0, 0x1b2f1eb0, 0x3e121eb1, 0x4500b059, 0x2f05b058, 0x0805b11b, 0x1eb0593e, 
    0x0100b110, 0x582b0ab0, 0xf41bd821, 0x1005b059, 0xb0010ab1, 0x21582b0a, 0x59f41bd8, 0xb01000b0, 0x0fb0d00e, 0x1015b0d0, 0xb0011ab1, 0x21582b0a, 
    0x59f41bd8, 0x21013130, 0x23061411, 0x16372722, 0x35363233, 0x33352311, 0x33363635, 0x26071732, 0x15062223, 0x51022115, 0x8796e2fe, 0x300d3a36, 
    0xbc777033, 0x859501bc, 0x3408364a, 0x017b6b43, 0xfb03041e, 0x14b2aaa4, 0x8e981234, 0x9e375c04, 0x3411a796, 0x9a808b0f, 0xa4000200, 0xb305ecff, 
    0x18000506, 0x5e002700, 0x292804b2, 0xb0391211, 0x24b01004, 0x00b000d0, 0x0cb05845, 0x0cb11b2f, 0xb0593e16, 0xb0584500, 0xb11b2f04, 0x593e0604, 
    0x040c0fb2, 0xb0391211, 0x16b12f0f, 0x2b0ab001, 0x1bd82158, 0x0cb059f4, 0x011cb110, 0x582b0ab0, 0xf41bd821, 0x1004b059, 0xb00124b1, 0x21582b0a, 
    0x59f41bd8, 0x14013130, 0x22230602, 0x34351100, 0x32333612, 0x36361716, 0x06143335, 0x07171607, 0x22230010, 0x14151100, 0x32331612, 0xee041100, 
    0xf6a3fa87, 0xfb87d0fe, 0x48e194a2, 0x82367682, 0x3602498e, 0xe1e4f4fe, 0xe079f4fe, 0x0a01e496, 0xfebd6b02, 0x5e019fdd, 0xbcd22901, 0x7e9f2401, 
    0xaa830270, 0x950babae, 0x080107be, 0xc3fe3f01, 0xaed5effe, 0x0190f5fe, 0x0013013e, 0x57000200, 0x8604ecff, 0x1700ac04, 0x5e002700, 0x292804b2, 
    0xb0391211, 0x1cb01004, 0x00b000d0, 0x04b05845, 0x04b11b2f, 0xb0593e12, 0xb0584500, 0xb11b2f14, 0x593e0614, 0x041406b2, 0xb0391211, 0x0db12f06, 
    0x2b0ab001, 0x1bd82158, 0x14b059f4, 0x011cb110, 0x582b0ab0, 0xf41bd821, 0x1004b059, 0xb00124b1, 0x21582b0a, 0x59f41bd8, 0x34133130, 0x32333636, 
    0x35363617, 0x07061433, 0x14151716, 0x26200606, 0x14372726, 0x32331616, 0x34353512, 0x22232626, 0x77571502, 0x84d189d9, 0x67375e6c, 0x76025c73, 
    0xd9eefed9, 0x6b360178, 0xe9b97bbf, 0xb979bf6c, 0x9b3202ea, 0x03958af7, 0x8b8f8967, 0x31c08c0d, 0x888af69c, 0x870699f5, 0x16017ee1, 0xe2851fdb, 
    0xd6e6fe7f, 0xb9000100, 0xbc05ecff, 0x17000f06, 0x13b24f00, 0x12111918, 0x00b00039, 0x10b05845, 0x10b11b2f, 0xb0593e16, 0xb0584500, 0xb11b2f0c, 
    0x593e060c, 0xb01010b0, 0x01b2d017, 0x1211170c, 0x2f01b039, 0xb00108b1, 0x21582b0a, 0x59f41bd8, 0xb1100cb0, 0x0ab00113, 0xd821582b, 0x3059f41b, 
    0x36150131, 0x14333536, 0x14110706, 0x27002000, 0x14113311, 0x35362016, 0x7a9c0411, 0x948c3670, 0x36fef4fe, 0x3601f4fe, 0xf29201f3, 0x05d0b005, 
    0xa8b7a486, 0xe72cfd06, 0x0301fdfe, 0xfcde03e3, 0xececca28, 0x00d703cb, 0xa8000100, 0xa304ecff, 0x1b00a604, 0x09b26a00, 0x12111d1c, 0x00b00039, 
    0x0db05845, 0x0db11b2f, 0xb0593e12, 0xb0584500, 0xb11b2f16, 0x593e1216, 0x584500b0, 0x1b2f04b0, 0x3e0604b1, 0x4500b059, 0x2f09b058, 0x0609b11b, 
    0x18b2593e, 0x12110416, 0x2f18b039, 0xb00103b1, 0x21582b0a, 0x59f41bd8, 0x041606b2, 0xb0391211, 0x12b11009, 0x2b0ab001, 0x1bd82158, 0x313059f4, 
    0x07061401, 0x06352311, 0x26222306, 0x11331127, 0x32331616, 0x33113736, 0x35363615, 0x7a71a304, 0x8db83037, 0x3602b1b1, 0x9b929802, 0x5f371ac2, 
    0x94a60455, 0x83fc098c, 0xcf695aaf, 0xfdb902c6, 0x92b1ac45, 0x87f9028d, 0x00846807, 0x63ff0100, 0xf0004bfe, 0x0d003a04, 0xb0002900, 0xb0584500, 
    0xb11b2f00, 0x593e1200, 0x584500b0, 0x1b2f04b0, 0x3e0804b1, 0x0109b159, 0x582b0ab0, 0xf41bd821, 0x13313059, 0x23061411, 0x16372722, 0x35363233, 
    0x8796f011, 0x300d3a36, 0x04777033, 0xaa6dfb3a, 0x123414b2, 0x93048e98, 0x57000200, 0xb803ebff, 0x18004e04, 0x76001f00, 0x212009b2, 0xb0391211, 
    0x1eb01009, 0x00b000d0, 0x00b05845, 0x00b11b2f, 0xb0593e12, 0xb0584500, 0xb11b2f09, 0x593e0609, 0x00090db2, 0xb0391211, 0x0fb42f0d, 0x020d1f0d, 
    0x0d4fb45d, 0x5d020d5f, 0xb11000b0, 0x0ab00113, 0xd821582b, 0xb259f41b, 0x11130d16, 0x0db03912, 0x0119b110, 0x582b0ab0, 0xf41bd821, 0x1009b059, 
    0xb0011db1, 0x21582b0a, 0x59f41bd8, 0x32013130, 0x15151616, 0x23060614, 0x35352622, 0x26343721, 0x06222326, 0x01362707, 0x16141521, 0xf2013620, 
    0x777ad478, 0xe5b97dcf, 0x69012a03, 0xa8706eb9, 0x02811d3e, 0xcb0ffd7e, 0x04d93a01, 0x8def8b4e, 0x8bf89742, 0x4d4fccf2, 0x3d7dd77f, 0xfd902a47, 
    0xd7a92174, 0x010000e9, 0xf0049800, 0xed059002, 0x3b000800, 0x2f04b000, 0x19d005b0, 0x182f05b0, 0x19d001b0, 0x182f01b0, 0xb01004b0, 0x02b0d002, 
    0x1004b02f, 0xb0d007b0, 0x09402f07, 0x071f070f, 0x073f072f, 0x03b25d04, 0x12110407, 0x01313039, 0x07272315, 0x33373523, 0xbb449002, 0x28e640b9, 
    0xc40afa04, 0x00ef0ec4, 0x92000100, 0x8302db04, 0x0800e205, 0xb0002700, 0x0fb22f04, 0xb05d0104, 0x02b0d002, 0x020fb62f, 0x022f021f, 0x00b25d03, 
    0x12110204, 0xd008b039, 0x302f08b0, 0x33370131, 0x27230715, 0x8c013335, 0x3bda35c2, 0x090539dc, 0xfcfa0dd9, 0xffff000b, 0x67058400, 0x9c05bb02, 
    0x70000602, 0x01000000, 0xd6049300, 0xce05c002, 0x35000d00, 0x2f03b000, 0x01030fb2, 0xd007b05d, 0x402f07b0, 0x1f070f09, 0x3f072f07, 0xb05d0407, 
    0x0ab11003, 0x2b0ab001, 0x1bd82158, 0x07b059f4, 0xd00db010, 0x302f0db0, 0x06140131, 0x35262223, 0x33161433, 0x02353632, 0x807f97c0, 0x6f723697, 
    0xce05756b, 0x70888870, 0x5967655b, 0x9c000100, 0x0b013e05, 0x0800ad05, 0x02b21900, 0x12110a09, 0x07b00039, 0x0502b12f, 0x582b0ab0, 0xf41bd821, 
    0x13313059, 0x16323634, 0x26220614, 0x212e209c, 0x05202e21, 0x21211775, 0x0020202e, 0x72000200, 0xc801bc04, 0x09001406, 0x42001300, 0x151400b2, 
    0xb0391211, 0xb000d00d, 0x0fb22f05, 0xb05d0105, 0x00b0d000, 0x003fb62f, 0x005f004f, 0x05b05d03, 0x010cb110, 0x582b0ab0, 0xf41bd821, 0x1000b059, 
    0xb00112b1, 0x21582b0a, 0x59f41bd8, 0x32013130, 0x23061416, 0x36342622, 0x32161407, 0x26343536, 0x1d010622, 0x48636348, 0x2f656645, 0x42426642, 
    0x14064266, 0x5f629066, 0x34ae6396, 0x36344040, 0x01004242, 0x75fe4700, 0x14005801, 0x31000f00, 0x111005b2, 0x00391211, 0xb02f10b0, 0x05b12f0a, 
    0x2b0ab001, 0x1bd82158, 0x10b059f4, 0xd00fb010, 0x402f0fb0, 0x1c0f0c09, 0x3c0f2c0f, 0x305d040f, 0x06062131, 0x32331415, 0x23061737, 0x34352622, 
    0x70390137, 0x35395d4c, 0x43463810, 0x6b57c750, 0x30265f34, 0x754c492c, 0x01000095, 0x06055a00, 0xc005d902, 0x40001300, 0x151404b2, 0x00391211, 
    0xb02f03b0, 0x06b0d006, 0x1003b02f, 0xb0d009b0, 0x06b02f09, 0x010db110, 0x582b0ab0, 0xf41bd821, 0x1003b059, 0xb00110b1, 0x21582b0a, 0x59f41bd8, 
    0xb0100db0, 0x3130d013, 0x23061401, 0x22232622, 0x34231506, 0x16323336, 0x35363233, 0x4b65d902, 0x383e9051, 0x4c643741, 0x363a974e, 0x52c00543, 
    0x39447d68, 0x487c6350, 0x0200003b, 0xd0049200, 0x0006e602, 0x07000300, 0x04b24800, 0x12110908, 0x1004b039, 0x00d003b0, 0xb02f02b0, 0x00b0d000, 
    0x000fb42f, 0x5d02001f, 0xb01002b0, 0xb019d003, 0xb0182f03, 0x05b01000, 0x2f05b0d0, 0xb01002b0, 0x06b0d006, 0x1003b02f, 0x19d007b0, 0x182f07b0, 
    0x33013130, 0x33132301, 0x96022303, 0x49e0fe50, 0x45f34c01, 0xd0fe0006, 0xd0fe3001, 0xbd000200, 0xc801b1fe, 0x0b009dff, 0x49001500, 0x171603b2, 
    0xb0391211, 0x0eb01003, 0x03b000d0, 0x0300b42f, 0x5d020310, 0xb0d00eb0, 0x0b402f0e, 0x0e400e30, 0x0e600e50, 0x5d050e70, 0xb00109b1, 0x21582b0a, 
    0x59f41bd8, 0xb11003b0, 0x0ab00114, 0xd821582b, 0x3059f41b, 0x36341731, 0x15163233, 0x22230614, 0x16143726, 0x34353632, 0xbd062226, 0x4d38394d, 
    0x4f37364f, 0x2c402c3a, 0xdb2c402c, 0x30484830, 0x31434331, 0x1a22221a, 0x0023231b, 0x18fd0100, 0x16fef604, 0x03000006, 0xb0001500, 0x03b02f01, 
    0x2f03b0d0, 0x1f030fb6, 0x03032f03, 0x0131305d, 0xfe330323, 0x42c33b16, 0x0a01f604, 0xc2fd0100, 0xc1fef604, 0x03000006, 0xb0001500, 0x01b02f02, 
    0x2f01b0d0, 0x1f010fb6, 0x03012f01, 0x0131305d, 0xfe230333, 0x3cc3427f, 0xf6fe0006, 0xcafcffff, 0x49ff0605, 0x0700c005, 0x70fca500, 0x01000000, 
    0xcb047bfd, 0x3f069ffe, 0x3f000f00, 0x2f00b000, 0xb0d008b0, 0x0b402f08, 0x081f080f, 0x083f082f, 0x5d05084f, 0x08000eb2, 0xb0391211, 0x01b12f0e, 
    0x2b0ab002, 0x1bd82158, 0x08b059f4, 0x0207b110, 0x582b0ab0, 0xf41bd821, 0x01313059, 0x35363635, 0x37232634, 0x14151632, 0xfd150706, 0x805a63aa, 
    0xa17c076c, 0xcb046164, 0x38320863, 0x54313b33, 0x0752464b, 0x02000036, 0xe40437fc, 0xee058bfe, 0x07000300, 0xb0003700, 0x00b02f01, 0x00b019d0, 
    0x01b0182f, 0xd005b010, 0xb02f05b0, 0x06b0d006, 0x060fb62f, 0x062f061f, 0x03b05d03, 0x2f03b0d0, 0xb01000b0, 0xb019d004, 0x30182f04, 0x01230131, 
    0x03230133, 0x49aafd33, 0x0250d6fe, 0x4cfd4504, 0x0a01e404, 0x0a01f6fe, 0x88fd0100, 0xf7fdeffe, 0x08005eff, 0xb0001200, 0x06b12f03, 0x2b0ab005, 
    0x1bd82158, 0x313059f4, 0x32363405, 0x22061416, 0x2088fd26, 0x2e21212e, 0x2117da20, 0x20202e21, 0xd8000100, 0x74011905, 0x03002a06, 0xb0002000, 
    0x01b02f02, 0x2f01b0d0, 0x1f010fb6, 0x03012f01, 0x1002b05d, 0x19d003b0, 0x182f03b0, 0x33013130, 0x35012303, 0x0635673f, 0x00effe2a, 0xc2000300, 
    0xee025605, 0x03007906, 0x15000c00, 0xb0004400, 0x02b02f0b, 0x2f02b0d0, 0xb0d001b0, 0x09402f01, 0x011f010f, 0x013f012f, 0x02b05d04, 0xd003b010, 
    0x2f03b019, 0x100bb018, 0xb00507b1, 0x21582b0a, 0x59f41bd8, 0xb0d00fb0, 0x14b0100b, 0x2f14b0d0, 0x33013130, 0x34272307, 0x14163236, 0x25262206, 
    0x16323634, 0x26220614, 0x2b4fd201, 0x2e20f93b, 0x202e2121, 0x2e20bd01, 0x202e2121, 0x04f07906, 0x2e212117, 0x17172020, 0x202e2121, 0xffff0020, 
    0x8b02b300, 0xfa022201, 0x78000602, 0x01000000, 0x0000c100, 0xb0051f04, 0x33000500, 0x070601b2, 0x00391211, 0x584500b0, 0x1b2f04b0, 0x3e1604b1, 
    0x4500b059, 0x2f02b058, 0x0602b11b, 0x04b0593e, 0x0100b110, 0x582b0ab0, 0xf41bd821, 0x01313059, 0x11231121, 0xfc1f0421, 0x5e0336d8, 0x86fa7a05, 
    0x0200b005, 0x00003a00, 0xb0054c05, 0x08000300, 0x07b23d00, 0x12110a09, 0x1007b039, 0x00d000b0, 0x584500b0, 0x1b2f00b0, 0x3e1600b1, 0x4500b059, 
    0x2f02b058, 0x0602b11b, 0x04b1593e, 0x2b0ab001, 0x1bd82158, 0x07b259f4, 0x12110200, 0x01313039, 0x37210133, 0x07270121, 0x0241a202, 0x52eefa69, 
    0xe7fd6d04, 0xb0051e1e, 0x043650fa, 0x005050f7, 0x85000300, 0xcf04ecff, 0x0300c405, 0x23001400, 0x08b26600, 0x12112524, 0x1008b039, 0xb0d000b0, 
    0x18b01008, 0x00b000d0, 0x10b05845, 0x10b11b2f, 0xb0593e16, 0xb0584500, 0xb11b2f08, 0x593e0608, 0x081003b2, 0x7c391211, 0x182f03b0, 0xb00100b1, 
    0x21582b0a, 0x59f41bd8, 0xb11010b0, 0x0ab00118, 0xd821582b, 0xb059f41b, 0x20b11008, 0x2b0ab001, 0x1bd82158, 0x313059f4, 0x21352101, 0x06021405, 
    0x11002223, 0x36123435, 0x12163233, 0x00102715, 0x11002223, 0x16121415, 0x11003233, 0xb1fdcb03, 0x04014f02, 0xf6a3fa87, 0xfb87d0fe, 0x88fba3a2, 
    0xe4f4fe36, 0x79f4fee1, 0x01e496e0, 0x35b3020a, 0xddfebd7d, 0x015e019f, 0x01bcd229, 0xfe9f9f24, 0x0102bbdb, 0xfe3f0108, 0xd5effec3, 0x90f5feae, 
    0x13013e01, 0x57000100, 0xc5040000, 0x0600b005, 0x00b23800, 0x12110807, 0x00b00039, 0x03b05845, 0x03b11b2f, 0xb0593e16, 0xb0584500, 0xb11b2f01, 
    0x593e0601, 0x584500b0, 0x1b2f05b0, 0x3e0605b1, 0x0300b259, 0x39121101, 0x01013130, 0x01330123, 0xfe8d0223, 0x16023b05, 0x3b170241, 0x96fa6a05, 
    0x50fab005, 0x70000300, 0xf9030000, 0x0300b005, 0x0b000700, 0x04b26300, 0x12110d0c, 0x1004b039, 0xb0d000b0, 0x09b01004, 0x00b000d0, 0x08b05845, 
    0x08b11b2f, 0xb0593e16, 0xb0584500, 0xb11b2f02, 0x593e0602, 0xb00100b1, 0x21582b0a, 0x59f41bd8, 0x020805b2, 0x7c391211, 0x182f05b0, 0xb00106b1, 
    0x21582b0a, 0x59f41bd8, 0xb11008b0, 0x0ab0010a, 0xd821582b, 0x3059f41b, 0x15213731, 0x15211321, 0x15210321, 0x89037021, 0x026c77fc, 0x5757fda9, 
    0xb3fc4d03, 0xe5023636, 0x35010336, 0xc8000100, 0xd6040000, 0x0700b005, 0x01b24000, 0x12110908, 0x00b00039, 0x06b05845, 0x06b11b2f, 0xb0593e16, 
    0xb0584500, 0xb11b2f00, 0x593e0600, 0x584500b0, 0x1b2f04b0, 0x3e0604b1, 0x1006b059, 0xb00102b1, 0x21582b0a, 0x59f41bd8, 0x23213130, 0x23112111, 
    0xd6042111, 0x365efc36, 0x7a050e04, 0xb00586fa, 0x39000100, 0x19040000, 0x0f00b005, 0x06b24d00, 0x12111110, 0x00b00039, 0x0cb05845, 0x0cb11b2f, 
    0xb0593e16, 0xb0584500, 0xb11b2f03, 0x593e0603, 0xb00102b1, 0x21582b0a, 0x59f41bd8, 0x020305b2, 0xb0391211, 0x0db1100c, 0x2b0ab001, 0x1bd82158, 
    0x07b259f4, 0x12110c0d, 0x01313039, 0x21152101, 0x35010135, 0x21351733, 0x02012115, 0x03f5fd90, 0x0220fc94, 0x25ddfd23, 0xfc7d0302, 0x030402af, 
    0x3636fd00, 0x02e7022c, 0x03032c71, 0x00b4fd35, 0x64000300, 0x52050000, 0x1500b005, 0x25001d00, 0xb0005b00, 0xb0584500, 0xb11b2f14, 0x593e1614, 
    0x584500b0, 0x1b2f0ab0, 0x3e060ab1, 0x1413b259, 0x3912110a, 0xb02f13b0, 0x0bb2d000, 0x1211140a, 0x2f0bb039, 0xb0d008b0, 0x22b11013, 0x2b0ab001, 
    0x1bd82158, 0x1ab059f4, 0x100bb0d0, 0xb00121b1, 0x21582b0a, 0x59f41bd8, 0x30d01bb0, 0x04160131, 0x06141516, 0x23150704, 0x35002435, 0x36373637, 
    0x01333525, 0x27262634, 0x25003611, 0x11170014, 0xf502020e, 0x981301b2, 0xb2ecfe97, 0xfef2fe37, 0x931102b4, 0x370e01a6, 0xf88a2602, 0x2d01f9a4, 
    0x2a0180fb, 0x89f8a2f9, 0x8702f204, 0xf29594f2, 0xd1d10289, 0xe5270104, 0x9384c72e, 0x33fdbf04, 0x0375d988, 0x01024bfc, 0xfed1d008, 0xb40304fb, 
    0x00d87902, 0x9c000100, 0xfa040000, 0x1800b005, 0x00b25d00, 0x12111a19, 0x00b00039, 0x04b05845, 0x04b11b2f, 0xb0593e16, 0xb0584500, 0xb11b2f11, 
    0x593e1611, 0x584500b0, 0x1b2f17b0, 0x3e1617b1, 0x4500b059, 0x2f0bb058, 0x060bb11b, 0x00b2593e, 0x12110b04, 0x2f00b039, 0xb0010ab1, 0x21582b0a, 
    0x59f41bd8, 0xb0d00db0, 0x16b01000, 0x013130d0, 0x11372436, 0x020e1133, 0x11231107, 0x11270026, 0x00141133, 0x02331117, 0x0b01d1e5, 0x83013603, 
    0xf0379ff2, 0x3702e0fe, 0x37d50601, 0xff04d701, 0xfd0602d0, 0x81ec9bfb, 0x0160fe03, 0x1a0106a0, 0xfe0302ed, 0xfbfed507, 0x00d90306, 0x7a000100, 
    0xab040000, 0x2300c405, 0x07b25f00, 0x12112524, 0x00b00039, 0x18b05845, 0x18b11b2f, 0xb0593e16, 0xb0584500, 0xb11b2f22, 0x593e0622, 0x584500b0, 
    0x1b2f0fb0, 0x3e060fb1, 0x0f0db259, 0x39121118, 0xb0100db0, 0x18b0d000, 0x0107b110, 0x582b0ab0, 0xf41bd821, 0x1022b059, 0xb00121b1, 0x21582b0a, 
    0x59f41bd8, 0x30d010b0, 0x13242531, 0x26023435, 0x11002223, 0x15051015, 0x26213521, 0x34352702, 0x16203612, 0x14151512, 0x15210702, 0x01f90221, 
    0xd4760265, 0x00ffcf87, 0x4dfe6d01, 0xb4a66e01, 0x01ec8204, 0xaf83ed2e, 0xfe7001ac, 0x01b34e4e, 0x01a37cd6, 0xbcfe9206, 0xfe6e00ff, 0x364eb628, 
    0xdc52015f, 0x1e01ba8e, 0xe2fe9c9b, 0xfee476b8, 0x003666a4, 0x7a000200, 0x7d04ebff, 0x1a004e04, 0x7f002700, 0x292815b2, 0xb0391211, 0x25b01015, 
    0x00b000d0, 0x15b05845, 0x15b11b2f, 0xb0593e12, 0xb0584500, 0xb11b2f00, 0x593e1200, 0x584500b0, 0x1b2f08b0, 0x3e0608b1, 0x4500b059, 0x2f0eb058, 
    0x060eb11b, 0x08b0593e, 0x0103b110, 0x582b0ab0, 0xf41bd821, 0x150bb259, 0x39121108, 0x081518b2, 0xb0391211, 0x1eb1100e, 0x2b0ab001, 0x1bd82158, 
    0x15b059f4, 0x0125b110, 0x582b0ab0, 0xf41bd821, 0x01313059, 0x32331611, 0x23061737, 0x06272622, 0x02222306, 0x12102727, 0x17163233, 0x14013735, 
    0x36323312, 0x26261137, 0x03022223, 0x167704b6, 0x2d1c0b2b, 0x36055856, 0xd8b37ac1, 0xbddb010a, 0x0637bb7c, 0xa8b52cfd, 0x2c27bd8d, 0xbaa583c0, 
    0xb2fc3a04, 0x0e310acc, 0x7b73806e, 0x41e90901, 0x2b010501, 0xe4118188, 0xfee5cffd, 0x0194a2fd, 0xfeb9a95f, 0x020000f2, 0x63fec100, 0xc4053704, 
    0x2d001800, 0x29b26f00, 0x12112f2e, 0x1029b039, 0x00d000b0, 0xb02f10b0, 0xb0584500, 0xb11b2f00, 0x593e1600, 0x584500b0, 0x1b2f0cb0, 0x3e060cb1, 
    0x002cb259, 0x3912110c, 0xb12f2cb0, 0x0ab00129, 0xd821582b, 0xb259f41b, 0x11292c06, 0x0fb23912, 0x12110c00, 0x1000b039, 0xb0011cb1, 0x21582b0a, 
    0x59f41bd8, 0xb1100cb0, 0x0ab00123, 0xd821582b, 0x3059f41b, 0x16320131, 0x07061415, 0x14151616, 0x26222306, 0x11231127, 0x34113727, 0x34013636, 
    0x06222326, 0x16161115, 0x35363233, 0x23272634, 0x02203335, 0x6dd9ae47, 0xefaa9569, 0x3ad374ce, 0x69020236, 0xb8ba01b2, 0x28c08e99, 0xcbbb84d5, 
    0x6492c0d2, 0xc4055801, 0xb16fa7cf, 0x97cb1f2c, 0x4e5bdcba, 0xb902cffd, 0xdf020122, 0xfe6cc476, 0xd3b08b8f, 0x5edbfca2, 0xa7a6b675, 0x003801ba, 
    0x2b000100, 0xa70361fe, 0x0a003a04, 0x09b23800, 0x12110c0b, 0x00b00039, 0x00b05845, 0x00b11b2f, 0xb0593e12, 0xb0584500, 0xb11b2f06, 0x593e1206, 
    0x584500b0, 0x1b2f03b0, 0x3e0803b1, 0x0609b259, 0x39121103, 0x33013130, 0x11231101, 0x17013301, 0x3a6d0337, 0xfe365dfe, 0x4e013a5d, 0x3a043736, 
    0x5cfecbfb, 0x3804a101, 0x9b9babfc, 0x57000200, 0x0a04ecff, 0x21001b06, 0x65003100, 0x333217b2, 0xb0391211, 0x26b01017, 0x00b000d0, 0x03b05845, 
    0x03b11b2f, 0xb0593e18, 0xb0584500, 0xb11b2f17, 0x593e0617, 0xb11003b0, 0x0ab00109, 0xd821582b, 0xb259f41b, 0x1103170f, 0x0fb03912, 0x012eb12f, 
    0x582b0ab0, 0xf41bd821, 0x2e1fb259, 0x3912110f, 0xb11017b0, 0x0ab00126, 0xd821582b, 0x3059f41b, 0x36341331, 0x07173233, 0x22232627, 0x16141506, 
    0x15121617, 0x06061415, 0x35002223, 0x36363435, 0x03263537, 0x33161614, 0x35351232, 0x27262634, 0xd7150222, 0x7eb598c9, 0x7c5c4812, 0xa09ea686, 
    0xd976f7c8, 0xf7fed289, 0xf363b15f, 0x7bc06a4a, 0xbc68e9b9, 0x05fbbf69, 0x4d936b1d, 0x6e272131, 0x2273635a, 0xc6dffe2a, 0x85ed9620, 0x22ee2201, 
    0x0e8ad37c, 0x86fd5e0b, 0x0179d881, 0x711fd30a, 0xfe1185c0, 0x0100cefb, 0xecff7400, 0x4e04e503, 0x6f002600, 0x282714b2, 0x00391211, 0x584500b0, 
    0x1b2f08b0, 0x3e1208b1, 0x4500b059, 0x2f24b058, 0x0624b11b, 0x15b2593e, 0x12112408, 0x15b07c39, 0x16b1182f, 0x2b0ab001, 0x1bd82158, 0x02b259f4, 
    0x12111516, 0x1008b039, 0xb0010fb1, 0x21582b0a, 0x59f41bd8, 0x0f150cb2, 0xb0391211, 0x1db11024, 0x2b0ab001, 0x1bd82158, 0x20b259f4, 0x12111d16, 
    0x13313039, 0x26263734, 0x33363435, 0x23151632, 0x22232634, 0x21141506, 0x06231533, 0x16141506, 0x35363233, 0x23061433, 0xf9742622, 0xc5da7a6c, 
    0xd336f5b8, 0x01b9aea4, 0xb4b1a06f, 0xafb3c9bf, 0xc0ff37d9, 0x2201edc5, 0x841f36d2, 0xaca18b55, 0x828d6c83, 0x0237e171, 0x86767c70, 0xb0917397, 
    0x010000aa, 0x78fe2600, 0xb0057703, 0x5a001f00, 0x212017b2, 0x00391211, 0xb02f0fb0, 0xb0584500, 0xb11b2f00, 0x593e1600, 0x584500b0, 0x1b2f16b0, 
    0x3e0616b1, 0x1000b059, 0xb0011db1, 0x21582b0a, 0x59f41bd8, 0x001d01b2, 0xb2391211, 0x11001602, 0x16b03912, 0x0109b110, 0x582b0ab0, 0xf41bd821, 
    0x001cb259, 0x39121116, 0x15013130, 0x15060601, 0x17171614, 0x14151616, 0x36270706, 0x26343536, 0x26262727, 0x01373435, 0x77033521, 0x5d6129fe, 
    0x6d6cbd9d, 0x253c5f52, 0x503d5833, 0xb89abca2, 0x00fdc101, 0xfd25b005, 0x6bdf8397, 0x1d2f7b64, 0x5041531e, 0x171f1a96, 0x372e4388, 0x91352b16, 
    0x02ffd870, 0x0100354f, 0x60feac00, 0x4e04ba03, 0x54001300, 0x151403b2, 0x00391211, 0x584500b0, 0x1b2f03b0, 0x3e1203b1, 0x4500b059, 0x2f13b058, 
    0x1213b11b, 0x00b0593e, 0x07b05845, 0x07b11b2f, 0xb0593e08, 0xb0584500, 0xb11b2f10, 0x593e0610, 0x100300b2, 0xb0391211, 0x0cb11003, 0x2b0ab001, 
    0x1bd82158, 0x313059f4, 0x33363613, 0x11171632, 0x26261123, 0x07062223, 0x33112311, 0x8fb82fe2, 0x3602adb3, 0x9f999002, 0x363617c1, 0x84715903, 
    0xb0fbd4ca, 0xb2b25404, 0x65fdbbc2, 0x03003a04, 0xecff9b00, 0xc5050204, 0x16000d00, 0x69001f00, 0x21200ab2, 0xb0391211, 0x13b0100a, 0x100ab0d0, 
    0x00d01cb0, 0x584500b0, 0x1b2f0ab0, 0x3e160ab1, 0x4500b059, 0x2f03b058, 0x0603b11b, 0x0fb2593e, 0x1211030a, 0x0fb07c39, 0x0ab0182f, 0x0113b110, 
    0x582b0ab0, 0xf41bd821, 0x100fb059, 0xb00117b1, 0x21582b0a, 0x59f41bd8, 0xb11003b0, 0x0ab0011c, 0xd821582b, 0x3059f41b, 0x02100131, 0x11022223, 
    0x33121011, 0x05111232, 0x02103521, 0x11022223, 0x10152105, 0x12323312, 0xe4020411, 0xe5e8cdce, 0xfce5cfce, 0xc7fb02cf, 0x02c5b8b7, 0xca05fdfb, 
    0x02c6b6b5, 0xfedbfe52, 0x014401bf, 0x01080126, 0xfe450122, 0x6ddafebb, 0x01090171, 0xfed7fe28, 0xfe63a2f3, 0x01d6fef8, 0x000d012a, 0xaa000100, 
    0xf801f8ff, 0x0d003a04, 0xb0002900, 0xb0584500, 0xb11b2f00, 0x593e1200, 0x584500b0, 0x1b2f09b0, 0x3e0609b1, 0x0104b159, 0x582b0ab0, 0xf41bd821, 
    0x13313059, 0x33161611, 0x06173732, 0x27262223, 0x4b01e111, 0x093f2c57, 0x66765021, 0xfc3a0401, 0x096b6ecd, 0x8d830c33, 0x01003203, 0xfaff3e00, 
    0xee053f04, 0x49001900, 0x1b1a0fb2, 0x00391211, 0xb02f00b0, 0xb0584500, 0xb11b2f11, 0x593e0611, 0x584500b0, 0x1b2f0bb0, 0x3e060bb1, 0x0106b159, 
    0x582b0ab0, 0xf41bd821, 0x0010b259, 0x39121111, 0xb11000b0, 0x0ab00116, 0xd821582b, 0x3059f41b, 0x17321331, 0x33161601, 0x06173732, 0x27272223, 
    0x23012701, 0x23260301, 0xf4362707, 0x9d01459a, 0x1d2f4522, 0x27120913, 0xfe173a81, 0x67fe09e7, 0x61b9013b, 0x09306c35, 0xbcee0512, 0x435798fb, 
    0x920a3307, 0x170a033c, 0x330417fc, 0x06820301, 0x01000a32, 0x8efe8900, 0xc405a103, 0x66002d00, 0x2f2e1fb2, 0x00391211, 0x584500b0, 0x1b2f2bb0, 
    0x3e162bb1, 0x4500b059, 0x2f18b058, 0x0e18b11b, 0x2bb0593e, 0x0102b110, 0x582b0ab0, 0xf41bd821, 0x2b08b259, 0x39121118, 0xb12f08b0, 0x0ab00109, 
    0xd821582b, 0xb259f41b, 0x112b1820, 0x20b03912, 0x0110b110, 0x582b0ab0, 0xf41bd821, 0x0925b259, 0x39121108, 0x26013130, 0x15062223, 0x15330514, 
    0x15042223, 0x17161614, 0x15161617, 0x27070614, 0x34353636, 0x24272426, 0x37363411, 0x34352626, 0x17323336, 0x917e9b03, 0x8b01c8b2, 0xffed7282, 
    0xa5a25100, 0x5650697d, 0x473d2142, 0x54f2fe4a, 0xa5b2dcfe, 0xcfe4897c, 0x61057f94, 0xfe848f2e, 0xb7cf3803, 0x2f668f67, 0x3d4b1e22, 0x21237a3f, 
    0x29336623, 0x75224836, 0xd59c1801, 0x6494232b, 0x0031ae9e, 0x3e000100, 0xaa04f8ff, 0x15003a04, 0x0db25e00, 0x12111716, 0x00b00039, 0x14b05845, 
    0x14b11b2f, 0xb0593e12, 0xb0584500, 0xb11b2f10, 0x593e0610, 0x584500b0, 0x1b2f0ab0, 0x3e060ab1, 0x1014b059, 0xb00100b1, 0x21582b0a, 0x59f41bd8, 
    0xb1100ab0, 0x0ab00105, 0xd821582b, 0xb059f41b, 0x0eb01000, 0xd00fb0d0, 0xb0d012b0, 0x3130d013, 0x14112301, 0x37323316, 0x22230617, 0x21112726, 
    0x23112311, 0x6a042135, 0x2c584bd7, 0x5021093f, 0xfd016676, 0x04c336db, 0xfd03042c, 0x096e730c, 0x8d830c33, 0xfdfbfb02, 0x00370304, 0xac000200, 
    0xe70360fe, 0x0e004e04, 0x56001c00, 0x1e1d00b2, 0xb0391211, 0xb000d019, 0xb0584500, 0xb11b2f00, 0x593e1200, 0x584500b0, 0x1b2f0ab0, 0x3e080ab1, 
    0x4500b059, 0x2f07b058, 0x0607b11b, 0x09b2593e, 0x12110700, 0x0112b139, 0x582b0ab0, 0xf41bd821, 0x1000b059, 0xb00119b1, 0x21582b0a, 0x59f41bd8, 
    0x32013130, 0x14151112, 0x27202302, 0x36112303, 0x16160336, 0x35123233, 0x23023435, 0x02070622, 0xd9dbbc50, 0x6cfefebd, 0xe5023601, 0x86bd2cb0, 
    0xa6bab7a7, 0x0401c3a8, 0xfed5fe4e, 0xfefb0ff5, 0xbdfdb7de, 0xf8d42204, 0x776cb7fc, 0x10eb0101, 0xe80f01eb, 0x010000d0, 0x85fe7a00, 0x4e04c603, 
    0x56002200, 0x242300b2, 0x00391211, 0x584500b0, 0x1b2f00b0, 0x3e1200b1, 0x4500b059, 0x2f14b058, 0x0e14b11b, 0x00b0593e, 0x1bb05845, 0x1bb11b2f, 
    0xb2593e06, 0x11001b04, 0x00b03912, 0x0107b110, 0x582b0ab0, 0xf41bd821, 0x101bb059, 0xb0010eb1, 0x21582b0a, 0x59f41bd8, 0x32013130, 0x34231516, 
    0x02222326, 0x16141515, 0x15161617, 0x27070614, 0x34353636, 0x02262726, 0x36343527, 0xae3d0236, 0x98bb36db, 0xd7e3d5b6, 0x2f5c6075, 0x44492f23, 
    0x03eef06c, 0x4e04ce6f, 0xb197b0ce, 0x22e6f8fe, 0x1a2ff6c0, 0x8a3a5953, 0x6d162014, 0x183a4135, 0xcd0b0135, 0x88f69e35, 0x57000200, 0x5d04ecff, 
    0x12003a04, 0x4e002200, 0x24231fb2, 0xb0391211, 0x11b0101f, 0x00b000d0, 0x11b05845, 0x11b11b2f, 0xb0593e12, 0xb0584500, 0xb11b2f09, 0x593e0609, 
    0xb11011b0, 0x0ab00100, 0xd821582b, 0xb059f41b, 0x17b11009, 0x2b0ab001, 0x1bd82158, 0x00b059f4, 0xd01fb010, 0x21013130, 0x15151616, 0x20060614, 
    0x35272626, 0x37363634, 0x16140121, 0x12323316, 0x26343535, 0x02222326, 0xfe5d0415, 0x768a7ca7, 0xd9eefed9, 0xd6770178, 0xfc330286, 0x7bbf6b30, 
    0xc06ae9b9, 0x04eab97a, 0xa0f23f03, 0x8af69d29, 0x3099f588, 0x0185ee94, 0xe187cefd, 0xdb16017e, 0x7bd87e1f, 0x00d0f4fe, 0x49000100, 0xba03ebff, 
    0x11003a04, 0x01b24b00, 0x12111312, 0x00b00039, 0x10b05845, 0x10b11b2f, 0xb0593e12, 0xb0584500, 0xb11b2f0a, 0x593e060a, 0xb11010b0, 0x0ab00100, 
    0xd821582b, 0xb059f41b, 0x05b1100a, 0x2b0ab001, 0x1bd82158, 0x00b059f4, 0xd00eb010, 0x30d00fb0, 0x11210131, 0x32331614, 0x23061737, 0x11272622, 
    0x03213521, 0x584cfeba, 0x09412a61, 0x727f472a, 0x037afe02, 0xfd030471, 0x097a7c14, 0x958c0d32, 0x0037f702, 0xa8000100, 0xa103ecff, 0x14003a04, 
    0x10b23d00, 0x12111615, 0x00b00039, 0x00b05845, 0x00b11b2f, 0xb0593e12, 0xb0584500, 0xb11b2f09, 0x593e1209, 0x584500b0, 0x1b2f10b0, 0x3e0610b1, 
    0x0104b159, 0x582b0ab0, 0xf41bd821, 0x13313059, 0x33161611, 0x10351232, 0x16163303, 0x23021415, 0x11352622, 0x859102de, 0x4270c9ad, 0xc7e2283b, 
    0x3a04aba5, 0xaea73dfd, 0x01de0801, 0xa713011f, 0xfef794f4, 0x02c7d0d8, 0x020000b7, 0x21fe8c00, 0x3b04d104, 0x27001b00, 0x19b26800, 0x12112928, 
    0x1019b039, 0x00d01cb0, 0xb02f1ab0, 0xb0584500, 0xb11b2f06, 0x593e1206, 0x584500b0, 0x1b2f11b0, 0x3e1211b1, 0x4500b059, 0x2f00b058, 0x0600b11b, 
    0x00b0593e, 0x19b05845, 0x19b11b2f, 0xb0593e06, 0x0db11000, 0x2b0ab001, 0x1bd82158, 0x1cb059f4, 0x1011b0d0, 0xb00124b1, 0x21582b0a, 0x59f41bd8, 
    0x26053130, 0x12341100, 0x02061737, 0x17121415, 0x33363411, 0x15161632, 0x07060214, 0x3e132311, 0x26343502, 0x06222326, 0xf98d0215, 0x7b8cf8fe, 
    0xec806b19, 0x734965e0, 0xed8269ba, 0x8e36369f, 0xa25d76d5, 0x14463262, 0x01220109, 0x2001aa0b, 0xfe412c4f, 0xfef39aec, 0x5c030aff, 0xf7886953, 
    0xfefe9d99, 0x35fe0592, 0x84040002, 0xe2818ee9, 0x003d4b81, 0x94000100, 0xd20461fe, 0x1a003a04, 0x00b25d00, 0x12111c1b, 0x00b00039, 0x00b05845, 
    0x00b11b2f, 0xb0593e12, 0xb0584500, 0xb11b2f06, 0x593e1206, 0x584500b0, 0x1b2f15b0, 0x3e1215b1, 0x4500b059, 0x2f0fb058, 0x080fb11b, 0x00b0593e, 
    0x10b05845, 0x10b11b2f, 0xb0593e06, 0x01b1d00d, 0x2b0ab001, 0x1bd82158, 0x19b059f4, 0x013130d0, 0x11123611, 0x17332734, 0x00101516, 0x11231105, 
    0x11030026, 0x12161133, 0xc3021117, 0x4398f0e9, 0xf1fe5a31, 0xf33600ff, 0x3602fcfe, 0x04d8e803, 0x05e8fb3a, 0x09011c01, 0xb05ef2fc, 0xfedefede, 
    0x74fe05c6, 0x01098c01, 0x011c0132, 0xfe04fef6, 0x0409ecfe, 0x01000017, 0xecff9800, 0x3a040506, 0x67002600, 0x28271db2, 0x00391211, 0x584500b0, 
    0x1b2f00b0, 0x3e1200b1, 0x4500b059, 0x2f13b058, 0x1213b11b, 0x00b0593e, 0x1ab05845, 0x1ab11b2f, 0xb0593e06, 0xb0584500, 0xb11b2f20, 0x593e0620, 
    0xb00105b1, 0x21582b0a, 0x59f41bd8, 0x002009b2, 0xb0391211, 0x0db1101a, 0x2b0ab001, 0x1bd82158, 0x1db259f4, 0x12111a13, 0x01313039, 0x12141102, 
    0x37363233, 0x16113311, 0x35122016, 0x33270234, 0x14111617, 0x26222302, 0x23060627, 0x10350222, 0x65013737, 0x8e91a998, 0x0337029c, 0xaa200199, 
    0x30425246, 0x80a9c55b, 0xa62323a6, 0x5ac2ab80, 0xfe3a0431, 0xd1dcfede, 0xd6e1fffe, 0xd2fe2901, 0x0001e1d1, 0x1a018bd2, 0xfed16ca1, 0xe3feeefa, 
    0x8c83838c, 0x01eb2001, 0x006dd303, 0x92000200, 0x7104ecff, 0x2100d905, 0x64002c00, 0x2e2d2ab2, 0xb0391211, 0x07b0102a, 0x1bb000d0, 0x4500b02f, 
    0x2f07b058, 0x0607b11b, 0x25b2593e, 0x12111b07, 0x2f25b039, 0xb00114b1, 0x21582b0a, 0x59f41bd8, 0xb2d003b0, 0x11071b0c, 0x07b03912, 0x0110b110, 
    0x582b0ab0, 0xf41bd821, 0x1025b059, 0xb0d01fb0, 0x29b1101b, 0x2b0ab001, 0x1bd82158, 0x313059f4, 0x07060601, 0x23060611, 0x11272622, 0x16161137, 
    0x37363233, 0x35242611, 0x33363435, 0x11151632, 0x14013736, 0x26111716, 0x06222326, 0x1b710407, 0xc7033070, 0x03d6b8c9, 0xa4b50236, 0xf804a4b5, 
    0x7497eefe, 0x4d63a293, 0xe3f146fd, 0x5c827c01, 0xd0020277, 0xfe02160b, 0xdfd6d5ea, 0x025001cf, 0xc1bab1fe, 0x1d01bcb3, 0x11d9f909, 0xccdbb48b, 
    0x1d04b1fe, 0xd3c27e01, 0xb1580109, 0x00758bb6, 0xc7ff0100, 0x99040000, 0x1e00bb05, 0x1ab24a00, 0x1211201f, 0x00b00039, 0x00b05845, 0x00b11b2f, 
    0xb0593e16, 0xb0584500, 0xb11b2f15, 0x593e1615, 0x584500b0, 0x1b2f0ab0, 0x3e060ab1, 0x1000b059, 0xb00205b1, 0x21582b0a, 0x59f41bd8, 0xb2d010b0, 
    0x110a001a, 0x31303912, 0x07173201, 0x06222326, 0x23110107, 0x26260111, 0x27072223, 0x16323336, 0x37171317, 0x04363613, 0x172d3933, 0x5b452e25, 
    0x37edfe2e, 0x5e33f1fe, 0x17252f45, 0x75583730, 0x3635c739, 0x05743bc6, 0x16291cbb, 0x96fd6158, 0x6f0297fd, 0x5f6e5002, 0x661c2916, 0x7f45fe7e, 
    0x81bb017f, 0x02000063, 0xecff2700, 0x3b043006, 0x29001500, 0x09b27200, 0x12112b2a, 0x1009b039, 0x00d024b0, 0x584500b0, 0x1b2f14b0, 0x3e1214b1, 
    0x4500b059, 0x2f06b058, 0x0606b11b, 0x00b0593e, 0x0cb05845, 0x0cb11b2f, 0xb0593e06, 0x00b11014, 0x2b0ab001, 0x1bd82158, 0x09b259f4, 0x12110614, 
    0xd012b039, 0xb0d013b0, 0x19b0d018, 0x100cb0d0, 0xb0011eb1, 0x21582b0a, 0x59f41bd8, 0x190c22b2, 0xb0391211, 0x3130d027, 0x16172301, 0x22230210, 
    0x06062726, 0x35022223, 0x23373734, 0x10032135, 0x11022103, 0x32331214, 0x33113736, 0x33161603, 0x30061232, 0xc44b27c6, 0x27ac76a9, 0xab76ac27, 
    0xbb264cc2, 0x7d890906, 0xa97df8fb, 0x03989091, 0x9a050138, 0x04aa908d, 0xfec15c04, 0x80e5fe20, 0x01808d8d, 0xc4edeb20, 0xb9fd375c, 0x08010801, 
    0xf8fef8fe, 0xe1fffed1, 0xfe3001d1, 0x01d9cac1, 0x01000000, 0xf5ff4200, 0xb0058d05, 0x71001c00, 0x1e1d15b2, 0x00391211, 0x584500b0, 0x1b2f1bb0, 
    0x3e161bb1, 0x4500b059, 0x2f17b058, 0x0617b11b, 0x00b0593e, 0x0cb05845, 0x0cb11b2f, 0xb0593e06, 0x00b1101b, 0x2b0ab001, 0x1bd82158, 0x05b259f4, 
    0x1211171b, 0x2f05b039, 0xb1100cb0, 0x0ab0010d, 0xd821582b, 0xb059f41b, 0x14b11005, 0x2b0ab001, 0x1bd82158, 0x00b059f4, 0xd019b010, 0x30d01ab0, 
    0x11210131, 0x32333636, 0x06141516, 0x32352306, 0x34353636, 0x07222326, 0x21112311, 0x9c042135, 0xd0529efd, 0x7ff4ec51, 0xb67981cc, 0xaccddd67, 
    0x3efe36c7, 0x7a055a04, 0x33289bfd, 0xce75e3ee, 0xaf623367, 0x5cd6c666, 0x7a0521fd, 0x01000036, 0xecff9000, 0xc405a604, 0x68002200, 0x242303b2, 
    0x00391211, 0x584500b0, 0x1b2f0cb0, 0x3e160cb1, 0x4500b059, 0x2f03b058, 0x0603b11b, 0x10b2593e, 0x1211030c, 0x100cb039, 0xb00113b1, 0x21582b0a, 
    0x59f41bd8, 0x030c18b2, 0x7c391211, 0x182f18b0, 0xb00119b1, 0x21582b0a, 0x59f41bd8, 0xb11003b0, 0x0ab0011f, 0xd821582b, 0xb259f41b, 0x110c0322, 
    0x31303912, 0x23040601, 0x27022622, 0x36123435, 0x17043233, 0x23262623, 0x15110022, 0x15211521, 0x33161214, 0x04373632, 0xf4fe15a6, 0x84ef9be6, 
    0x9cf18201, 0x150e01e4, 0xd0ea1736, 0x02fbfed4, 0x747cfd84, 0xebd18cd9, 0xe1be0115, 0x21019df1, 0x01bae1ba, 0xe0f0a025, 0xc0fed1c9, 0x3643f3fe, 
    0xf7feac5d, 0x00cece94, 0x36000200, 0xca070000, 0x1800b005, 0x77002100, 0x232208b2, 0xb0391211, 0x19b01008, 0x00b000d0, 0x17b05845, 0x17b11b2f, 
    0xb0593e16, 0xb0584500, 0xb11b2f07, 0x593e0607, 0x584500b0, 0x1b2f0fb0, 0x3e060fb1, 0x1700b259, 0x39121107, 0xb02f00b0, 0x09b11017, 0x2b0ab001, 
    0x1bd82158, 0x0fb059f4, 0x0111b110, 0x582b0ab0, 0xf41bd821, 0x1000b059, 0xb00119b1, 0x21582b0a, 0x59f41bd8, 0xb01011b0, 0x1bb0d01a, 0x013130d0, 
    0x15161621, 0x21070614, 0x02032111, 0x23070602, 0x36363335, 0x21131312, 0x32211111, 0x26343536, 0x01810427, 0xf9f5d480, 0xfd56fedc, 0x4c182c9f, 
    0x302c7385, 0x14406b64, 0x01c9022f, 0xdcdfc371, 0x042803bd, 0xdbb8b9d7, 0xfd7a0501, 0xfeb9fe64, 0x36037ae6, 0x1f017903, 0xc5021a01, 0x44fd42fd, 
    0xbf9ba2be, 0x02000002, 0x0000c300, 0xb0051a08, 0x1b001200, 0x01b28700, 0x12111d1c, 0x1001b039, 0x00d013b0, 0x584500b0, 0x1b2f02b0, 0x3e1602b1, 
    0x4500b059, 0x2f11b058, 0x1611b11b, 0x00b0593e, 0x0bb05845, 0x0bb11b2f, 0xb0593e06, 0xb0584500, 0xb11b2f0f, 0x593e060f, 0x0b0201b2, 0x7c391211, 
    0x182f01b0, 0x0b0204b2, 0xb0391211, 0x01b02f04, 0x010db110, 0x582b0ab0, 0xf41bd821, 0x1004b059, 0xb00113b1, 0x21582b0a, 0x59f41bd8, 0xb1100bb0, 
    0x0ab00114, 0xd821582b, 0x3059f41b, 0x11211331, 0x16211133, 0x06141516, 0x21112123, 0x33112311, 0x32211101, 0x26343536, 0xa203f927, 0xd4800136, 
    0xfee0faf5, 0x365efc5b, 0x01d80336, 0xdbe1c171, 0x02ec02b6, 0x047afdc4, 0xddb8bad7, 0x4afdb602, 0x44fdb005, 0xa4be41fd, 0x0004bd9c, 0x2e000100, 
    0xb2050000, 0x1500b005, 0x03b25f00, 0x12111716, 0x00b00039, 0x14b05845, 0x14b11b2f, 0xb0593e16, 0xb0584500, 0xb11b2f08, 0x593e0608, 0x584500b0, 
    0x1b2f10b0, 0x3e0610b1, 0x1014b059, 0xb00100b1, 0x21582b0a, 0x59f41bd8, 0x081404b2, 0xb0391211, 0x0db12f04, 0x2b0ab001, 0x1bd82158, 0x00b059f4, 
    0xd012b010, 0x30d013b0, 0x11210131, 0x16323336, 0x11231117, 0x22232626, 0x11231107, 0x04213521, 0xe9b2fd88, 0x02e6f7b0, 0xd7cf0336, 0xfe36d8c1, 
    0x055a042a, 0x3f79fd7a, 0x84fedfd7, 0xbbc18001, 0x0543fd3f, 0x0100367a, 0xa3fec300, 0xb005d104, 0x50000b00, 0x0d0c09b2, 0x00391211, 0xb02f08b0, 
    0xb0584500, 0xb11b2f00, 0x593e1600, 0x584500b0, 0x1b2f04b0, 0x3e1604b1, 0x4500b059, 0x2f06b058, 0x0606b11b, 0x00b0593e, 0x0ab05845, 0x0ab11b2f, 
    0xb1593e06, 0x0ab00102, 0xd821582b, 0xb059f41b, 0x3130d003, 0x21113313, 0x21113311, 0x21112311, 0xa20336c3, 0x3618fe36, 0xb00510fe, 0x7a0586fa, 
    0xa3fe50fa, 0x02005d01, 0x0000c100, 0xb0053f04, 0x15000c00, 0x03b25e00, 0x12111716, 0x1003b039, 0x00d015b0, 0x584500b0, 0x1b2f0bb0, 0x3e160bb1, 
    0x4500b059, 0x2f09b058, 0x0609b11b, 0x0bb0593e, 0x0100b110, 0x582b0ab0, 0xf41bd821, 0x0b02b259, 0x39121109, 0xb12f02b0, 0x0ab0010d, 0xd821582b, 
    0xb059f41b, 0x0eb11009, 0x2b0ab001, 0x1bd82158, 0x313059f4, 0x21112101, 0x14151616, 0x11210706, 0x21110121, 0x34353632, 0x1f042726, 0x7d01d8fc, 
    0xdcf7f6d5, 0x5e0355fe, 0x7101d8fc, 0xc0d7dac6, 0x9afd7a05, 0xb6b8cf03, 0xb00501d3, 0x58fd2efd, 0xb8989fb7, 0x02000002, 0xa3fe5c00, 0xb0054805, 
    0x17000f00, 0x13b25d00, 0x12111918, 0x1013b039, 0x00d00eb0, 0xb02f06b0, 0xb0584500, 0xb11b2f0e, 0x593e160e, 0x584500b0, 0x1b2f04b0, 0x3e0604b1, 
    0x0100b159, 0x582b0ab0, 0xf41bd821, 0x1006b059, 0xb0d003b0, 0x08b01000, 0xd009b0d0, 0xb0d010b0, 0x0eb0d011, 0x0112b110, 0x582b0ab0, 0xf41bd821, 
    0x25313059, 0x11231133, 0x11231121, 0x12123633, 0x01211337, 0x03211121, 0x04070202, 0xfb3778d0, 0x4a4c3681, 0x1509518b, 0x1dfce402, 0x85fdad03, 
    0x6d920f12, 0x016dfe36, 0x01a3fe5d, 0x29014593, 0x01bf7f01, 0x0586face, 0xfe66fe44, 0x8c0afeee, 0x13000100, 0xb4060000, 0x1500b005, 0x01b28700, 
    0x12111716, 0x00b00039, 0x09b05845, 0x09b11b2f, 0xb0593e16, 0xb0584500, 0xb11b2f0d, 0x593e160d, 0x584500b0, 0x1b2f11b0, 0x3e1611b1, 0x4500b059, 
    0x2f02b058, 0x0602b11b, 0x00b0593e, 0x06b05845, 0x06b11b2f, 0xb0593e06, 0xb0584500, 0xb11b2f14, 0x593e0614, 0x020910b2, 0x7c391211, 0x182f10b0, 
    0xb00100b1, 0x21582b0a, 0x59f41bd8, 0xb0d004b0, 0x0bb01010, 0x0408b2d0, 0x3912110b, 0x100413b2, 0x30391211, 0x11230131, 0x01231123, 0x33010123, 
    0x33113301, 0x33013311, 0x04230101, 0xad36ab2a, 0x0248bffd, 0x47d3fd50, 0x36bb1102, 0x461102ba, 0x5102d3fd, 0xfdd00248, 0xfdd00230, 0x02e10230, 
    0x0256fdcf, 0x0256fdaa, 0xfd31fdaa, 0x0100001f, 0xebff6400, 0xc4055f04, 0x6f002900, 0x2b2a24b2, 0x00391211, 0x584500b0, 0x1b2f0bb0, 0x3e160bb1, 
    0x4500b059, 0x2f16b058, 0x0616b11b, 0x0bb0593e, 0x0103b110, 0x582b0ab0, 0xf41bd821, 0x0b27b259, 0x39121116, 0x2f27b07c, 0x2706b218, 0x39121103, 
    0xb00124b1, 0x21582b0a, 0x59f41bd8, 0x272411b2, 0xb0391211, 0x1eb11016, 0x2b0ab001, 0x1bd82158, 0x1bb259f4, 0x12111e24, 0x01313039, 0x22232634, 
    0x34231506, 0x32333636, 0x06141504, 0x14110407, 0x26222304, 0x14333526, 0x36323316, 0x27263435, 0x36333523, 0xe6120436, 0x36f5b7d1, 0xeb84e17d, 
    0x869d0201, 0xe6fe3a01, 0x7eea8fea, 0xdbc7f937, 0xc5eadcf3, 0x04ded7bf, 0xc0aea13f, 0x67b6749b, 0xb479bacf, 0xdbfe4225, 0xbe6eddba, 0xb8d2a17d, 
    0x02a4a7a5, 0x009e0138, 0xc8000100, 0xe1040000, 0x0900b005, 0x05b24c00, 0x12110b0a, 0x00b00039, 0x00b05845, 0x00b11b2f, 0xb0593e16, 0xb0584500, 
    0xb11b2f07, 0x593e1607, 0x584500b0, 0x1b2f02b0, 0x3e0602b1, 0x4500b059, 0x2f05b058, 0x0605b11b, 0x04b2593e, 0x12110200, 0x0009b239, 0x39121102, 
    0x33013130, 0x01112311, 0x11331123, 0x3636ab04, 0x363653fc, 0x50fab005, 0xacfa5405, 0xaffab005, 0x22000100, 0xd1040000, 0x1100b005, 0x04b24f00, 
    0x12111312, 0x00b00039, 0x00b05845, 0x00b11b2f, 0xb0593e16, 0xb0584500, 0xb11b2f01, 0x593e0601, 0x584500b0, 0x1b2f09b0, 0x3e0609b1, 0x1000b059, 
    0xb00103b1, 0x21582b0a, 0x59f41bd8, 0xb11009b0, 0x0ab0010b, 0xd821582b, 0x3059f41b, 0x23110131, 0x02032111, 0x23070602, 0x36363335, 0x04131312, 
    0x3bfd36d1, 0x854c182c, 0x64302c73, 0x2f14406b, 0x50fab005, 0x64fd7a05, 0xe6feb9fe, 0x0336037a, 0x011f0179, 0x00c5021a, 0x21000100, 0xcf04ebff, 
    0x1100b005, 0x0fb24400, 0x12111312, 0x00b00039, 0x01b05845, 0x01b11b2f, 0xb0593e16, 0xb0584500, 0xb11b2f10, 0x593e1610, 0x584500b0, 0x1b2f06b0, 
    0x3e0606b1, 0x0100b259, 0x39121106, 0xb0010bb1, 0x21582b0a, 0x59f41bd8, 0x01013130, 0x06070133, 0x37272223, 0x36323316, 0x33013737, 0xf1019c02, 
    0x24aafd42, 0x1e39c975, 0x57311c0f, 0xfd443e89, 0xc30143a3, 0x53fbed03, 0x330dd444, 0x857a690a, 0x03002704, 0xc4ff4600, 0xed057005, 0x24001900, 
    0x5a002f00, 0x313000b2, 0xb0391211, 0x00b0d01a, 0xd02eb010, 0x2f18b000, 0xb22f0bb0, 0x110b1800, 0x00b03912, 0x0b1cb22f, 0x39121118, 0xb12f1cb0, 
    0x0ab00109, 0xd821582b, 0xb059f41b, 0x00b0d00d, 0xd016b010, 0xb11000b0, 0x0ab0011a, 0xd821582b, 0xb059f41b, 0x1cb0d025, 0xd02db010, 0x33013130, 
    0x15120416, 0x23040214, 0x35231523, 0x02242623, 0x24123435, 0x33353337, 0x32331111, 0x34353636, 0x23272626, 0x15060622, 0x17161614, 0xf5021133, 
    0x1201ae23, 0xebfe9998, 0x20371db0, 0x97eefeaf, 0xab100193, 0xa11e372a, 0xf9878bfa, 0xfca3759f, 0xa0f68789, 0x011a0524, 0x9ffbfe92, 0x93f9fea0, 
    0x9201e5e5, 0x9ea10401, 0x03950301, 0xfbf7fed3, 0x95ee81fb, 0x0184eb91, 0x9392ed84, 0x040282eb, 0x01000005, 0xa1feb800, 0xb0054b05, 0x46000b00, 
    0x0d0c03b2, 0x00391211, 0xb02f08b0, 0xb0584500, 0xb11b2f00, 0x593e1600, 0x584500b0, 0x1b2f04b0, 0x3e1604b1, 0x4500b059, 0x2f0ab058, 0x060ab11b, 
    0x02b1593e, 0x2b0ab001, 0x1bd82158, 0x06b059f4, 0xd007b0d0, 0x33133130, 0x33112111, 0x23113311, 0x36b82111, 0x8536a203, 0x05a3fb36, 0x0586fab0, 
    0xfe86fa7a, 0x005f016b, 0xc3000100, 0x6a040000, 0x1100b005, 0x05b24700, 0x12111312, 0x00b00039, 0x00b05845, 0x00b11b2f, 0xb0593e16, 0xb0584500, 
    0xb11b2f09, 0x593e1609, 0x584500b0, 0x1b2f01b0, 0x3e0601b1, 0x010eb259, 0x39121109, 0xb12f0eb0, 0x0ab00105, 0xd821582b, 0x3059f41b, 0x23110131, 
    0x22230611, 0x33112726, 0x33161611, 0x04113732, 0xb5dd366a, 0x3601e7f7, 0xc1d7cf03, 0xfab005d1, 0x3dcf0250, 0x6401e3d7, 0xbbc194fe, 0x00ac023c, 
    0xbc000100, 0x8e060000, 0x0b00b005, 0x02b25000, 0x12110d0c, 0x00b00039, 0x00b05845, 0x00b11b2f, 0xb0593e16, 0xb0584500, 0xb11b2f03, 0x593e1603, 
    0x584500b0, 0x1b2f07b0, 0x3e1607b1, 0x4500b059, 0x2f09b058, 0x0609b11b, 0x01b1593e, 0x2b0ab001, 0x1bd82158, 0x05b059f4, 0xd006b0d0, 0x11133130, 
    0x11331121, 0x11331121, 0x02f31121, 0x97023797, 0x052efa36, 0x0586fab0, 0x0586fa7a, 0x0550fa7a, 0x010000b0, 0xa1febc00, 0xb0050f07, 0x59000f00, 
    0x111004b2, 0x00391211, 0xb02f0bb0, 0xb0584500, 0xb11b2f00, 0x593e1600, 0x584500b0, 0x1b2f03b0, 0x3e1603b1, 0x4500b059, 0x2f07b058, 0x1607b11b, 
    0x00b0593e, 0x0db05845, 0x0db11b2f, 0xb1593e06, 0x0ab00101, 0xd821582b, 0xb059f41b, 0x06b0d005, 0xd009b0d0, 0x30d00ab0, 0x21111331, 0x21113311, 
    0x33113311, 0x21112311, 0x9702f311, 0x36970237, 0xe3f93681, 0x86fab005, 0x86fa7a05, 0x86fa7a05, 0x5f016bfe, 0x0200b005, 0x0000dbff, 0xb0059005, 
    0x15000c00, 0x0fb26100, 0x12111716, 0x100fb039, 0x00d009b0, 0x584500b0, 0x1b2f00b0, 0x3e1600b1, 0x4500b059, 0x2f09b058, 0x0609b11b, 0x02b2593e, 
    0x12110900, 0x2f02b039, 0xb11000b0, 0x0ab0010b, 0xd821582b, 0xb059f41b, 0x0db11002, 0x2b0ab001, 0x1bd82158, 0x09b059f4, 0x010eb110, 0x582b0ab0, 
    0xf41bd821, 0x03313059, 0x16211121, 0x06141516, 0x21112107, 0x32211101, 0x26343536, 0x6d022527, 0xf6d57d01, 0x55fedcf7, 0x6d02c9fd, 0xdac67101, 
    0xb005c0d7, 0xcf0364fd, 0x01d3b6b8, 0x64fd7a05, 0x9fb758fd, 0x0002b898, 0xc1000300, 0xa7050000, 0x0a00b005, 0x17001300, 0x12b26f00, 0x12111918, 
    0x1012b039, 0xb0d006b0, 0x15b01012, 0x00b000d0, 0x09b05845, 0x09b11b2f, 0xb0593e16, 0xb0584500, 0xb11b2f16, 0x593e1616, 0x584500b0, 0x1b2f07b0, 
    0x3e0607b1, 0x4500b059, 0x2f14b058, 0x0614b11b, 0x00b2593e, 0x12110709, 0x2f00b039, 0xb0010bb1, 0x21582b0a, 0x59f41bd8, 0xb11007b0, 0x0ab0010c, 
    0xd821582b, 0x3059f41b, 0x16211331, 0x06141516, 0x33112107, 0x32211111, 0x26343536, 0x11230127, 0x7d01f733, 0xdcf7f6d5, 0x013655fe, 0xd7dac671, 
    0x363603c0, 0x03140336, 0xd3b6b8cf, 0xfdb00501, 0xb758fd2e, 0x02b8989f, 0xb00522fd, 0xc1000200, 0x3f040000, 0x0a00b005, 0x4f001300, 0x15140db2, 
    0xb0391211, 0x07b0100d, 0x00b000d0, 0x09b05845, 0x09b11b2f, 0xb0593e16, 0xb0584500, 0xb11b2f07, 0x593e0607, 0x070900b2, 0xb0391211, 0x0bb12f00, 
    0x2b0ab001, 0x1bd82158, 0x07b059f4, 0x010cb110, 0x582b0ab0, 0xf41bd821, 0x13313059, 0x15161621, 0x21070614, 0x11113311, 0x35363221, 0xf7272634, 
    0xf6d57d01, 0x55fedcf7, 0xc6710136, 0x03c0d7da, 0xb8cf0314, 0x0501d3b6, 0xfd2efdb0, 0x989fb758, 0x010002b8, 0xecff8700, 0xc4059d04, 0x68002100, 
    0x232203b2, 0x00391211, 0x584500b0, 0x1b2f15b0, 0x3e1615b1, 0x4500b059, 0x2f1eb058, 0x061eb11b, 0x0ab2593e, 0x12111e15, 0x0ab07c39, 0x07b1182f, 
    0x2b0ab001, 0x1bd82158, 0x1eb059f4, 0x0103b110, 0x582b0ab0, 0xf41bd821, 0x0700b259, 0x39121103, 0xb11015b0, 0x0ab0010e, 0xd821582b, 0xb259f41b, 
    0x110e0a11, 0x31303912, 0x33161613, 0x35110032, 0x35213521, 0x22230010, 0x36230706, 0x16323324, 0x14151712, 0x22230602, 0x15bd2724, 0x01d2d1eb, 
    0x027efd07, 0xd4fbfe82, 0x3617ead0, 0xe40e0115, 0x0283ef9b, 0xe79bf183, 0x0115f5fe, 0x01cecebe, 0x5312013f, 0x07014b36, 0xc9d14001, 0xfe9df0e0, 
    0xbce5b8e1, 0xf29fdcfe, 0x020000e0, 0xecffec00, 0xc405b306, 0x26001700, 0x1cb27a00, 0x12112827, 0x101cb039, 0x00d005b0, 0x584500b0, 0x1b2f0cb0, 
    0x3e160cb1, 0x4500b059, 0x2f13b058, 0x1613b11b, 0x00b0593e, 0x0ab05845, 0x0ab11b2f, 0xb0593e06, 0xb0584500, 0xb11b2f04, 0x593e0604, 0x0a0c0fb2, 
    0x7c391211, 0x182f0fb0, 0xb00108b1, 0x21582b0a, 0x59f41bd8, 0xb11013b0, 0x0ab0011b, 0xd821582b, 0xb059f41b, 0x23b11004, 0x2b0ab001, 0x1bd82158, 
    0x313059f4, 0x06021401, 0x11002223, 0x23112135, 0x21113311, 0x33001035, 0x15121632, 0x23001027, 0x15110022, 0x33161214, 0x06110032, 0xa3fa87b3, 
    0xfed0fef6, 0x013636b9, 0xf62e0147, 0x3688fba3, 0xe1e4f4fe, 0xe079f4fe, 0x0a01e496, 0xfebd6b02, 0x5e019fdd, 0xfd6a2901, 0xfdb00523, 0x2b012963, 
    0xfe9f5d01, 0x0102bbdb, 0xfe3f0108, 0xd5effec3, 0x90f5feae, 0x13013e01, 0x5f000200, 0x18040000, 0x0e00b005, 0x63001700, 0x191815b2, 0xb0391211, 
    0x0cb01015, 0x00b000d0, 0x0cb05845, 0x0cb11b2f, 0xb0593e16, 0xb0584500, 0xb11b2f00, 0x593e0600, 0x584500b0, 0x1b2f03b0, 0x3e0603b1, 0x0c13b259, 
    0x39121100, 0xb12f13b0, 0x0ab00101, 0xd821582b, 0xb259f41b, 0x11130105, 0x0cb03912, 0x0114b110, 0x582b0ab0, 0xf41bd821, 0x21313059, 0x23012111, 
    0x26262701, 0x33363435, 0x14011121, 0x11213316, 0x03062221, 0xfe0afee1, 0x5b013eb2, 0xfb988905, 0xfca601e3, 0x01a3c5b2, 0xc98dfeaf, 0xfd6b02db, 
    0x05780295, 0xcf8cc829, 0x0350fae7, 0x02bc9efc, 0x0200c4d8, 0xecff6100, 0x11061504, 0x2b001b00, 0x00b26100, 0x12112d2c, 0xd01cb039, 0x4500b000, 
    0x2f13b058, 0x1813b11b, 0x00b0593e, 0x08b05845, 0x08b11b2f, 0xb2593e06, 0x11081300, 0x00b03912, 0x1311b22f, 0x39121100, 0x130016b2, 0xb2391211, 
    0x11080019, 0x1cb13912, 0x2b0ab001, 0x1bd82158, 0x08b059f4, 0x0124b110, 0x582b0ab0, 0xf41bd821, 0x01313059, 0x15150032, 0x23060614, 0x35262622, 
    0x37001035, 0x33353636, 0x02040614, 0x17363607, 0x15150622, 0x33161614, 0x35353632, 0x02262634, 0x0901d23a, 0x8988d978, 0x010177db, 0x368f9ee4, 
    0xe0b0feaf, 0x89d03c25, 0xbf6beab9, 0x6aeab87b, 0xfeea03c0, 0x9021def5, 0xe4807ee6, 0x46017090, 0x16209a01, 0x7c69515a, 0xe7f0fe23, 0xf5367365, 
    0xce7c21be, 0x20c9ff74, 0x0070c575, 0xb5000300, 0xee030000, 0x0f003a04, 0x21001800, 0x02b26d00, 0x12112322, 0x1002b039, 0xb0d018b0, 0x20b01002, 
    0x00b000d0, 0x01b05845, 0x01b11b2f, 0xb0593e12, 0xb0584500, 0xb11b2f00, 0x593e0600, 0x000119b2, 0x7c391211, 0x182f19b0, 0xb00110b1, 0x21582b0a, 
    0x59f41bd8, 0x191008b2, 0xb0391211, 0x11b11000, 0x2b0ab001, 0x1bd82158, 0x01b059f4, 0x0120b110, 0x582b0ab0, 0xf41bd821, 0x33313059, 0x16322111, 
    0x07061415, 0x15161633, 0x01230614, 0x36322111, 0x23263435, 0x36322125, 0x23263435, 0x7401b521, 0x676fd1c5, 0xcd966e01, 0x0182feb8, 0xb3b09b83, 
    0x0180fe9b, 0xb4a8a452, 0x04c2feac, 0x5a898f3a, 0x940c1786, 0x029a8b66, 0x7c2dfe09, 0x367f6672, 0x6a747274, 0xac000100, 0x36030000, 0x05003a04, 
    0x01b23300, 0x12110706, 0x00b00039, 0x04b05845, 0x04b11b2f, 0xb0593e12, 0xb0584500, 0xb11b2f02, 0x593e0602, 0xb11004b0, 0x0ab00100, 0xd821582b, 
    0x3059f41b, 0x11210131, 0x03211123, 0x36acfd36, 0x03048a02, 0x3a04fdfb, 0x3b000200, 0x0404c2fe, 0x0e003a04, 0x5d001400, 0x161512b2, 0xb0391211, 
    0x04b01012, 0x0cb000d0, 0x4500b02f, 0x2f04b058, 0x1204b11b, 0x00b0593e, 0x0ab05845, 0x0ab11b2f, 0xb1593e06, 0x0ab00100, 0xd821582b, 0xb059f41b, 
    0x07b0d006, 0x100cb0d0, 0xb0d009b0, 0x0fb01007, 0xd010b0d0, 0xb11004b0, 0x0ab00111, 0xd821582b, 0x3059f41b, 0x36373731, 0x11211313, 0x11231133, 
    0x11231121, 0x21112133, 0x26830203, 0x02151893, 0xfc365645, 0x028a2c99, 0x1324feb3, 0xc933361c, 0x8a017e01, 0x8cfefcfb, 0xc2fe3e01, 0xce037401, 
    0x69fe9afe, 0x1b000100, 0xfc050000, 0x15003a04, 0x01b28700, 0x12111716, 0x00b00039, 0x09b05845, 0x09b11b2f, 0xb0593e12, 0xb0584500, 0xb11b2f0d, 
    0x593e120d, 0x584500b0, 0x1b2f11b0, 0x3e1211b1, 0x4500b059, 0x2f02b058, 0x0602b11b, 0x00b0593e, 0x06b05845, 0x06b11b2f, 0xb0593e06, 0xb0584500, 
    0xb11b2f14, 0x593e0614, 0x021110b2, 0x7c391211, 0x182f10b0, 0xb00100b1, 0x21582b0a, 0x59f41bd8, 0xb2d004b0, 0x11001008, 0x10b03912, 0xd00bb010, 
    0x100013b2, 0x30391211, 0x11230131, 0x01231123, 0x33010123, 0x33113301, 0x33013311, 0x03230101, 0x9b369cc1, 0x01470efe, 0x4340feff, 0x36a4ae01, 
    0x45ad01a7, 0x01023dfe, 0xfd100247, 0xfd1002f0, 0x022802f0, 0x010cfe12, 0x010cfef4, 0xfdeefdf4, 0x010000d8, 0xedff6d00, 0x4e049803, 0x6f002700, 
    0x292815b2, 0x00391211, 0x584500b0, 0x1b2f0ab0, 0x3e120ab1, 0x4500b059, 0x2f15b058, 0x0615b11b, 0x0ab0593e, 0x0103b110, 0x582b0ab0, 0xf41bd821, 
    0x0a26b259, 0x39121115, 0x2f26b07c, 0x2606b218, 0x39121103, 0xb00123b1, 0x21582b0a, 0x59f41bd8, 0x262310b2, 0xb0391211, 0x1db11015, 0x2b0ab001, 
    0x1bd82158, 0x1ab259f4, 0x12111d23, 0x01313039, 0x22232634, 0x34231506, 0x16323336, 0x07061415, 0x06141516, 0x26262223, 0x16143335, 0x35363233, 
    0x23272634, 0x03243335, 0x8ca2a94e, 0xa1e337c1, 0x646ecab8, 0x6cb9dbe5, 0xc8376dbe, 0xadb1ac98, 0x01a297ad, 0x7325033c, 0x836b8e80, 0x558d9fac, 
    0xd4341f84, 0x9050a78e, 0x87997060, 0x01707d74, 0x01000537, 0x0000ac00, 0x3a04b603, 0x4c000900, 0x0b0a05b2, 0x00391211, 0x584500b0, 0x1b2f00b0, 
    0x3e1200b1, 0x4500b059, 0x2f07b058, 0x1207b11b, 0x00b0593e, 0x02b05845, 0x02b11b2f, 0xb0593e06, 0xb0584500, 0xb11b2f05, 0x593e0605, 0x020704b2, 
    0xb2391211, 0x11020709, 0x31303912, 0x23113301, 0x11230111, 0x7f031133, 0x63fd3737, 0x3a043636, 0xda03c6fb, 0x3a0426fc, 0x010026fc, 0x0000ab00, 
    0x3a04ec03, 0x5d000c00, 0x0e0d0ab2, 0x00391211, 0x584500b0, 0x1b2f04b0, 0x3e1204b1, 0x4500b059, 0x2f08b058, 0x1208b11b, 0x00b0593e, 0x02b05845, 
    0x02b11b2f, 0xb0593e06, 0xb0584500, 0xb11b2f0b, 0x593e060b, 0x020807b2, 0x7c391211, 0x182f07b0, 0xb00100b1, 0x21582b0a, 0x59f41bd8, 0x07000ab2, 
    0x30391211, 0x11230131, 0x11331123, 0x01330133, 0xa8012301, 0xd03737c6, 0xfe4ead01, 0x510b0234, 0xeffd1102, 0x0cfe3a04, 0xeefdf401, 0x0100d8fd, 
    0x00002c00, 0x3a04b603, 0x4f000f00, 0x111004b2, 0x00391211, 0x584500b0, 0x1b2f00b0, 0x3e1200b1, 0x4500b059, 0x2f01b058, 0x0601b11b, 0x00b0593e, 
    0x08b05845, 0x08b11b2f, 0xb0593e06, 0x03b11000, 0x2b0ab001, 0x1bd82158, 0x08b059f4, 0x010ab110, 0x582b0ab0, 0xf41bd821, 0x01313059, 0x21112311, 
    0x07060203, 0x36333523, 0x03133736, 0xfafd37b6, 0x877b1015, 0x5f662d26, 0x3a04180f, 0x0304c6fb, 0xdffe06fe, 0x043502e6, 0x4202f1ce, 0xb5000100, 
    0x18050000, 0x0c003a04, 0x00b26000, 0x12110e0d, 0x00b00039, 0x01b05845, 0x01b11b2f, 0xb0593e12, 0xb0584500, 0xb11b2f0b, 0x593e120b, 0x584500b0, 
    0x1b2f03b0, 0x3e0603b1, 0x4500b059, 0x2f06b058, 0x0606b11b, 0x00b0593e, 0x09b05845, 0x09b11b2f, 0xb2593e06, 0x11030b00, 0x05b23912, 0x1211030b, 
    0x0b08b239, 0x39121103, 0x01253130, 0x11231133, 0x11012301, 0x02331123, 0x41ec01eb, 0x2a1ffe37, 0x4a3615fe, 0xfbe80352, 0xfcd203c6, 0xfcea032e, 
    0x003a0416, 0xac000100, 0xb6030000, 0x0b003a04, 0x03b25600, 0x12110d0c, 0x00b00039, 0x06b05845, 0x06b11b2f, 0xb0593e12, 0xb0584500, 0xb11b2f0a, 
    0x593e120a, 0x584500b0, 0x1b2f00b0, 0x3e0600b1, 0x4500b059, 0x2f04b058, 0x0604b11b, 0x09b2593e, 0x1211000a, 0x09b07c39, 0x02b1182f, 0x2b0ab001, 
    0x1bd82158, 0x313059f4, 0x21112321, 0x33112311, 0x33112111, 0xfd37b603, 0x02363663, 0x1102379d, 0x3a04effd, 0xf3010dfe, 0xac000100, 0xb6030000, 
    0x07003a04, 0x03b24000, 0x12110908, 0x00b00039, 0x06b05845, 0x06b11b2f, 0xb0593e12, 0xb0584500, 0xb11b2f00, 0x593e0600, 0x584500b0, 0x1b2f04b0, 
    0x3e0604b1, 0x1006b059, 0xb00102b1, 0x21582b0a, 0x59f41bd8, 0x23213130, 0x23112111, 0xb6032111, 0x3663fd37, 0x03040a03, 0x3a04fdfb, 0x28000100, 
    0x9a030000, 0x07003a04, 0x01b23900, 0x12110908, 0x00b00039, 0x06b05845, 0x06b11b2f, 0xb0593e12, 0xb0584500, 0xb11b2f02, 0x593e0602, 0xb11006b0, 
    0x0ab00100, 0xd821582b, 0xb059f41b, 0x05b0d004, 0x013130d0, 0x11231121, 0x03213521, 0x3657fe9a, 0x72036dfe, 0xfdfb0304, 0x00370304, 0x7a000300, 
    0x520560fe, 0x1b000006, 0x32002700, 0x05b27e00, 0x12113433, 0x1005b039, 0xb0d022b0, 0x2db01005, 0x06b000d0, 0x4500b02f, 0x2f03b058, 0x1203b11b, 
    0x00b0593e, 0x0ab05845, 0x0ab11b2f, 0xb0593e12, 0xb0584500, 0xb11b2f14, 0x593e0814, 0x584500b0, 0x1b2f11b0, 0x3e0611b1, 0x4500b059, 0x2f18b058, 
    0x0618b11b, 0x1fb1593e, 0x2b0ab001, 0x1bd82158, 0x03b059f4, 0x0125b110, 0x582b0ab0, 0xf41bd821, 0xd02bb059, 0xb0101fb0, 0x3130d030, 0x33121013, 
    0x33111732, 0x32333611, 0x14151712, 0x27222302, 0x06112311, 0x27022223, 0x33161437, 0x11373732, 0x02222326, 0x23023405, 0x16110722, 0x7a123233, 
    0x527cb6ce, 0xb37d4f36, 0xb3cf03ce, 0x5636547a, 0x09ceaa7a, 0x6e9cad37, 0x9639154e, 0x6a04b19a, 0x37969eaf, 0xac9f7a55, 0x01011e02, 0x01432f01, 
    0x420cfef5, 0x22fcd9fe, 0x3edefefc, 0xc90137fe, 0xeb09013e, 0x36ffe92a, 0x555d030f, 0xe9eef4fe, 0xfc531101, 0x020144a0, 0xac000100, 0x1104bffe, 
    0x0b003a04, 0x01b24600, 0x12110d0c, 0x08b00039, 0x4500b02f, 0x2f00b058, 0x1200b11b, 0x00b0593e, 0x04b05845, 0x04b11b2f, 0xb0593e12, 0xb0584500, 
    0xb11b2f0a, 0x593e060a, 0xb00102b1, 0x21582b0a, 0x59f41bd8, 0xb0d006b0, 0x3130d007, 0x21113313, 0x33113311, 0x21112311, 0x9d0236ac, 0xfc365b37, 
    0xfb3a04d1, 0xfb0404fc, 0x0189fefc, 0x01000041, 0x00007500, 0x3a047f03, 0x47001500, 0x171605b2, 0x00391211, 0x584500b0, 0x1b2f0ab0, 0x3e120ab1, 
    0x4500b059, 0x2f14b058, 0x1214b11b, 0x00b0593e, 0x00b05845, 0x00b11b2f, 0xb2593e06, 0x11001410, 0x10b03912, 0x0105b12f, 0x582b0ab0, 0xf41bd821, 
    0x21313059, 0x06061123, 0x26262223, 0x15333535, 0x33161614, 0x11373636, 0x367f0333, 0xa23eb548, 0x44364fa8, 0xb7508c93, 0x0a023634, 0xaf4d2d23, 
    0x85ecec98, 0x2d044297, 0x00fd011c, 0xac000100, 0xb4050000, 0x0b003a04, 0x02b25000, 0x12110d0c, 0x00b00039, 0x00b05845, 0x00b11b2f, 0xb0593e12, 
    0xb0584500, 0xb11b2f03, 0x593e1203, 0x584500b0, 0x1b2f07b0, 0x3e1207b1, 0x4500b059, 0x2f09b058, 0x0609b11b, 0x01b1593e, 0x2b0ab001, 0x1bd82158, 
    0x05b059f4, 0xd006b0d0, 0x11133130, 0x11331121, 0x11331121, 0x02e21121, 0x2e023737, 0x04f8fa36, 0x04fcfb3a, 0x04fcfb04, 0x04c6fb04, 0x0100003a, 
    0xbffeac00, 0x3a042006, 0x59000f00, 0x111002b2, 0x00391211, 0xb02f0bb0, 0xb0584500, 0xb11b2f00, 0x593e1200, 0x584500b0, 0x1b2f03b0, 0x3e1203b1, 
    0x4500b059, 0x2f07b058, 0x1207b11b, 0x00b0593e, 0x0db05845, 0x0db11b2f, 0xb1593e06, 0x0ab00101, 0xd821582b, 0xb059f41b, 0x06b0d005, 0xd009b0d0, 
    0x30d00ab0, 0x21111331, 0x21113311, 0x33113311, 0x21112311, 0x3702e211, 0x362e0237, 0xc2fa366c, 0xfcfb3a04, 0xfcfb0404, 0xfcfb0404, 0x410189fe, 
    0x02003a04, 0x00002800, 0x3a04ab04, 0x15000c00, 0x0fb26100, 0x12111716, 0x100fb039, 0x00d003b0, 0x584500b0, 0x1b2f00b0, 0x3e1200b1, 0x4500b059, 
    0x2f09b058, 0x0609b11b, 0x02b2593e, 0x12110900, 0x2f02b039, 0xb11000b0, 0x0ab0010b, 0xd821582b, 0xb059f41b, 0x0db11002, 0x2b0ab001, 0x1bd82158, 
    0x09b059f4, 0x010eb110, 0x582b0ab0, 0xf41bd821, 0x13313059, 0x16211121, 0x06141516, 0x21112107, 0x32211101, 0x26343536, 0xa7012827, 0xccad6301, 
    0x67feafca, 0xa7018ffe, 0xb19c5901, 0x3a0498ad, 0xb50364fe, 0x03b69697, 0x64fe0404, 0x8299cefd, 0x0002997c, 0xb5000300, 0x23050000, 0x0a003a04, 
    0x17001300, 0x12b26f00, 0x12111918, 0x1012b039, 0xb0d002b0, 0x15b01012, 0x00b000d0, 0x09b05845, 0x09b11b2f, 0xb0593e12, 0xb0584500, 0xb11b2f16, 
    0x593e1216, 0x584500b0, 0x1b2f07b0, 0x3e0607b1, 0x4500b059, 0x2f14b058, 0x0614b11b, 0x00b2593e, 0x12110716, 0x2f00b039, 0xb0010bb1, 0x21582b0a, 
    0x59f41bd8, 0xb11007b0, 0x0ab0010c, 0xd821582b, 0x3059f41b, 0x16211331, 0x06141516, 0x33112107, 0x32211111, 0x26343536, 0x11230127, 0x6301eb33, 
    0xafcaccad, 0x013667fe, 0xadb19c59, 0x36d70298, 0x039e0236, 0xb69697b5, 0xfe3a0403, 0x99cefd2e, 0x02997c82, 0x3a0498fd, 0xb5000200, 0xc7030000, 
    0x0a003a04, 0x4f001300, 0x15140db2, 0xb0391211, 0x01b0100d, 0x00b000d0, 0x09b05845, 0x09b11b2f, 0xb0593e12, 0xb0584500, 0xb11b2f07, 0x593e0607, 
    0x070900b2, 0xb0391211, 0x0bb12f00, 0x2b0ab001, 0x1bd82158, 0x07b059f4, 0x010cb110, 0x582b0ab0, 0xf41bd821, 0x13313059, 0x15161621, 0x21070614, 
    0x11113311, 0x35363221, 0xeb272634, 0xccad6301, 0x67feafca, 0x9c590136, 0x0298adb1, 0x97b5039e, 0x0403b696, 0xfd2efe3a, 0x7c8299ce, 0x01000299, 
    0xecff7a00, 0x4e04c603, 0x6b001d00, 0x1f1e0eb2, 0x00391211, 0x584500b0, 0x1b2f07b0, 0x3e1207b1, 0x4500b059, 0x2f0eb058, 0x060eb11b, 0x07b0593e, 
    0x0100b110, 0x582b0ab0, 0xf41bd821, 0x071bb259, 0x3912110e, 0x2f1bb07c, 0x1b03b218, 0x39121100, 0xb1100eb0, 0x0ab00115, 0xd821582b, 0xb059f41b, 
    0x18b1101b, 0x2b0ab001, 0x1bd82158, 0x12b259f4, 0x12111815, 0x01313039, 0x23150622, 0x32333634, 0x14151512, 0x26222302, 0x16143335, 0x37123233, 
    0x26213521, 0x97020202, 0xa6e238b9, 0xcaf8f8cc, 0xb938d9b1, 0x02d6b499, 0x3c02c4fd, 0x1804d402, 0xc59c89a2, 0x23fcd9fe, 0xd1d9fef5, 0x01b296ad, 
    0xd936dd05, 0x02000501, 0xecffb500, 0x4e040406, 0x26001600, 0x03b27a00, 0x12112827, 0x1003b039, 0x00d024b0, 0x584500b0, 0x1b2f04b0, 0x3e1204b1, 
    0x4500b059, 0x2f16b058, 0x1216b11b, 0x00b0593e, 0x13b05845, 0x13b11b2f, 0xb0593e06, 0xb0584500, 0xb11b2f0d, 0x593e060d, 0x161301b2, 0x7c391211, 
    0x182f01b0, 0xb00111b1, 0x21582b0a, 0x59f41bd8, 0xb1100db0, 0x0ab0011b, 0xd821582b, 0xb059f41b, 0x23b11004, 0x2b0ab001, 0x1bd82158, 0x313059f4, 
    0x00342113, 0x16163233, 0x06141517, 0x26222306, 0x11212726, 0x01331123, 0x33161614, 0x35351232, 0x23262634, 0xeb150222, 0x09016601, 0x79d888d0, 
    0x89d97601, 0x047ad786, 0x36369afe, 0xbf6b9c01, 0x6ce9b97b, 0xeab979bf, 0x01f42d02, 0x9af6862d, 0x8af69c30, 0xfe99ef83, 0xfd3a0409, 0x7ee187ce, 
    0x1fdb1601, 0xfe7fe285, 0x0200d6e6, 0x00008b00, 0x3a049c03, 0x16000d00, 0x14b26300, 0x12111817, 0x1014b039, 0x00d00db0, 0x584500b0, 0x1b2f00b0, 
    0x3e1200b1, 0x4500b059, 0x2f01b058, 0x0601b11b, 0x00b0593e, 0x05b05845, 0x05b11b2f, 0xb2593e06, 0x11010012, 0x12b03912, 0x0103b12f, 0x582b0ab0, 
    0xf41bd821, 0x0307b259, 0x39121112, 0xb11000b0, 0x0ab00113, 0xd821582b, 0x3059f41b, 0x23110131, 0x23012111, 0x35262601, 0x01373634, 0x21171614, 
    0x06222111, 0xfe369c03, 0x40f1fe74, 0x88751101, 0xd3fea4bf, 0x8c01788d, 0xa592a6fe, 0xc6fb3a04, 0x3efec201, 0xa613c701, 0x03ac8d7e, 0x8c75c2fe, 
    0x8c0a0202, 0xe3ff0100, 0xba034bfe, 0x25000006, 0x00b28a00, 0x12112726, 0x22b00039, 0x4500b02f, 0x2f05b058, 0x1205b11b, 0x00b0593e, 0x1cb05845, 
    0x1cb11b2f, 0xb0593e06, 0xb0584500, 0xb11b2f0c, 0x593e080c, 0x01226fb2, 0x222fb25d, 0x0fb25d01, 0xb25d0122, 0x11221c25, 0x25b03912, 0x0100b12f, 
    0x582b0ab0, 0xf41bd821, 0x0502b259, 0x3912111c, 0xb1100cb0, 0x0ab00111, 0xd821582b, 0xb059f41b, 0x18b11005, 0x2b0ab001, 0x1bd82158, 0x00b059f4, 
    0xd01eb010, 0xb01025b0, 0x3130d020, 0x36112101, 0x16323336, 0x06141117, 0x37272223, 0x36323316, 0x26341135, 0x07062223, 0x23112311, 0x33353335, 
    0x2e022115, 0xce35b4fe, 0x01a9ae7d, 0x44408797, 0x7041360d, 0x8c9a8b78, 0xc93624cd, 0x4c0136c9, 0x51feed04, 0xc7c5927e, 0xb2aae5fc, 0x98123414, 
    0xb315038e, 0xfd9dc7aa, 0x36ed044b, 0x0100dddd, 0xecff7000, 0x4e04bb03, 0x65001d00, 0x1f1e0eb2, 0x00391211, 0x584500b0, 0x1b2f0eb0, 0x3e120eb1, 
    0x4500b059, 0x2f07b058, 0x0607b11b, 0x00b1593e, 0x2b0ab001, 0x1bd82158, 0x19b259f4, 0x1211070e, 0x19b07c39, 0x1ab1182f, 0x2b0ab001, 0x1bd82158, 
    0x03b259f4, 0x12111a00, 0x100eb039, 0xb00115b1, 0x21582b0a, 0x59f41bd8, 0x151912b2, 0x30391211, 0x36322531, 0x06063337, 0x35022223, 0x33123435, 
    0x23171632, 0x22232626, 0x15210702, 0x02121421, 0x09bf932a, 0xa7e20836, 0xc9efefcb, 0x3607e0ac, 0xb397bf07, 0x450202cd, 0x22cdbbfd, 0xbf9d8a9c, 
    0x24fc2601, 0xce2601f6, 0xffb192ab, 0xde36de00, 0x0200fcfe, 0x00002200, 0x3a049206, 0x1f001600, 0x08b27d00, 0x12112120, 0x1008b039, 0x00d017b0, 
    0x584500b0, 0x1b2f15b0, 0x3e1215b1, 0x4500b059, 0x2f07b058, 0x0607b11b, 0x00b0593e, 0x0eb05845, 0x0eb11b2f, 0xb2593e06, 0x11071500, 0x00b03912, 
    0x1015b02f, 0xb00109b1, 0x21582b0a, 0x59f41bd8, 0xb1100eb0, 0x0ab00111, 0xd821582b, 0xb059f41b, 0x17b11000, 0x2b0ab001, 0x1bd82158, 0x07b059f4, 
    0x0118b110, 0x582b0ab0, 0xf41bd821, 0x01313059, 0x15161621, 0x21070614, 0x02032111, 0x35230706, 0x37363633, 0x11112113, 0x35363221, 0x03272634, 
    0xac6401b6, 0xfeaec9cc, 0x15f0fd64, 0x26877b10, 0x0f5f662d, 0x017b0218, 0xacaf9e59, 0x03760295, 0xac8c8dab, 0xfe030403, 0xe6dffe06, 0xce043502, 
    0xfe4202f1, 0x8ff6fd06, 0x038d7378, 0xac000200, 0x92060000, 0x12003a04, 0x85001b00, 0x1d1c01b2, 0xb0391211, 0x13b01001, 0x00b000d0, 0x02b05845, 
    0x02b11b2f, 0xb0593e12, 0xb0584500, 0xb11b2f11, 0x593e1211, 0x584500b0, 0x1b2f0bb0, 0x3e060bb1, 0x4500b059, 0x2f0fb058, 0x060fb11b, 0x00b2593e, 
    0x12110f02, 0x2f00b039, 0x020b04b2, 0xb0391211, 0x00b02f04, 0x010eb110, 0x582b0ab0, 0xf41bd821, 0x1004b059, 0xb00113b1, 0x21582b0a, 0x59f41bd8, 
    0xb1100bb0, 0x0ab00114, 0xd821582b, 0x3059f41b, 0x11211331, 0x16211133, 0x06141516, 0x21112107, 0x33112311, 0x32211101, 0x26343536, 0x9d02e227, 
    0xac640137, 0xfeaec9cc, 0x3663fd64, 0x01d40236, 0xacaf9e59, 0x01780295, 0x033cfec2, 0xac8c8dab, 0xfd420203, 0xfe3a04be, 0x8ff6fd06, 0x038d7378, 
    0xe3ff0100, 0xba030000, 0x1b000006, 0x00b27600, 0x12111d1c, 0x18b00039, 0x4500b02f, 0x2f05b058, 0x1205b11b, 0x00b0593e, 0x09b05845, 0x09b11b2f, 
    0xb0593e06, 0xb0584500, 0xb11b2f12, 0x593e0612, 0x01182fb2, 0x180fb25d, 0x1bb25d01, 0x12111812, 0x2f1bb039, 0xb00100b1, 0x21582b0a, 0x59f41bd8, 
    0x090502b2, 0xb0391211, 0x0eb11005, 0x2b0ab001, 0x1bd82158, 0x00b059f4, 0xd014b010, 0xb0101bb0, 0x3130d016, 0x36112101, 0x16323336, 0x11231117, 
    0x22232626, 0x23110706, 0x33352311, 0x21153335, 0xb4fe2e02, 0xae7dce35, 0x013601a9, 0xcd8c988c, 0xc9c93624, 0x054c0136, 0x7e3efe00, 0xfdc7c592, 
    0xaec4023e, 0xfd9dc7a7, 0x3600054b, 0x0100caca, 0xa2feac00, 0x3a04b603, 0x50000b00, 0x0d0c08b2, 0x00391211, 0xb02f07b0, 0xb0584500, 0xb11b2f00, 
    0x593e1200, 0x584500b0, 0x1b2f03b0, 0x3e1203b1, 0x4500b059, 0x2f05b058, 0x0605b11b, 0x00b0593e, 0x09b05845, 0x09b11b2f, 0xb1593e06, 0x0ab00101, 
    0xd821582b, 0xb059f41b, 0x3130d002, 0x11211113, 0x11211133, 0x11211123, 0x379d02e2, 0xfe369afe, 0xfb3a0492, 0xfb0404fc, 0x01a2fec6, 0x003a045e, 
    0xb9000100, 0x6906ecff, 0x2000b005, 0x07b26100, 0x12112221, 0x00b00039, 0x00b05845, 0x00b11b2f, 0xb0593e16, 0xb0584500, 0xb11b2f0e, 0x593e160e, 
    0x584500b0, 0x1b2f17b0, 0x3e1617b1, 0x4500b059, 0x2f04b058, 0x0604b11b, 0x00b0593e, 0x0ab05845, 0x0ab11b2f, 0xb2593e06, 0x11040007, 0x13b13912, 
    0x2b0ab001, 0x1bd82158, 0x1cb059f4, 0x013130d0, 0x23060611, 0x06272622, 0x26222306, 0x11331127, 0x32331616, 0x33113736, 0x33161611, 0x11373632, 
    0xc8026906, 0x25b783af, 0xad81b825, 0x023602cb, 0xb09291b1, 0xaf023601, 0x01b09293, 0xf5fbb005, 0x7988eccd, 0xcfea8879, 0xf6fb0b04, 0xb4d4d1b3, 
    0xf6fb0604, 0xb4d4d2b2, 0x01000604, 0xebffb900, 0x3a041906, 0x53001e00, 0x201f17b2, 0x00391211, 0x584500b0, 0x1b2f00b0, 0x3e1200b1, 0x4500b059, 
    0x2f0eb058, 0x120eb11b, 0x00b0593e, 0x16b05845, 0x16b11b2f, 0xb0593e12, 0xb0584500, 0xb11b2f0a, 0x593e060a, 0xb0d004b0, 0x12b1100a, 0x2b0ab001, 
    0x1bd82158, 0x1ab059f4, 0x013130d0, 0x23060611, 0x06272622, 0x26222306, 0x11331127, 0x36201616, 0x11331135, 0x36201616, 0x19061135, 0x79a7bd01, 
    0xaf2825ad, 0x02bfa573, 0x01a40236, 0x0236a514, 0xa51401a4, 0x5afd3a04, 0x747de5c4, 0xc5e17879, 0x58fda902, 0xb0cac9a8, 0x58fd9f02, 0xb0cac9a8, 
    0x02009f02, 0x0000e9ff, 0x0206c703, 0x1b001200, 0x00b26e00, 0x12111d1c, 0xd015b039, 0x2f0fb000, 0x584500b0, 0x1b2f09b0, 0x3e0609b1, 0x0f12b259, 
    0x39121109, 0xb12f12b0, 0x0ab00100, 0xd821582b, 0xb259f41b, 0x11090f02, 0x02b03912, 0x021fb42f, 0x5d02022f, 0xb01000b0, 0x12b0d00b, 0xd00db010, 
    0xb11002b0, 0x0ab00113, 0xd821582b, 0xb059f41b, 0x14b11009, 0x2b0ab001, 0x1bd82158, 0x313059f4, 0x21112101, 0x14151616, 0x11210706, 0x11333523, 
    0x01211133, 0x36322111, 0x27263435, 0xb7fe3402, 0xccad6301, 0x67feafca, 0x0136cccc, 0x01b7fe49, 0xadb19c59, 0xfe3a0498, 0x97b50364, 0x0403b696, 
    0x9201363a, 0xf8fd6efe, 0x8299cefd, 0x0002997c, 0xed000100, 0x7906edff, 0x2a00c505, 0x0eb28e00, 0x12112c2b, 0x00b00039, 0x29b05845, 0x29b11b2f, 
    0xb0593e16, 0xb0584500, 0xb11b2f06, 0x593e1606, 0x584500b0, 0x1b2f27b0, 0x3e0627b1, 0x4500b059, 0x2f20b058, 0x0620b11b, 0x12b2593e, 0x12112729, 
    0x12b07c39, 0x00b0182f, 0x1006b0d0, 0xb0010db1, 0x21582b0a, 0x59f41bd8, 0x0d120ab2, 0xb0391211, 0x13b11012, 0x2b0ab001, 0x1bd82158, 0x20b059f4, 
    0x0119b110, 0x582b0ab0, 0xf41bd821, 0x191cb259, 0x39121113, 0xb01013b0, 0x3130d025, 0x36352101, 0x32333612, 0x26231704, 0x00222326, 0x15211511, 
    0x12141521, 0x36323316, 0x04063337, 0x02262223, 0x11213527, 0x01331123, 0x01400123, 0xe49bf083, 0x36150e01, 0xd4d0ea17, 0x0802fbfe, 0xd974f8fd, 
    0x15ebd18c, 0xf4fe1536, 0x84ef9be6, 0x36c0fe01, 0x321a0336, 0x9e2201b9, 0xd1c9e0f0, 0xf3fec0fe, 0xac783628, 0xce94f7fe, 0x9df1e1ce, 0x7fba2101, 
    0xb0051cfd, 0xb3000100, 0x6605ecff, 0x24004e04, 0x1db28e00, 0x12112625, 0x00b00039, 0x04b05845, 0x04b11b2f, 0xb0593e12, 0xb0584500, 0xb11b2f24, 
    0x593e1224, 0x584500b0, 0x1b2f21b0, 0x3e0621b1, 0x4500b059, 0x2f1cb058, 0x061cb11b, 0x0fb2593e, 0x12112104, 0x0fb07c39, 0x00b0182f, 0x1004b0d0, 
    0xb0010bb1, 0x21582b0a, 0x59f41bd8, 0x0b0f08b2, 0xb0391211, 0x10b1100f, 0x2b0ab001, 0x1bd82158, 0x1cb059f4, 0x0115b110, 0x582b0ab0, 0xf41bd821, 
    0x1518b259, 0x39121110, 0xb01010b0, 0x3130d01f, 0x12362113, 0x17163233, 0x23262623, 0x21070622, 0x14152115, 0x36323312, 0x06063337, 0x11022223, 
    0x11231121, 0x3201e933, 0xacc5ed06, 0x073607e0, 0xcab197bf, 0xfefb0107, 0x93b5cf05, 0x083609bf, 0xefcba7e2, 0x3636cefe, 0x01eb4c02, 0x92abce17, 
    0x36d6f6b1, 0xfdfee30e, 0xbf9d8a9c, 0x04012601, 0x3a04eafd, 0x22000200, 0xa5040000, 0x0b00b005, 0x64001000, 0x12110fb2, 0xb0391211, 0x01b0100f, 
    0x00b000d0, 0x08b05845, 0x08b11b2f, 0xb0593e16, 0xb0584500, 0xb11b2f02, 0x593e0602, 0x584500b0, 0x1b2f06b0, 0x3e0606b1, 0x4500b059, 0x2f0ab058, 
    0x060ab11b, 0x0db2593e, 0x12110208, 0x2f0db039, 0xb00100b1, 0x21582b0a, 0x59f41bd8, 0xb2d004b0, 0x1102080f, 0x31303912, 0x23112101, 0x23032111, 
    0x23013301, 0x27012101, 0xfeab0307, 0xd9fe36cd, 0x20023bbe, 0x3b210242, 0x6802c5fc, 0x1e1febfe, 0x04fefc01, 0x04fefc01, 0x50fab005, 0xe6023202, 
    0x02005e5e, 0x00002400, 0x3a04f203, 0x11000c00, 0x10b26b00, 0x12111312, 0x1010b039, 0x00d00ab0, 0x584500b0, 0x1b2f09b0, 0x3e1209b1, 0x4500b059, 
    0x2f02b058, 0x0602b11b, 0x00b0593e, 0x06b05845, 0x06b11b2f, 0xb0593e06, 0xb0584500, 0xb11b2f0b, 0x593e060b, 0x02090eb2, 0xb0391211, 0x2fb42f0e, 
    0x020e3f0e, 0x0100b15d, 0x582b0ab0, 0xf41bd821, 0xd004b059, 0x020910b2, 0x30391211, 0x11230131, 0x03231123, 0x33350123, 0x21012301, 0x03072703, 
    0xe936e00a, 0xcd013bac, 0x3acd0134, 0xcf016bfd, 0x013736b1, 0x0175fe8b, 0x0475fe8b, 0xc6fb0238, 0x9401c101, 0x02009b9b, 0x0000ff00, 0xb005b606, 
    0x18001300, 0x14b28a00, 0x12111a19, 0x1014b039, 0x00d00bb0, 0x584500b0, 0x1b2f02b0, 0x3e1602b1, 0x4500b059, 0x2f12b058, 0x1612b11b, 0x00b0593e, 
    0x04b05845, 0x04b11b2f, 0xb0593e06, 0xb0584500, 0xb11b2f08, 0x593e0608, 0x584500b0, 0x1b2f0cb0, 0x3e060cb1, 0x4500b059, 0x2f10b058, 0x0610b11b, 
    0x15b2593e, 0x12110402, 0x2f15b039, 0xb0d000b0, 0x06b11015, 0x2b0ab001, 0x1bd82158, 0x0ab059f4, 0x1006b0d0, 0xb2d00eb0, 0x11040217, 0x31303912, 
    0x33012101, 0x21032301, 0x21112311, 0x21132303, 0x33112311, 0x27012101, 0x01350107, 0x424e01d0, 0xbf3b2102, 0xfe36cdfe, 0xbe3bbed9, 0x363644fe, 
    0x68020b02, 0x1e1febfe, 0x7e033202, 0xfc0150fa, 0xfc0104fe, 0xfc0104fe, 0xb00504fe, 0xe60282fc, 0x02005e5e, 0x0000d600, 0x3a04b105, 0x19001400, 
    0x15b29100, 0x12111b1a, 0x1015b039, 0x00d00cb0, 0x584500b0, 0x1b2f03b0, 0x3e1203b1, 0x4500b059, 0x2f13b058, 0x1213b11b, 0x00b0593e, 0x05b05845, 
    0x05b11b2f, 0xb0593e06, 0xb0584500, 0xb11b2f09, 0x593e0609, 0x584500b0, 0x1b2f0db0, 0x3e060db1, 0x4500b059, 0x2f11b058, 0x0611b11b, 0x16b2593e, 
    0x12110513, 0x2f16b039, 0x3f162fb4, 0xb05d0216, 0x16b0d000, 0x0107b110, 0x582b0ab0, 0xf41bd821, 0xd00bb059, 0xb01007b0, 0x18b2d00f, 0x12110513, 
    0x01313039, 0x33350121, 0x23032301, 0x23112311, 0x21132303, 0x33112311, 0x27032101, 0x010c0107, 0x340e0196, 0xae3acd01, 0xace936e0, 0x81fea83b, 
    0xd6013636, 0x36b1cf01, 0x02c10137, 0xc6fb0277, 0x75fe8b01, 0x75fe8b01, 0x75fe8b01, 0x87fd3a04, 0x9b9b9401, 0xa7000200, 0x91050000, 0x1b00b005, 
    0x78002100, 0x232220b2, 0xb0391211, 0x13b01020, 0x00b000d0, 0x06b05845, 0x06b11b2f, 0xb0593e16, 0xb0584500, 0xb11b2f00, 0x593e0600, 0x584500b0, 
    0x1b2f0db0, 0x3e060db1, 0x4500b059, 0x2f14b058, 0x0614b11b, 0x09b2593e, 0x12110006, 0x2f09b039, 0xb0d004b0, 0x12b11009, 0x2b0ab001, 0x1bd82158, 
    0x16b059f4, 0x1006b0d0, 0xb0011cb1, 0x21582b0a, 0x59f41bd8, 0xb01009b0, 0x3130d01f, 0x36361133, 0x21013333, 0x16323301, 0x11231117, 0x23272626, 
    0x23112311, 0x11150622, 0x17012101, 0x03a73733, 0xfea1cec6, 0xfe2a0427, 0xc6cca626, 0xa1013603, 0xc236ccb7, 0xec03a3bd, 0x9601a0fc, 0x01150b15, 
    0x02b0ad90, 0xae3dfdc3, 0x0170feaf, 0x018c9f8b, 0xb70249fd, 0x79fea28e, 0x95fd7a05, 0x02002222, 0x0000a700, 0x3a04c604, 0x23001d00, 0x21b27800, 
    0x12112524, 0x1021b039, 0x00d00eb0, 0x584500b0, 0x1b2f1cb0, 0x3e121cb1, 0x4500b059, 0x2f05b058, 0x0605b11b, 0x00b0593e, 0x0db05845, 0x0db11b2f, 
    0xb0593e06, 0xb0584500, 0xb11b2f15, 0x593e0615, 0x051c01b2, 0xb0391211, 0x0ab12f01, 0x2b0ab001, 0x1bd82158, 0x10b059f4, 0x1001b0d0, 0xb0d01ab0, 
    0x1eb1101c, 0x2b0ab001, 0x1bd82158, 0x01b059f4, 0xd021b010, 0x33013130, 0x15171632, 0x26263523, 0x11072327, 0x23271123, 0x15070622, 0x36363523, 
    0x21013337, 0x17012107, 0x03033733, 0x03c6cd2d, 0xb39e0336, 0x06360762, 0x03a3bb58, 0xcbc50337, 0x038efe34, 0x5bfd6a79, 0x16054201, 0xae490206, 
    0x97eeedae, 0xfd0a028b, 0x090902f8, 0xedee998b, 0x0101aead, 0x51fe37f1, 0x02000c0b, 0x0000ec00, 0xb0059e07, 0x26002000, 0x13b29800, 0x12112827, 
    0x1013b039, 0x00d022b0, 0x584500b0, 0x1b2f02b0, 0x3e1602b1, 0x4500b059, 0x2f1fb058, 0x161fb11b, 0x00b0593e, 0x09b05845, 0x09b11b2f, 0xb0593e06, 
    0xb0584500, 0xb11b2f10, 0x593e0610, 0x584500b0, 0x1b2f17b0, 0x3e0617b1, 0x4500b059, 0x2f1db058, 0x061db11b, 0x05b2593e, 0x12110902, 0x2f05b039, 
    0xb0d000b0, 0x0eb11005, 0x2b0ab001, 0x1bd82158, 0x12b059f4, 0x100eb0d0, 0xb0d01bb0, 0x21b11002, 0x2b0ab001, 0x1bd82158, 0x05b059f4, 0xd024b010, 
    0x21013130, 0x33012101, 0x11171632, 0x26261123, 0x23112327, 0x06222311, 0x11231115, 0x11213736, 0x05331123, 0x33170121, 0x03220137, 0x0427feca, 
    0xa626fe2a, 0x3603c6cc, 0xccb7a101, 0xa3bdc236, 0xfd940337, 0x053636d7, 0x01a0fcb5, 0x150b1596, 0xc302ed02, 0xafae3dfd, 0x8b0170fe, 0xfd018c9f, 
    0x8eb70249, 0x0179fea2, 0xfd53d490, 0x36b00549, 0x222295fd, 0xb5000200, 0x5c060000, 0x22003a04, 0x98002800, 0x2a2915b2, 0xb0391211, 0x24b01015, 
    0x00b000d0, 0x02b05845, 0x02b11b2f, 0xb0593e12, 0xb0584500, 0xb11b2f21, 0x593e1221, 0x584500b0, 0x1b2f09b0, 0x3e0609b1, 0x4500b059, 0x2f11b058, 
    0x0611b11b, 0x00b0593e, 0x19b05845, 0x19b11b2f, 0xb0593e06, 0xb0584500, 0xb11b2f1f, 0x593e061f, 0x092105b2, 0xb0391211, 0x00b02f05, 0x1005b0d0, 
    0xb0010eb1, 0x21582b0a, 0x59f41bd8, 0xb0d014b0, 0x1db0100e, 0x1002b0d0, 0xb00123b1, 0x21582b0a, 0x59f41bd8, 0xb01005b0, 0x3130d026, 0x21012113, 
    0x16323301, 0x35231517, 0x23272626, 0x11231107, 0x06062327, 0x35231507, 0x11213736, 0x05331123, 0x33170121, 0x1903eb37, 0x79038efe, 0xcd2d8efe, 
    0x033603c6, 0x0762b39e, 0xb16a0636, 0x0537029c, 0x361afe8f, 0xfdb60436, 0x0542015b, 0x49020616, 0x0ffef101, 0xeeedaeae, 0x0a028b97, 0x0902f8fd, 
    0x998a0409, 0x53cdf2eb, 0x3a04eefd, 0x0b51fe37, 0x0200000c, 0x86fe9900, 0x6907f203, 0x34002b00, 0x03b29b00, 0x12113635, 0x1003b039, 0x00d031b0, 
    0xb02f30b0, 0xb0584500, 0xb11b2f05, 0x593e1605, 0x584500b0, 0x1b2f19b0, 0x3e0e19b1, 0x4500b059, 0x2f11b058, 0x0611b11b, 0x05b0593e, 0x0103b110, 
    0x582b0ab0, 0xf41bd821, 0x0529b259, 0x39121119, 0x2f29b07c, 0x0126b118, 0x582b0ab0, 0xf41bd821, 0x260cb259, 0x39121129, 0xb11011b0, 0x0ab0011f, 
    0xd821582b, 0xb259f41b, 0x5d01300f, 0xb01030b0, 0x2db0d02d, 0x2d0fb62f, 0x2d2f2d1f, 0x2cb25d03, 0x12112d30, 0xd034b039, 0x302f34b0, 0x26340131, 
    0x21352127, 0x14151632, 0x11040706, 0x23230414, 0x14150622, 0x26071716, 0x36343526, 0x24323333, 0x27263435, 0x36333523, 0x33370136, 0x27230715, 
    0xa4033335, 0xa6fec4d4, 0xf9e44c01, 0x3801879a, 0x48f5dafe, 0x42725f62, 0x7c86540f, 0x01dc4e7a, 0x87e9dc02, 0xfed7d28c, 0xda35c2b9, 0x0439dc3b, 
    0x02a5943f, 0x78b0c536, 0xfe4326b4, 0x43d6abdc, 0x126f384b, 0x4a8a1834, 0x97b1675d, 0x3802a4a7, 0xec029e03, 0xfcfa0dd9, 0x0200000b, 0x86fe7000, 
    0x2c066203, 0x31002800, 0x2db29600, 0x12113332, 0x102db039, 0x00d006b0, 0xb02f2db0, 0xb0584500, 0xb11b2f05, 0x593e1205, 0x584500b0, 0x1b2f19b0, 
    0x3e0e19b1, 0x4500b059, 0x2f12b058, 0x0612b11b, 0x05b0593e, 0x0103b110, 0x582b0ab0, 0xf41bd821, 0x0527b259, 0x39121119, 0x2f27b07c, 0x0124b118, 
    0x582b0ab0, 0xf41bd821, 0x240cb259, 0x39121127, 0xb11012b0, 0x0ab0011d, 0xd821582b, 0xb059f41b, 0x2ab0102d, 0x2f2ab0d0, 0x1f2a0fb6, 0x032a2f2a, 
    0x2d29b25d, 0x3912112a, 0xb0d031b0, 0x31302f31, 0x27263401, 0x16213521, 0x06141516, 0x14151607, 0x22232304, 0x16141506, 0x26260717, 0x37203435, 
    0x26343536, 0x33352323, 0x33370124, 0x27230715, 0x14033335, 0xdffea7b7, 0xd4c12201, 0xfefa7074, 0x6222d6fc, 0x1042735f, 0x09028753, 0xc5cf456d, 
    0x6a018d7a, 0x35c2a8fe, 0x39dc3bda, 0x6f623103, 0x8c023701, 0x2387547f, 0xa887c837, 0x70384b43, 0x8b183411, 0x3d61c449, 0x386a7b58, 0xd9040306, 
    0x0bfcfa0d, 0x85000300, 0xcf04ecff, 0x1000c405, 0x23001900, 0x04b26900, 0x12112524, 0x1004b039, 0xb0d016b0, 0x20b01004, 0x00b000d0, 0x0cb05845, 
    0x0cb11b2f, 0xb0593e16, 0xb0584500, 0xb11b2f04, 0x593e0604, 0x040c12b2, 0x7c391211, 0x182f12b0, 0xb1100cb0, 0x0ab00116, 0xd821582b, 0xb059f41b, 
    0x1ab11012, 0x2b0ab001, 0x1bd82158, 0x04b059f4, 0x0120b110, 0x582b0ab0, 0xf41bd821, 0x01313059, 0x23060214, 0x35110022, 0x33361234, 0x15121632, 
    0x10352105, 0x00222300, 0x15210511, 0x33161214, 0x04110032, 0xa3fa87cf, 0x87d0fef6, 0xfba3a2fb, 0x03edfb88, 0xe4f4fedd, 0x03f4fee1, 0x7923fcdd, 
    0x01e496e0, 0xbd6b020a, 0x019fddfe, 0xd229015e, 0x9f2401bc, 0xbbdbfe9f, 0x08015452, 0xc3fe3f01, 0x5283effe, 0x90f5feae, 0x13013e01, 0x57000300, 
    0x0a04ecff, 0x10004e04, 0x21001800, 0x19b26900, 0x12112322, 0x1019b039, 0xb0d004b0, 0x15b01019, 0x00b000d0, 0x04b05845, 0x04b11b2f, 0xb0593e12, 
    0xb0584500, 0xb11b2f0c, 0x593e060c, 0x040c12b2, 0x7c391211, 0x182f12b0, 0xb11004b0, 0x0ab00116, 0xd821582b, 0xb059f41b, 0x19b1100c, 0x2b0ab001, 
    0x1bd82158, 0x12b059f4, 0x011db110, 0x582b0ab0, 0xf41bd821, 0x13313059, 0x33363634, 0x17161632, 0x06061415, 0x27262620, 0x022e2137, 0x01060622, 
    0x37363632, 0x57021e21, 0x8889d977, 0x760179d8, 0xd9eefed9, 0x03360178, 0xbf6b0147, 0x016bbef2, 0x6bbe78a4, 0x01b9fc01, 0x3202bf6b, 0x868af79b, 
    0x9c309af6, 0xf5888af6, 0xde843599, 0xfddf7e7f, 0x85de7c67, 0x007dde84, 0x23000100, 0xc4040000, 0x0d00c405, 0x0ab24700, 0x12110f0e, 0x00b00039, 
    0x05b05845, 0x05b11b2f, 0xb0593e16, 0xb0584500, 0xb11b2f0d, 0x593e160d, 0x584500b0, 0x1b2f0ab0, 0x3e060ab1, 0x0500b259, 0x3912110a, 0xb11005b0, 
    0x0ab00206, 0xd821582b, 0x3059f41b, 0x01372531, 0x07333636, 0x01070607, 0x02330123, 0x5f011e1b, 0x017c8927, 0xfe3e7f3b, 0x28fe4171, 0x0459383b, 
    0x2f77813b, 0xfbb81003, 0x00b00536, 0x2b000100, 0xf7030000, 0x12004d04, 0x01b24700, 0x12111413, 0x00b00039, 0x05b05845, 0x05b11b2f, 0xb0593e12, 
    0xb0584500, 0xb11b2f12, 0x593e1212, 0x584500b0, 0x1b2f0eb0, 0x3e060eb1, 0x0500b259, 0x3912110e, 0xb11005b0, 0x0ab0020a, 0xd821582b, 0x3059f41b, 
    0x13372531, 0x32333636, 0x23260717, 0x01070622, 0x33013523, 0xec38bf01, 0x31445d20, 0x2c1e0d22, 0xfe1a3c37, 0x86fe34c6, 0x029c493a, 0x134b5fbe, 
    0x4642112d, 0x04016afc, 0x02000039, 0x70ff8500, 0x3e06cf04, 0x27001300, 0x03b25700, 0x12112928, 0x1003b039, 0x00d017b0, 0x584500b0, 0x1b2f10b0, 
    0x3e1610b1, 0x4500b059, 0x2f06b058, 0x0606b11b, 0x03b0593e, 0x1010b0d0, 0xb0d00db0, 0x17b11010, 0x2b0ab001, 0x1bd82158, 0x1ab059f4, 0x1006b0d0, 
    0xb00121b1, 0x21582b0a, 0x59f41bd8, 0x30d024b0, 0x00100131, 0x35231507, 0x35110026, 0x35370010, 0x00161533, 0x02342711, 0x35231527, 0x15110206, 
    0x35171210, 0x12361533, 0xfecf0411, 0xec36eee4, 0x1c01e2fe, 0x01ed36ee, 0xd8fc361d, 0xfcfad936, 0xfcd836d7, 0xe8fe6b02, 0x7d0aa4fe, 0x5d010a7d, 
    0x01d21f01, 0x0a5c0118, 0xfe0a7b7b, 0x09e2fea3, 0x0a3d01ff, 0xfe0a8282, 0xd5fbfec2, 0xc3fefffe, 0x0a81800a, 0x0d013a01, 0x57000200, 0x0a046eff, 
    0x1500c104, 0x6b002b00, 0x2d2c04b2, 0xb0391211, 0x20b01004, 0x00b000d0, 0x04b05845, 0x04b11b2f, 0xb0593e12, 0xb0584500, 0xb11b2f07, 0x593e1207, 
    0x584500b0, 0x1b2f0fb0, 0x3e060fb1, 0x4500b059, 0x2f12b058, 0x0612b11b, 0x0fb0593e, 0x0116b110, 0x582b0ab0, 0xf41bd821, 0x1007b059, 0xb0011eb1, 
    0x21582b0a, 0x59f41bd8, 0xb0d021b0, 0x29b01016, 0x133130d0, 0x37363634, 0x16153335, 0x14151512, 0x15070606, 0x02263523, 0x12360135, 0x26343535, 
    0x23152726, 0x15020635, 0x16161415, 0x57333517, 0x3683cc70, 0xcd70f4ca, 0xf5ca3681, 0xddabf501, 0x3672b264, 0xb363dcad, 0x32023673, 0x078bf396, 
    0xfe0c7474, 0x9724ebd6, 0x7f068bf3, 0x2b010c7f, 0x0914feeb, 0x21d41101, 0x0782dd7f, 0xfe0b8989, 0x821fd2ed, 0x7e0780dc, 0xb9000300, 0x6906ebff, 
    0x2c001507, 0x47003e00, 0x0ab2c200, 0x12114948, 0x100ab039, 0xb0d03ab0, 0x46b0100a, 0x00b000d0, 0x14b05845, 0x14b11b2f, 0xb0593e16, 0xb0584500, 
    0xb11b2f0d, 0x593e060d, 0xb01014b0, 0x00b0d000, 0x100db02f, 0xb0d007b0, 0x0ab22f07, 0x12111407, 0x1014b039, 0xb00115b1, 0x21582b0a, 0x59f41bd8, 
    0xb1100db0, 0x0ab0011b, 0xd821582b, 0xb259f41b, 0x1107141f, 0x07b03912, 0x0125b110, 0x582b0ab0, 0xf41bd821, 0x1015b059, 0xb0d02cb0, 0x36b01014, 
    0x2f36b0d0, 0xb0d02eb0, 0x2db12f2e, 0x2b0ab001, 0x1bd82158, 0x2eb059f4, 0xd032b010, 0xb12f32b0, 0x0ab0013a, 0xd821582b, 0xb059f41b, 0x42b01036, 
    0x2f42b0d0, 0xb0d047b0, 0x31302f47, 0x17163201, 0x23061411, 0x06272622, 0x26222306, 0x36341127, 0x06221533, 0x16141115, 0x11373620, 0x16141133, 
    0x36323316, 0x26341135, 0x23153723, 0x22232622, 0x35231506, 0x32333634, 0x3605021e, 0x15333537, 0x04070614, 0x02cbadef, 0xb682afcb, 0x81b82526, 
    0xcb02cbad, 0xb2b292af, 0x01b02401, 0x5f925236, 0x92b2b292, 0xe5841179, 0x37645550, 0x5f346a82, 0x3ffe6b85, 0x3c360246, 0xeaae052d, 0xd4b9fdd0, 
    0x797b86ee, 0x02d0ea88, 0x36eed447, 0xc3fdb8d6, 0xb3d5d6b6, 0x00fe0202, 0xd65eb478, 0xb63d02b8, 0xbb2cd9d6, 0x66166465, 0x2d6b2c82, 0x6b522eed, 
    0x185f3367, 0x9c000300, 0xfc05ebff, 0x2c00e905, 0x47003e00, 0x32b2b000, 0x12114948, 0x1032b039, 0xb0d00ab0, 0x41b01032, 0x00b000d0, 0x14b05845, 
    0x14b11b2f, 0xb0593e12, 0xb0584500, 0xb11b2f0d, 0x593e060d, 0xb01014b0, 0x0db0d000, 0xd007b010, 0x140d0ab2, 0xb0391211, 0x15b11014, 0x2b0ab001, 
    0x1bd82158, 0x0db059f4, 0x011cb110, 0x582b0ab0, 0xf41bd821, 0x1420b259, 0x3912110d, 0xb0d025b0, 0x2cb01015, 0x1014b0d0, 0xb0d035b0, 0x2eb02f35, 
    0x2f2eb0d0, 0xb0012db1, 0x21582b0a, 0x59f41bd8, 0xb0102eb0, 0x32b0d032, 0x013ab12f, 0x582b0ab0, 0xf41bd821, 0x1035b059, 0xb0d042b0, 0x47b02f42, 
    0x2f47b0d0, 0x32013130, 0x14111716, 0x26222306, 0x23060627, 0x11272622, 0x15333634, 0x11070622, 0x32331614, 0x33353536, 0x33161611, 0x11373632, 
    0x13232634, 0x26222315, 0x15062223, 0x36343523, 0x021e3233, 0x35373605, 0x06141533, 0xa5960407, 0xa7bf02bf, 0x2824ac7a, 0xbfa573af, 0x8aa7bf02, 
    0x8ba501a5, 0x0336a58a, 0xa58a89a3, 0x838ba501, 0x50e58411, 0x82376455, 0x855f346a, 0x462cfe6b, 0x2d3c3602, 0xc5e14904, 0xe6c8f6fe, 0x7879727f, 
    0x0a01c5e1, 0xca36e6c8, 0xacfafeaa, 0xfcb0cacc, 0xc4a9f7fe, 0x0601aaca, 0x1201ccac, 0x6465bb2c, 0x2c826616, 0x2efa2d6b, 0x33676b52, 0x0200185f, 
    0xecffb900, 0xe1066906, 0x28002000, 0x07b28e00, 0x12112a29, 0x1007b039, 0x00d025b0, 0x584500b0, 0x1b2f0fb0, 0x3e160fb1, 0x4500b059, 0x2f17b058, 
    0x1617b11b, 0x00b0593e, 0x20b05845, 0x20b11b2f, 0xb0593e16, 0xb0584500, 0xb11b2f0a, 0x593e060a, 0x584500b0, 0x1b2f04b0, 0x3e0604b1, 0x0a07b259, 
    0x39121117, 0xb1100ab0, 0x0ab00113, 0xd821582b, 0xb059f41b, 0x17b0d01c, 0xd027b010, 0xb02f27b0, 0x28b0d028, 0x0122b12f, 0x582b0ab0, 0xf41bd821, 
    0x1028b059, 0xb0d025b0, 0x31302f25, 0x06061101, 0x27262223, 0x22230606, 0x33112726, 0x33161611, 0x11373632, 0x16161133, 0x37363233, 0x21352511, 
    0x23152117, 0x02690635, 0xb783afc8, 0x81b82525, 0x3602cbad, 0x9291b102, 0x023601b0, 0xb09293af, 0x0202fc01, 0xb4fe02bb, 0xfbb00536, 0x88eccdf5, 
    0xea887979, 0xfb0b04cf, 0xd4d1b3f6, 0xfb0604b4, 0xd4d2b2f6, 0xf90604b4, 0x67673838, 0xb9000200, 0x1906ebff, 0x1e00b005, 0x84002600, 0x282717b2, 
    0xb0391211, 0x23b01017, 0x00b000d0, 0x0fb05845, 0x0fb11b2f, 0xb0593e12, 0xb0584500, 0xb11b2f16, 0x593e1216, 0x584500b0, 0x1b2f1eb0, 0x3e121eb1, 
    0x4500b059, 0x2f0ab058, 0x060ab11b, 0x04b0593e, 0x2f04b0d0, 0x160a07b2, 0xb1391211, 0x0ab0011a, 0xd821582b, 0xb059f41b, 0x16b0d012, 0xd025b010, 
    0xb02f25b0, 0x26b0d026, 0x0120b12f, 0x582b0ab0, 0xf41bd821, 0x1026b059, 0xb0d023b0, 0x31302f23, 0x06061101, 0x27262223, 0x22230606, 0x33112726, 
    0x20161611, 0x33113536, 0x20161611, 0x01113536, 0x21172137, 0x06352315, 0xa7bd0119, 0x2825ad79, 0xbfa573af, 0xa4023602, 0x36a51401, 0x1401a402, 
    0x0327fca5, 0xfe02bb02, 0x3a0436b3, 0xe5c45afd, 0x7879747d, 0xa902c5e1, 0xc9a858fd, 0x9f02b0ca, 0xc9a858fd, 0x9f02b0ca, 0x38383e01, 0x01008585, 
    0xa1fe9000, 0xc5059c04, 0x4c001a00, 0x1c1b01b2, 0x00391211, 0xb02f00b0, 0xb0584500, 0xb11b2f0b, 0x593e160b, 0x584500b0, 0x1b2f02b0, 0x3e0602b1, 
    0x020fb259, 0x3912110b, 0xb1100bb0, 0x0ab00112, 0xd821582b, 0xb059f41b, 0x19b11002, 0x2b0ab001, 0x1bd82158, 0x313059f4, 0x26112301, 0x35270226, 
    0x33361234, 0x23171632, 0x22232626, 0x10151100, 0x02333300, 0xeb9837cd, 0xf9880182, 0x0fffdba2, 0xc7d51736, 0x01f0fedd, 0xfe2ad805, 0x034a01a1, 
    0xd04401b1, 0x4101cd56, 0xc9e1f0ae, 0xfe9efed2, 0xd4fe48d6, 0x010092fe, 0xa1fe7a00, 0x4e04c603, 0x4c001900, 0x1b1a18b2, 0x00391211, 0xb02f00b0, 
    0xb0584500, 0xb11b2f0a, 0x593e120a, 0x584500b0, 0x1b2f02b0, 0x3e0602b1, 0x0a0eb259, 0x39121102, 0xb1100ab0, 0x0ab00111, 0xd821582b, 0xb059f41b, 
    0x18b11002, 0x2b0ab001, 0x1bd82158, 0x313059f4, 0x26112301, 0x34353502, 0x32333636, 0x34231516, 0x02222326, 0x12141515, 0x6d023317, 0x6ff7c636, 
    0xdbae86ce, 0xb69ab936, 0x3eafced5, 0x4a01a1fe, 0xfa270102, 0x88f69e24, 0xb296b0ce, 0x22e6f8fe, 0x05f9fedb, 0x9c000100, 0x62040000, 0x13003e05, 
    0x00b25200, 0x12111514, 0x0eb00039, 0x4500b02f, 0x2f04b058, 0x0604b11b, 0x02b2593e, 0x1211040e, 0x0e03b239, 0x39121104, 0x040e08b2, 0xb2391211, 
    0x11040e09, 0x0cb23912, 0x1211040e, 0x0e0db239, 0x39121104, 0x040e12b2, 0xb2391211, 0x11040e13, 0x31303912, 0x25070501, 0x25132303, 0x25130537, 
    0x33130537, 0x25070503, 0x21012a02, 0xbfddfe27, 0xdffee166, 0xeb250126, 0x0128defe, 0xfb63da23, 0xfe2b2501, 0xaca301e0, 0xa3feaa44, 0x44ab8e01, 
    0xaba401ab, 0x8201ab46, 0x43ab4dfe, 0x010000aa, 0xd904defc, 0xf205f6fe, 0x12000700, 0x2f03b000, 0xb00100b1, 0x21582b0a, 0x59f41bd8, 0x15013130, 
    0x35213523, 0x18fd1533, 0x37e1013a, 0xad795205, 0x0100a06c, 0x17058dfc, 0x150647ff, 0x2d001200, 0x2f0db000, 0xb0d005b0, 0x08b02f05, 0x2f08b0d0, 
    0xb00100b1, 0x21582b0a, 0x59f41bd8, 0xb1100db0, 0x0ab0020e, 0xd821582b, 0x3059f41b, 0x16320131, 0x34231515, 0x0e222326, 0x32352302, 0x5bfe023e, 
    0x64378369, 0x7a562d55, 0x6b4b5578, 0x15065f85, 0x64156881, 0x2e632a65, 0x2c6b2d2c, 0x82fd0100, 0x23fe4505, 0x05006a06, 0xb0000c00, 0x05b02f01, 
    0x2f05b0d0, 0x35013130, 0x07171533, 0x406182fd, 0x8edc0524, 0x001c7e8b, 0xaafd0100, 0x4bfe4505, 0x05006a06, 0xb0000c00, 0x00b02f03, 0x2f00b0d0, 
    0x27013130, 0x15333537, 0x4024cefd, 0x1c450561, 0x008e8b7e, 0x24fa0800, 0xc001c4fe, 0x0c00af05, 0x27001a00, 0x41003400, 0x5b004e00, 0x78006900, 
    0x2f44b000, 0xb02f02b0, 0x5fb02f52, 0x2f37b02f, 0xb11002b0, 0x0ab00309, 0xd821582b, 0xb059f41b, 0x10b01044, 0x1044b0d0, 0xb0034bb1, 0x21582b0a, 
    0x59f41bd8, 0xb0d017b0, 0x1eb01052, 0x1052b0d0, 0xb00359b1, 0x21582b0a, 0x59f41bd8, 0xb0d025b0, 0x2bb0105f, 0x105fb0d0, 0xb00366b1, 0x21582b0a, 
    0x59f41bd8, 0xb0d032b0, 0x3eb11037, 0x2b0ab003, 0x1bd82158, 0x313059f4, 0x32363401, 0x34231516, 0x06222326, 0x36340115, 0x15163233, 0x23263423, 
    0x13150622, 0x32333634, 0x34231516, 0x15062226, 0x33363401, 0x23151632, 0x06222634, 0x36340115, 0x23151632, 0x22232634, 0x34011506, 0x15163236, 
    0x23263423, 0x01150622, 0x32333634, 0x34231516, 0x15062226, 0x33363413, 0x23151632, 0x22232634, 0x11fd1506, 0x7074be73, 0x332e3033, 0x5d75de01, 
    0x3571755f, 0x49332d2e, 0x745f5d75, 0x335c3570, 0x5d75cafe, 0x3570745f, 0x4ffd335c, 0x7074be73, 0x332e3033, 0xbe744dfd, 0x30337074, 0xdefe332e, 
    0x745f5d75, 0x335c3570, 0x5f5d7535, 0x2e357175, 0xf304332d, 0x54686854, 0x3035372e, 0x6755ebfe, 0x34315567, 0x09fe3035, 0x54686755, 0x2e373431, 
    0x6755f9fd, 0x34315468, 0xe4fe2e37, 0x54686854, 0x2e37372e, 0x68541a05, 0x372e5468, 0x09fe3035, 0x54686755, 0x2e373431, 0x6755f9fd, 0x34315567, 
    0x08003035, 0x63fe24fa, 0xc6056401, 0x09000400, 0x13000e00, 0x1d001800, 0x27002200, 0xb0002500, 0x23b02f04, 0x2f1db02f, 0xb02f12b0, 0x16b02f0b, 
    0x2f21b02f, 0x584500b0, 0x1b2f08b0, 0x3e1608b1, 0x05313059, 0x13230317, 0x33132703, 0x05370103, 0x07052515, 0x01053525, 0x05172537, 0x27050701, 
    0x03270325, 0x17011337, 0xfe030713, 0x607a0b27, 0x7a0c3a46, 0x1e024660, 0xfe4d010d, 0x0d74fba6, 0x5a01b3fe, 0x01029c03, 0xdafe4441, 0xfe02f3fc, 
    0x260145c0, 0x4194112b, 0x116003c6, 0x3cc54295, 0x01adfe0e, 0x0ea20461, 0xa0fe5201, 0x7c0c11fe, 0x0c3b4762, 0x0147627c, 0x449910ae, 0x118efcc8, 
    0x02c84599, 0x460102e4, 0xfcd5fe45, 0xbbfe02e3, 0x002b0147, 0xc800ffff, 0x1605e9fe, 0x26001207, 0x0000dc00, 0xa1002700, 0x44013501, 0x10000701, 
    0xe8ff2b04, 0xb0001300, 0xb0584500, 0xb11b2f08, 0x593e1608, 0x30dc0db0, 0xffff0031, 0xe9feac00, 0xbc05ea03, 0xf0002600, 0x27000000, 0x8000a100, 
    0x0701eeff, 0xff021000, 0x1300e8ff, 0x4500b000, 0x2f08b058, 0x1208b11b, 0x0db0593e, 0x003130dc, 0xe9ff0200, 0xc7030000, 0x12005606, 0x74001b00, 
    0x1d1c00b2, 0xb0391211, 0xb000d015, 0xb0584500, 0xb11b2f0d, 0x593e160d, 0x584500b0, 0x1b2f11b0, 0x3e1611b1, 0x4500b059, 0x2f09b058, 0x0609b11b, 
    0x11b0593e, 0x0100b110, 0x582b0ab0, 0xf41bd821, 0x0d02b259, 0x39121109, 0xb02f02b0, 0x0bb01000, 0xd00cb0d0, 0xb11002b0, 0x0ab00113, 0xd821582b, 
    0xb059f41b, 0x14b11009, 0x2b0ab001, 0x1bd82158, 0x313059f4, 0x21112101, 0x14151616, 0x11210706, 0x35333523, 0x01211533, 0x36322111, 0x27263435, 
    0xb7fe3402, 0xccad6301, 0x67feafca, 0x0136cccc, 0x01b7fe49, 0xadb19c59, 0xfd7a0598, 0x97b50324, 0x0503b696, 0xa6a6367a, 0xcefdb8fc, 0x997c8299, 
    0x02000002, 0x0000c100, 0xb0055e04, 0x1b000e00, 0x04b24f00, 0x12111d1c, 0x1004b039, 0x00d014b0, 0x584500b0, 0x1b2f03b0, 0x3e1603b1, 0x4500b059, 
    0x2f01b058, 0x0601b11b, 0x16b2593e, 0x12110103, 0x2f16b039, 0xb00100b1, 0x21582b0a, 0x59f41bd8, 0xb11003b0, 0x0ab00114, 0xd821582b, 0x3059f41b, 
    0x23111331, 0x16322111, 0x17071415, 0x23062707, 0x34353625, 0x11212326, 0x27373221, 0x0136f737, 0xa2f7dfc7, 0x6a892981, 0x920e0199, 0x6ffec5db, 
    0x5c819101, 0x6702297e, 0xb00599fd, 0x6ce7c8e1, 0x33a02397, 0xb0c56079, 0x2923fdc5, 0x02002395, 0x60feaa00, 0x4e04e703, 0x28001600, 0x13b27000, 
    0x12112a29, 0x1013b039, 0x00d01ab0, 0x584500b0, 0x1b2f13b0, 0x3e1213b1, 0x4500b059, 0x2f0fb058, 0x120fb11b, 0x00b0593e, 0x0cb05845, 0x0cb11b2f, 
    0xb0593e08, 0xb0584500, 0xb11b2f08, 0x593e0608, 0x08130bb2, 0xb2391211, 0x11081310, 0x13b03912, 0x011ab110, 0x582b0ab0, 0xf41bd821, 0x1008b059, 
    0xb00121b1, 0x21582b0a, 0x59f41bd8, 0x14013130, 0x07170706, 0x22230627, 0x23112726, 0x36153311, 0x12323336, 0x02342711, 0x07062223, 0x33161611, 
    0x37273732, 0x03113617, 0x6c464be7, 0x7e5d6a2c, 0x3636c07b, 0x79be3836, 0xb937dabe, 0x2abe88a7, 0x6e89bf2a, 0x6d2d714d, 0x9213027a, 0x219548e3, 
    0x58644692, 0xda05b8fd, 0xfe6e67c1, 0x04f9fedd, 0x8d0701e9, 0x7006fe84, 0x209d3b7b, 0x15018298, 0xc1000100, 0x1f040000, 0x09002407, 0x03b23300, 
    0x12110b0a, 0x00b00039, 0x06b05845, 0x06b11b2f, 0xb0593e16, 0xb0584500, 0xb11b2f04, 0x593e0604, 0xb11006b0, 0x0ab00102, 0xd821582b, 0x3059f41b, 
    0x35230131, 0x11231121, 0x04331121, 0x0efd361f, 0x36280336, 0xfa017905, 0x01b00586, 0x01000074, 0x0000ac00, 0xae053803, 0x33000700, 0x090801b2, 
    0x00391211, 0x584500b0, 0x1b2f04b0, 0x3e1204b1, 0x4500b059, 0x2f02b058, 0x0602b11b, 0x04b0593e, 0x0100b110, 0x582b0ab0, 0xf41bd821, 0x01313059, 
    0x11231121, 0x03331121, 0x36aafd38, 0x04365602, 0x04fdfb03, 0x0074013a, 0xc1000100, 0x1f04eafe, 0x1700b005, 0x0ab25e00, 0x12111918, 0x0ab00039, 
    0x4500b02f, 0x2f16b058, 0x1616b11b, 0x00b0593e, 0x14b05845, 0x14b11b2f, 0xb0593e06, 0x00b11016, 0x2b0ab001, 0x1bd82158, 0x03b259f4, 0x12111416, 
    0x2f03b039, 0xb1100ab0, 0x0ab0010b, 0xd821582b, 0xb059f41b, 0x12b11003, 0x2b0ab001, 0x1bd82158, 0x313059f4, 0x33112101, 0x14110020, 0x35230602, 
    0x35363632, 0x23230034, 0x21112311, 0xd8fc1f04, 0x011901e9, 0x7dc3781c, 0xfe63ae71, 0x36e7f9f8, 0x7a055e03, 0xdffebdfd, 0xfe90ecfe, 0x7f3384fc, 
    0x01f781e5, 0x05fefc09, 0x010000b0, 0x01ffac00, 0x3a049603, 0x5e001600, 0x18170bb2, 0x00391211, 0xb02f0ab0, 0xb0584500, 0xb11b2f15, 0x593e1215, 
    0x584500b0, 0x1b2f13b0, 0x3e0613b1, 0x1015b059, 0xb00100b1, 0x21582b0a, 0x59f41bd8, 0x131502b2, 0xb0391211, 0x0ab02f02, 0x020bb110, 0x582b0ab0, 
    0xf41bd821, 0x1002b059, 0xb00111b1, 0x21582b0a, 0x59f41bd8, 0x21013130, 0x04203311, 0x06060715, 0x36362707, 0x23263637, 0x11231123, 0xfd360321, 
    0x0401a7ac, 0x0b010901, 0x93109dc3, 0xf30506ad, 0x0236a5eb, 0xfe03048a, 0x1edae35b, 0x2a1ecd97, 0xbc99c01d, 0x04d7fdcc, 0xffff003a, 0xa0fe1300, 
    0xb005c006, 0xda002600, 0x07000000, 0xd4055002, 0xffff0000, 0xa0fe1b00, 0x3a04fc05, 0xee002600, 0x07000000, 0x0e055002, 0xffff0000, 0x7efec800, 
    0xb005d204, 0x2c022600, 0x07000000, 0xe6035002, 0xffffdeff, 0xa0feab00, 0x3a04ec03, 0xf1002600, 0x07000000, 0xfd025002, 0x01000000, 0x0000c400, 
    0xb005a904, 0x66001400, 0x161513b2, 0x00391211, 0x584500b0, 0x1b2f00b0, 0x3e1600b1, 0x4500b059, 0x2f0cb058, 0x160cb11b, 0x00b0593e, 0x02b05845, 
    0x02b11b2f, 0xb0593e06, 0xb0584500, 0xb11b2f0a, 0x593e060a, 0x020013b2, 0x7c391211, 0x182f13b0, 0xb00104b1, 0x21582b0a, 0x59f41bd8, 0x130401b2, 
    0xb0391211, 0x13b0d008, 0xd00eb010, 0x02093130, 0x11230123, 0x11231123, 0x11331123, 0x11331133, 0x5d040133, 0x22022afe, 0x66eefd47, 0x3636b937, 
    0x017637b9, 0xfdb005b6, 0x021dfd33, 0x01bcfed1, 0x052ffd44, 0x0156fdb0, 0x02cdfe33, 0x010000aa, 0x0000ab00, 0x3a040004, 0x66001400, 0x161504b2, 
    0x00391211, 0x584500b0, 0x1b2f00b0, 0x3e1200b1, 0x4500b059, 0x2f0cb058, 0x120cb11b, 0x00b0593e, 0x02b05845, 0x02b11b2f, 0xb0593e06, 0xb0584500, 
    0xb11b2f0a, 0x593e060a, 0x020c13b2, 0x7c391211, 0x182f13b0, 0xb00104b1, 0x21582b0a, 0x59f41bd8, 0x130401b2, 0xb0391211, 0x13b0d008, 0xd00eb010, 
    0x02093130, 0x11230123, 0x11231123, 0x11331123, 0x11331133, 0xc0030133, 0xa1019ffe, 0x657cfe52, 0x3737ac37, 0x016f37ac, 0xfd3a043e, 0x02d8fdee, 
    0x01e9fe11, 0x04effd17, 0x010cfe3a, 0x01f4fe0c, 0x010000f4, 0x00005e00, 0xb0055606, 0x6c000e00, 0x100f00b2, 0x00391211, 0x584500b0, 0x1b2f06b0, 
    0x3e1606b1, 0x4500b059, 0x2f0ab058, 0x160ab11b, 0x00b0593e, 0x02b05845, 0x02b11b2f, 0xb0593e06, 0xb0584500, 0xb11b2f0d, 0x593e060d, 0x020609b2, 
    0x7c391211, 0x182f09b0, 0xb00100b1, 0x21582b0a, 0x59f41bd8, 0xb11006b0, 0x0ab00104, 0xd821582b, 0xb259f41b, 0x1109000c, 0x31303912, 0x23112301, 
    0x21352111, 0x33013311, 0x03230101, 0xfe36df68, 0xee2b020b, 0xfd476a02, 0x47b2027c, 0x39fdc702, 0xfd367a05, 0xfdb4024c, 0x0026fd2a, 0x28000100, 
    0xee040000, 0x0e003a04, 0x00b26c00, 0x1211100f, 0x00b00039, 0x06b05845, 0x06b11b2f, 0xb0593e12, 0xb0584500, 0xb11b2f0a, 0x593e120a, 0x584500b0, 
    0x1b2f02b0, 0x3e0602b1, 0x4500b059, 0x2f0db058, 0x060db11b, 0x09b2593e, 0x1211020a, 0x09b07c39, 0x00b1182f, 0x2b0ab001, 0x1bd82158, 0x06b059f4, 
    0x0104b110, 0x582b0ab0, 0xf41bd821, 0x000cb259, 0x39121109, 0x23013130, 0x21112311, 0x33112135, 0x01013301, 0xc6aa0223, 0x017bfe37, 0xad01d0bc, 
    0x0234fe4e, 0x1102510b, 0x0404effd, 0x010cfe36, 0xfdeefdf4, 0xffff00d8, 0xa0fec800, 0xb0050c05, 0x2c002600, 0x07000000, 0x20045002, 0xffff0000, 
    0xa0feac00, 0x3a04ea03, 0xf4002600, 0x07000000, 0xfe025002, 0x01000000, 0x0000c300, 0xb005fb07, 0x68000d00, 0x0f0e01b2, 0x00391211, 0x584500b0, 
    0x1b2f02b0, 0x3e1602b1, 0x4500b059, 0x2f0cb058, 0x160cb11b, 0x00b0593e, 0x06b05845, 0x06b11b2f, 0xb0593e06, 0xb0584500, 0xb11b2f0a, 0x593e060a, 
    0x060201b2, 0x7c391211, 0x182f01b0, 0xb11002b0, 0x0ab00104, 0xd821582b, 0xb059f41b, 0x08b11001, 0x2b0ab001, 0x1bd82158, 0x313059f4, 0x21112113, 
    0x23112115, 0x23112111, 0x03f93311, 0xfc6003a2, 0x5efc36d6, 0x08033636, 0xfa36a802, 0xfdd20286, 0x00b0052e, 0xac000100, 0x9b050000, 0x0d003a04, 
    0x01b26800, 0x12110f0e, 0x00b00039, 0x02b05845, 0x02b11b2f, 0xb0593e12, 0xb0584500, 0xb11b2f0c, 0x593e120c, 0x584500b0, 0x1b2f06b0, 0x3e0606b1, 
    0x4500b059, 0x2f0ab058, 0x060ab11b, 0x01b2593e, 0x1211060c, 0x01b07c39, 0x02b0182f, 0x0104b110, 0x582b0ab0, 0xf41bd821, 0x1001b059, 0xb00108b1, 
    0x21582b0a, 0x59f41bd8, 0x21133130, 0x21152111, 0x21112311, 0x33112311, 0x029d02e2, 0x371bfe1c, 0x363663fd, 0xf3014702, 0x02fdfb37, 0x04effd11, 
    0x0100003a, 0xf9feb300, 0xb005c707, 0x6b001900, 0x1b1a13b2, 0x00391211, 0xb02f08b0, 0xb0584500, 0xb11b2f18, 0x593e1618, 0x584500b0, 0x1b2f12b0, 
    0x3e0612b1, 0x4500b059, 0x2f16b058, 0x0616b11b, 0x01b2593e, 0x12111218, 0x2f01b039, 0xb11008b0, 0x0ab00109, 0xd821582b, 0xb059f41b, 0x10b11001, 
    0x2b0ab001, 0x1bd82158, 0x18b059f4, 0x0114b110, 0x582b0ab0, 0xf41bd821, 0x01313059, 0x11002033, 0x23060214, 0x36363235, 0x23003435, 0x11231123, 
    0x11231121, 0xd1c10421, 0x1c011901, 0x717dc378, 0xf8fe63ae, 0xfc36cff9, 0x0e04365e, 0xdffe4603, 0xfe90ecfe, 0x7f3384fc, 0x01f781e5, 0x05effc09, 
    0x0586fa7a, 0x010000b0, 0x01ffac00, 0x3a046106, 0x6b001800, 0x1a1912b2, 0x00391211, 0xb02f08b0, 0xb0584500, 0xb11b2f17, 0x593e1217, 0x584500b0, 
    0x1b2f11b0, 0x3e0611b1, 0x4500b059, 0x2f15b058, 0x0615b11b, 0x00b2593e, 0x12111117, 0x2f00b039, 0xb11008b0, 0x0ab00209, 0xd821582b, 0xb059f41b, 
    0x0fb11000, 0x2b0ab001, 0x1bd82158, 0x17b059f4, 0x0113b110, 0x582b0ab0, 0xf41bd821, 0x01313059, 0x15042033, 0x07060607, 0x37363627, 0x23232636, 
    0x21112311, 0x21112311, 0x019eb603, 0x01090104, 0x109dc30b, 0x0506ad93, 0x379cebf3, 0x033663fd, 0xe35e020a, 0xcd971eda, 0xc01d2a1e, 0xfdccbc99, 
    0xfb0304d7, 0x003a04fd, 0x85000200, 0x9105eaff, 0x2700c505, 0x99003500, 0x373604b2, 0xb0391211, 0x28b01004, 0x00b000d0, 0x1eb05845, 0x1eb11b2f, 
    0xb0593e16, 0xb0584500, 0xb11b2f0c, 0x593e160c, 0x584500b0, 0x1b2f00b0, 0x3e0600b1, 0x4500b059, 0x2f04b058, 0x0604b11b, 0x02b2593e, 0x12111e04, 
    0x2f02b039, 0xb1100cb0, 0x0ab0010d, 0xd821582b, 0xb059f41b, 0x15b11004, 0x2b0ab001, 0x1bd82158, 0x00b059f4, 0x0127b110, 0x582b0ab0, 0xf41bd821, 
    0x1002b059, 0xb0012bb1, 0x21582b0a, 0x59f41bd8, 0xb1101eb0, 0x0ab00132, 0xd821582b, 0x3059f41b, 0x27220531, 0x00202306, 0x36343511, 0x22173336, 
    0x14151502, 0x32331612, 0x35022637, 0x33123411, 0x11151232, 0x16070214, 0x12140133, 0x37123617, 0x23023411, 0x05150222, 0x8ea5c591, 0xfee8feae, 
    0x83d172b2, 0x8ee5ae04, 0x6f89a2ff, 0xaad2bba6, 0x8a98d9ac, 0x28fdac84, 0x9f8ea9bc, 0x9599b602, 0x424316b0, 0x43018201, 0x92ff9de7, 0xe0defe36, 
    0xd6feb8e8, 0x01572ba2, 0x1801bd33, 0xfe2101eb, 0xebfeefdc, 0x55d9fec6, 0xba70022e, 0x4b4bddfe, 0x01b91c01, 0x0401d125, 0x00d9fafe, 0x7f000200, 
    0x6504ebff, 0x24004e04, 0x8a003200, 0x343304b2, 0xb0391211, 0x25b01004, 0x00b000d0, 0x0bb05845, 0x0bb11b2f, 0xb0593e12, 0xb0584500, 0xb11b2f1b, 
    0x593e121b, 0x584500b0, 0x1b2f00b0, 0x3e0600b1, 0x4500b059, 0x2f04b058, 0x0604b11b, 0x02b2593e, 0x12111b04, 0x2f02b039, 0xb1100bb0, 0x0ab0010c, 
    0xd821582b, 0xb059f41b, 0x13b11004, 0x2b0ab001, 0x1bd82158, 0x02b059f4, 0x0128b110, 0x582b0ab0, 0xf41bd821, 0x101bb059, 0xb0012fb1, 0x21582b0a, 
    0x59f41bd8, 0x22053130, 0x22230627, 0x34353500, 0x22153312, 0x14150706, 0x37323312, 0x35352626, 0x12323634, 0x06141515, 0x01331607, 0x36171614, 
    0x34353536, 0x06222326, 0x9a650415, 0xcf876c81, 0x93b9f7fe, 0xe703a370, 0x7f5365bb, 0xa3fea18c, 0x796c5e68, 0x808dd5fd, 0x66866a5f, 0x360c806a, 
    0xf83a013f, 0x0e01cd56, 0x6ba8f036, 0x25ecfee0, 0x6ca1f448, 0xf7fef6c8, 0xeb905fd1, 0xf701244b, 0x3e3de59a, 0xaf6790e3, 0x00b8d4eb, 0x3600ffff, 
    0x9604a0fe, 0x2600b005, 0x00003c00, 0x50020700, 0x0000aa03, 0x3700ffff, 0xb003a0fe, 0x26003a04, 0x00005c00, 0x50020700, 0x0000c402, 0x12000100, 
    0x4b06a1fe, 0x1300b005, 0x07b25800, 0x12111514, 0x11b00039, 0x4500b02f, 0x2f02b058, 0x1602b11b, 0x00b0593e, 0x0db05845, 0x0db11b2f, 0xb0593e16, 
    0xb0584500, 0xb11b2f12, 0x593e0612, 0xb11002b0, 0x0ab00101, 0xd821582b, 0xb059f41b, 0x12b0d009, 0x010fb110, 0x582b0ab0, 0xf41bd821, 0xd00bb059, 
    0x21013130, 0x33352135, 0x21152115, 0x33112111, 0x23113311, 0xb8012111, 0xa6015afe, 0xfed40136, 0x36a2032c, 0xa3fb3685, 0x01367905, 0xbdfa3601, 
    0x86fa7a05, 0x5f016bfe, 0x1a000100, 0xc604bffe, 0x0f003a04, 0x03b25e00, 0x12111110, 0x0cb00039, 0x4500b02f, 0x2f02b058, 0x1202b11b, 0x00b0593e, 
    0x08b05845, 0x08b11b2f, 0xb0593e12, 0xb0584500, 0xb11b2f0e, 0x593e060e, 0xb11002b0, 0x0ab00100, 0xd821582b, 0xb059f41b, 0x05b0d004, 0x100eb0d0, 
    0xb00106b1, 0x21582b0a, 0x59f41bd8, 0xb0d00ab0, 0x3130d00b, 0x21352101, 0x21112115, 0x33113311, 0x21112311, 0xb9fe6101, 0xb9fec402, 0x5b379d02, 
    0x04d1fc36, 0xfc363604, 0xfb040432, 0x0189fefc, 0xffff0041, 0xa0fec300, 0xb0059f04, 0xe1002600, 0x07000000, 0xb3035002, 0xffff0000, 0xa0fe7500, 
    0x3a04b403, 0xf9002600, 0x07000000, 0xc8025002, 0x01000000, 0x0000c300, 0xb0056a04, 0x50001700, 0x191804b2, 0x00391211, 0x584500b0, 0x1b2f00b0, 
    0x3e1600b1, 0x4500b059, 0x2f0ab058, 0x160ab11b, 0x00b0593e, 0x0cb05845, 0x0cb11b2f, 0xb2593e06, 0x11000c04, 0x04b03912, 0xd007b02f, 0xb11004b0, 
    0x0ab00113, 0xd821582b, 0xb059f41b, 0x3130d010, 0x16161113, 0x11331117, 0x33113736, 0x06112311, 0x11231107, 0x11272626, 0xcfc601f9, 0x36b7b737, 
    0x379dd136, 0x0504ddeb, 0xc19cfeb0, 0x730104bf, 0x36068dfe, 0x50faac02, 0x0538cf02, 0x0101fffe, 0x01d6d404, 0x01000070, 0x0000ac00, 0x3a04b603, 
    0x50001900, 0x1b1a06b2, 0x00391211, 0x584500b0, 0x1b2f18b0, 0x3e1218b1, 0x4500b059, 0x2f0db058, 0x120db11b, 0x00b0593e, 0x01b05845, 0x01b11b2f, 
    0xb2593e06, 0x110d0112, 0x12b03912, 0x0107b12f, 0x582b0ab0, 0xf41bd821, 0xd004b059, 0xb01012b0, 0x3130d015, 0x06112321, 0x35231507, 0x35262622, 
    0x14153335, 0x11331616, 0x37361133, 0xb6033311, 0x38817e36, 0x364fa8a6, 0x38909344, 0x0236659a, 0xcb103c0a, 0x98af4dc7, 0x9785ecec, 0xfe2f0142, 
    0x013315d6, 0x010000fd, 0x0000c300, 0xb0056a04, 0x47001100, 0x131205b2, 0x00391211, 0x584500b0, 0x1b2f01b0, 0x3e1601b1, 0x4500b059, 0x2f00b058, 
    0x0600b11b, 0x00b0593e, 0x09b05845, 0x09b11b2f, 0xb2593e06, 0x11000105, 0x05b03912, 0x010eb12f, 0x582b0ab0, 0xf41bd821, 0x33313059, 0x36113311, 
    0x17163233, 0x26112311, 0x07222326, 0xdd36c311, 0x02e6f7b5, 0xd7cf0336, 0xb005d1c1, 0xd73d31fd, 0x0198fedf, 0x3cbbc16c, 0x020054fd, 0xecff0a00, 
    0xc3056305, 0x28001e00, 0x0fb27300, 0x12112a29, 0x100fb039, 0x00d025b0, 0x584500b0, 0x1b2f10b0, 0x3e1610b1, 0x4500b059, 0x2f00b058, 0x0600b11b, 
    0x0bb2593e, 0x12110010, 0x2f0bb039, 0x010b2fb2, 0x0104b15d, 0x582b0ab0, 0xf41bd821, 0xd014b059, 0xb11000b0, 0x0ab00119, 0xd821582b, 0xb259f41b, 
    0x1100101b, 0x0bb03912, 0xd01fb010, 0xb11010b0, 0x0ab00125, 0xd821582b, 0x3059f41b, 0x00200531, 0x26263511, 0x16143335, 0x12343517, 0x00323336, 
    0x15211513, 0x20330014, 0x06061737, 0x34352101, 0x22232626, 0x76031500, 0xcbfef4fe, 0x7b379c8f, 0x97f58879, 0x052401f1, 0x120108fc, 0xab0901f9, 
    0xfde55e1e, 0x77c20366, 0xfed690dd, 0x380114f8, 0x0bc61101, 0x83738f9d, 0x01ab360a, 0xc1fe9b15, 0xcc78effe, 0x97e8fef5, 0x034c562b, 0xfe9f3346, 
    0xf9cbfe8a, 0x0e000200, 0x4404ecff, 0x1d004e04, 0x75002800, 0x2a2917b2, 0xb0391211, 0x25b01017, 0x00b000d0, 0x0eb05845, 0x0eb11b2f, 0xb0593e12, 
    0xb0584500, 0xb11b2f00, 0x593e0600, 0x000e1fb2, 0xb0391211, 0x2fb42f1f, 0x021f3f1f, 0x0112b15d, 0x582b0ab0, 0xf41bd821, 0xd005b059, 0xb0101fb0, 
    0x00b0d00b, 0x0118b110, 0x582b0ab0, 0xf41bd821, 0x0e1bb259, 0x39121100, 0xb1100eb0, 0x0ab00124, 0xd821582b, 0x3059f41b, 0x26220531, 0x26353526, 
    0x14333526, 0x33123617, 0x15151232, 0x16141521, 0x36323316, 0x01061737, 0x26343521, 0x06222326, 0xbd023307, 0x657cdb83, 0x18a23770, 0xe6b5aefc, 
    0xc36fd5fc, 0x3b996d72, 0x7dfd7926, 0xa35de602, 0x15dc9b65, 0xf68d140b, 0x86114596, 0xcc1eb673, 0xfefe0201, 0x843b39d2, 0x4c4980e1, 0x8b02af1b, 
    0x69bd6e0d, 0x0100b7e6, 0xb9fec400, 0xb0058d04, 0x64001900, 0x1b1a01b2, 0x00391211, 0xb02f08b0, 0xb0584500, 0xb11b2f14, 0x593e1614, 0x584500b0, 
    0x1b2f18b0, 0x3e1618b1, 0x4500b059, 0x2f12b058, 0x0612b11b, 0x01b2593e, 0x12111214, 0x01b07c39, 0x08b0182f, 0x0109b110, 0x582b0ab0, 0xf41bd821, 
    0x1001b059, 0xb00110b1, 0x21582b0a, 0x59f41bd8, 0xb01001b0, 0x3130d016, 0x00203301, 0x06021411, 0x36323523, 0x00343536, 0x23112123, 0x33113311, 
    0x1d023301, 0x0119013b, 0x7dc3781c, 0xfe63ae71, 0xa4fef9f8, 0x02da3636, 0x06034742, 0xecfedffe, 0x84fcfe90, 0x81e57f33, 0xfd0901f7, 0xfdb0052f, 
    0x00aa0256, 0xab000100, 0xbf03e8fe, 0x18003a04, 0x00b25200, 0x12111a19, 0x07b00039, 0x4500b02f, 0x2f13b058, 0x1213b11b, 0x00b0593e, 0x17b05845, 
    0x17b11b2f, 0xb0593e12, 0xb0584500, 0xb11b2f11, 0x593e0611, 0x111700b2, 0x7c391211, 0x182f00b0, 0xb0010eb1, 0x21582b0a, 0x59f41bd8, 0xb01000b0, 
    0x3130d016, 0x15161601, 0x07060616, 0x37363627, 0x07232636, 0x11231123, 0x01331133, 0xe9e10133, 0xa35e03f2, 0xad94116e, 0xe5f60506, 0x3737cd01, 
    0x4ec901b4, 0xe30b4702, 0x73b95fd1, 0xc21d2a15, 0x01ccbe97, 0x3a04effd, 0xf2010efe, 0x2200ffff, 0x0605e9fe, 0x2600b005, 0x0000dd00, 0x10000700, 
    0xe8ff1b04, 0x2c00ffff, 0xea03e9fe, 0x26003a04, 0x0000f200, 0x10000700, 0xe8ffff02, 0xc3000100, 0xd1044bfe, 0x1500b005, 0x0ab26800, 0x12111716, 
    0x00b00039, 0x00b05845, 0x00b11b2f, 0xb0593e16, 0xb0584500, 0xb11b2f03, 0x593e1603, 0x584500b0, 0x1b2f13b0, 0x3e0613b1, 0x4500b059, 0x2f08b058, 
    0x0808b11b, 0x02b2593e, 0x12111300, 0x02b07c39, 0x08b0182f, 0x010db110, 0x582b0ab0, 0xf41bd821, 0x1002b059, 0xb00111b1, 0x21582b0a, 0x59f41bd8, 
    0x11133130, 0x11331121, 0x22230614, 0x33163727, 0x11353632, 0x11231121, 0x36a203f9, 0x3a378696, 0x6e362d0e, 0x365efc78, 0x3dfdb005, 0xf7f9c302, 
    0x3414b2aa, 0x038e9812, 0x0549fd10, 0x010000b0, 0x4bfeac00, 0x3a04b603, 0x68001500, 0x17160bb2, 0x00391211, 0x584500b0, 0x1b2f00b0, 0x3e1200b1, 
    0x4500b059, 0x2f03b058, 0x1203b11b, 0x00b0593e, 0x13b05845, 0x13b11b2f, 0xb0593e06, 0xb0584500, 0xb11b2f08, 0x593e0808, 0x130302b2, 0x7c391211, 
    0x182f02b0, 0xb11008b0, 0x0ab0010d, 0xd821582b, 0xb059f41b, 0x11b11002, 0x2b0ab001, 0x1bd82158, 0x313059f4, 0x11211113, 0x06141133, 0x37272223, 
    0x36323316, 0x11211135, 0x02e21123, 0x8797379d, 0x2d0d3a36, 0xfd777036, 0x3a043663, 0xf3010dfe, 0xb2aa6dfb, 0x98123414, 0xfd6a028e, 0x003a04ef, 
    0xc800ffff, 0x0b05e9fe, 0x2600b005, 0x00002c00, 0x10000700, 0xe8ff2004, 0xac00ffff, 0xe903e9fe, 0x26003a04, 0x0000f400, 0x10000700, 0xe8fffe02, 
    0xc800ffff, 0x4906e9fe, 0x2600b005, 0x00003100, 0x10000700, 0xe8ff5e05, 0xb500ffff, 0x4e05e9fe, 0x26003a04, 0x0000f300, 0x10000700, 0xe8ff6304, 
    0x9c000200, 0x2f05ecff, 0x1700c405, 0x6c002100, 0x232200b2, 0xb0391211, 0xb000d018, 0xb0584500, 0xb11b2f00, 0x593e1600, 0x584500b0, 0x1b2f08b0, 
    0x3e0608b1, 0x080cb259, 0x39121100, 0xb42f0cb0, 0x0c1f0c0f, 0x00b05d02, 0x0111b110, 0x582b0ab0, 0xf41bd821, 0x0014b259, 0x39121108, 0xb11008b0, 
    0x0ab00118, 0xd821582b, 0xb059f41b, 0x1cb1100c, 0x2b0ab001, 0x1bd82158, 0x313059f4, 0x11002001, 0x04021415, 0x11002023, 0x10352135, 0x06222100, 
    0x36372707, 0x12363201, 0x14152137, 0xd8021616, 0x43011401, 0xa3f9fe93, 0xbcfeeefe, 0xe1fe5d04, 0xe393fefe, 0xa53f1e51, 0xea971b01, 0xd9fb0185, 
    0xc405f884, 0xccfea9fe, 0xc7fec4a2, 0x014b01ae, 0x017c761a, 0x56380113, 0x74312b44, 0x019c5efa, 0x9e48b121, 0x01008cfc, 0xebff7a00, 0xb005f703, 
    0x6c001c00, 0x1e1d03b2, 0x00391211, 0x584500b0, 0x1b2f00b0, 0x3e1600b1, 0x4500b059, 0x2f09b058, 0x0609b11b, 0x00b0593e, 0x011ab110, 0x582b0ab0, 
    0xf41bd821, 0x0001b259, 0x3912111a, 0x000919b2, 0xb0391211, 0x02b02f19, 0x090eb2d0, 0x39121100, 0xb11009b0, 0x0ab00111, 0xd821582b, 0xb059f41b, 
    0x17b11019, 0x2b0ab001, 0x1bd82158, 0x313059f4, 0x33011701, 0x14151616, 0x26222306, 0x14333526, 0x36323316, 0x23263435, 0x21013523, 0x03f40335, 
    0xd92e1ffe, 0x7ec2f0d2, 0xd93874d1, 0xbbc9b3b2, 0xe60165c5, 0xb005d5fc, 0x02cffd44, 0xdcbbd3e4, 0xa281be6a, 0xc9a4b9d1, 0x380237c4, 0x01000036, 
    0x75fe7a00, 0x3a04f703, 0x60001b00, 0x1d1c0bb2, 0x00391211, 0xb02f0bb0, 0xb0584500, 0xb11b2f02, 0x593e1202, 0xb00100b1, 0x21582b0a, 0x59f41bd8, 
    0x000204b2, 0xb2391211, 0x11020b1b, 0x1bb03912, 0x011ab12f, 0x582b0ab0, 0xf41bd821, 0x1b05b259, 0x3912111a, 0x1a0b10b2, 0xb0391211, 0x13b1100b, 
    0x2b0ab001, 0x1bd82158, 0x313059f4, 0x21352101, 0x16320117, 0x23061415, 0x35262622, 0x33161433, 0x34353632, 0x35232326, 0xd4fcbb03, 0xfe036503, 
    0xeff2e81e, 0x74d17ec3, 0xb3b2d938, 0x44d0d1c9, 0x44370304, 0xd2e7cefd, 0xbe6addb9, 0xb9d1a180, 0x38ccc1a3, 0x92ffffff, 0x1f044bfe, 0x2602b005, 
    0x0000b100, 0x27022600, 0x0600488d, 0x002f5302, 0x8affffff, 0x36034bfe, 0x26023a04, 0x0000ec00, 0x27022700, 0x7cff95ff, 0x53020600, 0xffff0027, 
    0x4bfe3600, 0xb0059604, 0x3c002600, 0x07000000, 0xa6035302, 0xffff0000, 0x4bfe3700, 0x3a04b003, 0x5c002600, 0x07000000, 0xc0025302, 0x02000000, 
    0x00003f00, 0xb005be03, 0x12000a00, 0x04b25200, 0x12111413, 0x1004b039, 0x00d00db0, 0x584500b0, 0x1b2f01b0, 0x3e1601b1, 0x4500b059, 0x2f03b058, 
    0x0603b11b, 0x00b2593e, 0x12110301, 0x2f00b039, 0xb11003b0, 0x0ab0010b, 0xd821582b, 0xb059f41b, 0x0cb11000, 0x2b0ab001, 0x1bd82158, 0x313059f4, 
    0x11331101, 0x35262221, 0x01373634, 0x06222111, 0x03171610, 0x58fe3688, 0xd7f9fbdc, 0x8efe7901, 0xbbd4dfc1, 0x88022803, 0xb9db50fa, 0xfd02d8ba, 
    0xbfbc020e, 0x04bfc6fe, 0x3f000200, 0xb3050000, 0x1700b005, 0x5c001f00, 0x212007b2, 0xb0391211, 0x18b01007, 0x00b000d0, 0x08b05845, 0x08b11b2f, 
    0xb0593e16, 0xb0584500, 0xb11b2f00, 0x593e0600, 0x000806b2, 0xb0391211, 0x00b02f06, 0x0118b110, 0x582b0ab0, 0xf41bd821, 0xd00ab059, 0x080010b2, 
    0xb0391211, 0x19b11006, 0x2b0ab001, 0x1bd82158, 0x313059f4, 0x35262221, 0x21373634, 0x37113311, 0x36373636, 0x16163327, 0x23060607, 0x22211127, 
    0x17161006, 0xfbdc1602, 0x7901d7f9, 0x918a9e36, 0x32410404, 0x0402291a, 0xfecc9fba, 0xd4dfc18e, 0xbab9dbbb, 0x880202d8, 0x020183fa, 0xbead98b0, 
    0xaf5cb758, 0xbc0236cf, 0xbfc6febf, 0x02000004, 0xe7ff7a00, 0x18062d06, 0x2e002000, 0x1bb27d00, 0x1211302f, 0x101bb039, 0x00d021b0, 0x584500b0, 
    0x1b2f07b0, 0x3e1807b1, 0x4500b059, 0x2f03b058, 0x1203b11b, 0x00b0593e, 0x18b05845, 0x18b11b2f, 0xb0593e06, 0xb0584500, 0xb11b2f1d, 0x593e061d, 
    0x180306b2, 0xb0391211, 0x0bb11018, 0x2b0ab001, 0x1bd82158, 0x12b259f4, 0x12111803, 0x031ab239, 0x39121118, 0xb11003b0, 0x0ab00124, 0xd821582b, 
    0xb059f41b, 0x2ab0100b, 0x133130d0, 0x32331210, 0x33111716, 0x36331011, 0x26363712, 0x16163727, 0x23020207, 0x06062706, 0x27022223, 0x23262601, 
    0x14110222, 0x36323312, 0xdb7a2737, 0x39b97abd, 0xb6a2e337, 0x1d290204, 0x022b1a38, 0xd3b8d704, 0x83ca3335, 0x030ad8b3, 0x89ba2a03, 0xa8b5baa5, 
    0x0429bf8b, 0x05011e02, 0x696d2b01, 0x49fba002, 0x0102c0fe, 0xca64eb03, 0xca620164, 0xfef8fe67, 0x68e104e2, 0xe9090175, 0x8c872801, 0xfffef2fe, 
    0x81fdfee5, 0x01002e79, 0xe7ff3100, 0xb005bb05, 0x69002b00, 0x2d2c11b2, 0x00391211, 0x584500b0, 0x1b2f09b0, 0x3e1609b1, 0x4500b059, 0x2f25b058, 
    0x0625b11b, 0x01b2593e, 0x1211092c, 0x2f01b039, 0xb11009b0, 0x0ab00107, 0xd821582b, 0xb059f41b, 0x2bb11001, 0x2b0ab001, 0x1bd82158, 0x10b259f4, 
    0x1211012b, 0x1025b039, 0xb00116b1, 0x21582b0a, 0x59f41bd8, 0x09251db2, 0x30391211, 0x33351331, 0x26341120, 0x21352127, 0x14151616, 0x13160706, 
    0x33161415, 0x3637023e, 0x17332726, 0x020e0716, 0x27260623, 0xfe211035, 0xdc9101bf, 0x0192fed3, 0xa8f4e976, 0x7d07d68d, 0x62a56967, 0x1e2b0202, 
    0x03301739, 0x78c16c03, 0xfe068f85, 0x37cb02c0, 0x94935001, 0xb2033601, 0x18cb92ab, 0x67f6fe36, 0x7e02957e, 0xcb6486ea, 0x80bb5864, 0x048efc9c, 
    0x014fa7a2, 0x0100004c, 0xe7ff2c00, 0x3a04d004, 0x63002a00, 0x2c2b1bb2, 0x00391211, 0x584500b0, 0x1b2f21b0, 0x3e1221b1, 0x4500b059, 0x2f0fb058, 
    0x060fb11b, 0x03b1593e, 0x2b0ab001, 0x1bd82158, 0x08b259f4, 0x1211210f, 0x2119b239, 0x3912112b, 0xb12f19b0, 0x0ab00116, 0xd821582b, 0xb059f41b, 
    0x1fb11021, 0x2b0ab002, 0x1bd82158, 0x28b259f4, 0x12111916, 0x25313039, 0x36331614, 0x27363736, 0x07161633, 0x06230606, 0x34352726, 0x27232726, 
    0x35363233, 0x21232634, 0x16162127, 0x07061415, 0xa9021716, 0xa18e615b, 0x41520404, 0x04022a1b, 0x7678a0c5, 0xe0858b04, 0xa383e002, 0xfefe9bb8, 
    0xb1180106, 0xa65e63c9, 0x5163d506, 0xa3bbc502, 0x4f9f519c, 0x7204eccc, 0x6e63567d, 0x627b3303, 0x03328e6a, 0x8753899e, 0x00ab3020, 0x72000100, 
    0xbd03c3fe, 0x2500af05, 0x11b26000, 0x12112726, 0x1ab00039, 0x4500b02f, 0x2f0ab058, 0x160ab11b, 0x00b0593e, 0x1eb05845, 0x1eb11b2f, 0xb2593e06, 
    0x110a2601, 0x01b03912, 0x0100b12f, 0x582b0ab0, 0xf41bd821, 0x100ab059, 0xb00108b1, 0x21582b0a, 0x59f41bd8, 0x010011b2, 0xb0391211, 0x17b0101e, 
    0x582b0ab0, 0x59dc1bd8, 0x35133130, 0x35363633, 0x21232634, 0x16162135, 0x07061415, 0x16151304, 0x14153317, 0x37362707, 0x27262337, 0x23263435, 
    0xe0c6b1e3, 0xdffed6d1, 0xf4e02a01, 0x1c0184a0, 0x36160108, 0x0751256a, 0x01480401, 0xab02bbcc, 0x98ae0236, 0x0236ada3, 0xc67ec0c4, 0xecfe301e, 
    0x84324fa1, 0x682071a9, 0x9457456f, 0x00a59785, 0x68000100, 0x6603e1fe, 0x23003a04, 0x23b26000, 0x12112524, 0x18b00039, 0x4500b02f, 0x2f0ab058, 
    0x120ab11b, 0x00b0593e, 0x1cb05845, 0x1cb11b2f, 0xb2593e06, 0x110a2401, 0x01b03912, 0x0100b12f, 0x582b0ab0, 0xf41bd821, 0x100ab059, 0xb00108b1, 
    0x21582b0a, 0x59f41bd8, 0x010011b2, 0xb0391211, 0x15b0101c, 0x582b0ab0, 0x59dc1bd8, 0x27133130, 0x35363633, 0x21272634, 0x16322137, 0x07061415, 
    0x33151716, 0x27071415, 0x23353636, 0x34352726, 0x02cc2326, 0x9f9aa3f8, 0x04adfea5, 0xc5bb4901, 0x02c06065, 0x2d256a34, 0x020e242c, 0xee018e95, 
    0x79730236, 0x3701747c, 0x87679396, 0x95c62d1c, 0x2071a984, 0x2454713a, 0x776a9158, 0x40000100, 0x2e07ebff, 0x2200b005, 0x00b26500, 0x12112423, 
    0x00b00039, 0x0eb05845, 0x0eb11b2f, 0xb0593e16, 0xb0584500, 0xb11b2f06, 0x593e0606, 0x584500b0, 0x1b2f1fb0, 0x3e061fb1, 0x100eb059, 0xb00100b1, 
    0x21582b0a, 0x59f41bd8, 0xb11006b0, 0x0ab00109, 0xd821582b, 0xb059f41b, 0x13b1101f, 0x2b0ab001, 0x1bd82158, 0x19b259f4, 0x1211060e, 0x01313039, 
    0x02020321, 0x35230706, 0x12363633, 0x11211313, 0x36371614, 0x27363712, 0x07161637, 0x22230202, 0x81043526, 0x182c73fd, 0x2c73854c, 0x406b6430, 
    0xf5022f14, 0xb6a2697a, 0x38460204, 0x04011b29, 0x8f8abad5, 0x64fd7a05, 0xe6feb9fe, 0x0336037a, 0x011f0179, 0xfbc5021a, 0x0198a1a9, 0xeb030102, 
    0x9901f0a2, 0xfcfe4cae, 0xb5b8defe, 0x27000100, 0xe605ebff, 0x21003a04, 0x00b26500, 0x12112322, 0x00b00039, 0x0cb05845, 0x0cb11b2f, 0xb0593e12, 
    0xb0584500, 0xb11b2f05, 0x593e0605, 0x584500b0, 0x1b2f1eb0, 0x3e061eb1, 0x100cb059, 0xb00100b1, 0x21582b0a, 0x59f41bd8, 0xb11005b0, 0x0ab00107, 
    0xd821582b, 0xb059f41b, 0x11b1101e, 0x2b0ab001, 0x1bd82158, 0x18b259f4, 0x1211050c, 0x01313039, 0x06020321, 0x33352307, 0x13373636, 0x16141121, 
    0x37363637, 0x37272636, 0x06071616, 0x26222306, 0xfe610327, 0x7b101513, 0x662d2687, 0x02180f5f, 0x985f7057, 0x290204ac, 0x172e371d, 0xb1ca0401, 
    0x0401857f, 0xfe06fe03, 0x3502e6df, 0x02f1ce04, 0xa11ffd42, 0xd4020198, 0x5fbf5fc5, 0x4396a501, 0xb2b5f5dc, 0xd2000100, 0xdc06e7ff, 0x1c00b005, 
    0x13b26900, 0x12111e1d, 0x00b00039, 0x00b05845, 0x00b11b2f, 0xb0593e16, 0xb0584500, 0xb11b2f18, 0x593e1618, 0x584500b0, 0x1b2f16b0, 0x3e0616b1, 
    0x4500b059, 0x2f10b058, 0x0610b11b, 0x04b1593e, 0x2b0ab001, 0x1bd82158, 0x0ab259f4, 0x12111600, 0x001bb239, 0x39121116, 0x2f1bb07c, 0x0114b118, 
    0x582b0ab0, 0xf41bd821, 0x01313059, 0x33161611, 0x36371236, 0x16173727, 0x23020207, 0x11272606, 0x11231121, 0x11211133, 0x74016304, 0x04b6a26f, 
    0x17384702, 0xd704032f, 0x068d87b7, 0x3636dbfc, 0xb0052503, 0x9e94a3fb, 0xeb030102, 0x5901f39f, 0xf8fe83b7, 0xb804e2fe, 0xfd5c01ba, 0xfdb0054b, 
    0x00c5023b, 0x9d000100, 0xe605e7ff, 0x1c003a04, 0x00b26c00, 0x12111e1d, 0x00b00039, 0x04b05845, 0x04b11b2f, 0xb0593e12, 0xb0584500, 0xb11b2f08, 
    0x593e1208, 0x584500b0, 0x1b2f02b0, 0x3e0602b1, 0x4500b059, 0x2f19b058, 0x0619b11b, 0x07b2593e, 0x12110208, 0x07b07c39, 0x00b1182f, 0x2b0ab001, 
    0x1bd82158, 0x19b059f4, 0x010cb110, 0x582b0ab0, 0xf41bd821, 0x0813b259, 0x39121102, 0x21013130, 0x33112311, 0x33112111, 0x36331011, 0x26363736, 
    0x16163727, 0x23060607, 0x03272606, 0x3672fd61, 0x368e0236, 0x04ab99cf, 0x381d2a02, 0x0401172e, 0x837cafcc, 0xfd070206, 0xfe3a04f9, 0xfdfe0102, 
    0x02c1fe26, 0xbf5fc3d6, 0x96a5015f, 0x04f1e043, 0x0100bbb7, 0xebff9a00, 0xc5058604, 0x49002200, 0x242300b2, 0x00391211, 0x584500b0, 0x1b2f09b0, 
    0x3e1609b1, 0x4500b059, 0x2f00b058, 0x0600b11b, 0x09b0593e, 0x010eb110, 0x582b0ab0, 0xf41bd821, 0x1000b059, 0xb00116b1, 0x21582b0a, 0x59f41bd8, 
    0x09001bb2, 0x30391211, 0x26220531, 0x34112702, 0x32333612, 0x23260717, 0x15110022, 0x33161214, 0x36373636, 0x16163327, 0x02020e07, 0x8af699b4, 
    0x9af78901, 0x86157ac3, 0xf2fed6a2, 0xc18fde77, 0x350304d5, 0x021c143a, 0x15d37702, 0xaf1a019c, 0x01b00b01, 0x39419e1c, 0xfec6fe44, 0xfea0fefe, 
    0xce0292fe, 0x5dd792b8, 0xca885ab2, 0x0100006c, 0xebff8600, 0x4e04c203, 0x46001f00, 0x212013b2, 0x00391211, 0x584500b0, 0x1b2f13b0, 0x3e1213b1, 
    0x4500b059, 0x2f0bb058, 0x060bb11b, 0x00b1593e, 0x2b0ab001, 0x1bd82158, 0x05b259f4, 0x1211130b, 0x1013b039, 0xb00118b1, 0x21582b0a, 0x59f41bd8, 
    0x36253130, 0x27343736, 0x06071633, 0x02222306, 0x36343535, 0x17323336, 0x22232607, 0x14151502, 0x4c021616, 0x1c02a39a, 0x04011c37, 0xfaccadc4, 
    0xb980c66b, 0x915c184c, 0xb664cfac, 0x81890221, 0x56966a82, 0x3301a999, 0xf7981ff5, 0x36313b8d, 0x1ce6f2fe, 0x0080e186, 0x1f000100, 0xf504e7ff, 
    0x1800b005, 0x16b24f00, 0x12111a19, 0x00b00039, 0x02b05845, 0x02b11b2f, 0xb0593e16, 0xb0584500, 0xb11b2f15, 0x593e0615, 0xb11002b0, 0x0ab00100, 
    0xd821582b, 0xb059f41b, 0x05b0d004, 0x1015b0d0, 0xb00109b1, 0x21582b0a, 0x59f41bd8, 0x15020fb2, 0x30391211, 0x35210131, 0x11211521, 0x36331606, 
    0x27363712, 0x07161637, 0x06230202, 0x46022726, 0x8004d9fd, 0x7402dffd, 0x04b6a271, 0x1a384702, 0xd504022b, 0x068f86b9, 0x36367a05, 0xa395dffb, 
    0xeb030102, 0x6201f39f, 0xfcfe67ca, 0xb904defe, 0x010000b9, 0xe7ff4100, 0x3a047b04, 0x4f001800, 0x1a1908b2, 0x00391211, 0x584500b0, 0x1b2f02b0, 
    0x3e1202b1, 0x4500b059, 0x2f15b058, 0x0615b11b, 0x02b0593e, 0x0100b110, 0x582b0ab0, 0xf41bd821, 0xd004b059, 0xb0d005b0, 0x09b11015, 0x2b0ab001, 
    0x1bd82158, 0x0fb259f4, 0x12111502, 0x01313039, 0x15213521, 0x16141121, 0x37363633, 0x16372736, 0x06060716, 0x27260623, 0x60fee101, 0x4cfe8b03, 
    0xad976e76, 0x38470204, 0x0401172d, 0x8f86b0ca, 0x35050406, 0x9c54fd35, 0xc7d5029c, 0xa101ea95, 0xf6de4996, 0x00b9b904, 0x8a000100, 0xca04ecff, 
    0x2900c505, 0x16b26f00, 0x12112b2a, 0x00b00039, 0x08b05845, 0x08b11b2f, 0xb0593e16, 0xb0584500, 0xb11b2f27, 0x593e0627, 0x270817b2, 0x7c391211, 
    0x182f17b0, 0xb00118b1, 0x21582b0a, 0x59f41bd8, 0x171802b2, 0xb0391211, 0x10b11008, 0x2b0ab001, 0x1bd82158, 0x0db259f4, 0x12111017, 0x1027b039, 
    0xb0011fb1, 0x21582b0a, 0x59f41bd8, 0x181f22b2, 0x30391211, 0x25101331, 0x34352626, 0x16323324, 0x34231516, 0x06222324, 0x17161415, 0x06231533, 
    0x04141506, 0x35243233, 0x06061433, 0x8a242223, 0xa9925101, 0x8df91d01, 0xfe3685ee, 0xf7e9c9ff, 0xc5cae5ed, 0x0901eeff, 0x0901d5ed, 0x9bfc7d36, 
    0x01d1fefd, 0x42250182, 0xbd79b326, 0x74b866cd, 0x9fb1c19b, 0x38039e9b, 0xa5a7a402, 0x79a3cfb7, 0x00db71be, 0x2200ffff, 0x07054bfe, 0x2600b005, 
    0x0000dd00, 0x53020700, 0x00001704, 0x2c00ffff, 0xeb034bfe, 0x26003a04, 0x0000f200, 0x53020700, 0x0000fb02, 0x50000200, 0xfd018204, 0x0500ca05, 
    0x28000e00, 0x2f0bb000, 0xb0d004b0, 0x00b02f04, 0x00b019d0, 0x0bb0182f, 0xd007b010, 0xb22f07b0, 0x5d01070f, 0xb0d001b0, 0x31302f01, 0x15331301, 
    0x33032303, 0x07171615, 0x01352626, 0x9f3b982a, 0x043ada34, 0x4e3b1a65, 0x39019104, 0x01d3fe15, 0x3c756e42, 0x4f7b1829, 0x3d00ffff, 0x13027f02, 
    0x0600b502, 0x00001100, 0x3d00ffff, 0x13027f02, 0x0600b502, 0x00001100, 0x9d00ffff, 0x8704d102, 0x46000703, 0x00d9af01, 0x0040cd4c, 0x6e00ffff, 
    0xa605d102, 0x47000703, 0x69ffaf01, 0x66660000, 0x02000040, 0xe0fe4d00, 0x00009b03, 0x07000300, 0xb0003f00, 0xb0584500, 0xb11b2f06, 0x593e0606, 
    0xb0d002b0, 0x0b402f02, 0x02100200, 0x02300220, 0x5d050240, 0xb00101b1, 0x21582b0a, 0x59f41bd8, 0xb11006b0, 0x0ab00105, 0xd821582b, 0x3059f41b, 
    0x35210131, 0x35213521, 0xfc9b0321, 0xfc4e03b2, 0xfe4e03b2, 0x36b436e0, 0x65000100, 0xf4009004, 0x07001206, 0x02b21300, 0x12110908, 0x00b00039, 
    0xd005b02f, 0x302f05b0, 0x06171331, 0x35231507, 0x5625cf36, 0x06043603, 0x7e6c2012, 0x009f7678, 0x4d000100, 0xdc007f04, 0x07000006, 0x02b21300, 
    0x12110908, 0x04b00039, 0xd000b02f, 0x302f00b0, 0x36271331, 0x15333737, 0x51257206, 0x04360107, 0x68207f04, 0x9f758a6f, 0x2f000100, 0xbe004aff, 
    0x0700e400, 0x04b21900, 0x12110908, 0x08b00039, 0xd004b02f, 0xb02f04b0, 0x00b0d000, 0x1731302f, 0x37373627, 0x54061533, 0x01075125, 0x20b60436, 
    0x8ea36f68, 0x0100009f, 0x7f046400, 0x0006f300, 0x0c000700, 0x2f07b000, 0xb0d004b0, 0x31302f04, 0x17161713, 0x35272607, 0x5107019a, 0x06046625, 
    0x686f8a00, 0x759f6d20, 0x6000ffff, 0xa8019004, 0x26001206, 0x00fb8401, 0x84010700, 0x0000b400, 0x4d00ffff, 0x92017f04, 0x26000006, 0x00008501, 
    0x85010700, 0x0000b600, 0x2f000200, 0x69014aff, 0x0700e400, 0x2b000f00, 0x111008b2, 0xb0391211, 0x05b01008, 0x10b000d0, 0xd004b02f, 0xb02f04b0, 
    0x0cb0d00c, 0xd008b02f, 0xb02f08b0, 0x00b0d000, 0x1731302f, 0x37373627, 0x17061533, 0x37373627, 0x54061533, 0x01075125, 0x25450436, 0x36010751, 
    0x6820b604, 0x9f8ea36f, 0x6f68206d, 0x009f8ea3, 0x41000100, 0x1f040000, 0x0b00b005, 0x03b25300, 0x12110d0c, 0x00b00039, 0x08b05845, 0x08b11b2f, 
    0xb0593e16, 0xb0584500, 0xb11b2f06, 0x593e1206, 0x584500b0, 0x1b2f0ab0, 0x3e120ab1, 0x4500b059, 0x2f02b058, 0x0602b11b, 0x0ab0593e, 0x0100b110, 
    0x582b0ab0, 0xf41bd821, 0xd004b059, 0x30d005b0, 0x11210131, 0x35211123, 0x11331121, 0xfe1f0421, 0x25fe3633, 0x0136db01, 0xfc0004cd, 0x3a000400, 
    0x8afe7601, 0x52000100, 0x2f0460fe, 0x1300b005, 0x01b28500, 0x12111514, 0x00b00039, 0x0cb05845, 0x0cb11b2f, 0xb0593e16, 0xb0584500, 0xb11b2f0a, 
    0x593e120a, 0x584500b0, 0x1b2f0eb0, 0x3e120eb1, 0x4500b059, 0x2f02b058, 0x0802b11b, 0x00b0593e, 0x00b05845, 0x00b11b2f, 0xb0593e06, 0xb0584500, 
    0xb11b2f04, 0x593e0604, 0xb00106b1, 0x21582b0a, 0x59f41bd8, 0xb1100eb0, 0x0ab00108, 0xd821582b, 0xb059f41b, 0x10b0d009, 0xd011b0d0, 0xb01006b0, 
    0x13b0d012, 0x213130d0, 0x11231121, 0x11213521, 0x11213521, 0x15211133, 0x04211121, 0x371ffe2f, 0xc5013bfe, 0xc5013bfe, 0xfee10137, 0xfee1011f, 
    0x36a00160, 0x0137cd03, 0x378afe76, 0x010033fc, 0x21029b00, 0x7d03e901, 0x17000c00, 0x0e0d09b2, 0x00391211, 0xb02f02b0, 0x2b0ab009, 0xdc1bd858, 
    0x13313059, 0x16323634, 0x06141515, 0x27262223, 0x5d965b9b, 0x5e48495e, 0x47dd0201, 0x1b4b5859, 0x47555747, 0xb900ffff, 0xa802faff, 0x26006900, 
    0x00261200, 0x12000701, 0x0000a601, 0xb0001d00, 0xb0584500, 0xb11b2f07, 0x593e0607, 0x584500b0, 0x1b2f10b0, 0x3e0610b1, 0x00313059, 0xb900ffff, 
    0x1904faff, 0x26006900, 0x00261200, 0x12002700, 0x0000a601, 0x12000700, 0x00001703, 0x64000100, 0xd3006302, 0x0b00d202, 0x03b21900, 0x12110d0c, 
    0x03b00039, 0x0509b12f, 0x582b0ab0, 0xf41bd821, 0x13313059, 0x32333634, 0x06141516, 0x64262223, 0x21171720, 0x20171721, 0x21179a02, 0x20171721, 
    0x06000020, 0xebff7300, 0xc5057607, 0x26001900, 0x42003400, 0x54005000, 0x02b2bc00, 0x12115655, 0x1002b039, 0xb0d01fb0, 0x32b01002, 0x1002b0d0, 
    0xb0d035b0, 0x48b01002, 0x1002b0d0, 0x00d053b0, 0xb02f51b0, 0x00b02f53, 0x1db05845, 0x1db11b2f, 0xb0593e16, 0xb0584500, 0xb11b2f16, 0x593e0616, 
    0xb0d003b0, 0x06b22f03, 0x12111603, 0xd009b039, 0xb02f09b0, 0x10b01016, 0x2f10b0d0, 0x031613b2, 0xb0391211, 0x24b0101d, 0x2f24b0d0, 0xb11016b0, 
    0x0ab0012a, 0xd821582b, 0xb059f41b, 0x31b11003, 0x2b0ab001, 0x1bd82158, 0x2ab059f4, 0xd038b010, 0xb01031b0, 0x24b0d03f, 0x0146b110, 0x582b0ab0, 
    0xf41bd821, 0x101db059, 0xb0014db1, 0x21582b0a, 0x59f41bd8, 0x34013130, 0x16323336, 0x33363617, 0x15151632, 0x22230614, 0x06062726, 0x35262223, 
    0x33363401, 0x15151632, 0x26220614, 0x16140135, 0x35363233, 0x23263435, 0x05150622, 0x32331614, 0x34353536, 0x06222326, 0x16140115, 0x35363233, 
    0x23263435, 0x13150622, 0x03170127, 0x57739b66, 0x86201c82, 0x9b9b7557, 0x21885673, 0x7354821d, 0x9a0dfd9d, 0x9a9c7475, 0x2a039de8, 0x77616277, 
    0x75626575, 0x6475e801, 0x65737363, 0x25fb7364, 0x75626377, 0x78606277, 0xc7022df8, 0x8165012d, 0x4e4e62ab, 0x4788ab62, 0x5060ab81, 0x87aa5f51, 
    0xad807c03, 0x7f4886ac, 0xfc87aaac, 0x8a8a6bc6, 0x876e4970, 0x6a4a7287, 0x496e8c8b, 0x71888570, 0x8a6aea02, 0x6c486e8b, 0xfb728b8a, 0x72041ff2, 
    0x0100001f, 0xb5006c00, 0xac03d901, 0x13000600, 0x080702b2, 0x00391211, 0xb02f05b0, 0x02b0d002, 0x1331302f, 0x35012301, 0x01b33301, 0xd9fe4626, 
    0x02462701, 0x0185fe30, 0x72011372, 0x6a000100, 0xd601ab00, 0x0600ac03, 0x05b21300, 0x12110807, 0x00b00039, 0xd003b02f, 0x302f03b0, 0x15011331, 
    0x01012301, 0xfe2601b0, 0x250146da, 0xac03dbfe, 0xfe1384fe, 0x017b018e, 0x01000086, 0x83004100, 0x14053503, 0x10000300, 0x050402b2, 0x00391211, 
    0xb02f02b0, 0x31302f00, 0x17012737, 0xc7022d6e, 0x041f832d, 0xffff1f72, 0x98024100, 0xad05b102, 0x21020703, 0x98020000, 0xb0001300, 0xb0584500, 
    0xb11b2f09, 0x593e1609, 0x30d00db0, 0x01000031, 0x8b027c00, 0xba05e302, 0x54001100, 0x131204b2, 0x00391211, 0x584500b0, 0x1b2f00b0, 0x3e1600b1, 
    0x4500b059, 0x2f04b058, 0x1604b11b, 0x00b0593e, 0x0fb05845, 0x0fb11b2f, 0xb0593e0a, 0xb0584500, 0xb11b2f07, 0x593e0a07, 0x0f0401b2, 0xb0391211, 
    0x0bb11004, 0x2b0ab002, 0x1bd82158, 0x313059f4, 0x36361713, 0x11112033, 0x23261123, 0x11070622, 0x09a81123, 0x015c8929, 0xe9063524, 0x371a8e64, 
    0x4d9cb005, 0xfec8fe59, 0xed110209, 0xe0fd6975, 0x01002503, 0x00006300, 0xc4052504, 0x9c002800, 0x2a2920b2, 0x00391211, 0x584500b0, 0x1b2f18b0, 
    0x3e1618b1, 0x4500b059, 0x2f06b058, 0x0606b11b, 0x28b2593e, 0x12111806, 0x2f28b039, 0x4f283fb4, 0xb15d0228, 0x0ab00101, 0xd821582b, 0xb059f41b, 
    0x05b11006, 0x2b0ab001, 0x1bd82158, 0x09b059f4, 0x1001b0d0, 0xb0d00db0, 0x10b01028, 0x1028b0d0, 0xb0d024b0, 0x0fb62f24, 0x2f241f24, 0xb15d0324, 
    0x0ab00126, 0xd821582b, 0xb059f41b, 0x24b0d011, 0xd013b010, 0x06181cb2, 0xb0391211, 0x1fb11018, 0x2b0ab001, 0x1bd82158, 0x313059f4, 0x16172101, 
    0x21172107, 0x36363335, 0x35232727, 0x35232733, 0x36342733, 0x15163233, 0x23263423, 0x17150622, 0x17211521, 0xfed60221, 0x47040597, 0xfc01f502, 
    0x3330783e, 0xd0d10502, 0x07c8ca06, 0xc9ada8c6, 0x9395ab36, 0x720107a5, 0x010690fe, 0x94e4016a, 0x363658c2, 0x946ba10e, 0xf338c937, 0xb3d0e9cc, 
    0xb7c8ae9f, 0x00c938f3, 0x28000500, 0xd1050000, 0x1b00b005, 0x23001f00, 0x29002600, 0x23b2e000, 0x12112b2a, 0x1023b039, 0xb0d018b0, 0x1db01023, 
    0x1023b0d0, 0xb0d025b0, 0x29b01023, 0x00b000d0, 0x16b05845, 0x16b11b2f, 0xb0593e16, 0xb0584500, 0xb11b2f1a, 0x593e161a, 0x584500b0, 0x1b2f08b0, 
    0x3e0608b1, 0x4500b059, 0x2f0cb058, 0x060cb11b, 0x05b2593e, 0x12110816, 0x2f05b039, 0x01056fb2, 0xd001b05d, 0xb42f01b0, 0x011f010f, 0x02b15d02, 
    0x2b0ab001, 0x1bd82158, 0x05b059f4, 0x0106b110, 0x582b0ab0, 0xf41bd821, 0xd00ab059, 0xb01006b0, 0x05b0d00e, 0xd010b010, 0xb01002b0, 0x01b0d012, 
    0xd014b010, 0xb01001b0, 0x05b0d018, 0xd01cb010, 0xb01002b0, 0x05b0d01e, 0xd020b010, 0xb01002b0, 0x01b0d022, 0xd024b010, 0x081626b2, 0xb2391211, 
    0x11081627, 0x06b03912, 0xd028b010, 0x33013130, 0x33152315, 0x23112315, 0x23112101, 0x33352311, 0x33352335, 0x21013311, 0x21013311, 0x21052127, 
    0x21252135, 0x21110101, 0xc8c80905, 0xfe36c8c8, 0x37c5fd8f, 0xc8c8c8c8, 0x02870137, 0x1efc3625, 0xfeaa1602, 0x01560294, 0xfe01fe56, 0xfe470153, 
    0xfeac03b9, 0x367903d0, 0xe9fd36f6, 0xe9fd1702, 0xf6361702, 0xfd370236, 0xfc3702c9, 0xf6f6f69d, 0xfbdb0136, 0x00b8010b, 0xcb000200, 0xe205ecff, 
    0x1f00b005, 0xa6002800, 0x2a2923b2, 0xb0391211, 0x11b01023, 0x00b000d0, 0x16b05845, 0x16b11b2f, 0xb0593e16, 0xb0584500, 0xb11b2f1a, 0x593e121a, 
    0x584500b0, 0x1b2f1eb0, 0x3e121eb1, 0x4500b059, 0x2f14b058, 0x0614b11b, 0x00b0593e, 0x0ab05845, 0x0ab11b2f, 0xb0593e06, 0x00b1101e, 0x2b0ab001, 
    0x1bd82158, 0x0ab059f4, 0x0105b110, 0x582b0ab0, 0xf41bd821, 0x1000b059, 0xb0d00eb0, 0x21b2d00f, 0x1211141e, 0x2f21b039, 0xb00112b1, 0x21582b0a, 
    0x59f41bd8, 0xb0101eb0, 0x1db0d01d, 0x1016b02f, 0xb00127b1, 0x21582b0a, 0x59f41bd8, 0x23013130, 0x33161411, 0x06173732, 0x27262223, 0x06062311, 
    0x23112107, 0x16322111, 0x33113317, 0x21013311, 0x34353632, 0x05212726, 0x584bf6c1, 0x21093f2c, 0x01667650, 0xd8fb02b9, 0x0136fbfe, 0x11fbc939, 
    0xfbf637bb, 0xc0030140, 0xfebad3e0, 0xfd0304ea, 0x096e7300, 0x8d830c33, 0xe1c40703, 0x05a3fd01, 0x01b0c6b0, 0xfedcfe24, 0xa7a9c959, 0xffff05c9, 
    0xecffc300, 0xb005c907, 0x36002600, 0x07000000, 0x4c045700, 0x07000000, 0x00002800, 0xb0051406, 0x23001f00, 0x2b002700, 0x35003000, 0xfe003a00, 
    0x3c3b39b2, 0xb0391211, 0x1eb01039, 0x1039b0d0, 0xb0d022b0, 0x27b01039, 0x1039b0d0, 0xb0d02ab0, 0x2db01039, 0x1039b0d0, 0x00d033b0, 0x584500b0, 
    0x1b2f02b0, 0x3e1602b1, 0x4500b059, 0x2f0cb058, 0x060cb11b, 0x00b0593e, 0x10b05845, 0x10b11b2f, 0xb2593e06, 0x110c0208, 0x08b03912, 0xd000b02f, 
    0xb02f00b0, 0x00b0d004, 0x0106b110, 0x582b0ab0, 0xf41bd821, 0x1008b059, 0xb0010ab1, 0x21582b0a, 0x59f41bd8, 0xb0d00eb0, 0x12b0100a, 0x1008b0d0, 
    0xb0d014b0, 0x16b01006, 0x1000b0d0, 0xb0d018b0, 0x1ab01002, 0x1000b0d0, 0xb0d01cb0, 0x1eb01002, 0x1008b0d0, 0xb0d020b0, 0x22b01006, 0x1008b0d0, 
    0xb0d024b0, 0x26b01006, 0x1008b0d0, 0xb0d028b0, 0x2ab01006, 0x100ab0d0, 0xb2d02db0, 0x110c0230, 0x0ab03912, 0xd032b010, 0x0c0235b2, 0xb0391211, 
    0x36b01000, 0x0239b2d0, 0x3912110c, 0x21013130, 0x33033313, 0x33072315, 0x23032315, 0x23032103, 0x33352303, 0x33352327, 0x21133303, 0x33013313, 
    0x33052137, 0x21052137, 0x37032327, 0x25171723, 0x17172337, 0x27273301, 0x01b40307, 0x703b7076, 0xf237bbaf, 0x8b3d83fe, 0x3d8ca6fe, 0x37f0fc84, 
    0x3c70adb9, 0x78780170, 0xee17fe3c, 0x02a1fe3a, 0xfe37eddd, 0x01bdfea2, 0xbcce3a42, 0x3136d53a, 0xd432e202, 0x50fe3736, 0x363724b5, 0xfb01b503, 
    0xf63605fe, 0x02adfd36, 0x02adfd53, 0x36f63653, 0x05fefb01, 0xd9fcfb01, 0xf6f6f6f6, 0xf4e0fdf6, 0xe3edddf3, 0x3203ebe5, 0x00e8e79a, 0xaa000200, 
    0x5f050000, 0x0d003a04, 0x73001b00, 0x1d1c08b2, 0xb0391211, 0x10b01008, 0x00b000d0, 0x00b05845, 0x00b11b2f, 0xb0593e12, 0xb0584500, 0xb11b2f16, 
    0x593e1216, 0x584500b0, 0x1b2f0bb0, 0x3e060bb1, 0x4500b059, 0x2f0eb058, 0x060eb11b, 0x11b1593e, 0x2b0ab001, 0x1bd82158, 0x00b059f4, 0x0109b110, 
    0x582b0ab0, 0xf41bd821, 0x1105b259, 0x39121109, 0xb22f05b0, 0x11110910, 0x10b03912, 0x0131302f, 0x11171632, 0x26261123, 0x23112123, 0x33110111, 
    0x36322111, 0x11331137, 0x02070606, 0x04a3b160, 0x9d840336, 0x013682fe, 0x7d0136a7, 0x3603849e, 0x04b0a102, 0xfecdc33a, 0xb55401aa, 0x04fbfba8, 
    0x02c6fb3a, 0xa84ffde6, 0xfda802b5, 0x01c8d261, 0x48000100, 0x0804ebff, 0x2700c405, 0x18b29100, 0x12112928, 0x00b00039, 0x19b05845, 0x19b11b2f, 
    0xb0593e16, 0xb0584500, 0xb11b2f0a, 0x593e060a, 0x0a1927b2, 0xb0391211, 0x00b12f27, 0x2b0ab001, 0x1bd82158, 0x0ab059f4, 0x0105b110, 0x582b0ab0, 
    0xf41bd821, 0x1000b059, 0xb0d00eb0, 0x10b01027, 0x1027b0d0, 0xb0d015b0, 0x09402f15, 0x151f150f, 0x153f152f, 0x12b15d04, 0x2b0ab001, 0x1bd82158, 
    0x19b059f4, 0x011eb110, 0x582b0ab0, 0xf41bd821, 0x1015b059, 0xb0d022b0, 0x24b01012, 0x013130d0, 0x00141521, 0x15373233, 0x00222306, 0x35233511, 
    0x35233533, 0x00123533, 0x15173233, 0x02222326, 0x15211507, 0x03211521, 0x0139fe12, 0x6676e001, 0xfef97369, 0xcdcdcde2, 0x1a0102cd, 0x707e60f9, 
    0x01f9e56e, 0x39fec701, 0x4802c701, 0xfafeef32, 0x011f3922, 0x2f070127, 0x2a38bf37, 0x23010101, 0xfe233a1f, 0x3829edfe, 0x040000bf, 0x00002800, 
    0xb0050305, 0x22001b00, 0x2c002700, 0x2bb2cc00, 0x12112e2d, 0x102bb039, 0xb0d01bb0, 0x1fb0102b, 0x102bb0d0, 0x00d026b0, 0x584500b0, 0x1b2f0bb0, 
    0x3e160bb1, 0x4500b059, 0x2f01b058, 0x0601b11b, 0x0bb0593e, 0xd00ab010, 0x402f0ab0, 0x100a0009, 0x300a200a, 0xb05d040a, 0x06b0d006, 0x0600b42f, 
    0x5d020610, 0xb0d02ab0, 0x30b22f2a, 0xb15d012a, 0x0ab00100, 0xd821582b, 0xb059f41b, 0x04b11006, 0x2b0ab001, 0x1bd82158, 0x0ab059f4, 0x0107b110, 
    0x582b0ab0, 0xf41bd821, 0x100ab059, 0xb0d023b0, 0x0fb02f23, 0x2f0fb0d0, 0xb01007b0, 0x12b0d01f, 0x1006b0d0, 0xb0d020b0, 0x16b02f20, 0x2f16b0d0, 
    0xb01004b0, 0x19b0d029, 0x100bb0d0, 0xb00127b1, 0x21582b0a, 0x59f41bd8, 0x11013130, 0x35231123, 0x35233533, 0x32213533, 0x15331716, 0x14151623, 
    0x23153307, 0x34012106, 0x21152127, 0x26212536, 0x21012121, 0x01202115, 0xc8c83626, 0xc701c8c8, 0x962dddac, 0x840e0e84, 0xa1fe5e95, 0xfc12a601, 
    0x112003e1, 0x0a03cffc, 0xfedbfe5e, 0xfc0a0379, 0x018601f6, 0xfd670227, 0x36570399, 0x84f736f6, 0x423a3673, 0xf0363a40, 0x3c429e01, 0xc1f339f6, 
    0x00baddfd, 0x3c000100, 0x72030000, 0x1c00b005, 0x01b27200, 0x12111e1d, 0x00b00039, 0x1bb05845, 0x1bb11b2f, 0xb0593e16, 0xb0584500, 0xb11b2f0c, 
    0x593e060c, 0xb1101bb0, 0x0ab00100, 0xd821582b, 0xb059f41b, 0x05b0101b, 0x2f05b0d0, 0xb00106b1, 0x21582b0a, 0x59f41bd8, 0xb01005b0, 0x10b0d010, 
    0x010ab12f, 0x582b0ab0, 0xf41bd821, 0x1006b059, 0xb0d013b0, 0x15b01005, 0x1000b0d0, 0xb0d019b0, 0x3130d01a, 0x16162101, 0x23073317, 0x01230606, 
    0x35012315, 0x37363633, 0x26213721, 0x37232726, 0xfe5e0321, 0x07766479, 0x09a614ba, 0xea01bbe8, 0x5206fe39, 0xfd0bc79b, 0x320214ba, 0xa9b3e00a, 
    0x05220314, 0x7caf317a, 0xfdd7ac36, 0x65020ea9, 0x93b70336, 0x03ba9f36, 0x01000036, 0xfeff3900, 0xb0054a03, 0x9d001c00, 0x1e1d19b2, 0x00391211, 
    0x584500b0, 0x1b2f0fb0, 0x3e160fb1, 0x4500b059, 0x2f04b058, 0x0604b11b, 0x11b2593e, 0x1211040f, 0x2f11b039, 0xb0d015b0, 0x0b402f15, 0x15101500, 
    0x15301520, 0x5d051540, 0xb00116b1, 0x21582b0a, 0x59f41bd8, 0xb0d017b0, 0x07b0d006, 0x1015b0d0, 0xb0d014b0, 0x08b0d009, 0x1011b0d0, 0xb00112b1, 
    0x21582b0a, 0x59f41bd8, 0xb0d013b0, 0x0bb0d00a, 0x1011b0d0, 0xb0d010b0, 0x0cb0d00d, 0x1004b0d0, 0xb00118b1, 0x21582b0a, 0x59f41bd8, 0x0f041cb2, 
    0x30391211, 0x10150131, 0x11272300, 0x35373507, 0x11373507, 0x15371133, 0x15371507, 0x00321107, 0x4a033511, 0x36f7d3fe, 0xb7b7b7b7, 0xe9e9e936, 
    0x0b01e3e9, 0xfe820803, 0x02a1fed7, 0x3b49f502, 0x3b49ab49, 0xfe9a0149, 0x5d3b5d7b, 0x5d3b5dab, 0x3f012afd, 0x00831201, 0x78000100, 0xc2040000, 
    0x17003a04, 0x00b25d00, 0x12111918, 0x00b00039, 0x16b05845, 0x16b11b2f, 0xb0593e12, 0xb0584500, 0xb11b2f04, 0x593e0604, 0x584500b0, 0x1b2f0ab0, 
    0x3e060ab1, 0x4500b059, 0x2f10b058, 0x0610b11b, 0x00b2593e, 0x12110416, 0x2f00b039, 0xb00109b1, 0x21582b0a, 0x59f41bd8, 0xb0d00cb0, 0x15b01000, 
    0x013130d0, 0x15110016, 0x02103523, 0x11231127, 0x15110206, 0x00103523, 0x02333537, 0x1b01f1b6, 0x36d9fd36, 0x0137fcd5, 0x0336ed1b, 0xa0fe0a6c, 
    0xe9e8e6fe, 0x3c010701, 0x03cafc0a, 0xc6fe0a36, 0xe6e9f7fe, 0x5e011e01, 0x0200ce0a, 0x00002800, 0xb0058d04, 0x1f001600, 0x00b28300, 0x12112120, 
    0xd018b039, 0x4500b000, 0x2f0cb058, 0x160cb11b, 0x00b0593e, 0x02b05845, 0x02b11b2f, 0xb2593e06, 0x11020c16, 0x16b03912, 0x0100b12f, 0x582b0ab0, 
    0xf41bd821, 0xd004b059, 0xb01016b0, 0x16b0d006, 0xd00bb010, 0x402f0bb0, 0x1f0b0f0d, 0x3f0b2f0b, 0x5f0b4f0b, 0xb15d060b, 0x0ab00108, 0xd821582b, 
    0xb059f41b, 0x0bb0d013, 0xd017b010, 0xb1100cb0, 0x0ab0011e, 0xd821582b, 0x3059f41b, 0x11210131, 0x35231123, 0x35233533, 0x32211133, 0x06141516, 
    0x21152107, 0x36322125, 0x23263435, 0xfeb60221, 0xc8c83670, 0xc701c8c8, 0xdef1f7df, 0x900168fe, 0x910170fe, 0xc5dbdbc5, 0x91016ffe, 0x91016ffe, 
    0x0336a036, 0xc6c8e113, 0xd6a002d8, 0xc5b0aabe, 0x72000400, 0x8505ebff, 0x1b00c505, 0x37002900, 0x95003b00, 0x3d3c00b2, 0xb0391211, 0x00b0d01c, 
    0xd02ab010, 0xb01000b0, 0xb000d038, 0x3ab02f38, 0x4500b02f, 0x2f0ab058, 0x160ab11b, 0x00b0593e, 0x26b05845, 0x26b11b2f, 0xb0593e06, 0x03b0100a, 
    0x2f03b0d0, 0x030a0eb2, 0xb0391211, 0x11b1100a, 0x2b0ab001, 0x1bd82158, 0x03b059f4, 0x0118b110, 0x582b0ab0, 0xf41bd821, 0x031bb259, 0x3912110a, 
    0xb01026b0, 0x1fb0d01f, 0x1026b02f, 0xb0012db1, 0x21582b0a, 0x59f41bd8, 0xb1101fb0, 0x0ab00134, 0xd821582b, 0x3059f41b, 0x06140131, 0x35262223, 
    0x33363435, 0x23151632, 0x22232634, 0x14151506, 0x36323316, 0x36340135, 0x15163233, 0x23061415, 0x17352622, 0x32331614, 0x34353536, 0x06222326, 
    0x01270515, 0x8c7c0217, 0xa1a2706c, 0x378e6c6f, 0x7e5b576c, 0x6d545e7d, 0x749b2101, 0x739b9b75, 0x77379d74, 0x75756263, 0xfe756364, 0xc7022d07, 
    0x59f6032d, 0x4683af7d, 0x5c7cb17c, 0x6c915b46, 0x5a906446, 0x816ffd45, 0x4788abab, 0x87aaab81, 0x8b8a6b05, 0x8471496f, 0x1fde7287, 0x001f7204, 
    0x4e000200, 0x0603ebff, 0x18000106, 0x5d002200, 0x24230cb2, 0xb0391211, 0x19b0100c, 0x0db000d0, 0x4500b02f, 0x2f00b058, 0x0600b11b, 0x07b2593e, 
    0x1211000d, 0x2f07b039, 0xb00106b1, 0x21582b0a, 0x59f41bd8, 0xb0d014b0, 0x18b11000, 0x2b0ab001, 0x1bd82158, 0x07b059f4, 0xd019b010, 0xb1100db0, 
    0x0ab00120, 0xd821582b, 0x3059f41b, 0x26220531, 0x23063535, 0x11373235, 0x32333634, 0x14151516, 0x14150702, 0x36013316, 0x34353512, 0x11222326, 
    0xab9eb202, 0x809b9982, 0x6f566672, 0x8291a4c3, 0xa78aedfe, 0x15a23f50, 0x3c46dceb, 0x53024035, 0x96aaccb1, 0x99feca1c, 0xd0be6560, 0x01592f02, 
    0x861ab84a, 0x00b4fe80, 0xc0000400, 0x82070000, 0x0300c005, 0x1e001000, 0xa4002800, 0x2a2920b2, 0xb0391211, 0x01b01020, 0x1020b0d0, 0xb0d004b0, 
    0x11b01020, 0x00b000d0, 0x24b05845, 0x24b11b2f, 0xb0593e16, 0xb0584500, 0xb11b2f27, 0x593e1627, 0x584500b0, 0x1b2f06b0, 0x3e1606b1, 0x4500b059, 
    0x2f1fb058, 0x061fb11b, 0x00b0593e, 0x22b05845, 0x22b11b2f, 0xb0593e06, 0x0db01006, 0x2f0db0d0, 0xb0d003b0, 0x00b12f03, 0x2b0ab001, 0x1bd82158, 
    0x0db059f4, 0x0114b110, 0x582b0ab0, 0xf41bd821, 0x1006b059, 0xb0011bb1, 0x21582b0a, 0x59f41bd8, 0x1f2421b2, 0xb2391211, 0x111f2426, 0x31303912, 
    0x21352101, 0x20363401, 0x14151516, 0x26222306, 0x16141735, 0x35363233, 0x23263435, 0x01150622, 0x23110123, 0x11013311, 0xfd810733, 0xfd4402bc, 
    0x1201a7a0, 0x8988a7a8, 0x778536a9, 0x73898674, 0xecfe8872, 0x37eafc36, 0x36160337, 0x0236c501, 0xb8b99676, 0xb797709c, 0x83059db6, 0x71839995, 
    0x87989980, 0x4a0595fb, 0xb005b6fa, 0x4705b9fa, 0x6f000200, 0x3b049703, 0x0c00b005, 0x80001400, 0x161503b2, 0xb0391211, 0x0db01003, 0x00b000d0, 
    0x06b05845, 0x06b11b2f, 0xb0593e16, 0xb0584500, 0xb11b2f09, 0x593e1609, 0x584500b0, 0x1b2f13b0, 0x3e1613b1, 0x1009b059, 0xb2d000b0, 0x11061501, 
    0x01b03912, 0x1000b02f, 0xb0d003b0, 0x04b01001, 0x1001b0d0, 0xb0d008b0, 0x0bb01001, 0x1006b0d0, 0xb0010db1, 0x21582b0a, 0x59f41bd8, 0xb0d00eb0, 
    0x0fb01001, 0x100eb0d0, 0xb0d011b0, 0x3130d012, 0x03230301, 0x33112311, 0x11331313, 0x11230123, 0x35231123, 0xa4040421, 0x4537a434, 0x3745b0b0, 
    0x38aaf7fd, 0x058c01aa, 0x014bfe4c, 0x023dfec3, 0x0135fe19, 0x01e7fdcb, 0x0120fee0, 0x020039e0, 0xecff9300, 0x4e048e04, 0x1c001500, 0x02b26500, 
    0x12111e1d, 0x1002b039, 0x00d016b0, 0x584500b0, 0x1b2f0ab0, 0x3e120ab1, 0x4500b059, 0x2f02b058, 0x0602b11b, 0x19b2593e, 0x1211020a, 0x2f19b039, 
    0xb0040fb1, 0x21582b0a, 0x59f41bd8, 0xb11002b0, 0x0ab00413, 0xd821582b, 0xb259f41b, 0x11020a15, 0x0ab03912, 0x0416b110, 0x582b0ab0, 0xf41bd821, 
    0x25313059, 0x26222306, 0x12343502, 0x16323336, 0x21151716, 0x32331611, 0x07220137, 0x26112111, 0xbbb71104, 0x9087f491, 0xe38584f8, 0x00fd0384, 
    0xacc49a77, 0x7a9790fe, 0x5e731c02, 0x01019d72, 0x03018f93, 0x90f38b9f, 0x6eb8fe3e, 0x7a2a037a, 0x1e01ebfe, 0xffff0071, 0xf5ff7300, 0x9d058d05, 
    0xc7012700, 0x8602f0ff, 0x94012700, 0x0000f300, 0x25020701, 0x00000603, 0xb0001000, 0xb0584500, 0xb11b2f05, 0x593e1605, 0xffff3130, 0xf5ff9c00, 
    0xb4053c06, 0x20022700, 0x94024c00, 0x94012700, 0x0000a501, 0x25020701, 0x0000b503, 0xb0001000, 0xb0584500, 0xb11b2f0e, 0x593e160e, 0xffff3130, 
    0xf5ff8d00, 0xb1051506, 0x22022700, 0x9c021000, 0x94012700, 0x00008601, 0x25020701, 0x00008e03, 0xb0001000, 0xb0584500, 0xb11b2f01, 0x593e1601, 
    0xffff3130, 0xf5ff7d00, 0xb305c805, 0x24022700, 0x9e023b00, 0x94012700, 0x00002001, 0x25020701, 0x00004103, 0xb0001000, 0xb0584500, 0xb11b2f05, 
    0x593e1605, 0x02003130, 0xebff6a00, 0xfa053204, 0x2b001b00, 0x1cb25b00, 0x12112d2c, 0x101cb039, 0x00d011b0, 0xb02f09b0, 0xb0584500, 0xb11b2f11, 
    0x593e0611, 0xb11009b0, 0x0ab00103, 0xd821582b, 0xb259f41b, 0x11110906, 0x19b23912, 0x12110911, 0x2f19b039, 0xb0011cb1, 0x21582b0a, 0x59f41bd8, 
    0xb11011b0, 0x0ab00124, 0xd821582b, 0x3059f41b, 0x02020131, 0x07062223, 0x32333627, 0x14151300, 0x22230602, 0x35352626, 0x20363634, 0x06222516, 
    0x16141515, 0x12323316, 0x27263511, 0x0efa0326, 0x875dd1ea, 0xcd7f1d45, 0x030a01ee, 0x878fe27e, 0xda787ad8, 0xfee01201, 0x6aecb897, 0xf6c37abe, 
    0x03864a1c, 0x014f0111, 0x29433764, 0xfe5efe87, 0xfeba5b79, 0xe87ca6d5, 0xe6902b90, 0xfe42787e, 0xd07b1fcb, 0x01540174, 0x4955230f, 0x01000083, 
    0xf0feb400, 0xb0054104, 0x2c000700, 0x090801b2, 0x00391211, 0xb02f00b0, 0xb0584500, 0xb11b2f06, 0x593e1606, 0xb00102b1, 0x21582b0a, 0x59f41bd8, 
    0xb01000b0, 0x3130d004, 0x21112301, 0x21112311, 0xfc364104, 0x8d0336df, 0x8a06f0fe, 0xc00676f9, 0x39000100, 0x8c04f2fe, 0x0f00b005, 0x06b23e00, 
    0x12111110, 0x03b00039, 0x4500b02f, 0x2f08b058, 0x1608b11b, 0x03b0593e, 0x0102b110, 0x582b0ab0, 0xf41bd821, 0xd005b059, 0xb11008b0, 0x0ab0010d, 
    0xd821582b, 0xb059f41b, 0x3130d007, 0x15210101, 0x01013521, 0x35173335, 0x01211521, 0xb9fdcc02, 0xadfb0704, 0xacfd5402, 0xf2030225, 0x480232fc, 
    0xe4fc4402, 0x33032b36, 0x032c3403, 0xe1fc3503, 0xa3000100, 0xe603d102, 0x03000703, 0xb0001200, 0x01b12f02, 0x2b0ab001, 0x1bd82158, 0x313059f4, 
    0x21352101, 0xbdfce603, 0xd1024303, 0x01000036, 0x00004100, 0xb005aa03, 0x39000a00, 0x0c0b04b2, 0x00391211, 0xb02f09b0, 0xb0584500, 0xb11b2f02, 
    0x593e1602, 0x584500b0, 0x1b2f04b0, 0x3e0604b1, 0xd001b059, 0xb11009b0, 0x0ab00108, 0xd821582b, 0x3059f41b, 0x01172531, 0x35230133, 0x33352303, 
    0x01358f01, 0x35fe3aac, 0xa37cee34, 0x60059fef, 0x020150fa, 0x0300368a, 0xebff8c00, 0x4e041308, 0x2b001b00, 0x67003c00, 0x3e3d07b2, 0xb0391211, 
    0x23b01007, 0x1007b0d0, 0x00d034b0, 0x584500b0, 0x1b2f04b0, 0x3e0604b1, 0xd00ab059, 0xb02f0ab0, 0x12b0d012, 0xd018b02f, 0xb22f18b0, 0x11180407, 
    0x15b23912, 0x12110418, 0x1012b039, 0xb00139b1, 0x21582b0a, 0x59f41bd8, 0xb0d020b0, 0x30b1100a, 0x2b0ab001, 0x1bd82158, 0x28b059f4, 0x013130d0, 
    0x23060614, 0x06272422, 0x00222304, 0x36343535, 0x04323336, 0x33243617, 0x27151232, 0x23262634, 0x15070222, 0x33161617, 0x05351232, 0x33161614, 
    0x37371232, 0x02262735, 0x15022223, 0xd0741308, 0xf8fea582, 0xfdfe5551, 0xfffec6a4, 0xa482cf74, 0x50500a01, 0xc5a50b01, 0xb46536ff, 0x47f99d75, 
    0x9af74604, 0xe5f8deb2, 0x9a77b466, 0x010444f8, 0xaf9df846, 0x940502e0, 0xe7f88bfb, 0x3201f3ec, 0xfa9424f4, 0xe4e5fa8b, 0xf2cdfefb, 0x80e2810c, 
    0x2ae4fefe, 0x01fedd0c, 0x840dd918, 0x03017ee2, 0x03290dd8, 0xfe0401df, 0x0100dbe9, 0x4bfe61ff, 0x15065202, 0x3f001700, 0x191800b2, 0x00391211, 
    0x584500b0, 0x1b2f0fb0, 0x3e180fb1, 0x4500b059, 0x2f03b058, 0x0803b11b, 0x08b1593e, 0x2b0ab001, 0x1bd82158, 0x0fb059f4, 0x0114b110, 0x582b0ab0, 
    0xf41bd821, 0x17313059, 0x22230614, 0x33163727, 0x11353632, 0x32333634, 0x23260717, 0xee150622, 0x3a368796, 0x7033300d, 0x4b859577, 0x43340835, 
    0xaa597a6b, 0x123414b2, 0x2d058e98, 0x3411a59c, 0x00808b0f, 0x65000200, 0x12047f01, 0x1300db03, 0x7c002700, 0x292819b2, 0xb0391211, 0x04b01019, 
    0x02b000d0, 0xd007b02f, 0xb02f07b0, 0x09b01002, 0x1007b0d0, 0xb0010cb1, 0x21582b0a, 0x59f41bd8, 0xb11002b0, 0x0ab00111, 0xd821582b, 0xb059f41b, 
    0x13b0100c, 0x1002b0d0, 0xb0d016b0, 0x1bb02f16, 0x2f1bb0d0, 0xb01016b0, 0x1bb0d01d, 0x0120b110, 0x582b0ab0, 0xf41bd821, 0x1016b059, 0xb00125b1, 
    0x21582b0a, 0x59f41bd8, 0xb01020b0, 0x3130d027, 0x36333613, 0x33161717, 0x06173732, 0x27272223, 0x07220726, 0x36333603, 0x33161717, 0x06173732, 
    0x27272223, 0x07220726, 0x5286666f, 0x4d46994a, 0x66076880, 0xa0424e86, 0x68804f49, 0x52866611, 0x4d46994a, 0x66066880, 0xa0424e86, 0x68804f49, 
    0x02924503, 0x96224f23, 0x531f9242, 0xfe960222, 0x230292bc, 0x4096224f, 0x22531f92, 0x01009602, 0x98009300, 0x9c04d503, 0x43001300, 0x151408b2, 
    0x00391211, 0xb12f06b0, 0x0ab00105, 0xd821582b, 0xb059f41b, 0x06b0d000, 0xd00ab010, 0xb12f0ab0, 0x0ab00109, 0xd821582b, 0xb059f41b, 0x0eb0100a, 
    0x1009b0d0, 0xb0d011b0, 0x12b01006, 0x013130d0, 0x13270321, 0x13213523, 0x13213521, 0x15210317, 0x03210321, 0xa1f0fdd5, 0x01f5932f, 0x24fec814, 
    0x2fa1fa01, 0xfe0b0193, 0xf201c8d6, 0xe4feb401, 0x36040118, 0x01366101, 0xfdfe181b, 0x009ffe36, 0x4c00ffff, 0x97030100, 0x66008b04, 0x5a002000, 
    0x43400040, 0xaf010701, 0x30fda9ff, 0xb0001300, 0xb0584500, 0xb11b2f08, 0x593e0608, 0x30d003b0, 0xffff0031, 0x02006a00, 0x9104b603, 0x22006600, 
    0x00405d00, 0x07014340, 0xc7ffaf01, 0x130031fd, 0x4500b000, 0x2f08b058, 0x0608b11b, 0x04b0593e, 0x003130d0, 0x44000200, 0xc0030000, 0x0500b005, 
    0x38000900, 0x0b0a06b2, 0xb0391211, 0x01b01006, 0x00b000d0, 0x00b05845, 0x00b11b2f, 0xb0593e16, 0xb0584500, 0xb11b2f03, 0x593e0603, 0x030006b2, 
    0xb2391211, 0x11030008, 0x31303912, 0x01013301, 0x01040923, 0xa40133e9, 0xfe335cfe, 0xfebe015b, 0x01790187, 0xfdb0057a, 0x0229fd27, 0xfd9802d7, 
    0x0267fd68, 0xffff0099, 0xa6009a00, 0xd7040e01, 0x12002700, 0xac000700, 0x12000700, 0x6e040c00, 0x7d000200, 0x9b01c102, 0x03003a04, 0x34000700, 
    0x090800b2, 0xb0391211, 0xb000d005, 0xb0584500, 0xb11b2f06, 0x593e1206, 0x584500b0, 0x1b2f02b0, 0x3e1202b1, 0x0800b259, 0x39121106, 0xb02f00b0, 
    0x3130d004, 0x33112313, 0x33112313, 0xe73737b4, 0xc1023636, 0x87fe7901, 0x01007901, 0x35ff9700, 0x74001201, 0x2e000700, 0x090804b2, 0x00391211, 
    0xb02f08b0, 0x04b0d004, 0x000d402f, 0x20041004, 0x40043004, 0x06045004, 0xd000b05d, 0xb22f00b0, 0x5d010000, 0x27173130, 0x33373736, 0x25bc0615, 
    0x3601063e, 0x5620cb01, 0x8f4f6f5a, 0x4200ffff, 0xa6040000, 0x26001506, 0x00004a00, 0x4a000700, 0x00000d02, 0x42000200, 0x74030000, 0x16001506, 
    0x88001a00, 0x1c1b08b2, 0xb0391211, 0x18b01008, 0x00b000d0, 0x03b05845, 0x03b11b2f, 0xb0593e12, 0xb0584500, 0xb11b2f12, 0x593e1212, 0x584500b0, 
    0x1b2f19b0, 0x3e1219b1, 0x4500b059, 0x2f08b058, 0x1808b11b, 0x00b0593e, 0x00b05845, 0x00b11b2f, 0xb0593e06, 0xb0584500, 0xb11b2f17, 0x593e0617, 
    0xb11012b0, 0x0ab00101, 0xd821582b, 0xb059f41b, 0x08b0d002, 0x010eb110, 0x582b0ab0, 0xf41bd821, 0x1002b059, 0xb0d014b0, 0x3130d015, 0x35231133, 
    0x36363533, 0x07173233, 0x22232627, 0x21151506, 0x21112115, 0xfe331123, 0xaa01bcbc, 0x087b9198, 0x7d75533b, 0xfe1e0191, 0x364002e2, 0x37030436, 
    0x39b2a188, 0x991f1834, 0xfb378488, 0x003a04fd, 0x42000100, 0x74030000, 0x17001506, 0x13b26f00, 0x12111918, 0x00b00039, 0x06b05845, 0x06b11b2f, 
    0xb0593e12, 0xb0584500, 0xb11b2f0e, 0x593e120e, 0x584500b0, 0x1b2f13b0, 0x3e1813b1, 0x4500b059, 0x2f0ab058, 0x060ab11b, 0x00b0593e, 0x16b05845, 
    0x16b11b2f, 0xb0593e06, 0x02b11013, 0x2b0ab001, 0x1bd82158, 0x06b059f4, 0x0108b110, 0x582b0ab0, 0xf41bd821, 0xd00cb059, 0x30d00db0, 0x23260131, 
    0x15150622, 0x11211521, 0x35231123, 0x36363533, 0x11173233, 0xbe3e0323, 0x017b6b66, 0x36e2fe1e, 0x9501bcbc, 0x36e07b85, 0x8b2bb405, 0xfb379a80, 
    0x370304fd, 0x3da7969e, 0x020028fa, 0x00004200, 0x1506b405, 0x2c002800, 0x12b2b400, 0x12112e2d, 0x1012b039, 0x00d02ab0, 0x584500b0, 0x1b2f03b0, 
    0x3e1203b1, 0x4500b059, 0x2f11b058, 0x1211b11b, 0x00b0593e, 0x20b05845, 0x20b11b2f, 0xb0593e12, 0xb0584500, 0xb11b2f2b, 0x593e122b, 0x584500b0, 
    0x1b2f08b0, 0x3e1808b1, 0x4500b059, 0x2f00b058, 0x0600b11b, 0x00b0593e, 0x24b05845, 0x24b11b2f, 0xb0593e06, 0xb0584500, 0xb11b2f29, 0x593e0629, 
    0xb11011b0, 0x0ab00101, 0xd821582b, 0xb059f41b, 0x08b0d002, 0x010db110, 0x582b0ab0, 0xf41bd821, 0x1008b059, 0xb0d016b0, 0x1cb0100d, 0x1002b0d0, 
    0xb0d022b0, 0x26b0d023, 0xd027b0d0, 0x11333130, 0x35333523, 0x32333636, 0x23260717, 0x15150622, 0x36363521, 0x07173233, 0x22232627, 0x21151506, 
    0x23112115, 0x21112111, 0xfe331123, 0x9501bcbc, 0x08364a85, 0x7b6b4334, 0xaa010a02, 0x087b9198, 0x7d75533b, 0xfe1e0191, 0xf6fd36e2, 0x36368004, 
    0x9e370304, 0x3411a796, 0x9a808b0f, 0x39b2a188, 0x991f1834, 0xfb378488, 0xfb0304fd, 0x003a04fd, 0x42000100, 0xb4050000, 0x29001506, 0x12b2a100, 
    0x12112b2a, 0x00b00039, 0x03b05845, 0x03b11b2f, 0xb0593e12, 0xb0584500, 0xb11b2f11, 0x593e1211, 0x584500b0, 0x1b2f21b0, 0x3e1221b1, 0x4500b059, 
    0x2f08b058, 0x1808b11b, 0x00b0593e, 0x00b05845, 0x00b11b2f, 0xb0593e06, 0xb0584500, 0xb11b2f19, 0x593e0619, 0x584500b0, 0x1b2f25b0, 0x3e0625b1, 
    0x1011b059, 0xb00101b1, 0x21582b0a, 0x59f41bd8, 0xb0d002b0, 0x0db11008, 0x2b0ab001, 0x1bd82158, 0x08b059f4, 0xd016b010, 0xb0100db0, 0x02b0d01d, 
    0xd023b010, 0xb0d024b0, 0x28b0d027, 0x333130d0, 0x33352311, 0x33363635, 0x26071732, 0x15062223, 0x36352115, 0x17323336, 0x26112311, 0x15062223, 
    0x21152115, 0x21112311, 0xbcbcfe11, 0x4a859501, 0x43340836, 0x0a027b6b, 0x7b859501, 0x66be36e0, 0x1e017b6b, 0xfd36e2fe, 0x370304f6, 0x11a7969e, 
    0x808b0f34, 0xa7969e9a, 0x0528fa3d, 0x808b2bb4, 0xfdfb379a, 0xfdfb0304, 0x42000100, 0x4304ecff, 0x26001506, 0x02b29400, 0x12112827, 0x00b00039, 
    0x0bb05845, 0x0bb11b2f, 0xb0593e12, 0xb0584500, 0xb11b2f13, 0x593e1213, 0x584500b0, 0x1b2f25b0, 0x3e1225b1, 0x4500b059, 0x2f10b058, 0x1810b11b, 
    0x00b0593e, 0x07b05845, 0x07b11b2f, 0xb0593e06, 0xb0584500, 0xb11b2f1f, 0x593e061f, 0xb11010b0, 0x0ab00103, 0xd821582b, 0xb059f41b, 0x09b1100b, 
    0x2b0ab001, 0x1bd82158, 0x15b059f4, 0xd016b0d0, 0xb1101fb0, 0x0ab0011a, 0xd821582b, 0xb059f41b, 0x23b01016, 0xd024b0d0, 0x26013130, 0x06222727, 
    0x11231115, 0x35333523, 0x32333636, 0x15331117, 0x16141123, 0x17373233, 0x26222306, 0x35231127, 0x42f50233, 0x7a6b2674, 0x02bcbc36, 0x8a8a8494, 
    0x584bf6f6, 0x21093f2c, 0x01667650, 0xac05c8c8, 0x8b020b26, 0x042cfb80, 0x99a13703, 0x6afe45a1, 0x7300fd37, 0x0c33096e, 0x07038d83, 0x01000037, 
    0xebff6c00, 0xcc051106, 0xc6004900, 0x4b4a17b2, 0x00391211, 0xb02f35b0, 0xb0584500, 0xb11b2f2e, 0x593e122e, 0x584500b0, 0x1b2f38b0, 0x3e1238b1, 
    0x4500b059, 0x2f48b058, 0x1248b11b, 0x00b0593e, 0x1cb05845, 0x1cb11b2f, 0xb0593e06, 0xb0584500, 0xb11b2f43, 0x593e0643, 0xb11035b0, 0x0ab00102, 
    0xd821582b, 0xb259f41b, 0x111c2e0c, 0x2eb03912, 0x010fb110, 0x582b0ab0, 0xf41bd821, 0x1c29b259, 0x3912112e, 0xb11029b0, 0x0ab00115, 0xd821582b, 
    0xb259f41b, 0x112e1c20, 0x1cb03912, 0x0123b110, 0x582b0ab0, 0xf41bd821, 0x1038b059, 0xb0013ab1, 0x21582b0a, 0x59f41bd8, 0xb11043b0, 0x0ab0013e, 
    0xd821582b, 0xb059f41b, 0x46b0103a, 0xd047b0d0, 0x10013130, 0x15062223, 0x17021e14, 0x26342317, 0x15062223, 0x04161614, 0x14151616, 0x26222306, 
    0x16163335, 0x35363233, 0x26262534, 0x33363435, 0x35261732, 0x20333634, 0x15331511, 0x33141123, 0x06173732, 0x11032223, 0x04333523, 0x6f5ff6c2, 
    0x03114e1a, 0x94b83702, 0x8c3ea68e, 0x469c0c01, 0xdfb6aad2, 0x9eb90836, 0xb0feb591, 0xa1c99eca, 0x922a6397, 0xf62c0172, 0x3f2ca3f6, 0xd74b270a, 
    0x04c8c806, 0x6e1f0178, 0x9a5c3f5f, 0x6d1d243b, 0x495d7c92, 0x543e4353, 0x9c805373, 0x7f7282a5, 0x47c56087, 0x7776872b, 0x55653e9a, 0xa8fe8f73, 
    0x14fd373a, 0x0e3109f6, 0xff021901, 0x16000037, 0x72fe5600, 0xae05e907, 0x1a000d00, 0x37002800, 0x43003d00, 0x4f004900, 0x5a005600, 0x62005e00, 
    0x6a006600, 0x76006e00, 0x7e007a00, 0x86008200, 0x8e008a00, 0x10b2c501, 0x1211908f, 0x1010b039, 0xb0d000b0, 0x1bb01010, 0x1010b0d0, 0xb0d030b0, 
    0x3cb01010, 0x1010b0d0, 0xb0d03eb0, 0x46b01010, 0x1010b0d0, 0xb0d04ab0, 0x50b01010, 0x1010b0d0, 0xb0d057b0, 0x5bb01010, 0x1010b0d0, 0xb0d061b0, 
    0x63b01010, 0x1010b0d0, 0xb0d067b0, 0x6db01010, 0x1010b0d0, 0xb0d070b0, 0x77b01010, 0x1010b0d0, 0xb0d07bb0, 0x7fb01010, 0x1010b0d0, 0xb0d084b0, 
    0x88b01010, 0x1010b0d0, 0x00d08cb0, 0xb02f3db0, 0xb0584500, 0xb11b2f46, 0x593e1646, 0x03447db2, 0x797cb22b, 0x78b22b03, 0xb22b0381, 0x2b033a7f, 
    0x463d0ab2, 0xb0391211, 0x03b02f0a, 0x2f03b0d0, 0xb0d00eb0, 0x0ab02f0e, 0xd00fb010, 0xb22f0fb0, 0x110f0e6f, 0xb07c3912, 0xb1182f6f, 0x0ab00350, 
    0xd821582b, 0xb259f41b, 0x116f5015, 0x0ab03912, 0x031eb110, 0x582b0ab0, 0xf41bd821, 0x1003b059, 0xb00325b1, 0x21582b0a, 0x59f41bd8, 0xb0100fb0, 
    0x29b0d029, 0x100eb02f, 0xb0d02eb0, 0x34b12f2e, 0x2b0ab003, 0x1bd82158, 0x3db059f4, 0xd06bb010, 0xb0d067b0, 0x3eb0d063, 0x043fb1d0, 0x582b0ab0, 
    0xf41bd821, 0xd065b059, 0xb0d069b0, 0x3cb0d06d, 0x103ab0d0, 0xb0d041b0, 0x47b11046, 0x2b0ab004, 0x1bd82158, 0x5fb059f4, 0xd05bb0d0, 0xb0d057b0, 
    0x46b0d04a, 0xd060b010, 0xb0d05cb0, 0x4bb0d058, 0x1044b0d0, 0xb0d04eb0, 0x51b1100e, 0x2b0ab003, 0x1bd82158, 0x0fb059f4, 0x0376b110, 0x582b0ab0, 
    0xf41bd821, 0x1078b059, 0xb0d084b0, 0x85b01079, 0x107cb0d0, 0xb0d088b0, 0x89b0107d, 0x107fb0d0, 0xb0d08cb0, 0x8db01081, 0x013130d0, 0x22230614, 
    0x34352726, 0x16323336, 0x33111317, 0x14151632, 0x15161607, 0x34012314, 0x06222326, 0x16141515, 0x35363233, 0x14113301, 0x26222306, 0x33143335, 
    0x01353632, 0x33153311, 0x33352115, 0x01113335, 0x23152111, 0x21352515, 0x01352311, 0x35323315, 0x35132734, 0x35211521, 0x35211521, 0x35011521, 
    0x35211521, 0x35211521, 0x33131521, 0x26343532, 0x23012323, 0x23353335, 0x23113335, 0x23253335, 0x23353335, 0x23113335, 0x34033335, 0x80666481, 
    0x65687e02, 0xbc430280, 0x32547262, 0x8ffed034, 0x4a40414a, 0x4940424a, 0x695cba03, 0x5d6d5852, 0xf9362968, 0x05c471c4, 0xf86fc728, 0xc435016d, 
    0x3601ec05, 0x7e5cfc6f, 0x01cb6267, 0x015bfd16, 0x015cfd15, 0x010a0214, 0x015bfd16, 0x015cfd15, 0x765dbc14, 0xfc5d3c3a, 0x717171f1, 0x07717171, 
    0x6f6f6f22, 0x016f6f6f, 0x787962d4, 0x7c5f755e, 0xb3fe5e78, 0x4d492502, 0x460d2054, 0x48019b2d, 0x454e4e45, 0x4e4e4570, 0xfe4f0145, 0x515d4e86, 
    0x2c365b53, 0x3b01c9fc, 0xca7171ca, 0x1f06c5fe, 0xa9741d01, 0xe3fe74a9, 0xa9b6fca9, 0x03045253, 0x7474744a, 0xf9747474, 0x71717138, 0x03717171, 
    0x1e2950c4, 0x7efcd3fe, 0xf915fcfa, 0xfa7efc7e, 0x00f915fc, 0x5c000500, 0xd707d5fd, 0x03007308, 0x20001c00, 0x28002400, 0xb0004600, 0x25b02f21, 
    0x1d04b22f, 0x25b02b03, 0xd000b010, 0xb02f00b0, 0x02b01021, 0x2f02b0d0, 0xb01000b0, 0x0db0d00d, 0xd014b02f, 0xb22f14b0, 0x11140407, 0x19b23912, 
    0x12110414, 0x1002b039, 0xb0d020b0, 0x31302f20, 0x34050309, 0x36363736, 0x23263435, 0x33070622, 0x32333636, 0x07141516, 0x17150606, 0x03331523, 
    0x03231533, 0x04231533, 0xfcbf0318, 0x0444fc41, 0x4a241e0f, 0x9095a75c, 0x02cb02a0, 0x38392b3a, 0xca2f5b5d, 0x044bcaca, 0x04040204, 0x31fc5206, 
    0xcf0331fc, 0x183a3af1, 0x804a8727, 0x337f8b97, 0x5f344034, 0x4c5c413c, 0x4cfdaa5b, 0x049e0a04, 0xc2000300, 0x2e029504, 0x0300a206, 0x18000e00, 
    0xb0008100, 0xb0584500, 0xb11b2f0c, 0x593e140c, 0xb0d006b0, 0x0f402f06, 0x064f063f, 0x066f065f, 0x068f067f, 0x5d07069f, 0xb0d002b0, 0x0f402f02, 
    0x024f023f, 0x026f025f, 0x028f027f, 0x5d07029f, 0xb0d000b0, 0x0f402f00, 0x001f000f, 0x003f002f, 0x005f004f, 0x5d07006f, 0xb01002b0, 0xb019d003, 
    0xb0182f03, 0x11b1100c, 0x2b0ab002, 0x1bd82158, 0x06b059f4, 0x0117b110, 0x582b0ab0, 0xf41bd821, 0x01313059, 0x07230733, 0x16323634, 0x23061415, 
    0x14372622, 0x35363216, 0x06222634, 0xb850de01, 0x74517242, 0x3b3a4f4f, 0x48343350, 0x34483232, 0xc4bfa206, 0x3856543a, 0x38525337, 0x26323226, 
    0x00333328, 0x56000100, 0x8b020000, 0x18002003, 0x09b25b00, 0x12111a19, 0x00b00039, 0x10b05845, 0x10b11b2f, 0xb0593e10, 0xb0584500, 0xb11b2f00, 
    0x593e0600, 0xb00217b1, 0x21582b0a, 0x59f41bd8, 0x001702b2, 0xb2391211, 0x11001003, 0x10b03912, 0x0209b110, 0x582b0ab0, 0xf41bd821, 0x100cb259, 
    0x39121100, 0x100016b2, 0x30391211, 0x35212131, 0x35363601, 0x22232634, 0x34231506, 0x16323336, 0x020f1415, 0xfd8b0221, 0x4f2201e1, 0x6661624a, 
    0x77973672, 0x42718574, 0x2cdc01fb, 0x744d2701, 0x685b4d33, 0x76876755, 0x467b5e62, 0x010000f8, 0x00008300, 0x1703b101, 0x41000600, 0x080701b2, 
    0x00391211, 0x584500b0, 0x1b2f05b0, 0x3e1005b1, 0x4500b059, 0x2f00b058, 0x0600b11b, 0x04b2593e, 0x12110500, 0x2f04b039, 0xb00203b1, 0x21582b0a, 
    0x59f41bd8, 0x050302b2, 0x30391211, 0x11232131, 0x33253507, 0xf836b101, 0x02092501, 0x613551d2, 0x5e000200, 0x7802f5ff, 0x0d002003, 0x48001b00, 
    0x1d1c03b2, 0xb0391211, 0x18b01003, 0x00b000d0, 0x0ab05845, 0x0ab11b2f, 0xb0593e10, 0xb0584500, 0xb11b2f03, 0x593e0603, 0xb1100ab0, 0x0ab00211, 
    0xd821582b, 0xb059f41b, 0x18b11003, 0x2b0ab002, 0x1bd82158, 0x313059f4, 0x23061401, 0x35352622, 0x32333634, 0x34271516, 0x06222326, 0x16141515, 
    0x35363233, 0x83897802, 0x818c8e80, 0x70358b82, 0x73716768, 0x016f6866, 0xafafa347, 0xafa387a3, 0x8705a3af, 0x8f8a9495, 0x8a959588, 0x55000200, 
    0x6d03f2ff, 0x17009d04, 0x68002500, 0x27261fb2, 0xb0391211, 0x0bb0101f, 0x00b000d0, 0x0bb05845, 0x0bb11b2f, 0xb0593e14, 0xb0584500, 0xb11b2f12, 
    0x593e0612, 0x0b1203b2, 0xb0391211, 0x00b22f03, 0x12110b03, 0x1012b039, 0xb00114b1, 0x21582b0a, 0x59f41bd8, 0xb11003b0, 0x0ab00118, 0xd821582b, 
    0xb059f41b, 0x1fb1100b, 0x2b0ab001, 0x1bd82158, 0x313059f4, 0x23060601, 0x35262622, 0x33363634, 0x15151632, 0x23050010, 0x00363337, 0x37363225, 
    0x23263435, 0x15060622, 0x37031614, 0x6d73bc32, 0xb56664b0, 0xfed1be6e, 0x2bebfedf, 0x01f92402, 0x80a1fe0c, 0xa5b120bf, 0xb6569a5f, 0x655a3702, 
    0x706ab668, 0xdef16dc0, 0xfedcfe75, 0x023604c1, 0x89731101, 0xd1c3316a, 0x8f5ea760, 0x030000c4, 0xf0ff5800, 0x9d049b03, 0x23001700, 0x74002f00, 
    0x313015b2, 0xb0391211, 0x1bb01015, 0x1015b0d0, 0x00d027b0, 0x584500b0, 0x1b2f15b0, 0x3e1415b1, 0x4500b059, 0x2f09b058, 0x0609b11b, 0x2db2593e, 
    0x12110915, 0x2db07c39, 0x1bb1182f, 0x2b0ab001, 0x1bd82158, 0x03b259f4, 0x12112d1b, 0x2d0fb239, 0x3912111b, 0xb11009b0, 0x0ab00121, 0xd821582b, 
    0xb059f41b, 0x27b11015, 0x2b0ab001, 0x1bd82158, 0x313059f4, 0x07061401, 0x14151616, 0x26222306, 0x37363435, 0x34352626, 0x16323336, 0x23263403, 
    0x14150622, 0x36323316, 0x23263403, 0x14150622, 0x36323316, 0x6c807603, 0xbee2967b, 0x7f90e3c0, 0xacd07f6b, 0xce12d3aa, 0xc9cba09d, 0x24c9a0a4, 
    0xb4928abd, 0xb59094b4, 0x925e6303, 0x689c1f1f, 0x95acae93, 0x1f209d66, 0xac8e5e92, 0x743cfdab, 0x79749797, 0xb1029090, 0x728e926e, 0x008c8b6c, 
    0x45000100, 0x8c030000, 0x06008d04, 0x01b23a00, 0x12110807, 0x00b00039, 0x05b05845, 0x05b11b2f, 0xb0593e14, 0xb0584500, 0xb11b2f01, 0x593e0601, 
    0xb11005b0, 0x0ab00103, 0xd821582b, 0xb259f41b, 0x11050300, 0x31303912, 0x01230101, 0x03213521, 0x38c1fd8c, 0xf6fc3a02, 0x6a044703, 0x560496fb, 
    0x02000037, 0xf0ff8400, 0x9a049103, 0x20001300, 0x02b26500, 0x12112221, 0x1002b039, 0x00d014b0, 0x584500b0, 0x1b2f00b0, 0x3e1400b1, 0x4500b059, 
    0x2f0db058, 0x060db11b, 0x00b0593e, 0x0101b110, 0x582b0ab0, 0xf41bd821, 0x0007b259, 0x3912110d, 0xb22f07b0, 0x110d0704, 0x14b13912, 0x2b0ab001, 
    0x1bd82158, 0x0db059f4, 0x011bb110, 0x582b0ab0, 0xf41bd821, 0x01313059, 0x07002015, 0x32333636, 0x06141516, 0x35262223, 0x13001035, 0x15070622, 
    0x32331614, 0x26343536, 0xfbfef402, 0x350dd9fe, 0xcfac6cba, 0xe6b3a1d3, 0x75454501, 0x9ec51ac5, 0x04b2b28c, 0xe6fe369a, 0xd35950f6, 0xe8e2adab, 
    0x320178bc, 0x2cfe5c01, 0xa25f5d7c, 0x9690c9c7, 0x010000b2, 0xf0ffa200, 0x8d049b03, 0x70001e00, 0x201f08b2, 0x00391211, 0x584500b0, 0x1b2f01b0, 
    0x3e1401b1, 0x4500b059, 0x2f0eb058, 0x060eb11b, 0x01b0593e, 0x0103b110, 0x582b0ab0, 0xf41bd821, 0x0108b259, 0x3912110e, 0xb22f08b0, 0x110e0805, 
    0x0eb03912, 0x0115b110, 0x582b0ab0, 0xf41bd821, 0x1008b059, 0xb0011bb1, 0x21582b0a, 0x59f41bd8, 0x1b1512b2, 0xb2391211, 0x11151b1e, 0x31303912, 
    0x15211313, 0x36360321, 0x15163233, 0x22230614, 0x16332726, 0x36323316, 0x23263435, 0xbd070622, 0xfd8d0247, 0x9a2d399f, 0xc7ddb050, 0x0cd297bd, 
    0x81b00d37, 0x9fb79eaf, 0x0245875c, 0x382f025e, 0x2a2041fe, 0xc8bba5c8, 0x917c90b2, 0xa691a2ab, 0x02003625, 0x00004800, 0x8d04d903, 0x0e000a00, 
    0x0eb25700, 0x1211100f, 0x100eb039, 0x00d009b0, 0x584500b0, 0x1b2f09b0, 0x3e1409b1, 0x4500b059, 0x2f04b058, 0x0604b11b, 0x01b2593e, 0x12110409, 
    0x2f01b039, 0xb00102b1, 0x21582b0a, 0x59f41bd8, 0xb0d006b0, 0x0bb01001, 0x0b08b2d0, 0x39121102, 0x04090db2, 0x30391211, 0x15330131, 0x11231123, 
    0x33013521, 0x07112101, 0xe1e1f802, 0x0286fd36, 0xa1fd4070, 0x01492902, 0xcafe376d, 0x03213601, 0x02e0fc36, 0x010072e4, 0xf0ff5c00, 0x9d048a03, 
    0x72002900, 0x2b2a08b2, 0x00391211, 0x584500b0, 0x1b2f0fb0, 0x3e140fb1, 0x4500b059, 0x2f1bb058, 0x061bb11b, 0x00b2593e, 0x12111b0f, 0x00b07c39, 
    0x0fb0182f, 0x0108b110, 0x582b0ab0, 0xf41bd821, 0x000bb259, 0x39121108, 0x002915b2, 0xb0391211, 0x22b1101b, 0x2b0ab001, 0x1bd82158, 0x1fb259f4, 
    0x12112229, 0x1000b039, 0xb00128b1, 0x21582b0a, 0x59f41bd8, 0x33013130, 0x35363736, 0x22232634, 0x34231506, 0x16323336, 0x07061415, 0x14151616, 
    0x26222306, 0x16143335, 0x35363233, 0x23272634, 0x9d6c7501, 0x94a85b5e, 0xdd36bb93, 0x83c4aea7, 0xd48c806c, 0x36f2b5b3, 0xb29fa0d1, 0x026eb6bb, 
    0x4546026d, 0x958a7a68, 0xadb78b76, 0x1f915a92, 0x936f921d, 0x7b96bcb3, 0x7b808ea2, 0x01000286, 0x00006700, 0x9d049b03, 0x57001800, 0x1a1909b2, 
    0x00391211, 0x584500b0, 0x1b2f10b0, 0x3e1410b1, 0x4500b059, 0x2f00b058, 0x0600b11b, 0x17b1593e, 0x2b0ab001, 0x1bd82158, 0x02b059f4, 0x1003b2d0, 
    0x39121100, 0xb11010b0, 0x0ab00109, 0xd821582b, 0xb259f41b, 0x1110000c, 0x16b23912, 0x12111000, 0x21313039, 0x36013521, 0x26343536, 0x15062223, 
    0x33363423, 0x14151632, 0x21010706, 0xedfc9b03, 0x6a7daf01, 0xb49b9999, 0xa5aed736, 0xfe946dc4, 0x33cd027a, 0xad7fb901, 0x9e8c784a, 0xa9c79486, 
    0x98b94e92, 0x010073fe, 0x0000a700, 0x90045402, 0x41000600, 0x080701b2, 0x00391211, 0x584500b0, 0x1b2f05b0, 0x3e1405b1, 0x4500b059, 0x2f00b058, 
    0x0600b11b, 0x04b2593e, 0x12110005, 0x2f04b039, 0xb00103b1, 0x21582b0a, 0x59f41bd8, 0x050302b2, 0x30391211, 0x11232131, 0x33253505, 0xfe365402, 
    0x0ba20189, 0x3b7b4504, 0x0200008b, 0xf0ff7000, 0x9d048103, 0x1b000d00, 0x03b24800, 0x12111d1c, 0x1003b039, 0x00d011b0, 0x584500b0, 0x1b2f0ab0, 
    0x3e140ab1, 0x4500b059, 0x2f03b058, 0x0603b11b, 0x0ab0593e, 0x0111b110, 0x582b0ab0, 0xf41bd821, 0x1003b059, 0xb00118b1, 0x21582b0a, 0x59f41bd8, 
    0x14013130, 0x02222302, 0x12343535, 0x15123233, 0x23263427, 0x15070622, 0x32331614, 0x81033536, 0xcdbdbccb, 0xcdbcbdcb, 0xa0a3b036, 0xa0b402b0, 
    0xe001b0a1, 0x01fcfeec, 0xe9caeb08, 0xfbfe0701, 0xe7cf07ee, 0xd1dbcfdf, 0x00d4e8e8, 0x50000100, 0xcc030000, 0x09008d04, 0x05b24d00, 0x12110b0a, 
    0x00b00039, 0x07b05845, 0x07b11b2f, 0xb0593e14, 0xb0584500, 0xb11b2f02, 0x593e0602, 0xb00100b1, 0x21582b0a, 0x59f41bd8, 0x020004b2, 0xb0391211, 
    0x05b11007, 0x2b0ab001, 0x1bd82158, 0x09b259f4, 0x12110705, 0x37313039, 0x35211521, 0x21352101, 0x30039c15, 0x120384fc, 0x3f030ffd, 0x042e3636, 
    0x002a3629, 0x1e000100, 0xfc030000, 0x0a008d04, 0x01b23800, 0x12110c0b, 0x00b00039, 0x03b05845, 0x03b11b2f, 0xb0593e14, 0xb0584500, 0xb11b2f09, 
    0x593e1409, 0x584500b0, 0x1b2f06b0, 0x3e0606b1, 0x0301b259, 0x39121106, 0x17013130, 0x01330137, 0x01112311, 0x11fb0133, 0x419d0112, 0xfe372cfe, 
    0xfd01412d, 0x8f022221, 0x4bfe28fd, 0xd602b701, 0x2e000100, 0xf1030000, 0x0b008d04, 0x00b25a00, 0x12110d0c, 0x00b00039, 0x01b05845, 0x01b11b2f, 
    0xb0593e14, 0xb0584500, 0xb11b2f0a, 0x593e140a, 0x584500b0, 0x1b2f04b0, 0x3e0604b1, 0x4500b059, 0x2f07b058, 0x0607b11b, 0x00b2593e, 0x12110401, 
    0x0106b239, 0x39121104, 0x060003b2, 0xb2391211, 0x11000609, 0x31303912, 0x01330101, 0x01012301, 0x33010123, 0x8e010e02, 0x0151fe44, 0x5ffe42c0, 
    0x014161fe, 0x4350fec0, 0x0f027e02, 0xaffdc4fd, 0xddfd2302, 0x3c025102, 0x34000100, 0x04060000, 0x11008d04, 0x0bb26000, 0x12111312, 0x00b00039, 
    0x02b05845, 0x02b11b2f, 0xb0593e14, 0xb0584500, 0xb11b2f07, 0x593e1407, 0x584500b0, 0x1b2f0fb0, 0x3e140fb1, 0x4500b059, 0x2f09b058, 0x0609b11b, 
    0x00b0593e, 0x0db05845, 0x0db11b2f, 0xb2593e06, 0x11090200, 0x05b23912, 0x12110902, 0x020bb239, 0x39121109, 0x37253130, 0x17013301, 0x01331337, 
    0x01070123, 0x13330123, 0x0137a501, 0x22013926, 0x39fe3838, 0xfe3bb2fe, 0xc9fe29a3, 0x3bb0fe3a, 0x03c254fd, 0xc589fc77, 0xfb7303c9, 0x823a0473, 
    0x8d0448fc, 0x010094fc, 0x00001d00, 0x8d040304, 0x38000800, 0x0a0901b2, 0x00391211, 0x584500b0, 0x1b2f03b0, 0x3e1403b1, 0x4500b059, 0x2f07b058, 
    0x1407b11b, 0x00b0593e, 0x05b05845, 0x05b11b2f, 0xb2593e06, 0x11050301, 0x31303912, 0x01371725, 0x01230133, 0x19f70133, 0x3b9e011a, 0xfe3e2cfe, 
    0x51893c2c, 0xfb040451, 0x008d0473, 0x9d000100, 0xf703f0ff, 0x12008d04, 0x04b23d00, 0x12111413, 0x00b00039, 0x00b05845, 0x00b11b2f, 0xb0593e14, 
    0xb0584500, 0xb11b2f08, 0x593e1408, 0x584500b0, 0x1b2f04b0, 0x3e0604b1, 0x010eb159, 0x582b0ab0, 0xf41bd821, 0x01313059, 0x23060611, 0x11352622, 
    0x16141133, 0x36321717, 0xf7031137, 0xc5c3e901, 0xa0ba35e8, 0x02cda81e, 0xe8fc8d04, 0xb9cfcdb8, 0xebfc1503, 0x0109b594, 0x1b0399b4, 0x2e000100, 
    0xed030000, 0x07008d04, 0x01b23900, 0x12110908, 0x00b00039, 0x06b05845, 0x06b11b2f, 0xb0593e14, 0xb0584500, 0xb11b2f02, 0x593e0602, 0xb11006b0, 
    0x0ab00100, 0xd821582b, 0xb059f41b, 0x05b0d004, 0x013130d0, 0x11231121, 0x03213521, 0x363cfeed, 0xbf033bfe, 0xaafb5604, 0x00375604, 0x52000100, 
    0xc903f0ff, 0x24009d04, 0x0fb26600, 0x12112625, 0x00b00039, 0x08b05845, 0x08b11b2f, 0xb0593e14, 0xb0584500, 0xb11b2f1b, 0x593e061b, 0x081b03b2, 
    0xb0391211, 0x14b11003, 0x2b0ab001, 0x1bd82158, 0x08b059f4, 0x010fb110, 0x582b0ab0, 0xf41bd821, 0x140cb259, 0x3912110f, 0xb1101bb0, 0x0ab00122, 
    0xd821582b, 0xb259f41b, 0x1122031f, 0x31303912, 0x24263401, 0x34352627, 0x15162036, 0x23263423, 0x14150622, 0x16160416, 0x23061415, 0x33352622, 
    0x32331614, 0x9f920336, 0x795858fe, 0xea7201e6, 0xa1a3ca36, 0x7701a5c9, 0xbbee56a8, 0xe235fed0, 0x01cca6b7, 0x6a7f6719, 0x82894f3a, 0x7f97c3a0, 
    0x636584a4, 0x7b595d7a, 0xb9a48655, 0x8a9b89a0, 0xa6000200, 0x07040000, 0x0e008d04, 0x63001700, 0x191816b2, 0xb0391211, 0x05b01016, 0x00b000d0, 
    0x04b05845, 0x04b11b2f, 0xb0593e14, 0xb0584500, 0xb11b2f02, 0x593e0602, 0x584500b0, 0x1b2f0db0, 0x3e060db1, 0x0410b259, 0x39121102, 0xb12f10b0, 
    0x0ab00100, 0xd821582b, 0xb259f41b, 0x1110000b, 0x04b03912, 0x0116b110, 0x582b0ab0, 0xf41bd821, 0x01313059, 0x11231121, 0x15163221, 0x01070614, 
    0x21012315, 0x34353632, 0x02212726, 0x3655fe87, 0xe4b99001, 0x4a01779f, 0x010efd39, 0xbcb18e81, 0x019ffea3, 0x0419fee7, 0x76a0bb8d, 0x16fe16b2, 
    0x9c1d020a, 0x02a08279, 0x71000200, 0x250430ff, 0x13009d04, 0x48002100, 0x232208b2, 0xb0391211, 0x1eb01008, 0x00b000d0, 0x10b05845, 0x10b11b2f, 
    0xb0593e14, 0xb0584500, 0xb11b2f08, 0x593e0608, 0xb11010b0, 0x0ab00117, 0xd821582b, 0xb059f41b, 0x1eb11008, 0x2b0ab001, 0x1bd82158, 0x313059f4, 
    0x07061401, 0x06270717, 0x27002223, 0x36363435, 0x17003233, 0x23263407, 0x15150622, 0x32331614, 0x25043536, 0x26e17988, 0xd3554af5, 0x7505fefe, 
    0x01d28cd8, 0xe3360504, 0xe0e3bfc2, 0x01e2c2c3, 0x3bf4a9f6, 0x17d725c9, 0xb0e41201, 0xfe80ee99, 0xd30ee5ee, 0x9ddaf9fb, 0xd9fbfed2, 0xaa000200, 
    0xcd030000, 0x0a008d04, 0x4f001300, 0x15140ab2, 0xb0391211, 0x0cb0100a, 0x00b000d0, 0x03b05845, 0x03b11b2f, 0xb0593e14, 0xb0584500, 0xb11b2f01, 
    0x593e0601, 0x01030bb2, 0xb0391211, 0x00b12f0b, 0x2b0ab001, 0x1bd82158, 0x03b059f4, 0x0112b110, 0x582b0ab0, 0xf41bd821, 0x13313059, 0x21112311, 
    0x14151632, 0x21252306, 0x34353632, 0xe0212726, 0xbe8c0136, 0xfec7d2d9, 0xa65601ac, 0xfea4b7ba, 0xfee701a5, 0xb68d0419, 0x37b09fa1, 0x99878592, 
    0x02000001, 0xf0ff7200, 0x9d042504, 0x1c000f00, 0x04b24800, 0x12111e1d, 0x1004b039, 0x00d013b0, 0x584500b0, 0x1b2f0cb0, 0x3e140cb1, 0x4500b059, 
    0x2f04b058, 0x0604b11b, 0x0cb0593e, 0x0113b110, 0x582b0ab0, 0xf41bd821, 0x1004b059, 0xb00119b1, 0x21582b0a, 0x59f41bd8, 0x14013130, 0x22230606, 
    0x34352700, 0x32333636, 0x34271500, 0x06222326, 0x16141515, 0x04353620, 0x8cd87525, 0x05fefed3, 0xd58cd875, 0xe3350501, 0xe2e3c0c2, 0x01e28401, 
    0x7fee99f6, 0xb0e41201, 0xfe80ee99, 0xd308f2e5, 0x9ddaf9fb, 0xd9fbfdd3, 0xaa000100, 0x34040000, 0x09008d04, 0x01b24c00, 0x12110b0a, 0x00b00039, 
    0x05b05845, 0x05b11b2f, 0xb0593e14, 0xb0584500, 0xb11b2f08, 0x593e1408, 0x584500b0, 0x1b2f00b0, 0x3e0600b1, 0x4500b059, 0x2f03b058, 0x0603b11b, 
    0x02b2593e, 0x12110005, 0x0507b239, 0x39121100, 0x23213130, 0x11231101, 0x33110133, 0xfc363404, 0x033636e2, 0x3304361e, 0x8d04cdfb, 0x3004d0fb, 
    0xaa000100, 0x3d050000, 0x0c008d04, 0x01b26000, 0x12110e0d, 0x00b00039, 0x00b05845, 0x00b11b2f, 0xb0593e14, 0xb0584500, 0xb11b2f02, 0x593e1402, 
    0x584500b0, 0x1b2f04b0, 0x3e0604b1, 0x4500b059, 0x2f07b058, 0x0607b11b, 0x00b0593e, 0x0ab05845, 0x0ab11b2f, 0xb2593e06, 0x11040001, 0x06b23912, 
    0x12110400, 0x0009b239, 0x39121104, 0x01133130, 0x23113301, 0x01230113, 0xf5112313, 0xfe01fd01, 0xfe01364d, 0x02fe2b00, 0x8d043601, 0x3b04c5fb, 
    0x420473fb, 0x3e04befb, 0x8d04c2fb, 0xaa000100, 0x60030000, 0x05008d04, 0x00b23000, 0x12110706, 0x00b00039, 0x04b05845, 0x04b11b2f, 0xb0593e14, 
    0xb0584500, 0xb11b2f02, 0x593e0602, 0xb00100b1, 0x21582b0a, 0x59f41bd8, 0x21373130, 0x33112115, 0xfd8002e0, 0x3636364a, 0x01008d04, 0x0000aa00, 
    0x8d042404, 0x4c000c00, 0x0e0d0ab2, 0x00391211, 0x584500b0, 0x1b2f04b0, 0x3e1404b1, 0x4500b059, 0x2f08b058, 0x1408b11b, 0x00b0593e, 0x02b05845, 
    0x02b11b2f, 0xb0593e06, 0xb0584500, 0xb11b2f0b, 0x593e060b, 0x020400b2, 0xb2391211, 0x11020406, 0x31303912, 0x23110701, 0x37113311, 0x01013301, 
    0xc3a30123, 0x01c83636, 0xdcfd4cfe, 0x02485602, 0x4ffeae5f, 0x66fd8d04, 0xfde001ba, 0x007afdf9, 0x4b000100, 0x2203f0ff, 0x0f008d04, 0x05b23000, 
    0x12111110, 0x00b00039, 0x00b05845, 0x00b11b2f, 0xb0593e14, 0xb0584500, 0xb11b2f05, 0x593e0605, 0xb0010cb1, 0x21582b0a, 0x59f41bd8, 0x33013130, 
    0x23061411, 0x33352622, 0x32331614, 0xeb023536, 0xb2a0c237, 0x9ba436c3, 0x8d04a685, 0xc19ec2fc, 0x928aa1b0, 0x010089a5, 0x0000cb00, 0x8d040101, 
    0x24000300, 0x050400b2, 0x00391211, 0x584500b0, 0x1b2f02b0, 0x3e1402b1, 0x4500b059, 0x2f00b058, 0x0600b11b, 0x3130593e, 0x33112321, 0x36360101, 
    0x01008d04, 0x0000aa00, 0x8d042b04, 0x56000b00, 0x0d0c01b2, 0x00391211, 0x584500b0, 0x1b2f06b0, 0x3e1406b1, 0x4500b059, 0x2f0ab058, 0x140ab11b, 
    0x00b0593e, 0x00b05845, 0x00b11b2f, 0xb0593e06, 0xb0584500, 0xb11b2f04, 0x593e0604, 0x000608b2, 0x7c391211, 0x182f08b0, 0xb00102b1, 0x21582b0a, 
    0x59f41bd8, 0x23213130, 0x23112111, 0x21113311, 0x2b043311, 0x36ebfc36, 0x36150336, 0xdafd2602, 0xcffd8d04, 0x01003102, 0xf0ff8e00, 0x9d041f04, 
    0x64002000, 0x22210bb2, 0x00391211, 0x584500b0, 0x1b2f0bb0, 0x3e140bb1, 0x4500b059, 0x2f03b058, 0x0603b11b, 0x0fb2593e, 0x1211030b, 0x100bb039, 
    0xb00112b1, 0x21582b0a, 0x59f41bd8, 0xb11003b0, 0x0ab00119, 0xd821582b, 0xb259f41b, 0x11030b20, 0x20b03912, 0x200fb22f, 0x1db15d01, 0x2b0ab001, 
    0x1bd82158, 0x313059f4, 0x23060625, 0x35350022, 0x33363634, 0x23171632, 0x22232626, 0x14151506, 0x36323312, 0x35211137, 0x2b1f0421, 0xfed992ef, 
    0x88d776f4, 0x3614ecba, 0xbba6c816, 0x78c2eee5, 0x87fe2bd3, 0x3c81af01, 0xec1f0155, 0x7ee594ab, 0x92869cb3, 0xd1abcef7, 0x314100ff, 0x00364901, 
    0xaa000100, 0xb1030000, 0x09008d04, 0x01b25000, 0x12110b0a, 0x00b00039, 0x04b05845, 0x04b11b2f, 0xb0593e14, 0xb0584500, 0xb11b2f02, 0x593e0602, 
    0x020408b2, 0xb0391211, 0x8fb42f08, 0x02089f08, 0x0100b15d, 0x582b0ab0, 0xf41bd821, 0x1004b059, 0xb00106b1, 0x21582b0a, 0x59f41bd8, 0x21013130, 
    0x21112311, 0x21112115, 0x87fd5903, 0xfd070336, 0x0279022f, 0x04cbfd35, 0x16fe378d, 0x52000100, 0xc90313ff, 0x2b007305, 0x09b28d00, 0x12112d2c, 
    0x0ab00039, 0x2f20b02f, 0x584500b0, 0x1b2f09b0, 0x3e1409b1, 0x4500b059, 0x2f0cb058, 0x140cb11b, 0x00b0593e, 0x1fb05845, 0x1fb11b2f, 0xb0593e06, 
    0xb0584500, 0xb11b2f22, 0x593e0622, 0x0c2202b2, 0xb0391211, 0x10b0100c, 0x100bb6d0, 0x102b101b, 0x09b05d03, 0x0113b110, 0x582b0ab0, 0xf41bd821, 
    0x1002b059, 0xb00119b1, 0x21582b0a, 0x59f41bd8, 0xb01022b0, 0x1fb0d026, 0x0129b110, 0x582b0ab0, 0xf41bd821, 0x01313059, 0x27242634, 0x36343526, 
    0x15333537, 0x23151616, 0x22232634, 0x16141506, 0x15161604, 0x15070614, 0x26263523, 0x16143335, 0x03363233, 0x58fe9f92, 0xb1d57958, 0x36d8ae36, 
    0xc9a1a3ca, 0xa87701a5, 0x36b3e056, 0xe235e7c7, 0x01cca6b7, 0x6a7f6719, 0x7b894f3a, 0xd7d706a0, 0x7f91c008, 0x636584a4, 0x7b595d7a, 0x04a48155, 
    0xb608dede, 0x8a9b899a, 0x23000100, 0xa3030000, 0x21009d04, 0x1db26f00, 0x12112322, 0x00b00039, 0x15b05845, 0x15b11b2f, 0xb0593e14, 0xb0584500, 
    0xb11b2f06, 0x593e0606, 0x061521b2, 0xb0391211, 0x1fb42f21, 0x02212f21, 0xd010b05d, 0xb0010fb1, 0x21582b0a, 0x59f41bd8, 0xb0d000b0, 0x05b11006, 
    0x2b0ab001, 0x1bd82158, 0x08b059f4, 0x1015b0d0, 0xb0011cb1, 0x21582b0a, 0x59f41bd8, 0x1c2119b2, 0x30391211, 0x17210131, 0x17210712, 0x36333521, 
    0x27353736, 0x27333523, 0x32333626, 0x34231516, 0x06222326, 0x02211717, 0x045afed8, 0xe702850a, 0x0aacfc01, 0x04045b48, 0x0805d7d9, 0x9ea1a5ae, 
    0x918d7c36, 0x0105088c, 0x653702a8, 0x3674d8fe, 0x92ca1736, 0x7b366529, 0xcab9e7ce, 0xbdc2a1ac, 0x0100007b, 0x00001e00, 0x8d048403, 0x73001900, 
    0x1b1a18b2, 0x00391211, 0x584500b0, 0x1b2f00b0, 0x3e1400b1, 0x4500b059, 0x2f0ab058, 0x060ab11b, 0x17b2593e, 0x1211000a, 0x1017b039, 0xb0d002b0, 
    0x04b12f02, 0x2b0ab001, 0x1bd82158, 0x06b259f4, 0x12110a02, 0x06b07d39, 0x08b1182f, 0x2b0ab001, 0x1bd82158, 0x0cb059f4, 0x1006b0d0, 0xb0d00eb0, 
    0x10b01004, 0x1002b0d0, 0xb0d012b0, 0x14b01000, 0x013130d0, 0x15210133, 0x15211521, 0x11231121, 0x35213521, 0x01213521, 0x33170133, 0x394b0337, 
    0x2f0183fe, 0x4a01b6fe, 0xfe37b6fe, 0xfe4a01b6, 0xfe3001b6, 0x6a013c83, 0x040e050b, 0x3659fd8d, 0xe1fe365b, 0x5b361f01, 0xfda70236, 0x001b1a73, 
    0xaa000100, 0x77030000, 0x05008d04, 0x01b23300, 0x12110706, 0x00b00039, 0x04b05845, 0x04b11b2f, 0xb0593e14, 0xb0584500, 0xb11b2f02, 0x593e0602, 
    0xb11004b0, 0x0ab00100, 0xd821582b, 0x3059f41b, 0x11210131, 0x03211123, 0x3669fd77, 0x5604cd02, 0x8d04aafb, 0x1d000200, 0x03040000, 0x03008d04, 
    0x3d000800, 0x0a0905b2, 0xb0391211, 0x02b01005, 0x00b000d0, 0x02b05845, 0x02b11b2f, 0xb0593e14, 0xb0584500, 0xb11b2f00, 0x593e0600, 0x000205b2, 
    0xb1391211, 0x0ab00107, 0xd821582b, 0x3059f41b, 0x01212131, 0x07270733, 0x03042101, 0xd4011afc, 0x191a053e, 0x440377fe, 0x50898d04, 0x0032fc50, 
    0x72000300, 0x2504f0ff, 0x03009d04, 0x20001300, 0x08b26600, 0x12112221, 0x1008b039, 0xb0d001b0, 0x17b01008, 0x00b000d0, 0x10b05845, 0x10b11b2f, 
    0xb0593e14, 0xb0584500, 0xb11b2f08, 0x593e0608, 0x100802b2, 0x7c391211, 0x182f02b0, 0xb00100b1, 0x21582b0a, 0x59f41bd8, 0xb11010b0, 0x0ab00117, 
    0xd821582b, 0xb059f41b, 0x1db11008, 0x2b0ab001, 0x1bd82158, 0x313059f4, 0x21352101, 0x06061417, 0x27002223, 0x36363435, 0x15003233, 0x23263427, 
    0x15150622, 0x36201614, 0xfd840335, 0xa14f02b1, 0xd38cd875, 0x7505fefe, 0x01d58cd8, 0xc2e33505, 0x01e2e3c0, 0x3002e284, 0xee997036, 0xe412017f, 
    0x80ee99b0, 0x08f2e5fe, 0xdaf9fbd3, 0xfbfdd39d, 0x010000d9, 0x00001d00, 0x8d040304, 0x38000800, 0x0a0907b2, 0x00391211, 0x584500b0, 0x1b2f02b0, 
    0x3e1402b1, 0x4500b059, 0x2f00b058, 0x0600b11b, 0x00b0593e, 0x04b05845, 0x04b11b2f, 0xb2593e06, 0x11000207, 0x31303912, 0x33012333, 0x27012301, 
    0x013c5907, 0xd4013ed4, 0x1a62fe3b, 0xfb8d0419, 0x50040473, 0x03000050, 0x00005000, 0x8d044e03, 0x07000300, 0x63000b00, 0x0d0c05b2, 0xb0391211, 
    0x00b01005, 0x1005b0d0, 0x00d008b0, 0x584500b0, 0x1b2f0ab0, 0x3e140ab1, 0x4500b059, 0x2f00b058, 0x0600b11b, 0x02b1593e, 0x2b0ab001, 0x1bd82158, 
    0x07b259f4, 0x1211000a, 0x07b07c39, 0x04b1182f, 0x2b0ab001, 0x1bd82158, 0x0ab059f4, 0x0108b110, 0x582b0ab0, 0xf41bd821, 0x21313059, 0x03213521, 
    0x13213521, 0x03213521, 0x0202fd4e, 0xb6fd57fe, 0xfd574a02, 0x36fe0202, 0x01360d02, 0x010036de, 0x0000aa00, 0x8d041104, 0x40000700, 0x090803b2, 
    0x00391211, 0x584500b0, 0x1b2f06b0, 0x3e1406b1, 0x4500b059, 0x2f00b058, 0x0600b11b, 0x00b0593e, 0x04b05845, 0x04b11b2f, 0xb0593e06, 0x02b11006, 
    0x2b0ab001, 0x1bd82158, 0x313059f4, 0x21112321, 0x21112311, 0xfd361104, 0x67033605, 0xa9fb5704, 0x01008d04, 0x00003700, 0x8d04b303, 0x45000f00, 
    0x111006b2, 0x00391211, 0x584500b0, 0x1b2f08b0, 0x3e1408b1, 0x4500b059, 0x2f03b058, 0x0603b11b, 0x02b1593e, 0x2b0ab001, 0x1bd82158, 0x05b059f4, 
    0x1008b0d0, 0xb0010eb1, 0x21582b0a, 0x59f41bd8, 0x30d007b0, 0x21010131, 0x01352115, 0x17333501, 0x21152135, 0xfe0c0201, 0xfc2e0379, 0xfe9c0184, 
    0x03022564, 0x010ffd19, 0xfd3a0286, 0x022c36fc, 0x2c140221, 0xfe360303, 0x03000012, 0x00007200, 0x8e04e504, 0x19001200, 0x5b002000, 0x4500b000, 
    0x2f11b058, 0x1411b11b, 0x00b0593e, 0x09b05845, 0x09b11b2f, 0xb2593e06, 0x11091110, 0x10b03912, 0xd000b02f, 0x11090ab2, 0xb0391211, 0x07b02f0a, 
    0x1010b0d0, 0xb0011eb1, 0x21582b0a, 0x59f41bd8, 0xb0d016b0, 0x1db1100a, 0x2b0ab001, 0x1bd82158, 0x17b059f4, 0x013130d0, 0x14150416, 0x15070606, 
    0x00263523, 0x37003435, 0x34013335, 0x36112724, 0x04142524, 0x04061117, 0x01f8c502, 0xa1fa8528, 0xdafef736, 0x36fd2001, 0xfbfeea01, 0x0801e2e5, 
    0x0901f9fb, 0xfdfee4de, 0xfd023404, 0x7ee090d9, 0x026d6d01, 0xd5df0c01, 0x5a040101, 0xdec3cefd, 0x02a3fc02, 0xedc9c7ef, 0x045d0302, 0x010000e4, 
    0x00007200, 0x8d045704, 0x5d001800, 0x1a190bb2, 0x00391211, 0x584500b0, 0x1b2f04b0, 0x3e1404b1, 0x4500b059, 0x2f10b058, 0x1410b11b, 0x00b0593e, 
    0x17b05845, 0x17b11b2f, 0xb0593e14, 0xb0584500, 0xb11b2f0a, 0x593e060a, 0x0a0400b2, 0xb0391211, 0x09b12f00, 0x2b0ab001, 0x1bd82158, 0x0cb059f4, 
    0x1000b0d0, 0x30d016b0, 0x36360131, 0x11331135, 0x11070206, 0x02261123, 0x11331135, 0x17161716, 0x80023311, 0x0236d8c9, 0xe337e5f0, 0x6b0236f4, 
    0x0137c86c, 0xdff80673, 0xbafe3d01, 0x06f2fef6, 0x3d01c3fe, 0xfe0f0106, 0xbbfe3d01, 0x067b7bd9, 0x01001a03, 0x00008800, 0x9d045504, 0x62002700, 
    0x292809b2, 0x00391211, 0x584500b0, 0x1b2f1db0, 0x3e141db1, 0x4500b059, 0x2f12b058, 0x0612b11b, 0x00b0593e, 0x26b05845, 0x26b11b2f, 0xb2593e06, 
    0x111d1211, 0x11b03912, 0xd000b010, 0xb1101db0, 0x0ab00109, 0xd821582b, 0xb059f41b, 0x14b11012, 0x2b0ab001, 0x1bd82158, 0x24b059f4, 0xd025b0d0, 
    0x3e253130, 0x34353502, 0x22232626, 0x14151502, 0x15171616, 0x26213521, 0x34352702, 0x32333636, 0x14151500, 0x15210702, 0x7ad50221, 0xbb66417a, 
    0x41e1bc7e, 0x7ffe7c7e, 0x8f983a01, 0x89d57503, 0x8a0501d0, 0xfe3c019d, 0x893d4e80, 0x84298cc7, 0xf7fe79da, 0xc48c1dd8, 0x364e3e8d, 0xbf0e0152, 
    0x86f29739, 0x1af2d8fe, 0x59eefec8, 0x01000036, 0xecff1e00, 0x8d04eb04, 0x6e001b00, 0x1d1c17b2, 0x00391211, 0x584500b0, 0x1b2f02b0, 0x3e1402b1, 
    0x4500b059, 0x2f1ab058, 0x061ab11b, 0x00b0593e, 0x0fb05845, 0x0fb11b2f, 0xb0593e06, 0x00b11002, 0x2b0ab001, 0x1bd82158, 0x04b059f4, 0xd005b0d0, 
    0x1a0209b2, 0xb0391211, 0x0fb02f09, 0x0110b110, 0x582b0ab0, 0xf41bd821, 0x1009b059, 0xb00116b1, 0x21582b0a, 0x59f41bd8, 0x21013130, 0x21152135, 
    0x33363611, 0x14151632, 0x32352306, 0x26343536, 0x07062223, 0xb1012311, 0x72036dfe, 0xbd4357fe, 0xbfdad357, 0xbc9e93a8, 0x2dd258bb, 0x36570436, 
    0x2a00fe36, 0xa3bcb031, 0x8f9636b7, 0x223d94a1, 0x0100e3fd, 0xf0ff7a00, 0x9d040204, 0x6b001f00, 0x212003b2, 0x00391211, 0x584500b0, 0x1b2f0bb0, 
    0x3e140bb1, 0x4500b059, 0x2f03b058, 0x0603b11b, 0x16b2593e, 0x1211030b, 0x16b07c39, 0x0bb0182f, 0x0112b110, 0x582b0ab0, 0xf41bd821, 0x160fb259, 
    0x39121112, 0xb11016b0, 0x0ab00118, 0xd821582b, 0xb059f41b, 0x1db11003, 0x2b0ab001, 0x1bd82158, 0x1fb259f4, 0x12111d18, 0x01313039, 0x22230606, 
    0x34353502, 0x32333636, 0x26231716, 0x06222326, 0x15210707, 0x16141521, 0x04132033, 0xc6e71302, 0xd072fccc, 0x14e9c287, 0xb1c41436, 0x010adbad, 
    0xc0fd4002, 0x6301b4de, 0xb3660127, 0xef1a01c3, 0x80ec97a1, 0xa39cb4c2, 0x3659c1e7, 0x01fcd13d, 0x02000041, 0x00002300, 0x8d04e306, 0x21001800, 
    0x04b27400, 0x12112322, 0x1004b039, 0x00d019b0, 0x584500b0, 0x1b2f13b0, 0x3e1413b1, 0x4500b059, 0x2f03b058, 0x0603b11b, 0x00b0593e, 0x0bb05845, 
    0x0bb11b2f, 0xb0593e06, 0x05b11013, 0x2b0ab001, 0x1bd82158, 0x0bb059f4, 0x010db110, 0x582b0ab0, 0xf41bd821, 0x1315b259, 0x39121103, 0xb12f15b0, 
    0x0ab00119, 0xd821582b, 0xb059f41b, 0x1ab0100d, 0xd01bb0d0, 0x14013130, 0x11212306, 0x02020321, 0x35232306, 0x12363233, 0x11211337, 0x25163221, 
    0x36322111, 0x27263435, 0xb9cbe306, 0xbdfd5efe, 0x763d0b11, 0x56241f69, 0x1109335c, 0x6b01ad02, 0x10fdccb9, 0xae9d6f01, 0x530198aa, 0x5704b59e, 
    0xfdfe37fe, 0x367cf1fe, 0xfe13017c, 0x18feca01, 0xc7fd7cb2, 0x97818897, 0x02000002, 0x0000aa00, 0x8d04f306, 0x1b001200, 0x01b28700, 0x12111d1c, 
    0x1001b039, 0x00d013b0, 0x584500b0, 0x1b2f02b0, 0x3e1402b1, 0x4500b059, 0x2f11b058, 0x1411b11b, 0x00b0593e, 0x0bb05845, 0x0bb11b2f, 0xb0593e06, 
    0xb0584500, 0xb11b2f0f, 0x593e060f, 0x0b0200b2, 0x7c391211, 0x182f00b0, 0x0b0204b2, 0xb0391211, 0x00b02f04, 0x010db110, 0x582b0ab0, 0xf41bd821, 
    0x1004b059, 0xb00113b1, 0x21582b0a, 0x59f41bd8, 0xb1100bb0, 0x0ab00114, 0xd821582b, 0x3059f41b, 0x11211331, 0x32211133, 0x06141516, 0x21112123, 
    0x33112311, 0x32211101, 0x26343536, 0xed02e027, 0xb96b0136, 0xfeb9cbcc, 0x3613fd5e, 0x01230336, 0xaaae9d6f, 0x025c0298, 0xb218fe31, 0x02b59ea0, 
    0x04dafd26, 0xfde2fd8d, 0x818897c7, 0x01000297, 0x00002e00, 0x8d04fb04, 0x5c001800, 0x1a1914b2, 0x00391211, 0x584500b0, 0x1b2f02b0, 0x3e1402b1, 
    0x4500b059, 0x2f0eb058, 0x060eb11b, 0x00b0593e, 0x17b05845, 0x17b11b2f, 0xb0593e06, 0x00b11002, 0x2b0ab001, 0x1bd82158, 0x04b059f4, 0xd005b0d0, 
    0x0e0209b2, 0xb0391211, 0x13b12f09, 0x2b0ab001, 0x1bd82158, 0x313059f4, 0x21352101, 0x36112115, 0x16323336, 0x23111516, 0x23262611, 0x11070622, 
    0xfec10123, 0xfe72036d, 0x57bd4357, 0x3655b2a6, 0x58cda703, 0x04362dd2, 0xfe373756, 0x50312a01, 0xe3fe95b0, 0x9ab52d01, 0xe3fd223d, 0xaa000100, 
    0x1104b7fe, 0x0b008d04, 0x01b25000, 0x12110d0c, 0x02b00039, 0x4500b02f, 0x2f06b058, 0x1406b11b, 0x00b0593e, 0x0ab05845, 0x0ab11b2f, 0xb0593e14, 
    0xb0584500, 0xb11b2f00, 0x593e0600, 0x584500b0, 0x1b2f04b0, 0x3e0604b1, 0x0108b159, 0x582b0ab0, 0xf41bd821, 0xd009b059, 0x21213130, 0x21112311, 
    0x21113311, 0x11043311, 0xfe3667fe, 0xfb023668, 0x01b7fe36, 0xfb8d0449, 0x005704a9, 0xaa000200, 0xd0030000, 0x0c008d04, 0x68001500, 0x171603b2, 
    0xb0391211, 0x0db01003, 0x00b000d0, 0x0bb05845, 0x0bb11b2f, 0xb0593e14, 0xb0584500, 0xb11b2f09, 0x593e0609, 0xb1100bb0, 0x0ab00100, 0xd821582b, 
    0xb259f41b, 0x11090b03, 0x03b03912, 0x031fb42f, 0x5d02032f, 0xb11009b0, 0x0ab0010d, 0xd821582b, 0xb059f41b, 0x13b11003, 0x2b0ab001, 0x1bd82158, 
    0x313059f4, 0x21112101, 0x14151632, 0x11212306, 0x36320121, 0x27263435, 0x63031121, 0x6b017dfd, 0xb9cbccb9, 0xb9025efe, 0xae9decfe, 0x88fe98aa, 
    0x4efe5704, 0xb59ea0b2, 0xa9fb8d04, 0x97818897, 0x00c7fd02, 0x3b000200, 0x7904b5fe, 0x0e008d04, 0x5d001400, 0x161512b2, 0xb0391211, 0x04b01012, 
    0x08b000d0, 0x4500b02f, 0x2f04b058, 0x1404b11b, 0x00b0593e, 0x0ab05845, 0x0ab11b2f, 0xb1593e06, 0x0ab00100, 0xd821582b, 0xb059f41b, 0x07b0d006, 
    0x1008b0d0, 0xb0d00cb0, 0x0fb01007, 0xd010b0d0, 0xb11004b0, 0x0ab00111, 0xd821582b, 0x3059f41b, 0x36373731, 0x11211313, 0x11231133, 0x11231121, 
    0x21112133, 0x25830203, 0x02151597, 0xfc367b95, 0x038a362e, 0x12d4fd03, 0xcb2f3616, 0xe4017901, 0x7ffea9fb, 0xc2fe4b01, 0x21047401, 0x62fe56fe, 
    0x2b000100, 0xfd050000, 0x15008d04, 0x01b28700, 0x12111716, 0x00b00039, 0x09b05845, 0x09b11b2f, 0xb0593e14, 0xb0584500, 0xb11b2f0d, 0x593e140d, 
    0x584500b0, 0x1b2f11b0, 0x3e1411b1, 0x4500b059, 0x2f02b058, 0x0602b11b, 0x00b0593e, 0x06b05845, 0x06b11b2f, 0xb0593e06, 0xb0584500, 0xb11b2f14, 
    0x593e0614, 0x020910b2, 0x7c391211, 0x182f10b0, 0xb00100b1, 0x21582b0a, 0x59f41bd8, 0xb0d004b0, 0x0bb01010, 0x0408b2d0, 0x3912110b, 0x040b13b2, 
    0x30391211, 0x11230131, 0x01231123, 0x33010123, 0x33113301, 0x33013311, 0x03230101, 0x943692c1, 0x024b11fe, 0x4a3afe05, 0x369ea701, 0x47aa019e, 
    0x060239fe, 0xfd3b024b, 0xfd3b02c5, 0x024e02c5, 0x02e4fd3f, 0x02e4fd1c, 0xfdc4fd1c, 0x010000af, 0xf0ff5600, 0x9d04be03, 0x72002800, 0x2a2926b2, 
    0x00391211, 0x584500b0, 0x1b2f0ab0, 0x3e140ab1, 0x4500b059, 0x2f15b058, 0x0615b11b, 0x0ab0593e, 0x0103b110, 0x582b0ab0, 0xf41bd821, 0x0a25b259, 
    0x39121115, 0x2f25b07c, 0x2506b218, 0x39121103, 0x252410b2, 0xb0391211, 0x1db11015, 0x2b0ab001, 0x1bd82158, 0x1ab259f4, 0x12111d24, 0x1025b039, 
    0xb00123b1, 0x21582b0a, 0x59f41bd8, 0x34013130, 0x06222326, 0x36342315, 0x15163233, 0x16070614, 0x23061415, 0x35262622, 0x33161433, 0x34353632, 
    0x35232326, 0x03363633, 0x96abbe74, 0xb1f136d6, 0x7273dac5, 0x76c8eaf9, 0xdd3674cc, 0xb7c7b5a3, 0xb1a29ec7, 0x7d6003b5, 0x8c73988a, 0x6698a5b5, 
    0xe233208c, 0x9955b198, 0x8fa17e67, 0x36788184, 0x01007e01, 0x0000aa00, 0x8d043a04, 0x4c000900, 0x0b0a00b2, 0x00391211, 0x584500b0, 0x1b2f00b0, 
    0x3e1400b1, 0x4500b059, 0x2f07b058, 0x1407b11b, 0x00b0593e, 0x02b05845, 0x02b11b2f, 0xb0593e06, 0xb0584500, 0xb11b2f05, 0x593e0605, 0x020004b2, 
    0xb2391211, 0x11020009, 0x31303912, 0x23113301, 0x11230111, 0x04041133, 0xdcfc3636, 0x8d043636, 0x370473fb, 0x8d04c9fb, 0x0100cafb, 0x0000b500, 
    0x8d040904, 0x5d000c00, 0x0e0d0ab2, 0x00391211, 0x584500b0, 0x1b2f04b0, 0x3e1404b1, 0x4500b059, 0x2f08b058, 0x1408b11b, 0x00b0593e, 0x02b05845, 
    0x02b11b2f, 0xb0593e06, 0xb0584500, 0xb11b2f0b, 0x593e060b, 0x020407b2, 0x7c391211, 0x182f07b0, 0xb00100b1, 0x21582b0a, 0x59f41bd8, 0x07000ab2, 
    0x30391211, 0x11230131, 0x11331123, 0x01330133, 0x97012301, 0xb23636ac, 0xfd47ea01, 0x4b4102fa, 0xc5fd3b02, 0xe4fd8d04, 0xc7fd1c02, 0x0100acfd, 
    0x00002300, 0x8d04f303, 0x4f001100, 0x131204b2, 0x00391211, 0x584500b0, 0x1b2f00b0, 0x3e1400b1, 0x4500b059, 0x2f01b058, 0x0601b11b, 0x00b0593e, 
    0x09b05845, 0x09b11b2f, 0xb0593e06, 0x03b11000, 0x2b0ab001, 0x1bd82158, 0x09b059f4, 0x010bb110, 0x582b0ab0, 0xf41bd821, 0x01313059, 0x21112311, 
    0x06020203, 0x33352323, 0x37123632, 0x36f30313, 0x0b11bdfd, 0x1f69763d, 0x335c5624, 0x8d041109, 0x570473fb, 0xfdfe37fe, 0x367cf1fe, 0xfe13017c, 
    0x0100ca01, 0xebff1e00, 0x8d04f503, 0x4b001100, 0x13120fb2, 0x00391211, 0x584500b0, 0x1b2f02b0, 0x3e1402b1, 0x4500b059, 0x2f10b058, 0x1410b11b, 
    0x00b0593e, 0x07b05845, 0x07b11b2f, 0xb2593e06, 0x11070200, 0x0cb13912, 0x2b0ab001, 0x1bd82158, 0x0fb259f4, 0x12110710, 0x01313039, 0x01330137, 
    0x22230607, 0x33163727, 0x01373632, 0x6b1c0233, 0xfe432b01, 0xac5f2348, 0x1c0f1e3e, 0x346e4e31, 0x01441ffe, 0x9802e60f, 0xad4550fc, 0x4b0a330d, 
    0x00bb0366, 0xaa000100, 0x8e04b5fe, 0x0b008d04, 0x09b24600, 0x12110d0c, 0x02b00039, 0x4500b02f, 0x2f06b058, 0x1406b11b, 0x00b0593e, 0x0ab05845, 
    0x0ab11b2f, 0xb0593e14, 0xb0584500, 0xb11b2f04, 0x593e0604, 0xb00100b1, 0x21582b0a, 0x59f41bd8, 0xb0d008b0, 0x3130d009, 0x23113325, 0x33112111, 
    0x33112111, 0x367d1104, 0x023652fc, 0xfe3636fb, 0x044b017f, 0x04a9fb8d, 0x01000057, 0x00004900, 0x8d048303, 0x47001400, 0x161505b2, 0x00391211, 
    0x584500b0, 0x1b2f0ab0, 0x3e140ab1, 0x4500b059, 0x2f13b058, 0x1413b11b, 0x00b0593e, 0x00b05845, 0x00b11b2f, 0xb2593e06, 0x11000a0f, 0x0fb03912, 
    0x0105b12f, 0x582b0ab0, 0xf41bd821, 0x21313059, 0x06071123, 0x26262223, 0x11331135, 0x32331616, 0x33113736, 0x2e368303, 0xb2a69b8e, 0xa7033655, 
    0x35d052cd, 0x18350236, 0x95b05042, 0xd3fe1d01, 0x26389ab5, 0x01001e02, 0x0000aa00, 0x8d043305, 0x50000b00, 0x0d0c05b2, 0x00391211, 0x584500b0, 
    0x1b2f02b0, 0x3e1402b1, 0x4500b059, 0x2f06b058, 0x1406b11b, 0x00b0593e, 0x0ab05845, 0x0ab11b2f, 0xb0593e14, 0xb0584500, 0xb11b2f00, 0x593e0600, 
    0xb00104b1, 0x21582b0a, 0x59f41bd8, 0xb0d008b0, 0x3130d009, 0x33112121, 0x33112111, 0x33112111, 0x77fb3305, 0x36f30136, 0x0436f401, 0x04a9fb8d, 
    0x04a9fb57, 0x01000057, 0xb5feaa00, 0x8d04b005, 0x59000f00, 0x11100bb2, 0x00391211, 0xb02f02b0, 0xb0584500, 0xb11b2f06, 0x593e1406, 0x584500b0, 
    0x1b2f0ab0, 0x3e140ab1, 0x4500b059, 0x2f0eb058, 0x140eb11b, 0x00b0593e, 0x04b05845, 0x04b11b2f, 0xb1593e06, 0x0ab00100, 0xd821582b, 0xb059f41b, 
    0x09b0d008, 0xd00cb0d0, 0x30d00db0, 0x11332531, 0x11211123, 0x11211133, 0x11211133, 0x7d330533, 0x3630fb36, 0x0136f301, 0xfe3636f4, 0x044b017f, 
    0x04a9fb8d, 0x04a9fb57, 0x02000057, 0x00000000, 0x8d04aa04, 0x15000c00, 0x0ab26800, 0x12111716, 0x100ab039, 0x00d00db0, 0x584500b0, 0x1b2f07b0, 
    0x3e1407b1, 0x4500b059, 0x2f03b058, 0x0603b11b, 0x07b0593e, 0x0105b110, 0x582b0ab0, 0xf41bd821, 0x070ab259, 0x39121103, 0xb42f0ab0, 0x0a2f0a1f, 
    0x03b05d02, 0x010db110, 0x582b0ab0, 0xf41bd821, 0x100ab059, 0xb00113b1, 0x21582b0a, 0x59f41bd8, 0x14013130, 0x11212306, 0x11213521, 0x01163221, 
    0x34353632, 0x11212726, 0xb9cbaa04, 0x7cfe5efe, 0x6b01ba01, 0x7ffeccb9, 0x98aaae9d, 0x530188fe, 0x5704b59e, 0xb218fe36, 0x889743fe, 0xfd029781, 
    0xffff00c7, 0x0000aa00, 0x8d048404, 0x09022600, 0x07000000, 0x8303e401, 0x02000000, 0x0000aa00, 0x8d04d003, 0x13000a00, 0x08b25900, 0x12111514, 
    0x1008b039, 0x00d00bb0, 0x584500b0, 0x1b2f05b0, 0x3e1405b1, 0x4500b059, 0x2f03b058, 0x0603b11b, 0x08b2593e, 0x12110305, 0x2f08b039, 0x2f081fb4, 
    0xb05d0208, 0x0bb11003, 0x2b0ab001, 0x1bd82158, 0x08b059f4, 0x0111b110, 0x582b0ab0, 0xf41bd821, 0x01313059, 0x21230614, 0x21113311, 0x32011632, 
    0x26343536, 0x03112127, 0xfeb9cbd0, 0x6b01365e, 0x7ffeccb9, 0x98aaae9d, 0x530188fe, 0x8d04b59e, 0xfeb218fe, 0x81889743, 0xc7fd0297, 0x73000100, 
    0xfb03f0ff, 0x20009d04, 0x02b26800, 0x12112221, 0x00b00039, 0x15b05845, 0x15b11b2f, 0xb0593e14, 0xb0584500, 0xb11b2f1d, 0x593e061d, 0x1d1508b2, 
    0x7c391211, 0x182f08b0, 0xb00106b1, 0x21582b0a, 0x59f41bd8, 0xb1101db0, 0x0ab00102, 0xd821582b, 0xb259f41b, 0x11020600, 0x15b03912, 0x010eb110, 
    0x582b0ab0, 0xf41bd821, 0x0811b259, 0x3912110e, 0x12133130, 0x35363221, 0x21352135, 0x26263435, 0x07062223, 0x33363623, 0x15151232, 0x23060614, 
    0xa9272622, 0xb4650125, 0x02c0fdde, 0x77b86440, 0x3614c4b1, 0xcec2e914, 0x87d071fb, 0x0113e7c6, 0xfcbffe66, 0x363636d8, 0xa372d287, 0xfec2b49c, 
    0x97a1eee4, 0xb3c381ea, 0xaa000200, 0xa805f0ff, 0x16009d04, 0x81002300, 0x252420b2, 0xb0391211, 0x05b01020, 0x00b000d0, 0x13b05845, 0x13b11b2f, 
    0xb0593e14, 0xb0584500, 0xb11b2f0d, 0x593e140d, 0x584500b0, 0x1b2f0ab0, 0x3e060ab1, 0x4500b059, 0x2f04b058, 0x0604b11b, 0x0eb2593e, 0x12110d0a, 
    0x0eb07c39, 0x08b1182f, 0x2b0ab001, 0x1bd82158, 0x13b059f4, 0x011ab110, 0x582b0ab0, 0xf41bd821, 0x131eb259, 0x3912110a, 0xb11004b0, 0x0ab00120, 
    0xd821582b, 0x3059f41b, 0x06140131, 0x00222306, 0x11213527, 0x11331123, 0x00343521, 0x15003233, 0x23263427, 0x15150622, 0x36201614, 0x75a80535, 
    0xfed38cd8, 0xebfe05fe, 0x15013636, 0xd5d60301, 0xe3350501, 0xe2e3c0c2, 0x01e28401, 0x7fee99f6, 0x49e41201, 0x8d04d1fd, 0xf22ad8fd, 0xe5fe1c01, 
    0xfbd308f2, 0xd39ddaf9, 0x00d9fbfd, 0x50000200, 0xaa030000, 0x0d008d04, 0x63001600, 0x181707b2, 0xb0391211, 0x14b01007, 0x00b000d0, 0x07b05845, 
    0x07b11b2f, 0xb0593e14, 0xb0584500, 0xb11b2f00, 0x593e0600, 0x584500b0, 0x1b2f09b0, 0x3e0609b1, 0x0712b259, 0x39121100, 0xb12f12b0, 0x0ab0010b, 
    0xd821582b, 0xb259f41b, 0x11120b01, 0x07b03912, 0x0113b110, 0x582b0ab0, 0xf41bd821, 0x33313059, 0x35262601, 0x21333634, 0x21112311, 0x16141301, 
    0x21112117, 0x01500622, 0xc4837c2d, 0x36ac01bc, 0xe0fe3afe, 0x01a49b26, 0xa98afe81, 0x122502a1, 0xa09d7f9a, 0x180273fb, 0x5103e8fd, 0x02027c85, 
    0x01007e09, 0x00001400, 0x8d04ec03, 0x55000d00, 0x0f0e00b2, 0x00391211, 0x584500b0, 0x1b2f08b0, 0x3e1408b1, 0x4500b059, 0x2f02b058, 0x0602b11b, 
    0x0cb2593e, 0x12110208, 0x2f0cb039, 0xb00100b1, 0x21582b0a, 0x59f41bd8, 0xb0d004b0, 0x0cb0d005, 0xd006b010, 0xb11008b0, 0x0ab0010a, 0xd821582b, 
    0x3059f41b, 0x11210131, 0x35211123, 0x15211121, 0x02211121, 0x36f6fe5f, 0x0b01f5fe, 0x69fdcd02, 0x2f020a01, 0x2f02d1fd, 0x37280236, 0x01000ffe, 
    0xb5fe2b00, 0x8d040306, 0x9c001900, 0x1b1a08b2, 0x00391211, 0xb02f03b0, 0xb0584500, 0xb11b2f10, 0x593e1410, 0x584500b0, 0x1b2f14b0, 0x3e1414b1, 
    0x4500b059, 0x2f18b058, 0x1418b11b, 0x00b0593e, 0x05b05845, 0x05b11b2f, 0xb0593e06, 0xb0584500, 0xb11b2f09, 0x593e0609, 0x584500b0, 0x1b2f0db0, 
    0x3e060db1, 0x1017b259, 0x39121105, 0x2f17b07c, 0x0107b118, 0x582b0ab0, 0xf41bd821, 0x0700b259, 0x39121117, 0xb11005b0, 0x0ab00101, 0xd821582b, 
    0xb059f41b, 0x0bb01007, 0x170fb2d0, 0x39121107, 0xb01017b0, 0x3130d012, 0x11330101, 0x01231123, 0x11231123, 0x01230123, 0x33013301, 0x33113311, 
    0xf7033301, 0x3635d701, 0x920ffe1b, 0x11fe9436, 0xfe05024b, 0xa7014a3a, 0x019e369e, 0x510247aa, 0x7ffee5fd, 0x3b024b01, 0x3b02c5fd, 0x4e02c5fd, 
    0xe4fd3f02, 0xe4fd1c02, 0x01001c02, 0xb5feb500, 0x8d040904, 0x6f001000, 0x121100b2, 0x00391211, 0xb02f03b0, 0xb0584500, 0xb11b2f0b, 0x593e140b, 
    0x584500b0, 0x1b2f0fb0, 0x3e140fb1, 0x4500b059, 0x2f05b058, 0x0605b11b, 0x00b0593e, 0x09b05845, 0x09b11b2f, 0xb2593e06, 0x11050b0e, 0xb07c3912, 
    0xb1182f0e, 0x0ab00107, 0xd821582b, 0xb259f41b, 0x110e0700, 0x05b03912, 0x0101b110, 0x582b0ab0, 0xf41bd821, 0x01313059, 0x23113301, 0x23012311, 
    0x33112311, 0x33013311, 0x0c02c801, 0xfd153635, 0x3636acd9, 0x47ea01b2, 0xe2fd5402, 0x4b017ffe, 0xc5fd3b02, 0xe4fd8d04, 0x01001c02, 0x0000b500, 
    0x8d042704, 0x66001400, 0x161508b2, 0x00391211, 0x584500b0, 0x1b2f06b0, 0x3e1406b1, 0x4500b059, 0x2f13b058, 0x1413b11b, 0x00b0593e, 0x09b05845, 
    0x09b11b2f, 0xb0593e06, 0xb0584500, 0xb11b2f11, 0x593e0611, 0x090605b2, 0x7c391211, 0x182f05b0, 0xb0d000b0, 0x0bb11005, 0x2b0ab001, 0x1bd82158, 
    0x08b259f4, 0x1211050b, 0xd00fb039, 0x33133130, 0x33113311, 0x01013301, 0x15230123, 0x11233523, 0xeb331123, 0x013f375a, 0xfafd47ea, 0xfd4b4102, 
    0x5a3739d9, 0x71023636, 0xfffe0101, 0xc7fd1c02, 0x3b02acfd, 0xc5fdfdfd, 0x01008d04, 0x00000000, 0x8d04d804, 0x6c000e00, 0x100f09b2, 0x00391211, 
    0x584500b0, 0x1b2f06b0, 0x3e1406b1, 0x4500b059, 0x2f0ab058, 0x140ab11b, 0x00b0593e, 0x02b05845, 0x02b11b2f, 0xb0593e06, 0xb0584500, 0xb11b2f0d, 
    0x593e060d, 0x020609b2, 0x7c391211, 0x182f09b0, 0xb00100b1, 0x21582b0a, 0x59f41bd8, 0xb11006b0, 0x0ab00104, 0xd821582b, 0xb259f41b, 0x1109000c, 
    0x31303912, 0x23112301, 0x21352111, 0x33013311, 0x02230101, 0xfe36ac66, 0xb2ba017c, 0xfd47ea01, 0x4b4102fa, 0xc5fd3b02, 0xfd365704, 0xfd1c02e4, 
    0x00acfdc7, 0x72000200, 0x2e05ebff, 0x2500ab04, 0x86003300, 0x353404b2, 0xb0391211, 0x31b01004, 0x00b000d0, 0x1cb05845, 0x1cb11b2f, 0xb0593e14, 
    0xb0584500, 0xb11b2f00, 0x593e0600, 0x584500b0, 0x1b2f04b0, 0x3e0604b1, 0x0402b259, 0x3912111c, 0xb02f02b0, 0x0cb0101c, 0x2f0cb0d0, 0xb0010db1, 
    0x21582b0a, 0x59f41bd8, 0xb11004b0, 0x0ab00114, 0xd821582b, 0xb059f41b, 0x02b0d025, 0x0129b110, 0x582b0ab0, 0xf41bd821, 0x101cb059, 0xb00130b1, 
    0x21582b0a, 0x59f41bd8, 0x22053130, 0x20230627, 0x34351100, 0x17333636, 0x15150222, 0x32330010, 0x35112437, 0x32331234, 0x14151512, 0x33160702, 
    0x17121401, 0x35371236, 0x22232634, 0x2e051506, 0xa17e9cc3, 0xd5feedfe, 0x0486d070, 0x1101e2b2, 0xfe6375f7, 0xafacbcbf, 0x7d8190c2, 0xab4ffda2, 
    0x01948aa3, 0x9e9497a4, 0x01393814, 0x0f47015a, 0x3685f19a, 0x10d6f6fe, 0xb9fee3fe, 0x9601a121, 0x0401ea36, 0x3de8f7fe, 0x4fe0feb9, 0xbe4e0226, 
    0x4644f1fe, 0x44b21601, 0xd5e7e6d1, 0x1e00ffff, 0xfc030000, 0x26008d04, 0x0000d401, 0x27020700, 0xd5fe7b00, 0x2e000100, 0xfd03b5fe, 0x0f008d04, 
    0x03b25e00, 0x12111110, 0x06b00039, 0x4500b02f, 0x2f01b058, 0x1401b11b, 0x00b0593e, 0x0eb05845, 0x0eb11b2f, 0xb0593e14, 0xb0584500, 0xb11b2f08, 
    0x593e0608, 0x584500b0, 0x1b2f0bb0, 0x3e060bb1, 0x0100b259, 0x39121108, 0xb11008b0, 0x0ab00105, 0xd821582b, 0xb259f41b, 0x1108010a, 0x31303912, 
    0x01330101, 0x23113301, 0x01012311, 0x33010123, 0x8e010e02, 0x0151fe44, 0x18363597, 0x61fe5ffe, 0xfec00141, 0x7e024350, 0xc4fd0f02, 0x7ffee5fd, 
    0x23024b01, 0x5102ddfd, 0x01003c02, 0xb5fe1e00, 0x8d049505, 0x5e000f00, 0x111009b2, 0x00391211, 0xb02f02b0, 0xb0584500, 0xb11b2f08, 0x593e1408, 
    0x584500b0, 0x1b2f0eb0, 0x3e140eb1, 0x4500b059, 0x2f04b058, 0x0604b11b, 0x00b1593e, 0x2b0ab001, 0x1bd82158, 0x08b059f4, 0x0106b110, 0x582b0ab0, 
    0xf41bd821, 0xd00ab059, 0xb0d00bb0, 0x0cb01000, 0xd00db0d0, 0x33253130, 0x21112311, 0x21352111, 0x21112115, 0x18053311, 0x52fc367d, 0x72036dfe, 
    0xfb0257fe, 0x7ffe3636, 0x57044b01, 0xdffb3636, 0x01005704, 0x00004900, 0x8d048303, 0x50001900, 0x1b1a04b2, 0x00391211, 0x584500b0, 0x1b2f0cb0, 
    0x3e140cb1, 0x4500b059, 0x2f18b058, 0x1418b11b, 0x00b0593e, 0x00b05845, 0x00b11b2f, 0xb2593e06, 0x11000c14, 0x14b03912, 0x0104b12f, 0x582b0ab0, 
    0xf41bd821, 0xd007b059, 0xb01014b0, 0x3130d011, 0x06112321, 0x35231507, 0x1127022e, 0x16161133, 0x11331117, 0x11373636, 0x36830333, 0x9237b792, 
    0x360250a0, 0x37b69602, 0x362dcb51, 0x04563502, 0x5005e3e3, 0x2d0187a9, 0x9fadd7fe, 0xfe1b0107, 0x223a02e5, 0x01001e02, 0x0000ab00, 0x8d04e503, 
    0x47001400, 0x161505b2, 0x00391211, 0x584500b0, 0x1b2f00b0, 0x3e1400b1, 0x4500b059, 0x2f0ab058, 0x060ab11b, 0x00b0593e, 0x13b05845, 0x13b11b2f, 
    0xb2593e06, 0x110a0005, 0x05b03912, 0x010fb12f, 0x582b0ab0, 0xf41bd821, 0x13313059, 0x36361133, 0x16163233, 0x11231115, 0x22232626, 0x23110706, 
    0xbd4336ab, 0x55b2a657, 0xcda70336, 0x362dd258, 0xcafd8d04, 0xb050312a, 0x01e3fe95, 0x3d9ab52d, 0x00e3fd22, 0x14000200, 0x1b05ecff, 0x1c009d04, 
    0x7a002400, 0x26250eb2, 0xb0391211, 0x1eb0100e, 0x00b000d0, 0x0fb05845, 0x0fb11b2f, 0xb0593e14, 0xb0584500, 0xb11b2f00, 0x593e0600, 0x000f0bb2, 
    0xb0391211, 0x1fb42f0b, 0x020b2f0b, 0x0b5fb25d, 0x04b15d01, 0x2b0ab001, 0x1bd82158, 0x13b059f4, 0x1000b0d0, 0xb00118b1, 0x21582b0a, 0x59f41bd8, 
    0x000f1ab2, 0xb0391211, 0x1db1100f, 0x2b0ab001, 0x1bd82158, 0x0bb059f4, 0xd020b010, 0x22053130, 0x26353500, 0x14333526, 0x023e1716, 0x15123233, 
    0x14152115, 0x37323316, 0x22010617, 0x35210702, 0x50032634, 0xa0f5fee1, 0x8c8d37b0, 0x84d77903, 0x7ffcffe1, 0x8cddcaec, 0xfafe961e, 0x0304e4b9, 
    0x0114df4b, 0x025bf417, 0x867b989f, 0x84f49d02, 0x61e5fbfe, 0x75fdd063, 0x7b04812a, 0x30d4f5fe, 0x0200e5ca, 0xecff5f00, 0x9d041604, 0x1e001600, 
    0x08b26d00, 0x1211201f, 0x1008b039, 0x00d017b0, 0x584500b0, 0x1b2f00b0, 0x3e1400b1, 0x4500b059, 0x2f08b058, 0x0608b11b, 0x0db2593e, 0x12110800, 
    0x2f0db039, 0x010d0fb2, 0x1000b05d, 0xb00112b1, 0x21582b0a, 0x59f41bd8, 0x080014b2, 0xb0391211, 0x17b11008, 0x2b0ab001, 0x1bd82158, 0x0db059f4, 
    0x011ab110, 0x582b0ab0, 0xf41bd821, 0x01313059, 0x15150032, 0x23060614, 0x35350222, 0x26343521, 0x07222326, 0x32013627, 0x15213712, 0x2a021614, 
    0x790a01e2, 0xffe186d8, 0xc5698103, 0x1e8cdd88, 0xb8060196, 0xb6fc04e4, 0xfe9d04df, 0xa383f1e7, 0x050187fa, 0x856361e5, 0x2a7574d4, 0x0185fb81, 
    0xca30d609, 0x010000e5, 0xefff5600, 0x8d04be03, 0x6e001b00, 0x1d1c16b2, 0x00391211, 0x584500b0, 0x1b2f00b0, 0x3e1400b1, 0x4500b059, 0x2f09b058, 
    0x0609b11b, 0x00b0593e, 0x0119b110, 0x582b0ab0, 0xf41bd821, 0x1901b259, 0x39121100, 0x090018b2, 0x7c391211, 0x182f18b0, 0xb0d002b0, 0x11b11009, 
    0x2b0ab001, 0x1bd82158, 0x02b059f4, 0x0216b110, 0x582b0ab0, 0xf41bd821, 0x110eb259, 0x39121116, 0x17013130, 0x16163301, 0x23061415, 0x35262622, 
    0x33161433, 0x10353632, 0x01352325, 0x8c033521, 0x4449fe03, 0xc1f1d5cd, 0x3674cc76, 0xceaea6da, 0x018591fe, 0x042dfdc0, 0x41fe448d, 0x9c96a403, 
    0x679a55c2, 0x8a9ea47c, 0x2d060a01, 0x0036cd01, 0x72000300, 0x2504f0ff, 0x0f009d04, 0x20001700, 0x04b26600, 0x12112221, 0x1004b039, 0xb0d014b0, 
    0x1db01004, 0x00b000d0, 0x0cb05845, 0x0cb11b2f, 0xb0593e14, 0xb0584500, 0xb11b2f04, 0x593e0604, 0x0c0418b2, 0x7c391211, 0x182f18b0, 0xb00110b1, 
    0x21582b0a, 0x59f41bd8, 0xb11004b0, 0x0ab00114, 0xd821582b, 0xb059f41b, 0x1db1100c, 0x2b0ab001, 0x1bd82158, 0x313059f4, 0x06061401, 0x27002223, 
    0x36363435, 0x15003233, 0x14152107, 0x35362016, 0x34352125, 0x06222326, 0x75250415, 0xfed38cd8, 0xd87505fe, 0x0501d58c, 0xe2b8fc35, 0xfce28401, 
    0xe34803b8, 0x01e3c0c2, 0x7fee99f6, 0xb0e41201, 0xfe80ee99, 0x3a60f2e5, 0xd9fbfdd3, 0xfbd3326c, 0x0100daf9, 0x00002300, 0x9d04a303, 0xaa002800, 
    0x2a2926b2, 0x00391211, 0x584500b0, 0x1b2f1eb0, 0x3e141eb1, 0x4500b059, 0x2f0cb058, 0x060cb11b, 0x06b2593e, 0x12110c1e, 0x2f06b039, 0x01060fb2, 
    0xd001b05d, 0x402f01b0, 0x2f011f0b, 0x4f013f01, 0x05015f01, 0x0100b25d, 0x02b15d01, 0x2b0ab001, 0x1bd82158, 0x06b059f4, 0x0107b110, 0x582b0ab0, 
    0xf41bd821, 0x100cb059, 0xb0010ab1, 0x21582b0a, 0x59f41bd8, 0xb0d00eb0, 0x07b0d00f, 0xd012b010, 0xb01006b0, 0x02b0d014, 0xd017b010, 0xb01001b0, 
    0x1eb0d019, 0x0125b110, 0x582b0ab0, 0xf41bd821, 0x0122b259, 0x39121125, 0x21013130, 0x15172115, 0x06211521, 0x21172107, 0x36363335, 0x33352337, 
    0x35232735, 0x36262733, 0x15163233, 0x23263423, 0x01170622, 0xfeab012d, 0xa2010757, 0x77055ffe, 0xfc01e702, 0x5a480aac, 0x07dddd05, 0x0802d4d6, 
    0x9ea1a5ae, 0x918d7c36, 0xa302088c, 0x36019b36, 0x363669fc, 0x3685c917, 0x45369b01, 0xcab9e7ce, 0xbdc2a1ac, 0x28000100, 0x5b03ebff, 0x23009d04, 
    0x0ab2a100, 0x12112524, 0x00b00039, 0x16b05845, 0x16b11b2f, 0xb0593e14, 0xb0584500, 0xb11b2f09, 0x593e0609, 0x160923b2, 0xb0391211, 0x0fb22f23, 
    0xb45d0123, 0x23202310, 0x00b15d02, 0x2b0ab001, 0x1bd82158, 0x09b059f4, 0x0104b110, 0x582b0ab0, 0xf41bd821, 0x1000b059, 0xb0d00cb0, 0x0fb01023, 
    0x1023b0d0, 0xb0d01fb0, 0x0b402f1f, 0x1f2f1f1f, 0x1f4f1f3f, 0x5d051f5f, 0x011f00b2, 0x0120b15d, 0x582b0ab0, 0xf41bd821, 0xd010b059, 0xb0101fb0, 
    0x16b0d013, 0x011bb110, 0x582b0ab0, 0xf41bd821, 0x01313059, 0x33161621, 0x06153732, 0x27262223, 0x35333523, 0x36333523, 0x17323336, 0x22232615, 
    0x15210706, 0x02211521, 0x0f3bfedd, 0x666ca7bb, 0xdcba6969, 0xb8b8ba11, 0xbedc0cb9, 0x64707e56, 0x010bbaab, 0x0139fec6, 0xc6b901c7, 0x1f3922d2, 
    0x9c36e0ee, 0x1ff9e336, 0xd2d4233a, 0x04009c36, 0x0000aa00, 0xa1043c07, 0x10000300, 0x28001e00, 0x20b2ab00, 0x12112a29, 0x1020b039, 0xb0d001b0, 
    0x04b01020, 0x1020b0d0, 0x00d011b0, 0x584500b0, 0x1b2f06b0, 0x3e1406b1, 0x4500b059, 0x2f27b058, 0x1427b11b, 0x00b0593e, 0x25b05845, 0x25b11b2f, 
    0xb0593e14, 0xb0584500, 0xb11b2f22, 0x593e0622, 0x584500b0, 0x1b2f20b0, 0x3e0620b1, 0x1006b059, 0xb0d00db0, 0x02b02f0d, 0x2f02b0d0, 0x100200b4, 
    0xb15d0202, 0x0ab00101, 0xd821582b, 0xb059f41b, 0x14b1100d, 0x2b0ab001, 0x1bd82158, 0x06b059f4, 0x011bb110, 0x582b0ab0, 0xf41bd821, 0x2521b259, 
    0x39121120, 0x252026b2, 0x30391211, 0x35210131, 0x36340121, 0x15151620, 0x22230614, 0x14173526, 0x36323316, 0x26343535, 0x15062223, 0x11012303, 
    0x01331123, 0x27073311, 0x1202eefd, 0x01a7b4fd, 0x88a7a812, 0x8536a989, 0x89867477, 0xdd887273, 0x36e2fc36, 0x361e0336, 0x01363c01, 0xb8b996e0, 
    0xb7972a9c, 0x83059db6, 0x2b839995, 0x87989980, 0x3304b4fc, 0x8d04cdfb, 0x3004d0fb, 0x28000200, 0x16040000, 0x16008d04, 0x8b001e00, 0x201f00b2, 
    0xb0391211, 0xb000d018, 0xb0584500, 0xb11b2f0c, 0x593e140c, 0x584500b0, 0x1b2f02b0, 0x3e0602b1, 0x0c16b259, 0x39121102, 0xb12f16b0, 0x0ab00100, 
    0xd821582b, 0xb059f41b, 0x16b0d004, 0xd006b010, 0xb01016b0, 0x0bb0d00b, 0x0f15402f, 0x2f0b1f0b, 0x4f0b3f0b, 0x6f0b5f0b, 0x8f0b7f0b, 0x0a0b9f0b, 
    0x0108b15d, 0x582b0ab0, 0xf41bd821, 0xd013b059, 0xb0100bb0, 0x0cb0d017, 0x011db110, 0x582b0ab0, 0xf41bd821, 0x01313059, 0x11231121, 0x35333523, 
    0x11333523, 0x15163221, 0x21230614, 0x21252115, 0x26103632, 0x73022127, 0xc836b3fe, 0x01c8c8c8, 0xd0d1b0a5, 0x0193feb3, 0x01b3fe4d, 0xa8b19a6f, 
    0x0185fe97, 0x01e6fe1a, 0x3772361a, 0xa4c19402, 0xa972c3a3, 0xa70e01a6, 0x01000003, 0xf5ff5000, 0x20037d02, 0x72002600, 0x282707b2, 0x00391211, 
    0x584500b0, 0x1b2f0eb0, 0x3e100eb1, 0x4500b059, 0x2f1ab058, 0x061ab11b, 0x00b2593e, 0x12110e1a, 0x00b07c39, 0x0eb0182f, 0x0207b110, 0x582b0ab0, 
    0xf41bd821, 0x000ab259, 0x39121107, 0xb11000b0, 0x0ab00226, 0xd821582b, 0xb259f41b, 0x11002614, 0x1ab03912, 0x0220b110, 0x582b0ab0, 0xf41bd821, 
    0x261eb259, 0x39121120, 0x33013130, 0x34353636, 0x06222326, 0x36342315, 0x15163233, 0x16070614, 0x06141516, 0x35262223, 0x32161433, 0x23343536, 
    0x4b0e0123, 0x5f6b7665, 0x9735795b, 0x50897772, 0x9458564b, 0x36a37c7a, 0xfd71ce82, 0x01aa013c, 0x594d4559, 0x7a604c5d, 0x63396674, 0x48641417, 
    0x657f7a64, 0x515c664e, 0x020000a7, 0x00004100, 0x1503b102, 0x0e000a00, 0x0eb25700, 0x1211100f, 0x100eb039, 0x00d009b0, 0x584500b0, 0x1b2f09b0, 
    0x3e1009b1, 0x4500b059, 0x2f04b058, 0x0604b11b, 0x01b2593e, 0x12110409, 0x2f01b039, 0xb00202b1, 0x21582b0a, 0x59f41bd8, 0xb0d006b0, 0x0bb01001, 
    0x0b08b2d0, 0x39121102, 0x04090db2, 0x30391211, 0x15332531, 0x35231523, 0x33012721, 0x07112101, 0x93931e02, 0x0159fe35, 0xfe3ca101, 0x2c620169, 
    0xcccc31fd, 0xfd290220, 0x47da01e8, 0x7d000100, 0x8a02f5ff, 0x1d001503, 0x1ab27000, 0x12111f1e, 0x00b00039, 0x02b05845, 0x02b11b2f, 0xb0593e10, 
    0xb0584500, 0xb11b2f0e, 0x593e060e, 0xb11002b0, 0x0ab00203, 0xd821582b, 0xb259f41b, 0x110e0208, 0x08b03912, 0x0805b22f, 0x3912110e, 0xb1100eb0, 
    0x0ab00215, 0xd821582b, 0xb059f41b, 0x1ab11008, 0x2b0ab002, 0x1bd82158, 0x12b259f4, 0x12111a15, 0x1a1db239, 0x39121115, 0x13133130, 0x03211521, 
    0x32333636, 0x06141516, 0x27262223, 0x33161633, 0x26343532, 0x07072223, 0xbf012f91, 0x17256efe, 0x94793e60, 0x93677e8c, 0x70073609, 0x6a73d556, 
    0x01223a62, 0x337e0197, 0x1f0fe5fe, 0x877f7189, 0x5e4d6477, 0x246f5bd6, 0x02000017, 0xf5ff6b00, 0x1d038302, 0x1e001200, 0x02b26500, 0x1211201f, 
    0x1002b039, 0x00d013b0, 0x584500b0, 0x1b2f00b0, 0x3e1000b1, 0x4500b059, 0x2f0cb058, 0x060cb11b, 0x00b0593e, 0x0201b110, 0x582b0ab0, 0xf41bd821, 
    0x0007b259, 0x3912110c, 0xb22f07b0, 0x11070c04, 0x13b13912, 0x2b0ab002, 0x1bd82158, 0x0cb059f4, 0x021ab110, 0x582b0ab0, 0xf41bd821, 0x01313059, 
    0x07062215, 0x32333636, 0x23061416, 0x35352622, 0x22133634, 0x14150706, 0x36323316, 0x16022634, 0x2008c1ac, 0x8d734d75, 0x9c7c6f91, 0x7f4637d8, 
    0x57647f15, 0x1d037174, 0x2e9eb232, 0x98ec8e3e, 0xce4d80a0, 0x4bb9feed, 0x816c3c3d, 0x0074c07d, 0x42000100, 0x81020000, 0x06001503, 0x01b23a00, 
    0x12110807, 0x00b00039, 0x06b05845, 0x06b11b2f, 0xb0593e10, 0xb0584500, 0xb11b2f01, 0x593e0601, 0xb11006b0, 0x0ab00203, 0xd821582b, 0xb259f41b, 
    0x11060300, 0x31303912, 0x01230101, 0x02213521, 0x3880fe81, 0xfbfd7e01, 0xf5023f02, 0xe3020bfd, 0x03000032, 0xf5ff5000, 0x20038702, 0x20001600, 
    0x74002a00, 0x2c2b09b2, 0xb0391211, 0x1eb01009, 0x1009b0d0, 0x00d021b0, 0x584500b0, 0x1b2f14b0, 0x3e1014b1, 0x4500b059, 0x2f09b058, 0x0609b11b, 
    0x26b2593e, 0x12111409, 0x26b07c39, 0x19b1182f, 0x2b0ab002, 0x1bd82158, 0x03b259f4, 0x12112619, 0x260fb239, 0x39121119, 0xb11009b0, 0x0ab0021e, 
    0xd821582b, 0xb059f41b, 0x21b11014, 0x2b0ab002, 0x1bd82158, 0x313059f4, 0x07061401, 0x14151616, 0x26222306, 0x37363435, 0x34352626, 0x03163236, 
    0x06222634, 0x32331614, 0x06220336, 0x32161415, 0x02263436, 0x4e44536f, 0x83809a61, 0x444e619a, 0x8fea8d52, 0x80ca811e, 0x7b696c7b, 0x74735ae6, 
    0x027672b6, 0x165f414a, 0x64446a16, 0x48647777, 0x5e171666, 0x74756141, 0x614b23fe, 0x5e5e9860, 0x4a5a6c02, 0x8c595748, 0x0200005e, 0xf8ff4e00, 
    0x20036c02, 0x22001500, 0x1db26800, 0x12112423, 0x101db039, 0x00d009b0, 0x584500b0, 0x1b2f09b0, 0x3e1009b1, 0x4500b059, 0x2f11b058, 0x0611b11b, 
    0x03b2593e, 0x12110911, 0x2f03b039, 0x090300b2, 0xb0391211, 0x12b11011, 0x2b0ab002, 0x1bd82158, 0x03b059f4, 0x0216b110, 0x582b0ab0, 0xf41bd821, 
    0x1009b059, 0xb0021db1, 0x21582b0a, 0x59f41bd8, 0x06013130, 0x26222306, 0x33363435, 0x15151632, 0x23070614, 0x36363337, 0x37363227, 0x23263435, 
    0x14150622, 0x20360216, 0x90734d78, 0x8d847598, 0x0117bfcc, 0xdeada21a, 0x75167a50, 0x73795d65, 0x41347401, 0xa0776f9b, 0xcc4b94a6, 0x023001d6, 
    0x42535caa, 0x85818226, 0x007f5b5f, 0x6c000100, 0xb702d102, 0x03000703, 0x00b21e00, 0x12110504, 0x03b00039, 0x030fb22f, 0x00b15d01, 0x2b0ab001, 
    0x1bd82158, 0x313059f4, 0x21352101, 0xb5fdb702, 0xd1024b02, 0x01000036, 0x0000aa00, 0x8d04a603, 0x6b000b00, 0x0d0c01b2, 0x00391211, 0x584500b0, 
    0x1b2f06b0, 0x3e1406b1, 0x4500b059, 0x2f04b058, 0x0604b11b, 0x0bb2593e, 0x12110406, 0x2f0bb039, 0x010b5fb2, 0x0b1fb45d, 0x5d020b2f, 0x9f0b8fb4, 
    0xb15d020b, 0x0ab00100, 0xd821582b, 0xb059f41b, 0x02b11004, 0x2b0ab001, 0x1bd82158, 0x06b059f4, 0x0108b110, 0x582b0ab0, 0xf41bd821, 0x01313059, 
    0x15211121, 0x15211121, 0x03211121, 0x0292fd4e, 0x0204fdc6, 0x023bfdfb, 0xfd43026e, 0x8d0436f3, 0x0023fe37, 0x5a000300, 0xdd034afe, 0x29004e04, 
    0x45003700, 0x07b2a000, 0x12114746, 0x1007b039, 0xb0d030b0, 0x3bb01007, 0x00b000d0, 0x26b05845, 0x26b11b2f, 0xb0593e12, 0xb0584500, 0xb11b2f15, 
    0x593e0815, 0xb01026b0, 0x29b0d029, 0x0100b12f, 0x582b0ab0, 0xf41bd821, 0x1507b259, 0x39121126, 0xb22f07b0, 0x1115070e, 0x0eb03912, 0x0137b12f, 
    0x582b0ab0, 0xf41bd821, 0x371bb259, 0x3912110e, 0x26071fb2, 0xb0391211, 0x30b11015, 0x2b0ab001, 0x1bd82158, 0x07b059f4, 0x013bb110, 0x582b0ab0, 
    0xf41bd821, 0x1026b059, 0xb00142b1, 0x21582b0a, 0x59f41bd8, 0x23013130, 0x14151516, 0x27222306, 0x33141506, 0x15163233, 0x23060614, 0x34352622, 
    0x35263736, 0x26263734, 0x36343527, 0x21173233, 0x15060601, 0x32331614, 0x34353636, 0x14012726, 0x36323316, 0x26343535, 0x15062223, 0x89cbd403, 
    0x4147a2dc, 0xaeb97f5e, 0x8ce281c9, 0x717adbb9, 0x645a5a4d, 0x49a4db01, 0xfd360141, 0xb9a372d3, 0x75c87ca5, 0x55fe91a2, 0xc0888bc0, 0xbc8d8fbb, 
    0xaf620404, 0x14bb860f, 0x976e5443, 0x5a9d5486, 0x9d5d819d, 0x63672631, 0x55942b4a, 0x14c09419, 0xa21042fc, 0x4b7d6b62, 0x7a6b4684, 0x6c680202, 
    0x0f749e9f, 0x7fa6a777, 0x7a000200, 0x1104ebff, 0x12004e04, 0x6d001f00, 0x21200ab2, 0xb0391211, 0x1db0100a, 0x00b000d0, 0x0ab05845, 0x0ab11b2f, 
    0xb0593e12, 0xb0584500, 0xb11b2f0e, 0x593e120e, 0x584500b0, 0x1b2f11b0, 0x3e0611b1, 0x4500b059, 0x2f03b058, 0x0603b11b, 0x00b2593e, 0x1211110a, 
    0x0a0db239, 0x39121111, 0xb00116b1, 0x21582b0a, 0x59f41bd8, 0xb1100ab0, 0x0ab0011d, 0xd821582b, 0x3059f41b, 0x06060131, 0x27022223, 0x33121027, 
    0x13171632, 0x23130333, 0x33121401, 0x35373632, 0x22232626, 0x1e960302, 0xd8b390d8, 0xbddb010a, 0x3a29cd8c, 0x3c5f583c, 0xa8b5ddfc, 0x211bc389, 
    0xbaa587bd, 0xebb98f01, 0x41e90901, 0x2b010501, 0x9501c5e4, 0xe4fde2fd, 0xfee50902, 0x78c4f0fd, 0xf2fef6d5, 0xc3000200, 0xb204ffff, 0x1800af05, 
    0x63002100, 0x232204b2, 0xb0391211, 0x20b01004, 0x00b000d0, 0x03b05845, 0x03b11b2f, 0xb0593e16, 0xb0584500, 0xb11b2f01, 0x593e0601, 0x584500b0, 
    0x1b2f11b0, 0x3e0611b1, 0x0319b259, 0x39121101, 0xb12f19b0, 0x0ab00100, 0xd821582b, 0xb259f41b, 0x1119000a, 0x03b03912, 0x0120b110, 0x582b0ab0, 
    0xf41bd821, 0x13313059, 0x21112311, 0x14151632, 0x16160706, 0x17141517, 0x27262315, 0x23263435, 0x36322125, 0x23263435, 0x0136f921, 0xa3f4ead0, 
    0x028f8e82, 0x01473547, 0x45febec3, 0xe6cc9001, 0x66fed6d2, 0x54fdab02, 0xbdc9b005, 0x181dc67f, 0x909293a1, 0x94561941, 0x36a79388, 0xaea29aae, 
    0xc8000100, 0xcb040000, 0x0c00b005, 0x0ab25d00, 0x12110e0d, 0x00b00039, 0x04b05845, 0x04b11b2f, 0xb0593e16, 0xb0584500, 0xb11b2f08, 0x593e1608, 
    0x584500b0, 0x1b2f02b0, 0x3e0602b1, 0x4500b059, 0x2f0bb058, 0x060bb11b, 0x07b2593e, 0x12110204, 0x07b07c39, 0x00b1182f, 0x2b0ab001, 0x1bd82158, 
    0x0ab259f4, 0x12110700, 0x01313039, 0x11231123, 0x01331133, 0x23010133, 0x36dfdd01, 0x6a02ee36, 0x027cfd47, 0xc70247b2, 0xb00539fd, 0xb4024cfd, 
    0x26fd2afd, 0xac000100, 0xb9030000, 0x0c000006, 0x0ab25300, 0x12110e0d, 0x04b00039, 0x4500b02f, 0x2f08b058, 0x1208b11b, 0x00b0593e, 0x02b05845, 
    0x02b11b2f, 0xb0593e06, 0xb0584500, 0xb11b2f0b, 0x593e060b, 0x020806b2, 0x7c391211, 0x182f06b0, 0xb00100b1, 0x21582b0a, 0x59f41bd8, 0x06000ab2, 
    0x30391211, 0x11230131, 0x11331123, 0x01330133, 0x76012301, 0x7f363694, 0xfe47ec01, 0x461b020a, 0xd7fd2902, 0x5ffc0006, 0x13fedb01, 0x0100b3fd, 
    0x0000c800, 0xb0057b04, 0x53000c00, 0x0e0d0ab2, 0x00391211, 0x584500b0, 0x1b2f04b0, 0x3e1604b1, 0x4500b059, 0x2f08b058, 0x1608b11b, 0x00b0593e, 
    0x02b05845, 0x02b11b2f, 0xb0593e06, 0xb0584500, 0xb11b2f0b, 0x593e060b, 0x020400b2, 0xb2391211, 0x11020406, 0x0ab23912, 0x12110601, 0x01313039, 
    0x11231123, 0x01331133, 0x23010133, 0x360d0b01, 0xf2020c36, 0x03fbfc51, 0xc7025133, 0xb00539fd, 0xc5023bfd, 0x25fd2bfd, 0xaa000200, 0x0c040000, 
    0x0b008d04, 0x48001600, 0x18170bb2, 0xb0391211, 0x0eb0100b, 0x00b000d0, 0x01b05845, 0x01b11b2f, 0xb0593e14, 0xb0584500, 0xb11b2f00, 0x593e0600, 
    0xb11001b0, 0x0ab0010c, 0xd821582b, 0xb059f41b, 0x0db11000, 0x2b0ab001, 0x1bd82158, 0x313059f4, 0x32211133, 0x15151616, 0x07060614, 0x32211101, 
    0x35353636, 0xaa230034, 0xef955b01, 0x91ec8183, 0x2401d2fe, 0xfe79d584, 0x8d04d6fc, 0x8593ec85, 0x0285e994, 0xe0fb5604, 0x8784d475, 0x000401c8, 
    0x7a000100, 0x0204f0ff, 0x1b009d04, 0x03b25000, 0x12111d1c, 0x00b00039, 0x0bb05845, 0x0bb11b2f, 0xb0593e14, 0xb0584500, 0xb11b2f03, 0x593e0603, 
    0x030b0fb2, 0xb0391211, 0x12b1100b, 0x2b0ab001, 0x1bd82158, 0x03b059f4, 0x0119b110, 0x582b0ab0, 0xf41bd821, 0x031bb259, 0x3912110b, 0x06013130, 
    0x02222306, 0x36343535, 0x16323336, 0x26262317, 0x07062223, 0x33161415, 0x02041320, 0xccc6e713, 0x87d072fc, 0x3614e9c2, 0xb3b1c414, 0xb4de04dc, 
    0x01276301, 0x01c3b366, 0x97a1ef1a, 0xb4c280ec, 0xc9f5a39c, 0x01fcd1b6, 0x03000041, 0x0000aa00, 0x8d04c903, 0x17000e00, 0x83001e00, 0x201f1db2, 
    0xb0391211, 0x02b0101d, 0x101db0d0, 0x00d011b0, 0x584500b0, 0x1b2f01b0, 0x3e1401b1, 0x4500b059, 0x2f00b058, 0x0600b11b, 0x18b2593e, 0x12110001, 
    0x2f18b039, 0x01185fb2, 0x188fb45d, 0x5d02189f, 0x2f181fb4, 0xb25d0218, 0x5d0118cf, 0xb0010fb1, 0x21582b0a, 0x59f41bd8, 0x180f08b2, 0xb0391211, 
    0x10b11000, 0x2b0ab001, 0x1bd82158, 0x01b059f4, 0x011db110, 0x582b0ab0, 0xf41bd821, 0x33313059, 0x16322111, 0x07061415, 0x14151616, 0x11012306, 
    0x35363221, 0x25272634, 0x34352021, 0x01aa2125, 0x6bd1c84e, 0xd2967366, 0x01a1feb8, 0xaeb49b64, 0x018efe93, 0xfe520129, 0x04d5feb0, 0x63939a8d, 
    0xa112168b, 0x02ab9767, 0x8cfbfd3b, 0x018b6f7e, 0x07ecf236, 0x1c000200, 0x05040000, 0x07008d04, 0x54000c00, 0x0e0d0bb2, 0xb0391211, 0x05b0100b, 
    0x00b000d0, 0x04b05845, 0x04b11b2f, 0xb0593e14, 0xb0584500, 0xb11b2f02, 0x593e0602, 0x584500b0, 0x1b2f06b0, 0x3e0606b1, 0x0409b259, 0x39121102, 
    0xb12f09b0, 0x0ab00100, 0xd821582b, 0xb259f41b, 0x1102040b, 0x31303912, 0x23032101, 0x23013301, 0x27012101, 0xfd420307, 0x013b899e, 0xd5013fd5, 
    0x022afd3a, 0x16fbfe37, 0xfe560116, 0xfb8d04aa, 0x028c0173, 0x0041408e, 0x8f000100, 0xf600dc04, 0x07001806, 0xb0000c00, 0x00b02f05, 0x2f00b0d0, 
    0x17133130, 0x23150706, 0x2cca3635, 0x0236022f, 0x5f101806, 0x518b903d, 0x93000200, 0xc602e004, 0x0d006506, 0x64001100, 0x2f03b000, 0x01030fb2, 
    0xd007b05d, 0x402f07b0, 0x1f070f0d, 0x3f072f07, 0x5f074f07, 0xb05d0607, 0x0ab11003, 0x2b0ab002, 0x1bd82158, 0x07b059f4, 0xd00db010, 0xb22f0db0, 
    0x11070311, 0x11b03912, 0xd00eb02f, 0x402f0eb0, 0x1f0e0f0d, 0x3f0e2f0e, 0x5f0e4f0e, 0xb05d060e, 0x10b01011, 0x10b019d0, 0x3130182f, 0x23061401, 
    0x33352622, 0x32331614, 0x33253536, 0xc6022317, 0x97838297, 0x6c6e7636, 0x4170fe76, 0xb00537a6, 0x5d73735d, 0x4b57544e, 0x0200d5b5, 0xaf04c9fc, 
    0x6506d2fe, 0x1b001700, 0xb0008400, 0x08b02f03, 0x2f08b0d0, 0x1f080fb6, 0x03082f08, 0x1003b05d, 0xb0d00bb0, 0x08b02f0b, 0x020fb110, 0x582b0ab0, 
    0xf41bd821, 0x1003b059, 0xb00214b1, 0x21582b0a, 0x59f41bd8, 0xb0100fb0, 0x03b0d017, 0xd01ab010, 0x2f1ab07c, 0x0f134018, 0x2f1a1f1a, 0x4f1a3f1a, 
    0x6f1a5f1a, 0x8f1a7f1a, 0xb05d091a, 0x18b0d018, 0x0f0d402f, 0x2f181f18, 0x4f183f18, 0x06185f18, 0x101ab05d, 0x19d01bb0, 0x182f1bb0, 0x14013130, 
    0x2e222306, 0x06222302, 0x36342715, 0x021e3233, 0x35363233, 0x23073303, 0x4358d2fe, 0x224d2e20, 0x303e2d16, 0x2f204259, 0x2c16234b, 0xb0418b3f, 
    0x3e470537, 0x0d3a1252, 0x3d092e33, 0x0e39144d, 0x1401303a, 0x010000d5, 0x0000ac00, 0x18066903, 0x5d000c00, 0x0e0d0ab2, 0x00391211, 0x584500b0, 
    0x1b2f04b0, 0x3e1804b1, 0x4500b059, 0x2f08b058, 0x1208b11b, 0x00b0593e, 0x02b05845, 0x02b11b2f, 0xb0593e06, 0xb0584500, 0xb11b2f0b, 0x593e060b, 
    0x080206b2, 0x7c391211, 0x182f06b0, 0xb00101b1, 0x21582b0a, 0x59f41bd8, 0x06010ab2, 0x30391211, 0x11230131, 0x11331123, 0x01330133, 0x00012301, 
    0x1436361e, 0xfd490f02, 0x483e02dd, 0xebfd1502, 0x33fc1806, 0xf9fdef01, 0x0200cdfd, 0xc6044b00, 0x30063a03, 0x0a000600, 0xb0006f00, 0x0fb22f03, 
    0xb05d0103, 0x01b0d001, 0x0f0b402f, 0x2f011f01, 0x4f013f01, 0xb05d0501, 0x02b01003, 0x02b019d0, 0x04b2182f, 0x12110103, 0x1003b039, 0xb0d005b0, 
    0x02b02f05, 0xd006b010, 0x2f06b019, 0x1003b018, 0xb0d009b0, 0x07b02f09, 0x2f07b0d0, 0x070f0d40, 0x072f071f, 0x074f073f, 0x5d06075f, 0xb01009b0, 
    0xb019d00a, 0x30182f0a, 0x17330131, 0x23072723, 0x23073301, 0xf8504301, 0x54cccc54, 0xa349a602, 0xdfa5053f, 0x6a01baba, 0x020000cc, 0xc604c3ff, 
    0x3006b202, 0x0a000600, 0xb0006f00, 0x0fb22f01, 0xb05d0101, 0xb019d000, 0xb0182f00, 0x06b01001, 0x2f06b0d0, 0x060f0b40, 0x062f061f, 0x064f063f, 
    0x02b25d05, 0x12110601, 0x1001b039, 0xb0d003b0, 0x00b02f03, 0xd004b010, 0x2f04b019, 0x1001b018, 0xb0d008b0, 0x07b02f08, 0x07b019d0, 0x08b0182f, 
    0xd009b010, 0x402f09b0, 0x1f090f0d, 0x3f092f09, 0x5f094f09, 0x305d0609, 0x27230131, 0x33372307, 0x33272305, 0xcc54b202, 0x50f854cc, 0xa33febfe, 
    0xbac60449, 0xcc41dfba, 0x72000200, 0x7f03e404, 0x06009406, 0x71001400, 0x2f01b000, 0x19d000b0, 0x182f00b0, 0xb01001b0, 0x06b0d006, 0x0f0b402f, 
    0x2f061f06, 0x4f063f06, 0xb25d0506, 0x11060102, 0x01b03912, 0xd003b010, 0xb02f03b0, 0x04b01000, 0x04b019d0, 0x01b0182f, 0xd007b010, 0xb02f07b0, 
    0x0db0d00d, 0x020eb12f, 0x582b0ab0, 0xf41bd821, 0x0713b259, 0x3912110e, 0xb12f13b0, 0x0ab00208, 0xd821582b, 0x3059f41b, 0x27230131, 0x33372307, 
    0x36363517, 0x37233435, 0x14151632, 0xb2021507, 0x54cbcd54, 0x5af350f8, 0x6905ba3b, 0xe404a489, 0x6bdfbaba, 0x2823065d, 0x3f483757, 0x002c0e7b, 
    0x72000200, 0xb202e404, 0x06009106, 0xa0001d00, 0x2f01b000, 0x19d000b0, 0x182f00b0, 0xb01001b0, 0x05b0d005, 0x0f0b402f, 0x2f051f05, 0x4f053f05, 
    0xb25d0505, 0x11010502, 0x01b03912, 0xd003b010, 0xb02f03b0, 0x04b01000, 0x04b019d0, 0x05b0182f, 0xd00ab010, 0x402f0ab0, 0x4f0a3f13, 0x6f0a5f0a, 
    0x8f0a7f0a, 0xaf0a9f0a, 0x090abf0a, 0xd00fb05d, 0x402f0fb0, 0x1f0f0f0b, 0x3f0f2f0f, 0x050f4f0f, 0x100ab05d, 0xb0d012b0, 0x0fb02f12, 0x0216b110, 
    0x582b0ab0, 0xf41bd821, 0x100ab059, 0xb0021bb1, 0x21582b0a, 0x59f41bd8, 0xb01016b0, 0x3130d01d, 0x07272301, 0x37332523, 0x22230614, 0x2223022e, 
    0x34271506, 0x1e323336, 0x35323302, 0xcd54b202, 0x020154cb, 0x384ae53c, 0x2d2c3428, 0x33292520, 0x3627344d, 0x4f1f2d2c, 0xbabae404, 0x4f3dbddf, 
    0x41202821, 0x5d400830, 0x61212722, 0xaa000100, 0x77030000, 0x0700c405, 0x03b23300, 0x12110908, 0x00b00039, 0x06b05845, 0x06b11b2f, 0xb0593e14, 
    0xb0584500, 0xb11b2f04, 0x593e0604, 0xb11006b0, 0x0ab00103, 0xd821582b, 0x3059f41b, 0x11330131, 0x11231121, 0x36410321, 0x023669fd, 0xfec40597, 
    0x04aafb92, 0x0200008d, 0xe0049300, 0x6506c602, 0x11000d00, 0xb0006100, 0x0fb22f03, 0xb05d0103, 0x07b0d007, 0x0f0d402f, 0x2f071f07, 0x4f073f07, 
    0x06075f07, 0x1003b05d, 0xb0020ab1, 0x21582b0a, 0x59f41bd8, 0xb01007b0, 0x10b2d00d, 0x12110703, 0x2f10b039, 0xb0d00eb0, 0x0d402f0e, 0x0e1f0e0f, 
    0x0e3f0e2f, 0x0e5f0e4f, 0x10b05d06, 0xd011b010, 0x2f11b019, 0x01313018, 0x22230614, 0x14333526, 0x36323316, 0x07332735, 0x97c60223, 0x36978382, 
    0x766c6e76, 0x37b0417c, 0x735db005, 0x544e5d73, 0xd5b54b57, 0x93000200, 0xb602e404, 0x0d00e706, 0x68001c00, 0x2f03b000, 0xb0d007b0, 0x0d402f07, 
    0x071f070f, 0x073f072f, 0x075f074f, 0x03b05d06, 0x020ab110, 0x582b0ab0, 0xf41bd821, 0x1007b059, 0xb0d00db0, 0x07b02f0d, 0xd00eb010, 0xb02f0eb0, 
    0x15b0d015, 0x0e1bb22f, 0x39121115, 0xb12f1bb0, 0x0ab0020f, 0xd821582b, 0xb059f41b, 0x16b11015, 0x2b0ab002, 0x1bd82158, 0x313059f4, 0x23061401, 
    0x33352622, 0x32331614, 0x35073536, 0x34353636, 0x32372326, 0x07141516, 0x94b60215, 0x35947e7d, 0x73676a73, 0x795660ef, 0x9181076a, 0x5bb005be, 
    0x4d5b7171, 0x11495551, 0x332b0659, 0x4d2b342c, 0x2f0e803e, 0x5e00ffff, 0x78028d02, 0x0703b805, 0x0000c801, 0x13009802, 0x4500b000, 0x2f0ab058, 
    0x160ab11b, 0x11b0593e, 0x003130d0, 0x4100ffff, 0xb1029802, 0x0703ad05, 0x00002102, 0x13009802, 0x4500b000, 0x2f09b058, 0x1609b11b, 0x0db0593e, 
    0x003130d0, 0x7d00ffff, 0x8a028d02, 0x0703ad05, 0x00002202, 0x10009802, 0x4500b000, 0x2f01b058, 0x1601b11b, 0x3130593e, 0x6b00ffff, 0x83028d02, 
    0x0703b505, 0x00002302, 0x13009802, 0x4500b000, 0x2f00b058, 0x1600b11b, 0x13b0593e, 0x003130d0, 0x4200ffff, 0x81029802, 0x0703ad05, 0x00002402, 
    0x10009802, 0x4500b000, 0x2f05b058, 0x1605b11b, 0x3130593e, 0x5000ffff, 0x87028d02, 0x0703b805, 0x00002502, 0x19009802, 0x4500b000, 0x2f14b058, 
    0x1614b11b, 0x1ab0593e, 0x1014b0d0, 0x30d021b0, 0xffff0031, 0x90024e00, 0xb8056c02, 0x26020703, 0x98020000, 0xb0001300, 0xb0584500, 0xb11b2f09, 
    0x593e1609, 0x30d01db0, 0x01000031, 0xebff8200, 0xc505d404, 0x50001e00, 0x201f03b2, 0x00391211, 0x584500b0, 0x1b2f0cb0, 0x3e160cb1, 0x4500b059, 
    0x2f03b058, 0x0603b11b, 0x10b2593e, 0x1211030c, 0x100cb039, 0xb00113b1, 0x21582b0a, 0x59f41bd8, 0xb11003b0, 0x0ab0011c, 0xd821582b, 0xb259f41b, 
    0x110c031e, 0x31303912, 0x23040601, 0x35022422, 0x24123435, 0x17043233, 0x23262623, 0x07020622, 0x16121415, 0x04132033, 0xf1fe1cd4, 0xf5feaadc, 
    0x0d019a96, 0x1001d9a4, 0xee20361e, 0x8af298c3, 0x99f48801, 0x013d9401, 0xb8f2e1be, 0x39ce4b01, 0xb25101cd, 0xd1cae0f1, 0xbad0fea8, 0xccfebb42, 
    0x009d01ab, 0x82000200, 0x0805ebff, 0x1100c505, 0x48002200, 0x242304b2, 0xb0391211, 0x16b01004, 0x00b000d0, 0x0db05845, 0x0db11b2f, 0xb0593e16, 
    0xb0584500, 0xb11b2f04, 0x593e0604, 0xb1100db0, 0x0ab00116, 0xd821582b, 0xb059f41b, 0x1eb11004, 0x2b0ab001, 0x1bd82158, 0x313059f4, 0x04021401, 
    0x02242223, 0x12343535, 0x04323324, 0x34271512, 0x22232602, 0x15070206, 0x20161214, 0x05351236, 0xf6fe9408, 0xf5fea2a4, 0x09019697, 0x0b01a4a3, 
    0xf1863695, 0x87ee9497, 0x01f18602, 0x0286f02c, 0xb5fecbbb, 0x4c01b8ba, 0x01cb3bcb, 0xfebbb94c, 0xbb01cab6, 0xa7ab3201, 0x47b8d2fe, 0xaccefebc, 
    0xbe3201aa, 0x82000100, 0xe004ebff, 0x2300c405, 0x0cb26200, 0x12112524, 0x00b00039, 0x0cb05845, 0x0cb11b2f, 0xb0593e16, 0xb0584500, 0xb11b2f03, 
    0x593e0603, 0x030c23b2, 0xb0391211, 0x10b22f23, 0x12110c23, 0x100cb039, 0xb00113b1, 0x21582b0a, 0x59f41bd8, 0xb11003b0, 0x0ab0011c, 0xd821582b, 
    0xb059f41b, 0x20b11023, 0x2b0ab001, 0x1bd82158, 0x313059f4, 0x23040625, 0x35022422, 0x24123435, 0x17043233, 0x23262623, 0x15020622, 0x04121415, 
    0x37363233, 0x21352111, 0xfe33e004, 0xfeb69ef4, 0x0195a4d9, 0x01dfa60d, 0x1e36191c, 0xf494c9f7, 0x0c01968a, 0x2cf388a9, 0xf30143fe, 0xc1664b9c, 
    0x26d05401, 0xbc4a01c8, 0xb7b1c4da, 0xbdccfea8, 0xc3fec025, 0x013d57b2, 0x020037a8, 0x0dff8200, 0xc5050805, 0x25001400, 0x08b24800, 0x12112726, 
    0x1008b039, 0x00d019b0, 0x584500b0, 0x1b2f10b0, 0x3e1610b1, 0x4500b059, 0x2f08b058, 0x0608b11b, 0x10b0593e, 0x0119b110, 0x582b0ab0, 0xf41bd821, 
    0x1008b059, 0xb00121b1, 0x21582b0a, 0x59f41bd8, 0x14013130, 0x07010702, 0x22230601, 0x35350224, 0x20241234, 0x07171204, 0x23260234, 0x07020622, 
    0x16121415, 0x35123620, 0x95a80805, 0xfe272b01, 0xa26e61c6, 0x9697f5fe, 0x44010a01, 0x01980901, 0x95ef8a36, 0x0287ee94, 0x2e01f284, 0xbb0284f1, 
    0x57a5fed8, 0x0123fffe, 0x01b82b09, 0xcb31cb4c, 0xbbbe5101, 0x04cbb2fe, 0xab3701c0, 0xb8cdfeac, 0xcffebb3d, 0x3101acae, 0x020000be, 0x0000c800, 
    0xb005dc04, 0x17000b00, 0x0fb24800, 0x12111918, 0x100fb039, 0x00d003b0, 0x584500b0, 0x1b2f01b0, 0x3e1601b1, 0x4500b059, 0x2f00b058, 0x0600b11b, 
    0x01b0593e, 0x010cb110, 0x582b0ab0, 0xf41bd821, 0x1000b059, 0xb0010db1, 0x21582b0a, 0x59f41bd8, 0x11333130, 0x12043221, 0x02141515, 0x11012304, 
    0x12243221, 0x02343537, 0x01c82724, 0x3001ba7f, 0xd0feaaab, 0x01b7febb, 0x1501a949, 0xfe9b039e, 0xb005a9ed, 0xc8c0feb2, 0xc0fec83b, 0xfa7a05b3, 
    0x2201a2bc, 0x01b54cb2, 0x0002a625, 0xa0000100, 0x46020000, 0x06008d04, 0x01b24100, 0x12110807, 0x00b00039, 0x05b05845, 0x05b11b2f, 0xb0593e14, 
    0xb0584500, 0xb11b2f00, 0x593e0600, 0x050004b2, 0xb0391211, 0x03b12f04, 0x2b0ab001, 0x1bd82158, 0x02b259f4, 0x12110503, 0x21313039, 0x35051123, 
    0x46023325, 0x0190fe36, 0x47041f87, 0x00ca35b9, 0x83000100, 0x20040000, 0x1900a004, 0x09b25b00, 0x12111b1a, 0x00b00039, 0x11b05845, 0x11b11b2f, 
    0xb0593e14, 0xb0584500, 0xb11b2f00, 0x593e0600, 0xb00118b1, 0x21582b0a, 0x59f41bd8, 0x001802b2, 0xb2391211, 0x11001103, 0x11b03912, 0x0109b110, 
    0x582b0ab0, 0xf41bd821, 0x000cb259, 0x39121111, 0x110017b2, 0x30391211, 0x35212131, 0x35363601, 0x22232634, 0x34231506, 0x32333636, 0x06141516, 
    0x04210107, 0x0290fc20, 0xad545244, 0x36e3afa2, 0xb77ed278, 0xfe6064ce, 0x220c0308, 0x924bf501, 0xc8938f54, 0x6cbf709d, 0xaa619db3, 0x004afe59, 
    0x0f000100, 0xde03a3fe, 0x19008d04, 0x0bb25500, 0x12111b1a, 0x0cb00039, 0x4500b02f, 0x2f02b058, 0x1402b11b, 0x00b1593e, 0x2b0ab001, 0x1bd82158, 
    0x04b259f4, 0x12110200, 0x0205b239, 0x3912110c, 0xb02f05b0, 0x11b1100c, 0x2b0ab001, 0x1bd82158, 0x05b059f4, 0x0217b110, 0x582b0ab0, 0xf41bd821, 
    0x01313059, 0x15213521, 0x15041601, 0x23040614, 0x16372722, 0x35003233, 0x23232634, 0xfc680335, 0xfe4f03f0, 0x0e01ee3b, 0xa700ff8c, 0xbf11d2ca, 
    0x1301f4c2, 0x044ae6f7, 0xfe3c3657, 0xd3f30227, 0x677fef9f, 0x00015c2d, 0x1dd3c3d5, 0x3e000200, 0xa004b6fe, 0x0a008d04, 0x5d000e00, 0x100f0eb2, 
    0xb0391211, 0x09b0100e, 0x04b000d0, 0x4500b02f, 0x2f09b058, 0x1409b11b, 0x00b0593e, 0x02b05845, 0x02b11b2f, 0xb0593e06, 0xb0584500, 0xb11b2f06, 
    0x593e0606, 0xb00100b1, 0x21582b0a, 0x59f41bd8, 0xb0d001b0, 0x08b2d00b, 0x1211060b, 0xd00cb039, 0x02090db2, 0x30391211, 0x15332531, 0x11231123, 
    0x33013521, 0x07112101, 0xc5c5db03, 0x0399fc36, 0xb5fc4c51, 0x35401503, 0x01b7fe36, 0x6a042449, 0x2704a8fb, 0x0100005c, 0xa0fe6500, 0x8c04f403, 
    0x63001e00, 0x201f1ab2, 0x00391211, 0xb02f0fb0, 0xb0584500, 0xb11b2f01, 0x593e1401, 0xb00103b1, 0x21582b0a, 0x59f41bd8, 0x0f0108b2, 0xb0391211, 
    0x05b22f08, 0x12110f08, 0x100fb039, 0xb00114b1, 0x21582b0a, 0x59f41bd8, 0xb11008b0, 0x0ab0011a, 0xd821582b, 0xb259f41b, 0x111a1412, 0x1eb23912, 
    0x1211141a, 0x13313039, 0x21152113, 0x33363603, 0x14151232, 0x22230606, 0x33163727, 0x34350032, 0x06222326, 0x54980707, 0x3afdf202, 0x75c2484b, 
    0xeb81e8c0, 0x1aafe094, 0x01c9de97, 0x73acce01, 0x013f3498, 0x36c502c7, 0x3f54aefd, 0x9ad700ff, 0x2e728bfb, 0xd315016a, 0x3632e8bb, 0x02000043, 
    0xc804a700, 0x8c06b302, 0x25000d00, 0xb0007e00, 0x0fb22f03, 0xb05d0103, 0x07b0d007, 0x0f0d402f, 0x2f071f07, 0x4f073f07, 0x06075f07, 0x1003b05d, 
    0xb0020ab1, 0x21582b0a, 0x59f41bd8, 0xb01007b0, 0x0db0d00d, 0x1007b02f, 0xb0d011b0, 0x16b02f11, 0x2f16b0d0, 0x1f160fb6, 0x03162f16, 0x1011b05d, 
    0xb0d019b0, 0x16b02f19, 0x021db110, 0x582b0ab0, 0xf41bd821, 0x1011b059, 0xb00222b1, 0x21582b0a, 0x59f41bd8, 0xb0101db0, 0x3130d025, 0x23061401, 
    0x33352622, 0x32331614, 0x14373536, 0x2e222306, 0x06222302, 0x36342715, 0x021e3233, 0x35363233, 0x788eb302, 0x6c368c7a, 0x386f5f64, 0x2e204358, 
    0x2d16224d, 0x4259303e, 0x234b2f20, 0x053f2c16, 0x77765f9d, 0x5755505e, 0x523ee54e, 0x330d3a12, 0x4d3d092e, 0x3a0e3914, 0x01000030, 0xa0feb600, 
    0x5f00ec00, 0x19000300, 0x050401b2, 0x00391211, 0xb02f04b0, 0x02b0d002, 0xd001b02f, 0x302f01b0, 0x11231331, 0x3636ec33, 0xbf01a0fe, 0x72000200, 
    0x7606f0ff, 0x14009d04, 0xaf001e00, 0x201f16b2, 0xb0391211, 0x01b01016, 0x00b000d0, 0x0bb05845, 0x0bb11b2f, 0xb0593e14, 0xb0584500, 0xb11b2f0a, 
    0x593e140a, 0x584500b0, 0x1b2f02b0, 0x3e0602b1, 0x4500b059, 0x2f00b058, 0x0600b11b, 0x0bb0593e, 0x010db110, 0x582b0ab0, 0xf41bd821, 0x0b10b259, 
    0x39121100, 0xb42f10b0, 0x102f101f, 0x5fb25d02, 0xb45d0110, 0x109f108f, 0x11b15d02, 0x2b0ab001, 0x1bd82158, 0x00b059f4, 0x0114b110, 0x582b0ab0, 
    0xf41bd821, 0x1002b059, 0xb00115b1, 0x21582b0a, 0x59f41bd8, 0xb0100db0, 0x0ab0d017, 0x0118b110, 0x582b0ab0, 0xf41bd821, 0x21313059, 0x00220521, 
    0x36343527, 0x21053336, 0x21112115, 0x21112115, 0x25112505, 0x15150622, 0x76061614, 0xbcfe1afd, 0x05fefed3, 0x018cd875, 0xfdcc025e, 0xfd6e023b, 
    0xfbc60292, 0xfe2e01d6, 0xe2e3c0d1, 0xe4120110, 0x80ee99b0, 0x23fe3710, 0x10f3fd36, 0x0f22040f, 0xd39ddaf9, 0x010000fd, 0xb6fe4a00, 0x8d04f203, 
    0x2d000600, 0x080701b2, 0x00391211, 0xb02f01b0, 0xb0584500, 0xb11b2f05, 0x593e1405, 0xb00103b1, 0x21582b0a, 0x59f41bd8, 0x050300b2, 0x30391211, 
    0x23010131, 0x21352101, 0x93fdf203, 0xfc71023f, 0x04a80393, 0x055efa58, 0x010036a1, 0x4bfe63ff, 0x7600f000, 0x2f000d00, 0x0f0e0bb2, 0x00391211, 
    0xb02f0eb0, 0xb0584500, 0xb11b2f04, 0x593e0804, 0xb00109b1, 0x21582b0a, 0x59f41bd8, 0xb0100eb0, 0x0db0d00d, 0x3731302f, 0x23060615, 0x16372722, 
    0x35363233, 0x9601f035, 0x0d3a3686, 0x77703033, 0xb0a7d476, 0x99133414, 0xffffcf8e, 0xa3fe3d00, 0x8d040c04, 0x4c020600, 0xffff002e, 0xa0fe6900, 
    0x8c04f803, 0x4e020600, 0xffff0004, 0xb6fe1400, 0x8d047604, 0x4d020600, 0xffff00d6, 0x00006f00, 0xa0040c04, 0x4b020600, 0xffff00ec, 0xb6fe6200, 
    0x8d040a04, 0x52020600, 0xffff0018, 0xebff3b00, 0xa1042804, 0x65020600, 0xffff00b9, 0xecff7a00, 0xc405ef03, 0x1a000602, 0xffff00fa, 0xa3fe6700, 
    0xa204e903, 0x64020600, 0xffff0008, 0xecff6100, 0xc4050104, 0x1c000602, 0xffff00fd, 0x00002b01, 0x8d04d102, 0x4a020700, 0x00008b00, 0x63ffffff, 
    0xf0004bfe, 0x06003a04, 0x00009c00, 0x63ffffff, 0xf0004bfe, 0x06023a04, 0x00009c00, 0xb500ffff, 0xeb000000, 0x06023a04, 0x00008d00, 0xfcffffff, 
    0x0d017ffe, 0x26023a04, 0x00008d00, 0xa4000600, 0xffff0ab5, 0x0000b500, 0x3a04eb00, 0x8d000602, 0x01000000, 0xecffaa00, 0x9d04dd03, 0x75002300, 
    0x25240eb2, 0x00391211, 0x584500b0, 0x1b2f17b0, 0x3e1417b1, 0x4500b059, 0x2f12b058, 0x0612b11b, 0x00b0593e, 0x21b05845, 0x21b11b2f, 0xb1593e06, 
    0x0ab00102, 0xd821582b, 0xb259f41b, 0x1112171b, 0x1bb03912, 0x1b1cb42f, 0x5d021b2c, 0x011b5cb2, 0x0108b15d, 0x582b0ab0, 0xf41bd821, 0x1b0ab259, 
    0x39121108, 0xb11017b0, 0x0ab0020e, 0xd821582b, 0x3059f41b, 0x33162531, 0x34353632, 0x35232726, 0x23262601, 0x11070622, 0x36361123, 0x17163233, 
    0x15163201, 0x22230614, 0x5f800127, 0xb8b1a671, 0x40014ab2, 0x9f579833, 0x01350291, 0xac6db4b2, 0xcebafe4d, 0x84bad3de, 0x9f355766, 0x02878291, 
    0x454b0134, 0xfdbeaf4a, 0xdcf70202, 0xfe655aca, 0xab99a6b3, 0x02003abb, 0xa3fe5f00, 0xa204e103, 0x2c001d00, 0x01b25b00, 0x12112e2d, 0x1001b039, 
    0x00d025b0, 0xb02f18b0, 0xb0584500, 0xb11b2f10, 0x593e1410, 0xb11018b0, 0x0ab00100, 0xd821582b, 0xb259f41b, 0x11101808, 0x08b03912, 0x0805b22f, 
    0x39121110, 0xb0011eb1, 0x21582b0a, 0x59f41bd8, 0xb11010b0, 0x0ab00125, 0xd821582b, 0x3059f41b, 0x36320131, 0x06353512, 0x26222306, 0x36343526, 
    0x12323336, 0x02141113, 0x27222306, 0x13161737, 0x35373632, 0x22230234, 0x14150606, 0xce011616, 0x3678d98c, 0xc3778bdf, 0x78c97372, 0x8503edde, 
    0x8a889cf2, 0xac593911, 0xd228e494, 0x63ad6ac2, 0xd9fea85c, 0xb51c019c, 0x7e89766a, 0xf38d86e6, 0xfedffe87, 0xc9d8fef0, 0x42a8cbfe, 0x02251a33, 
    0x3e91ae0d, 0x7c0c01fd, 0xca767bda, 0x02000075, 0xebff8200, 0xa1046f04, 0x22001100, 0x0db24800, 0x12112423, 0x100db039, 0x00d016b0, 0x584500b0, 
    0x1b2f0db0, 0x3e140db1, 0x4500b059, 0x2f04b058, 0x0604b11b, 0x0db0593e, 0x0116b110, 0x582b0ab0, 0xf41bd821, 0x1004b059, 0xb0011fb1, 0x21582b0a, 
    0x59f41bd8, 0x14013130, 0x22230602, 0x35270226, 0x33361234, 0x17161632, 0x26263407, 0x06062223, 0x16141507, 0x12323316, 0x7d6f0435, 0xe68e91e7, 
    0xe77f0282, 0x82e58d90, 0xce733603, 0x74cb7f80, 0x80d07202, 0x2a02fac5, 0x8ffcfeac, 0xa600018b, 0x0401ac46, 0xa5ff888f, 0x7be79905, 0x5f92e27a, 
    0x017fe698, 0x0100eb15, 0x01003600, 0xb0059c03, 0x3a000600, 0x080701b2, 0x00391211, 0x584500b0, 0x1b2f05b0, 0x3e1605b1, 0x4500b059, 0x2f01b058, 
    0x0601b11b, 0x05b0593e, 0x0103b110, 0x582b0ab0, 0xf41bd821, 0x0300b259, 0x39121105, 0x01013130, 0x35210123, 0xfd9c0321, 0x69023790, 0x6603d8fc, 
    0x73fa8e05, 0x00367905, 0xaa000200, 0xfb03ebff, 0x11000006, 0x66001e00, 0x201f0eb2, 0xb0391211, 0x15b0100e, 0x09b000d0, 0x4500b02f, 0x2f0eb058, 
    0x120eb11b, 0x00b0593e, 0x07b05845, 0x07b11b2f, 0xb0593e06, 0xb0584500, 0xb11b2f03, 0x593e0603, 0x070e06b2, 0xb2391211, 0x11070e0b, 0x0eb03912, 
    0x0115b110, 0x582b0ab0, 0xf41bd821, 0x1003b059, 0xb0011cb1, 0x21582b0a, 0x59f41bd8, 0x14013130, 0x26222302, 0x11230727, 0x36361133, 0x11123233, 
    0x23023427, 0x11070622, 0x32331616, 0xecfb0312, 0x37c07cbe, 0x39362d07, 0xebc17bbb, 0x88aac938, 0xc02c2bbd, 0x02c9a886, 0xd1fef913, 0x06ad5c66, 
    0x6b75fd00, 0xfed9fe6e, 0x01e205fc, 0xfe8a8c0e, 0x017b7610, 0x0100000e, 0xebff6400, 0x4e04c303, 0x4d001b00, 0x1d1c0eb2, 0x00391211, 0x584500b0, 
    0x1b2f0eb0, 0x3e120eb1, 0x4500b059, 0x2f07b058, 0x0607b11b, 0x00b1593e, 0x2b0ab001, 0x1bd82158, 0x03b259f4, 0x12110e07, 0x0e12b239, 0x39121107, 
    0xb1100eb0, 0x0ab00115, 0xd821582b, 0x3059f41b, 0x36322531, 0x06063337, 0x35002223, 0x33123435, 0x23171632, 0x22232626, 0x14151502, 0x94320212, 
    0x073609be, 0xffcea8e2, 0xaccefe00, 0x073607e0, 0xddb997bf, 0x899e21de, 0x2a01c29b, 0x01f123fa, 0x92abce2b, 0xe3f5feb1, 0xf6fedd22, 0x64000200, 
    0xb503ebff, 0x11000006, 0x63001e00, 0x201f03b2, 0xb0391211, 0x1bb01003, 0x07b000d0, 0x4500b02f, 0x2f03b058, 0x1203b11b, 0x00b0593e, 0x09b05845, 
    0x09b11b2f, 0xb0593e06, 0xb0584500, 0xb11b2f0e, 0x593e060e, 0x090306b2, 0xb2391211, 0x1109030b, 0x15b13912, 0x2b0ab001, 0x1bd82158, 0x03b059f4, 
    0x011bb110, 0x582b0ab0, 0xf41bd821, 0x13313059, 0x32331234, 0x33111716, 0x06272311, 0x02222306, 0x12141711, 0x37363233, 0x22210211, 0xeb641502, 
    0x3abb7ac1, 0x38023436, 0xecbe7bbe, 0x85a9c838, 0xfe5d2ebf, 0x02c8abed, 0x2701ff28, 0x8d026d6e, 0x5ead00fa, 0x012f0164, 0xfee20700, 0x017378f0, 
    0xfe1101fb, 0x0200e9f2, 0x4cfe6400, 0x4e04b503, 0x29001c00, 0x0cb27f00, 0x12112b2a, 0x100cb039, 0x00d026b0, 0x584500b0, 0x1b2f03b0, 0x3e1203b1, 
    0x4500b059, 0x2f07b058, 0x1207b11b, 0x00b0593e, 0x0cb05845, 0x0cb11b2f, 0xb0593e08, 0xb0584500, 0xb11b2f19, 0x593e0619, 0x0c0306b2, 0xb0391211, 
    0x12b1100c, 0x2b0ab001, 0x1bd82158, 0x16b259f4, 0x12110319, 0x1019b039, 0xb00120b1, 0x21582b0a, 0x59f41bd8, 0xb11003b0, 0x0ab00126, 0xd821582b, 
    0x3059f41b, 0x12341331, 0x17163233, 0x14113337, 0x26222306, 0x33163727, 0x35373632, 0x22230606, 0x14171102, 0x36323312, 0x21021137, 0x64150222, 
    0xbb7ac1eb, 0xdc2e083a, 0x3eaf4ebd, 0xa79e8a11, 0xbe3a03ba, 0x37ecbe78, 0xc187a7cb, 0xe9fe5829, 0x2802c9ab, 0x6f2701ff, 0xd9fbc86d, 0x2025f1d6, 
    0xb9cb3f2f, 0x01615fa6, 0x0700012f, 0x7df3fee5, 0x01eb0176, 0xe8f2fe19, 0x5a000200, 0x0d04ebff, 0x10004e04, 0x45002000, 0x22211db2, 0xb0391211, 
    0x0cb0101d, 0x00b000d0, 0x03b05845, 0x03b11b2f, 0xb0593e12, 0xb0584500, 0xb11b2f0c, 0x593e060c, 0xb00115b1, 0x21582b0a, 0x59f41bd8, 0xb11003b0, 
    0x0ab0011d, 0xd821582b, 0x3059f41b, 0x36341331, 0x16162036, 0x06141517, 0x26222306, 0x14373526, 0x32331616, 0x34353512, 0x22232626, 0x7a5a1502, 
    0xd80801db, 0xd97a027c, 0x7adb8685, 0x77c16d36, 0xc06eefb3, 0x02f1b276, 0x8bf89932, 0x3596f487, 0x8c8bf999, 0x840199f7, 0x1a0180e3, 0xe2821fd8, 
    0xd5e4fe82, 0xaa000200, 0xfb0360fe, 0x11004e04, 0x70001e00, 0x201f0eb2, 0xb0391211, 0x15b0100e, 0x00b000d0, 0x0eb05845, 0x0eb11b2f, 0xb0593e12, 
    0xb0584500, 0xb11b2f0a, 0x593e120a, 0x584500b0, 0x1b2f07b0, 0x3e0807b1, 0x4500b059, 0x2f03b058, 0x0603b11b, 0x06b2593e, 0x12110e03, 0x0e0bb239, 
    0x39121107, 0xb1100eb0, 0x0ab00115, 0xd821582b, 0xb059f41b, 0x1cb11003, 0x2b0ab001, 0x1bd82158, 0x313059f4, 0x23021401, 0x11272622, 0x17331123, 
    0x32333636, 0x34271112, 0x06222302, 0x16161107, 0x03123233, 0x7dbeecfb, 0x2a3634c0, 0x84b8340b, 0xc937ebc1, 0x2abe88ab, 0xa787c12a, 0xf91302cb, 
    0x5667d1fe, 0xda05b8fd, 0xfe7660c2, 0x05fcfed9, 0x8d0e01e2, 0x7006fe84, 0x000d017c, 0x64000200, 0xb50360fe, 0x11004e04, 0x6d001e00, 0x201f03b2, 
    0xb0391211, 0x1cb01003, 0x00b000d0, 0x03b05845, 0x03b11b2f, 0xb0593e12, 0xb0584500, 0xb11b2f07, 0x593e1207, 0x584500b0, 0x1b2f09b0, 0x3e0809b1, 
    0x4500b059, 0x2f0eb058, 0x060eb11b, 0x06b2593e, 0x12110903, 0x0e0bb239, 0x39121103, 0xb00115b1, 0x21582b0a, 0x59f41bd8, 0xb11003b0, 0x0ab0011c, 
    0xd821582b, 0x3059f41b, 0x12341331, 0x17163233, 0x23113337, 0x23060611, 0x37270222, 0x32331214, 0x26113736, 0x02222326, 0x79c1eb64, 0x310539bd, 
    0x79be3a36, 0x3802eabe, 0xbf85acc5, 0x83be2f2e, 0x1e02c8ab, 0x6d3101ff, 0x26fac269, 0x625b4802, 0x07f42301, 0x78f7fedf, 0x87fb0173, 0x00e9fe8a, 
    0x57000200, 0xb803ebff, 0x18004e04, 0x6c002000, 0x222109b2, 0xb0391211, 0x19b01009, 0x00b000d0, 0x09b05845, 0x09b11b2f, 0xb0593e12, 0xb0584500, 
    0xb11b2f00, 0x593e0600, 0x00091db2, 0xb0391211, 0x2fb42f1d, 0x021d3f1d, 0x010db15d, 0x582b0ab0, 0xf41bd821, 0x1000b059, 0xb00113b1, 0x21582b0a, 
    0x59f41bd8, 0x000916b2, 0xb0391211, 0x19b11009, 0x2b0ab001, 0x1bd82158, 0x313059f4, 0x26262205, 0x36343527, 0x16323336, 0x15211515, 0x33161614, 
    0x17373632, 0x06220306, 0x34352107, 0x81310226, 0x79037ed8, 0xe3b87cd1, 0xc26fd5fc, 0x4b9a5d73, 0x9fed861d, 0xf20213db, 0xe98515c7, 0xf9974f8c, 
    0x4fcdf18a, 0x7cd87f4d, 0x902a473d, 0xb7ea2d04, 0x00d9a721, 0x79000200, 0xb6034cfe, 0x1c004e04, 0x7f002800, 0x2a290cb2, 0xb0391211, 0x26b0100c, 
    0x00b000d0, 0x03b05845, 0x03b11b2f, 0xb0593e12, 0xb0584500, 0xb11b2f07, 0x593e1207, 0x584500b0, 0x1b2f0cb0, 0x3e080cb1, 0x4500b059, 0x2f19b058, 
    0x0619b11b, 0x06b2593e, 0x12110c03, 0x100cb039, 0xb00112b1, 0x21582b0a, 0x59f41bd8, 0x0c0316b2, 0xb0391211, 0x20b11019, 0x2b0ab001, 0x1bd82158, 
    0x03b059f4, 0x0126b110, 0x582b0ab0, 0xf41bd821, 0x13313059, 0x32331210, 0x33371716, 0x23061411, 0x37272622, 0x36323316, 0x06063537, 0x27022223, 
    0x33121437, 0x11373632, 0x02222102, 0x7abddb79, 0x2e083abb, 0xaa4cbddc, 0x9e8a1044, 0x3a03baa7, 0xd8b378be, 0xa7b7360a, 0x5829c187, 0xbaa6e9fe, 
    0x05011e02, 0x6d6f2b01, 0xd6d9fbc8, 0x361f1ff1, 0xa6b9cb3f, 0x0901615f, 0xfee72ce9, 0x01767dff, 0xfe1901eb, 0xffff00f2, 0x00008b00, 0xb4056302, 
    0x15000600, 0x030000d0, 0xecff8a00, 0x9d048004, 0x29001d00, 0x77003600, 0x38370eb2, 0xb0391211, 0x1fb0100e, 0x100eb0d0, 0x00d033b0, 0x584500b0, 
    0x1b2f0db0, 0x3e140db1, 0x4500b059, 0x2f00b058, 0x0600b11b, 0x00b0593e, 0x1bb05845, 0x1bb11b2f, 0xb2593e06, 0x11000d14, 0x1cb23912, 0x1211000d, 
    0x1000b039, 0xb0011eb1, 0x21582b0a, 0x59f41bd8, 0x000d23b2, 0xb2391211, 0x11000d2e, 0x0db03912, 0x0134b110, 0x582b0ab0, 0xf41bd821, 0x05313059, 
    0x34352622, 0x26373736, 0x36343526, 0x15163233, 0x01070714, 0x14333536, 0x27231707, 0x36322706, 0x07270137, 0x14150606, 0x16140316, 0x36371717, 
    0x23263435, 0xfd010622, 0x7155c8ab, 0x8b4a6a5d, 0xac8d7479, 0x6ca50159, 0x49bd7e37, 0x70fda598, 0x64fe49c5, 0x555f5c0f, 0x4e523dad, 0x6c7d7405, 
    0x14715c5d, 0x8952879d, 0x7f6a4452, 0x7e876c40, 0x42807d64, 0xb38362fe, 0x95ba9ac0, 0x484f36a9, 0x440e9701, 0x694c7846, 0x3c8a0385, 0x55064e7d, 
    0x63496b5c, 0x01000069, 0x00000800, 0x8d046003, 0x61000d00, 0x0f0e00b2, 0x00391211, 0x584500b0, 0x1b2f0ab0, 0x3e140ab1, 0x4500b059, 0x2f04b058, 
    0x0604b11b, 0x0db2593e, 0x1211040a, 0x2f0db039, 0xb00100b1, 0x21582b0a, 0x59f41bd8, 0xb0d001b0, 0x02b11004, 0x2b0ab001, 0x1bd82158, 0x01b059f4, 
    0xd006b010, 0xb0d007b0, 0x0cb0100d, 0xd009b0d0, 0x30d008b0, 0x11050131, 0x11211521, 0x11373507, 0x02251133, 0x028afe56, 0xa24afd80, 0x760136a2, 
    0xfe778502, 0xfd013628, 0x02333933, 0x77bafd57, 0x14000200, 0xcd050000, 0x0f008d04, 0x8a001200, 0x141305b2, 0xb0391211, 0x10b01005, 0x00b000d0, 
    0x0ab05845, 0x0ab11b2f, 0xb0593e14, 0xb0584500, 0xb11b2f04, 0x593e0604, 0x584500b0, 0x1b2f08b0, 0x3e0608b1, 0x0a0fb259, 0x39121104, 0x2f0fb07c, 
    0x0100b118, 0x582b0ab0, 0xf41bd821, 0x1004b059, 0xb00102b1, 0x21582b0a, 0x59f41bd8, 0x040a10b2, 0xb0391211, 0x06b12f10, 0x2b0ab001, 0x1bd82158, 
    0x0ab059f4, 0x010cb110, 0x582b0ab0, 0xf41bd821, 0x0a11b259, 0x39121104, 0x21013130, 0x21152111, 0x23032111, 0x21152101, 0x11052111, 0xfd760501, 
    0xfda702b0, 0xd238fe23, 0x02c90242, 0x0259fdf0, 0xfe7afd50, 0xfd400258, 0x5a0136f6, 0x8d04a6fe, 0xe61ffe36, 0x46fdba02, 0xaa000200, 0x69030000, 
    0x0b008d04, 0x59001400, 0x161503b2, 0xb0391211, 0x14b01003, 0x00b000d0, 0x00b05845, 0x00b11b2f, 0xb0593e14, 0xb0584500, 0xb11b2f0a, 0x593e060a, 
    0x0a0002b2, 0xb0391211, 0x0eb22f02, 0x12110a00, 0x2f0eb039, 0xb00108b1, 0x21582b0a, 0x59f41bd8, 0xb11002b0, 0x0ab0010c, 0xd821582b, 0x3059f41b, 
    0x15331331, 0x10161621, 0x11232306, 0x33111323, 0x34353632, 0x36aa2726, 0xd1b70101, 0x36f0c7d2, 0xbaa6f236, 0x8d04a4b7, 0xfeb404e3, 0xfcfeb0c2, 
    0xc8fd7303, 0x99878592, 0x03000001, 0xb5ff7200, 0xbf042504, 0x20001700, 0x6a002900, 0x2b2a07b2, 0xb0391211, 0x1db01007, 0x1007b0d0, 0x00d026b0, 
    0x584500b0, 0x1b2f13b0, 0x3e1413b1, 0x4500b059, 0x2f07b058, 0x0607b11b, 0x1ab2593e, 0x12110713, 0x131bb239, 0x39121107, 0xb11013b0, 0x0ab0011d, 
    0xd821582b, 0xb259f41b, 0x11071323, 0x24b23912, 0x12110713, 0x1007b039, 0xb00126b1, 0x21582b0a, 0x59f41bd8, 0x16013130, 0x06141517, 0x27222306, 
    0x26372307, 0x36343511, 0x17323336, 0x14013337, 0x23260117, 0x25150622, 0x16012734, 0x35363233, 0x0479a803, 0xaa8cd875, 0x78386478, 0x8cd87594, 
    0x38637fbc, 0x027c87fc, 0xc0ae7045, 0x664803e3, 0x9b69befd, 0x0904e2c2, 0x99adda8c, 0x965b7fee, 0x010190b5, 0x80ee999b, 0x37fd9472, 0x660380de, 
    0x05daf968, 0x9cfc7cc8, 0x00d9fb52, 0x4e000200, 0x87040000, 0x13008d04, 0x8d001700, 0x191805b2, 0xb0391211, 0x14b01005, 0x00b000d0, 0x0cb05845, 
    0x0cb11b2f, 0xb0593e14, 0xb0584500, 0xb11b2f10, 0x593e1410, 0x584500b0, 0x1b2f02b0, 0x3e0602b1, 0x4500b059, 0x2f06b058, 0x0606b11b, 0x13b2593e, 
    0x1211020c, 0x2f13b039, 0x01130fb2, 0x0100b15d, 0x582b0ab0, 0xf41bd821, 0x0c14b259, 0x39121102, 0xb12f14b0, 0x0ab00104, 0xd821582b, 0xb059f41b, 
    0x08b01000, 0x1013b0d0, 0xb0d00ab0, 0x0eb01013, 0x1000b0d0, 0x30d016b0, 0x11230131, 0x11211123, 0x35231123, 0x15333533, 0x15333521, 0x11210133, 
    0x5c870421, 0x36ebfc36, 0x03365c5c, 0xfc5c3615, 0xfc150359, 0xfc6703eb, 0xfd260299, 0x366703da, 0xf0f0f0f0, 0x0b01bffe, 0xaa000100, 0x34044bfe, 
    0x14008d04, 0x02b25b00, 0x12111615, 0x00b00039, 0x0db05845, 0x0db11b2f, 0xb0593e14, 0xb0584500, 0xb11b2f10, 0x593e1410, 0x584500b0, 0x1b2f00b0, 
    0x3e0800b1, 0x4500b059, 0x2f0bb058, 0x060bb11b, 0x00b0593e, 0x0105b110, 0x582b0ab0, 0xf41bd821, 0x0d0ab259, 0x39121100, 0x000d0fb2, 0x30391211, 
    0x27220131, 0x32331637, 0x01353536, 0x33112311, 0x11331101, 0x17030614, 0x330d3a36, 0xfc777030, 0x033636e2, 0xfe96361e, 0x1334144b, 0x04598e99, 
    0x04cdfb33, 0x04d0fb8d, 0xaa1afb30, 0xffff00b2, 0x7f023d00, 0xb5021302, 0x11000602, 0x02000000, 0x00003c00, 0xb005d204, 0x1e000f00, 0x10b28b00, 
    0x1211201f, 0x1010b039, 0x00d00fb0, 0x584500b0, 0x1b2f05b0, 0x3e1605b1, 0x4500b059, 0x2f00b058, 0x0600b11b, 0x04b2593e, 0x12110005, 0x2f04b039, 
    0x01045fb2, 0x04afb45d, 0x5d0204bf, 0xef04dfb4, 0xb25d0204, 0x5d01048f, 0x01042fb2, 0x040fb45d, 0x7102041f, 0xb00101b1, 0x21582b0a, 0x59f41bd8, 
    0xb0d010b0, 0x12b11000, 0x2b0ab001, 0x1bd82158, 0x05b059f4, 0x011bb110, 0x582b0ab0, 0xf41bd821, 0x1004b059, 0x30d01db0, 0x23113331, 0x21113335, 
    0x17120432, 0x04021415, 0x11211307, 0x11003221, 0x26023435, 0x21112127, 0x01aaaae6, 0x1201a993, 0xfe99029c, 0xfe09a9ee, 0xf7530195, 0xf98b3601, 
    0x019bfe97, 0x36c9026b, 0xfea0b102, 0xb6bdb3df, 0x01a4dcfe, 0x6dfdc902, 0x05014c01, 0x0a01a3ad, 0x85fd0297, 0x3c000200, 0xd2040000, 0x0f00b005, 
    0x8b001e00, 0x201f10b2, 0xb0391211, 0x0fb01010, 0x00b000d0, 0x05b05845, 0x05b11b2f, 0xb0593e16, 0xb0584500, 0xb11b2f00, 0x593e0600, 0x000504b2, 
    0xb0391211, 0x5fb22f04, 0xb45d0104, 0x04bf04af, 0xdfb45d02, 0x0204ef04, 0x048fb25d, 0x2fb25d01, 0xb45d0104, 0x041f040f, 0x01b17102, 0x2b0ab001, 
    0x1bd82158, 0x10b059f4, 0x1000b0d0, 0xb00112b1, 0x21582b0a, 0x59f41bd8, 0xb11005b0, 0x0ab0011b, 0xd821582b, 0xb059f41b, 0x1db01004, 0x333130d0, 
    0x33352311, 0x04322111, 0x14151712, 0x13070402, 0x32211121, 0x34351100, 0x21272602, 0xaae62111, 0xa99301aa, 0x029c1201, 0xa9eefe99, 0x0195fe09, 
    0x3601f753, 0xfe97f98b, 0x026b019b, 0xb10236c9, 0xb3dffea0, 0xdcfeb6bd, 0xc90201a4, 0x4c016dfd, 0xa3ad0501, 0x02970a01, 0x010085fd, 0x00001f00, 
    0x0006d803, 0x76001b00, 0x1d1c00b2, 0x00391211, 0xb02f18b0, 0xb0584500, 0xb11b2f05, 0x593e1205, 0x584500b0, 0x1b2f09b0, 0x3e0609b1, 0x4500b059, 
    0x2f12b058, 0x0612b11b, 0x2fb2593e, 0xb25d0118, 0x5d01180f, 0x18121bb2, 0xb0391211, 0x00b12f1b, 0x2b0ab001, 0x1bd82158, 0x02b259f4, 0x12110905, 
    0x1005b039, 0xb0010eb1, 0x21582b0a, 0x59f41bd8, 0xb01000b0, 0x1bb0d014, 0xd016b010, 0x21013130, 0x33363611, 0x11171632, 0x26261123, 0x07062223, 
    0x23112311, 0x33353335, 0x6a022115, 0xce3596fe, 0x01a9ae7d, 0x988c0136, 0x3624cd8c, 0x0136abab, 0xfe01056a, 0xc5927e3d, 0x023efdc7, 0xc7a7aec4, 
    0x054bfd9d, 0xc9c93601, 0x37000100, 0x91040000, 0x0f00b005, 0x01b25800, 0x12111110, 0x00b00039, 0x0ab05845, 0x0ab11b2f, 0xb0593e16, 0xb0584500, 
    0xb11b2f02, 0x593e0602, 0x020a0fb2, 0xb0391211, 0x00b12f0f, 0x2b0ab001, 0x1bd82158, 0x04b059f4, 0x100fb0d0, 0xb0d006b0, 0x08b1100a, 0x2b0ab001, 
    0x1bd82158, 0x0cb059f4, 0xd00db0d0, 0x23013130, 0x21112311, 0x21112135, 0x21152135, 0x78033311, 0xe4fe36f9, 0xeefd1c01, 0xeefd5a04, 0xfc4f03f9, 
    0x364f03b1, 0x3636f501, 0x01000bfe, 0xecff2600, 0x5e057402, 0x83001d00, 0x1f1e12b2, 0x00391211, 0x584500b0, 0x1b2f01b0, 0x3e1201b1, 0x4500b059, 
    0x2f1bb058, 0x121bb11b, 0x00b0593e, 0x11b05845, 0x11b11b2f, 0xb0593e06, 0x00b01001, 0x2f00b0d0, 0xb11001b0, 0x0ab00103, 0xd821582b, 0xb259f41b, 
    0x11111b06, 0x06b03912, 0x0107b12f, 0x582b0ab0, 0xf41bd821, 0x1011b059, 0xb0010cb1, 0x21582b0a, 0x59f41bd8, 0xb01007b0, 0x06b0d015, 0xd017b010, 
    0xb01003b0, 0x1ab0d019, 0x013130d0, 0x23153311, 0x21152111, 0x33161411, 0x06173732, 0x27262223, 0x33352311, 0x33352311, 0xf6250111, 0xfe4f01f6, 
    0x2c584bb1, 0x5021093f, 0xc5036674, 0x05c8c8c5, 0x37dcfe5e, 0xfe36adfe, 0x096e7389, 0x887e0c33, 0x01368801, 0x24013753, 0x2100ffff, 0xa5040000, 
    0x26023f07, 0x00002500, 0x44000701, 0x3f01fc00, 0xb0001300, 0xb0584500, 0xb11b2f04, 0x593e1604, 0x30dc0cb0, 0xffff0031, 0x00002100, 0x3f07a504, 
    0x25002602, 0x07010000, 0xbe017500, 0x09003f01, 0x2f04b000, 0x30dc0db0, 0xffff0031, 0x00002100, 0x2c07a504, 0x25002602, 0x07010000, 0xd2009e00, 
    0x13003f01, 0x4500b000, 0x2f04b058, 0x1604b11b, 0x0fb0593e, 0x003130dc, 0x2100ffff, 0xa5040000, 0x26020e07, 0x00002500, 0xa5000701, 0x4e01d300, 
    0xb0000900, 0x0eb02f04, 0x003130dc, 0x2100ffff, 0xa5040000, 0x26020407, 0x00002500, 0x6a000701, 0x3f01a200, 0xb0001600, 0xb0584500, 0xb11b2f04, 
    0x593e1604, 0xb0dc12b0, 0x3130d01b, 0x2100ffff, 0xa5040000, 0x26025307, 0x00002500, 0xa3000701, 0x3f014901, 0xb0000c00, 0x10b02f04, 0xd015b0dc, 
    0xffff3130, 0x00002100, 0x8007a504, 0x25002602, 0x07000000, 0x1801c501, 0xffffde00, 0x44fe9000, 0xc405a604, 0x27002602, 0x07000000, 0xf3017900, 
    0xfffff7ff, 0x0000c800, 0x3f073e04, 0x29002602, 0x07010000, 0x03014400, 0x13003f01, 0x4500b000, 0x2f06b058, 0x1606b11b, 0x0db0593e, 0x003130dc, 
    0xc800ffff, 0x3e040000, 0x26023f07, 0x00002900, 0x75000701, 0x3f01c501, 0xb0000900, 0x0eb02f06, 0x003130dc, 0xc800ffff, 0x3e040000, 0x26022c07, 
    0x00002900, 0x9e000701, 0x3f01d900, 0xb0001300, 0xb0584500, 0xb11b2f06, 0x593e1606, 0x30dc10b0, 0xffff0031, 0x0000c800, 0x04073e04, 0x29002602, 
    0x07010000, 0xa9006a00, 0x16003f01, 0x4500b000, 0x2f06b058, 0x1606b11b, 0x13b0593e, 0xd01cb0dc, 0xffff3130, 0x00003a00, 0x3f073801, 0x2d002602, 
    0x07010000, 0xa5ff4400, 0x13003f01, 0x4500b000, 0x2f02b058, 0x1602b11b, 0x05b0593e, 0x003130dc, 0xe400ffff, 0xe3010000, 0x26023f07, 0x00002d00, 
    0x75000701, 0x3f016600, 0xb0000900, 0x06b02f02, 0x003130dc, 0x1300ffff, 0x0b020000, 0x26022c07, 0x00002d00, 0x9e000701, 0x3f017bff, 0xb0001300, 
    0xb0584500, 0xb11b2f02, 0x593e1602, 0x30dc08b0, 0xffff0031, 0x0000f9ff, 0x04072502, 0x2d002602, 0x07010000, 0x4bff6a00, 0x16003f01, 0x4500b000, 
    0x2f02b058, 0x1602b11b, 0x0bb0593e, 0xd014b0dc, 0xffff3130, 0x0000c800, 0x0e07e104, 0x32002602, 0x07010000, 0x4501a500, 0x09004e01, 0x2f05b000, 
    0x30dc0db0, 0xffff0031, 0xecff8500, 0x5407cf04, 0x33002602, 0x07010000, 0x3c014400, 0x13005401, 0x4500b000, 0x2f0cb058, 0x160cb11b, 0x21b0593e, 
    0x003130dc, 0x8500ffff, 0xcf04ecff, 0x26025407, 0x00003300, 0x75000701, 0x5401fe01, 0xb0000900, 0x22b02f0c, 0x003130dc, 0x8500ffff, 0xcf04ecff, 
    0x26024107, 0x00003300, 0x9e000701, 0x54011201, 0xb0001300, 0xb0584500, 0xb11b2f0c, 0x593e160c, 0x30dc24b0, 0xffff0031, 0xecff8500, 0x2307cf04, 
    0x33002602, 0x07010000, 0x1301a500, 0x09006301, 0x2f0cb000, 0x30dc23b0, 0xffff0031, 0xecff8500, 0x1907cf04, 0x33002602, 0x07010000, 0xe2006a00, 
    0x16005401, 0x4500b000, 0x2f0cb058, 0x160cb11b, 0x27b0593e, 0xd030b0dc, 0xffff3130, 0xecffb900, 0x3f079c04, 0x39002602, 0x07010000, 0x51014400, 
    0x13003f01, 0x4500b000, 0x2f08b058, 0x1608b11b, 0x11b0593e, 0x003130dc, 0xb900ffff, 0x9c04ecff, 0x26023f07, 0x00003900, 0x75000701, 0x3f011302, 
    0xb0000900, 0x12b02f00, 0x003130dc, 0xb900ffff, 0x9c04ecff, 0x26022c07, 0x00003900, 0x9e000701, 0x3f012701, 0xb0001300, 0xb0584500, 0xb11b2f0f, 
    0x593e160f, 0x30dc12b0, 0xffff0031, 0xecffb900, 0x04079c04, 0x39002602, 0x07010000, 0xf7006a00, 0x16003f01, 0x4500b000, 0x2f08b058, 0x1608b11b, 
    0x17b0593e, 0xd020b0dc, 0xffff3130, 0x00002100, 0x3407a104, 0x3d002602, 0x07010000, 0xba017500, 0x09003401, 0x2f01b000, 0x30dc0bb0, 0xffff0031, 
    0xecff5c00, 0x0006a503, 0x45002602, 0x07010000, 0xd9004400, 0x13000000, 0x4500b000, 0x2f17b058, 0x1217b11b, 0x2cb0593e, 0x003130dc, 0x5c00ffff, 
    0xa503ecff, 0x26020006, 0x00004500, 0x75000701, 0x00009b01, 0xb0000900, 0x2db02f17, 0x003130dc, 0x5c00ffff, 0xa503ecff, 0x2602ed05, 0x00004500, 
    0x9e000701, 0x0000af00, 0xb0001300, 0xb0584500, 0xb11b2f17, 0x593e1217, 0x30dc2fb0, 0xffff0031, 0xecff5c00, 0xce05a503, 0x45002602, 0x07010000, 
    0xb000a500, 0x09000e00, 0x2f17b000, 0x30dc2eb0, 0xffff0031, 0xecff5c00, 0xc505a503, 0x45002602, 0x06010000, 0x007f6a00, 0xb0001600, 0xb0584500, 
    0xb11b2f17, 0x593e1217, 0xb0dc32b0, 0x3130d03b, 0x5c00ffff, 0xa503ecff, 0x26021406, 0x00004500, 0xa3000701, 0x00002601, 0xb0000c00, 0x30b02f17, 
    0xd035b0dc, 0xffff3130, 0xecff5c00, 0x4106a503, 0x45002602, 0x07000000, 0xf500c501, 0xffff9fff, 0x44fe6100, 0x4e04ac03, 0x47002602, 0x07000000, 
    0x70017900, 0xfffff7ff, 0xecff5700, 0xff05b803, 0x49002602, 0x07010000, 0xcf004400, 0x1300ffff, 0x4500b000, 0x2f09b058, 0x1209b11b, 0x23b0593e, 
    0x003130dc, 0x5700ffff, 0xb803ecff, 0x2602ff05, 0x00004900, 0x75000701, 0xffff9101, 0xb0000900, 0x24b02f09, 0x003130dc, 0x5700ffff, 0xb803ecff, 
    0x2602ec05, 0x00004900, 0x9e000701, 0xffffa500, 0xb0001300, 0xb0584500, 0xb11b2f09, 0x593e1209, 0x30dc26b0, 0xffff0031, 0xecff5700, 0xc405b803, 
    0x49002602, 0x06010000, 0xff756a00, 0xb0001600, 0xb0584500, 0xb11b2f09, 0x593e1209, 0xb0dc29b0, 0x3130d032, 0xffffffff, 0xfd000000, 0x2602e905, 
    0x00008d00, 0x44000701, 0xe9ff6aff, 0xb0001300, 0xb0584500, 0xb11b2f02, 0x593e1202, 0x30dc05b0, 0xffff0031, 0x0000a900, 0xe905a801, 0x8d002602, 
    0x06010000, 0xe92b7500, 0xb0000900, 0x06b02f02, 0x003130dc, 0xd8ffffff, 0xd0010000, 0x2602d605, 0x00008d00, 0x9e000701, 0xe9ff40ff, 0xb0001300, 
    0xb0584500, 0xb11b2f02, 0x593e1202, 0x30dc08b0, 0xffff0031, 0x0000beff, 0xae05ea01, 0x8d002602, 0x07010000, 0x10ff6a00, 0x1600e9ff, 0x4500b000, 
    0x2f02b058, 0x1202b11b, 0x0bb0593e, 0xd014b0dc, 0xffff3130, 0x0000ac00, 0xcc05ba03, 0x52002602, 0x07010000, 0xb100a500, 0x09000c00, 0x2f03b000, 
    0x30dc17b0, 0xffff0031, 0xecff5a00, 0xfe050d04, 0x53002602, 0x07010000, 0xcf004400, 0x1300feff, 0x4500b000, 0x2f04b058, 0x1204b11b, 0x22b0593e, 
    0x003130dc, 0x5a00ffff, 0x0d04ecff, 0x2602fe05, 0x00005300, 0x75000701, 0xfeff9101, 0xb0000900, 0x23b02f04, 0x003130dc, 0x5a00ffff, 0x0d04ecff, 
    0x2602eb05, 0x00005300, 0x9e000701, 0xfeffa500, 0xb0001300, 0xb0584500, 0xb11b2f04, 0x593e1204, 0x30dc25b0, 0xffff0031, 0xecff5a00, 0xcc050d04, 
    0x53002602, 0x07010000, 0xa600a500, 0x09000c00, 0x2f04b000, 0x30dc24b0, 0xffff0031, 0xecff5a00, 0xc3050d04, 0x53002602, 0x06010000, 0xfe756a00, 
    0xb0001600, 0xb0584500, 0xb11b2f04, 0x593e1204, 0xb0dc28b0, 0x3130d031, 0xa800ffff, 0xb803ecff, 0x26020006, 0x00005900, 0x44000701, 0x0000dc00, 
    0xb0001300, 0xb0584500, 0xb11b2f09, 0x593e1209, 0x30dc15b0, 0xffff0031, 0xecffa800, 0x0006b803, 0x59002602, 0x07010000, 0x9e017500, 0x09000000, 
    0x2f08b000, 0x30dc16b0, 0xffff0031, 0xecffa800, 0xed05b803, 0x59002602, 0x07010000, 0xb2009e00, 0x13000000, 0x4500b000, 0x2f09b058, 0x1209b11b, 
    0x18b0593e, 0x003130dc, 0xa800ffff, 0xb803ecff, 0x2602c505, 0x00005900, 0x6a000701, 0x00008200, 0xb0001600, 0xb0584500, 0xb11b2f09, 0x593e1209, 
    0xb0dc1bb0, 0x3130d024, 0x2b00ffff, 0xb0034bfe, 0x26020006, 0x00005d00, 0x75000701, 0x00006101, 0xb0000900, 0x15b02f02, 0x003130dc, 0x2b00ffff, 
    0xb0034bfe, 0x2602c505, 0x00005d00, 0x6a000601, 0x16000045, 0x4500b000, 0x2f12b058, 0x1212b11b, 0x1ab0593e, 0xd023b0dc, 0xffff3130, 0x00002100, 
    0xe606a504, 0x25002602, 0x07010000, 0xc7007000, 0x09004a01, 0x2f04b000, 0x30dc0bb0, 0xffff0031, 0xecff5c00, 0xa605a503, 0x45002602, 0x07010000, 
    0xa4007000, 0x09000a00, 0x2f17b000, 0x30dc2bb0, 0xffff0031, 0x00002100, 0x1207a504, 0x25002602, 0x07010000, 0xb900a100, 0x09004401, 0x2f04b000, 
    0x30dc0eb0, 0xffff0031, 0xecff5c00, 0xd205a503, 0x45002602, 0x07010000, 0x9600a100, 0x09000400, 0x2f17b000, 0x30dc2eb0, 0x02000031, 0x75fe2100, 
    0xb005c404, 0x18001500, 0x18b27900, 0x12111a19, 0x1018b039, 0x00d000b0, 0x584500b0, 0x1b2f00b0, 0x3e1600b1, 0x4500b059, 0x2f0bb058, 0x0e0bb11b, 
    0x00b0593e, 0x01b05845, 0x01b11b2f, 0xb0593e06, 0xb0584500, 0xb11b2f13, 0x593e0613, 0xb1100bb0, 0x0ab00106, 0xd821582b, 0xb059f41b, 0x10b01001, 
    0x2f10b0d0, 0x010017b2, 0xb0391211, 0x11b12f17, 0x2b0ab001, 0x1bd82158, 0x18b259f4, 0x12110100, 0x01313039, 0x15060601, 0x37323314, 0x22230617, 
    0x37343526, 0x23032103, 0x01210101, 0x21028402, 0x395d4c70, 0x46381035, 0xa0b45043, 0x3ba237fd, 0xd0fe2102, 0xb0fea102, 0x50fab005, 0x5f346b57, 
    0x492c3026, 0x018f6d4c, 0x054dfead, 0x0339fcb0, 0x02000086, 0x75fe5c00, 0x4e04c403, 0x38002c00, 0x10b2b100, 0x12113a39, 0x1010b039, 0x00d02eb0, 
    0x584500b0, 0x1b2f17b0, 0x3e1217b1, 0x4500b059, 0x2f28b058, 0x0e28b11b, 0x00b0593e, 0x05b05845, 0x05b11b2f, 0xb0593e06, 0xb0584500, 0xb11b2f1e, 
    0x593e061e, 0xb0d000b0, 0x02b22f00, 0x12110517, 0x170bb239, 0x39121105, 0xb42f0bb0, 0x0b3f0b2f, 0x17b05d02, 0x0110b110, 0x582b0ab0, 0xf41bd821, 
    0x0b13b259, 0x39121110, 0x130c0940, 0x132c131c, 0x5d04133c, 0xb11028b0, 0x0ab00123, 0xd821582b, 0xb059f41b, 0x2db11005, 0x2b0ab001, 0x1bd82158, 
    0x0bb059f4, 0x0131b110, 0x582b0ab0, 0xf41bd821, 0x25313059, 0x06063526, 0x35262223, 0x21372434, 0x23263435, 0x27150622, 0x32333634, 0x14111716, 
    0x06061517, 0x32331415, 0x23061737, 0x34352622, 0x37363225, 0x07222311, 0x16141506, 0x40136603, 0xb7968cde, 0x01df0d01, 0x949fab0b, 0xa8e836c6, 
    0x1c03ceaf, 0x395d4c70, 0x46381035, 0xf6fe5043, 0xfa37db98, 0x9e647be8, 0x687a4804, 0x9583a372, 0x889e02b3, 0x02709896, 0x9fafb884, 0x40b2fbfd, 
    0x346b5709, 0x2c30265f, 0xa6714c49, 0x01017b88, 0x63704b5c, 0xffff008a, 0xecff9000, 0x5407a604, 0x27002602, 0x07010000, 0x00027500, 0x09005401, 
    0x2f0cb000, 0x30dc21b0, 0xffff0031, 0xecff6100, 0xfe05ac03, 0x47002602, 0x07010000, 0x7d017500, 0x0900feff, 0x2f0eb000, 0x30dc1eb0, 0xffff0031, 
    0xecff9000, 0x4107a604, 0x27002602, 0x07010000, 0x14019e00, 0x13005401, 0x4500b000, 0x2f0cb058, 0x160cb11b, 0x23b0593e, 0x003130dc, 0x6100ffff, 
    0xac03ecff, 0x2602eb05, 0x00004700, 0x9e000701, 0xfeff9100, 0xb0001300, 0xb0584500, 0xb11b2f0e, 0x593e120e, 0x30dc20b0, 0xffff0031, 0xecff9000, 
    0x0107a604, 0x27002602, 0x07010000, 0xd301a200, 0x13005401, 0x4500b000, 0x2f0cb058, 0x160cb11b, 0x26b0593e, 0x003130dc, 0x6100ffff, 0xac03ecff, 
    0x2602ab05, 0x00004700, 0xa2000701, 0xfeff5001, 0xb0001300, 0xb0584500, 0xb11b2f0e, 0x593e120e, 0x30dc23b0, 0xffff0031, 0xecff9000, 0x3b07a604, 
    0x27002602, 0x07010000, 0x19019f00, 0x09005901, 0x2f0cb000, 0x30dc23b0, 0xffff0031, 0xecff6100, 0xe405ac03, 0x47002602, 0x07010000, 0x96009f00, 
    0x09000200, 0x2f0eb000, 0x30dc20b0, 0xffff0031, 0x0000c800, 0x2607b404, 0x28002602, 0x07010000, 0xc1009f00, 0x09004401, 0x2f01b000, 0x30dc1cb0, 
    0xffff0031, 0xecff7a00, 0x0006ad04, 0x48002600, 0x07000000, 0x9b03ba01, 0xffff8c05, 0x0000c800, 0xe6063e04, 0x29002602, 0x07010000, 0xce007000, 
    0x09004a01, 0x2f06b000, 0x30dc0cb0, 0xffff0031, 0xecff5700, 0xa505b803, 0x49002602, 0x07010000, 0x9a007000, 0x09000900, 0x2f09b000, 0x30dc22b0, 
    0xffff0031, 0x0000c800, 0x12073e04, 0x29002602, 0x07010000, 0xc000a100, 0x09004401, 0x2f06b000, 0x30dc0fb0, 0xffff0031, 0xecff5700, 0xd105b803, 
    0x49002602, 0x07010000, 0x8c00a100, 0x09000300, 0x2f09b000, 0x30dc25b0, 0xffff0031, 0x0000c800, 0xec063e04, 0x29002602, 0x07010000, 0x9801a200, 
    0x13003f01, 0x4500b000, 0x2f06b058, 0x1606b11b, 0x13b0593e, 0x003130dc, 0x5700ffff, 0xb803ecff, 0x2602ac05, 0x00004900, 0xa2000701, 0xffff6401, 
    0xb0001300, 0xb0584500, 0xb11b2f09, 0x593e1209, 0x30dc29b0, 0x01000031, 0x75fec800, 0xb0053e04, 0x9a001b00, 0x1d1c11b2, 0x00391211, 0x584500b0, 
    0x1b2f16b0, 0x3e1616b1, 0x4500b059, 0x2f0fb058, 0x0e0fb11b, 0x00b0593e, 0x04b05845, 0x04b11b2f, 0xb0593e06, 0xb0584500, 0xb11b2f14, 0x593e0614, 
    0x04161bb2, 0xb0391211, 0x5fb22f1b, 0xb25d011b, 0x5d011b8f, 0x011b2fb2, 0x1bafb45d, 0x5d021bbf, 0xb00100b1, 0x21582b0a, 0x59f41bd8, 0xb11014b0, 
    0x0ab00102, 0xd821582b, 0xb059f41b, 0x0fb0d003, 0x010ab110, 0x582b0ab0, 0xf41bd821, 0x1016b059, 0xb00118b1, 0x21582b0a, 0x59f41bd8, 0x21013130, 
    0x23152111, 0x14150606, 0x17373233, 0x26222306, 0x21373435, 0x21152111, 0xd8032111, 0x400326fd, 0x5d4c703b, 0x38103539, 0xad504346, 0x76030afd, 
    0xda02c0fc, 0x64fdd202, 0x346b5736, 0x2c30265f, 0x886e4c49, 0xfd36b005, 0x0200008e, 0xaffe5700, 0x4e04b803, 0x33002a00, 0x09b28f00, 0x12113534, 
    0x1009b039, 0x00d02bb0, 0x584500b0, 0x1b2f09b0, 0x3e1209b1, 0x4500b059, 0x2f24b058, 0x0e24b11b, 0x00b0593e, 0x00b05845, 0x00b11b2f, 0xb2593e06, 
    0x1100092f, 0x2fb03912, 0x2f2fb42f, 0x5d022f3f, 0xb0010db1, 0x21582b0a, 0x59f41bd8, 0xb11000b0, 0x0ab00113, 0xd821582b, 0xb259f41b, 0x11000916, 
    0x1ab23912, 0x12110900, 0x1024b039, 0xb0011fb1, 0x21582b0a, 0x59f41bd8, 0xb11009b0, 0x0ab0012b, 0xd821582b, 0x3059f41b, 0x26220531, 0x34353526, 
    0x32333636, 0x21151512, 0x16161415, 0x37363233, 0x17070617, 0x14150606, 0x17373233, 0x26222306, 0x06373435, 0x07062203, 0x26343521, 0x83310226, 
    0xd2787cdb, 0xfce6b57c, 0x72c36fd5, 0x263b996d, 0x70043527, 0x35395d4c, 0x43463810, 0x58406750, 0x0213dc9e, 0x14a35df2, 0x2d96f68d, 0xfe8cfa96, 
    0x3b39d2fe, 0x4980e184, 0x27381b4c, 0x346b5702, 0x2c30265f, 0x67524c49, 0xeb2c0411, 0xbd6e0db6, 0xffff0069, 0x0000c800, 0x26073e04, 0x29002602, 
    0x07010000, 0xde009f00, 0x09004401, 0x2f06b000, 0x30dc10b0, 0xffff0031, 0xecff5700, 0xe505b803, 0x49002602, 0x07010000, 0xaa009f00, 0x09000300, 
    0x2f09b000, 0x30dc26b0, 0xffff0031, 0xecffa800, 0x4107ca04, 0x2b002602, 0x07010000, 0x2d019e00, 0x13005401, 0x4500b000, 0x2f0cb058, 0x160cb11b, 
    0x25b0593e, 0x003130dc, 0x7900ffff, 0xb6034cfe, 0x2602eb05, 0x00004b00, 0x9e000701, 0xfeffa500, 0xb0001300, 0xb0584500, 0xb11b2f03, 0x593e1203, 
    0x30dc2eb0, 0xffff0031, 0xecffa800, 0x2707ca04, 0x2b002602, 0x07010000, 0x1401a100, 0x09005901, 0x2f0cb000, 0x30dc26b0, 0xffff0031, 0x4cfe7900, 
    0xd005b603, 0x4b002602, 0x07010000, 0x8c00a100, 0x09000200, 0x2f03b000, 0x30dc2db0, 0xffff0031, 0xecffa800, 0x0107ca04, 0x2b002602, 0x07010000, 
    0xec01a200, 0x13005401, 0x4500b000, 0x2f0cb058, 0x160cb11b, 0x2ab0593e, 0x003130dc, 0x7900ffff, 0xb6034cfe, 0x2602ab05, 0x00004b00, 0xa2000701, 
    0xfeff6401, 0xb0001300, 0xb0584500, 0xb11b2f03, 0x593e1203, 0x30dc31b0, 0xffff0031, 0x5ffea800, 0xc405ca04, 0x2b002602, 0x07000000, 0xe301ba01, 
    0xffff2aff, 0x4cfe7900, 0x3606b603, 0x4b002602, 0x07010000, 0x8c013302, 0x09001e00, 0x2f03b000, 0x30dc2eb0, 0xffff0031, 0x0000c800, 0x2c07d604, 
    0x2c002602, 0x07010000, 0x3a019e00, 0x13003f01, 0x4500b000, 0x2f07b058, 0x1607b11b, 0x10b0593e, 0x003130dc, 0xac00ffff, 0xba030000, 0x26022b07, 
    0x00004c00, 0x9e000701, 0x3e014700, 0xb0000900, 0x18b02f13, 0x003130dc, 0xd6ffffff, 0x55020000, 0x26020e07, 0x00002d00, 0xa5000701, 0x4e017cff, 
    0xb0000900, 0x07b02f02, 0x003130dc, 0x9bffffff, 0x1a020000, 0x2602b805, 0x00008d00, 0xa5000701, 0xf8ff41ff, 0xb0000900, 0x07b02f02, 0x003130dc, 
    0xf4ffffff, 0x2b020000, 0x2602e606, 0x00002d00, 0x70000701, 0x4a0170ff, 0xb0000900, 0x04b02f02, 0x003130dc, 0xb9ffffff, 0xf0010000, 0x26029005, 
    0x00008d00, 0x70000701, 0xf4ff35ff, 0xb0000900, 0x04b02f02, 0x003130dc, 0xf5ffffff, 0x22020000, 0x26021207, 0x00002d00, 0xa1000701, 0x440162ff, 
    0xb0000900, 0x07b02f02, 0x003130dc, 0xbaffffff, 0xe7010000, 0x2602bc05, 0x00008d00, 0xa1000701, 0xeeff27ff, 0xb0000900, 0x07b02f02, 0x003130dc, 
    0x3600ffff, 0x470175fe, 0x2602b005, 0x00002d00, 0xa4000600, 0xffff00ef, 0x75fefdff, 0xc4050e01, 0x4d002602, 0x06000000, 0x00b6a400, 0xd500ffff, 
    0x44010000, 0x2602ec06, 0x00002d00, 0xa2000701, 0x3f013900, 0xb0001300, 0xb0584500, 0xb11b2f02, 0x593e1602, 0x30dc0bb0, 0xffff0031, 0xecfff000, 
    0xb005b805, 0x2d002600, 0x07000000, 0x16022e00, 0xffff0000, 0x4bfe9d00, 0xc405b802, 0x4d002600, 0x07000000, 0xa6014e00, 0xffff0000, 0xecff5a00, 
    0x0e078404, 0x2e002602, 0x07010000, 0xf4019e00, 0x13002101, 0x4500b000, 0x2f00b058, 0x1600b11b, 0x14b0593e, 0x003130dc, 0x63ffffff, 0xd0014bfe, 
    0x2602c205, 0x00009c00, 0x9e000701, 0xd5ff40ff, 0xb0001300, 0xb0584500, 0xb11b2f00, 0x593e1200, 0x30dc10b0, 0xffff0031, 0xcdfec800, 0xb005ca04, 
    0x2f002602, 0x07000000, 0x7901ba01, 0xffff98ff, 0xd1feac00, 0x0006b903, 0x4f002602, 0x07000000, 0x1001ba01, 0xffff9cff, 0x0000c000, 0x0007ea03, 
    0x30002602, 0x07010000, 0x42007500, 0x09000001, 0x2f04b000, 0x30dc08b0, 0xffff0031, 0x0000ae00, 0x7c07ad01, 0x50002602, 0x07010000, 0x30007500, 
    0x09007c01, 0x2f02b000, 0x30dc06b0, 0xffff0031, 0x69fec800, 0xb005ea03, 0x30002602, 0x07000000, 0x7b01ba01, 0xffff34ff, 0x69fe7800, 0x0006f300, 
    0x50002602, 0x07000000, 0xe1ffba01, 0xffff34ff, 0x0000c800, 0xb005ea03, 0x30002602, 0x07010000, 0x8501ba01, 0x10003b05, 0x4500b000, 0x2f0ab058, 
    0x160ab11b, 0x3130593e, 0xb900ffff, 0x00020000, 0x26000006, 0x00005000, 0xba010701, 0x8c05ee00, 0xb0000600, 0x31302f08, 0xc800ffff, 0xea030000, 
    0x2602b005, 0x00003000, 0xa2000700, 0x80fdc301, 0xb900ffff, 0x02020000, 0x26000006, 0x00005000, 0xa2000700, 0xa7fdf700, 0xc800ffff, 0xe1040000, 
    0x26023f07, 0x00003200, 0x75000701, 0x3f013002, 0xb0000900, 0x0cb02f05, 0x003130dc, 0xac00ffff, 0xba030000, 0x2602fe05, 0x00005200, 0x75000701, 
    0xfeff9c01, 0xb0000900, 0x16b02f03, 0x003130dc, 0xc800ffff, 0xe10469fe, 0x2602b005, 0x00003200, 0xba010700, 0x34ffe001, 0xac00ffff, 0xba0369fe, 
    0x26024e04, 0x00005200, 0xba010700, 0x34ff4c01, 0xc800ffff, 0xe1040000, 0x26022607, 0x00003200, 0x9f000701, 0x44014901, 0xb0001300, 0xb0584500, 
    0xb11b2f06, 0x593e1606, 0x30dc0fb0, 0xffff0031, 0x0000ac00, 0xe405ba03, 0x52002602, 0x07010000, 0xb5009f00, 0x09000200, 0x2f03b000, 0x30dc18b0, 
    0xffff0031, 0x0000e5ff, 0x0006ba03, 0x52002602, 0x07000000, 0x4effba01, 0xffff8c05, 0xecff8500, 0xfb06cf04, 0x33002602, 0x07010000, 0x07017000, 
    0x09005f01, 0x2f0cb000, 0x30dc20b0, 0xffff0031, 0xecff5a00, 0xa4050d04, 0x53002602, 0x07010000, 0x9a007000, 0x09000800, 0x2f04b000, 0x30dc21b0, 
    0xffff0031, 0xecff8500, 0x2707cf04, 0x33002602, 0x07010000, 0xf900a100, 0x09005901, 0x2f0cb000, 0x30dc23b0, 0xffff0031, 0xecff5a00, 0xd0050d04, 
    0x53002602, 0x07010000, 0x8c00a100, 0x09000200, 0x2f04b000, 0x30dc24b0, 0xffff0031, 0xecff8500, 0x5407cf04, 0x33002602, 0x07010000, 0x5a01a600, 
    0x0c005401, 0x2f0cb000, 0xb0dc22b0, 0x3130d024, 0x5a00ffff, 0x0d04ecff, 0x2602fe05, 0x00005300, 0xa6000701, 0xfeffed00, 0xb0000c00, 0x23b02f04, 
    0xd025b0dc, 0xffff3130, 0x0000c300, 0x3f07ae04, 0x36002602, 0x07010000, 0xb8017500, 0x09003f01, 0x2f04b000, 0x30dc1ab0, 0xffff0031, 0x0000ac00, 
    0xfe058f02, 0x56002602, 0x07010000, 0xf7007500, 0x0900feff, 0x2f0cb000, 0x30dc11b0, 0xffff0031, 0x69fec300, 0xb005ae04, 0x36002602, 0x07000000, 
    0x6801ba01, 0xffff34ff, 0x72fe6900, 0x4e048f02, 0x56002602, 0x07000000, 0xd2ffba01, 0xffff3dff, 0x0000c300, 0x2607ae04, 0x36002602, 0x07010000, 
    0xd1009f00, 0x09004401, 0x2f04b000, 0x30dc1cb0, 0xffff0031, 0x0000a200, 0xe4059302, 0x56002602, 0x06010000, 0x02109f00, 0xb0000900, 0x13b02f0c, 
    0x003130dc, 0x6000ffff, 0x6704ecff, 0x26025407, 0x00003700, 0x75000701, 0x5401d201, 0xb0000900, 0x2cb02f0a, 0x003130dc, 0x6c00ffff, 0x7d03ecff, 
    0x2602fe05, 0x00005700, 0x75000701, 0xfeff5a01, 0xb0000900, 0x28b02f08, 0x003130dc, 0x6000ffff, 0x6704ecff, 0x26024107, 0x00003700, 0x9e000701, 
    0x5401e600, 0xb0001300, 0xb0584500, 0xb11b2f0a, 0x593e160a, 0x30dc2cb0, 0xffff0031, 0xecff6c00, 0xeb057d03, 0x57002602, 0x06010000, 0xfe6e9e00, 
    0xb0001300, 0xb0584500, 0xb11b2f08, 0x593e1208, 0x30dc28b0, 0xffff0031, 0x44fe6000, 0xc4056704, 0x37002602, 0x07000000, 0xc5017900, 0xfffff7ff, 
    0x49fe6c00, 0x4e047d03, 0x57002602, 0x07000000, 0x4d017900, 0xfffffcff, 0x55fe6000, 0xc4056704, 0x37002602, 0x07000000, 0x8201ba01, 0xffff20ff, 
    0x5afe6c00, 0x4e047d03, 0x57002602, 0x07000000, 0x0a01ba01, 0xffff25ff, 0xecff6000, 0x3b076704, 0x37002602, 0x07010000, 0xeb009f00, 0x13005901, 
    0x4500b000, 0x2f0ab058, 0x160ab11b, 0x2eb0593e, 0x003130dc, 0x6c00ffff, 0x7d03ecff, 0x2602e405, 0x00005700, 0x9f000601, 0x09000273, 0x2f08b000, 
    0x30dc2ab0, 0xffff0031, 0x5ffe3700, 0xb0059104, 0x38002602, 0x07000000, 0x6e01ba01, 0xffff2aff, 0x5ffe2600, 0x5e053c02, 0x58002602, 0x07000000, 
    0xa700ba01, 0xffff2aff, 0x4dfe3700, 0xb0059104, 0x38002602, 0x07000000, 0xb1017900, 0xffff0000, 0x4dfe2600, 0x5e055f02, 0x58002602, 0x07000000, 
    0xea007900, 0xffff0000, 0x00003700, 0x1e079104, 0x38002602, 0x07010000, 0xd4009f00, 0x09003c01, 0x2f06b000, 0x30dc0cb0, 0xffff0031, 0xecff2600, 
    0x18063e02, 0x58002600, 0x07000000, 0x2c01ba01, 0xffffa405, 0xecffb900, 0x0e079c04, 0x39002602, 0x07010000, 0x2801a500, 0x09004e01, 0x2f00b000, 
    0x30dc13b0, 0xffff0031, 0xecffa800, 0xcf05b803, 0x59002602, 0x07010000, 0xb300a500, 0x09000f00, 0x2f08b000, 0x30dc17b0, 0xffff0031, 0xecffb900, 
    0xe6069c04, 0x39002602, 0x07010000, 0x1c017000, 0x09004a01, 0x2f00b000, 0x30dc10b0, 0xffff0031, 0xecffa800, 0xa705b803, 0x59002602, 0x07010000, 
    0xa7007000, 0x09000b00, 0x2f08b000, 0x30dc14b0, 0xffff0031, 0xecffb900, 0x12079c04, 0x39002602, 0x07010000, 0x0e01a100, 0x09004401, 0x2f00b000, 
    0x30dc13b0, 0xffff0031, 0xecffa800, 0xd305b803, 0x59002602, 0x07010000, 0x9900a100, 0x09000500, 0x2f08b000, 0x30dc17b0, 0xffff0031, 0xecffb900, 
    0x53079c04, 0x39002602, 0x07010000, 0x9e01a300, 0x0c003f01, 0x2f00b000, 0xb0dc15b0, 0x3130d01a, 0xa800ffff, 0xb803ecff, 0x26021406, 0x00005900, 
    0xa3000701, 0x00002901, 0xb0000c00, 0x19b02f08, 0xd01eb0dc, 0xffff3130, 0xecffb900, 0x3f079c04, 0x39002602, 0x07010000, 0x6f01a600, 0x0c003f01, 
    0x2f00b000, 0xb0dc12b0, 0x3130d014, 0xa800ffff, 0xe003ecff, 0x26020006, 0x00005900, 0xa6000701, 0x0000fa00, 0xb0000c00, 0x16b02f08, 0xd018b0dc, 
    0x01003130, 0x96feb900, 0xb0059c04, 0x63002100, 0x232215b2, 0x00391211, 0x584500b0, 0x1b2f00b0, 0x3e1600b1, 0x4500b059, 0x2f19b058, 0x1619b11b, 
    0x00b0593e, 0x0eb05845, 0x0eb11b2f, 0xb0593e0e, 0xb0584500, 0xb11b2f15, 0x593e0615, 0x001504b2, 0xb0391211, 0x09b1100e, 0x2b0ab001, 0x1bd82158, 
    0x15b059f4, 0x011db110, 0x582b0ab0, 0xf41bd821, 0x01313059, 0x07061411, 0x14150606, 0x17373233, 0x26222306, 0x06373435, 0x27002223, 0x14113311, 
    0x35362016, 0x859c0411, 0x5d4c706f, 0x38103539, 0x7f504346, 0xfee54644, 0xf33601f4, 0x05f29201, 0xa425fcb0, 0x6b5736da, 0x30265f34, 0x5a4c492c, 
    0x03010e75, 0xfcde03e3, 0xececca28, 0x00d703cb, 0xa8000100, 0xd60375fe, 0x22003a04, 0x13b27900, 0x12112423, 0x00b00039, 0x17b05845, 0x17b11b2f, 
    0xb0593e12, 0xb0584500, 0xb11b2f20, 0x593e1220, 0x584500b0, 0x1b2f0ab0, 0x3e0e0ab1, 0x4500b059, 0x2f00b058, 0x0600b11b, 0x00b0593e, 0x13b05845, 
    0x13b11b2f, 0xb0593e06, 0x05b1100a, 0x2b0ab001, 0x1bd82158, 0x00b059f4, 0xd00fb010, 0xb22f0fb0, 0x11002010, 0x13b03912, 0x011cb110, 0x582b0ab0, 
    0xf41bd821, 0x21313059, 0x14150606, 0x17373233, 0x26222306, 0x35373435, 0x22230606, 0x33112726, 0x33161611, 0x11373632, 0xb7031133, 0x395d4c70, 
    0x46381035, 0x30bc5043, 0xb1b18db8, 0x98023602, 0x1ac29b92, 0x346b5737, 0x2c30265f, 0x91704c49, 0xcf695aa4, 0xfdb902c6, 0x92b1ac45, 0xfbf9028d, 
    0xffff00c6, 0x00003d00, 0x2c070107, 0x3b002602, 0x07010000, 0x0c029e00, 0x13003f01, 0x4500b000, 0x2f03b058, 0x1603b11b, 0x15b0593e, 0x003130dc, 
    0x5300ffff, 0xb0050000, 0x2602ed05, 0x00005b00, 0x9e000701, 0x00006d01, 0xb0001300, 0xb0584500, 0xb11b2f03, 0x593e1203, 0x30dc13b0, 0xffff0031, 
    0x00002100, 0x2107a104, 0x3d002602, 0x07010000, 0xce009e00, 0x13003401, 0x4500b000, 0x2f08b058, 0x1608b11b, 0x0db0593e, 0x003130dc, 0x2b00ffff, 
    0xb0034bfe, 0x2602ed05, 0x00005d00, 0x9e000601, 0x13000075, 0x4500b000, 0x2f12b058, 0x1212b11b, 0x17b0593e, 0x003130dc, 0x2100ffff, 0xa1040000, 
    0x2602f906, 0x00003d00, 0x6a000701, 0x34019e00, 0xb0001600, 0xb0584500, 0xb11b2f01, 0x593e1601, 0xb0dc10b0, 0x3130d019, 0x5e00ffff, 0x6a040000, 
    0x26023f07, 0x00003e00, 0x75000701, 0x3f01bb01, 0xb0001300, 0xb0584500, 0xb11b2f07, 0x593e1607, 0x30dc0cb0, 0xffff0031, 0x00005700, 0x0006a203, 
    0x5e002602, 0x07010000, 0x58017500, 0x09000000, 0x2f07b000, 0x30dc0cb0, 0xffff0031, 0x00005e00, 0xec066a04, 0x3e002602, 0x07010000, 0x8e01a200, 
    0x13003f01, 0x4500b000, 0x2f07b058, 0x1607b11b, 0x11b0593e, 0x003130dc, 0x5700ffff, 0xa2030000, 0x2602ad05, 0x00005e00, 0xa2000701, 0x00002b01, 
    0xb0001300, 0xb0584500, 0xb11b2f07, 0x593e1207, 0x30dc11b0, 0xffff0031, 0x00005e00, 0x26076a04, 0x3e002602, 0x07010000, 0xd4009f00, 0x13004401, 
    0x4500b000, 0x2f07b058, 0x1607b11b, 0x0fb0593e, 0x003130dc, 0x5700ffff, 0xa2030000, 0x2602e705, 0x00005e00, 0x9f000601, 0x09000571, 0x2f07b000, 
    0x30dc0eb0, 0xffff0031, 0x00003200, 0x3f07e806, 0x81002602, 0x07010000, 0x25037500, 0x09003f01, 0x2f06b000, 0x30dc15b0, 0xffff0031, 0xecff5d00, 
    0xff057906, 0x86002602, 0x07010000, 0xb5027500, 0x0900ffff, 0x2f1ab000, 0x30dc45b0, 0xffff0031, 0xb5ff8500, 0x7d07d804, 0x83002602, 0x07010000, 
    0x22027500, 0x13007d01, 0x4500b000, 0x2f10b058, 0x1610b11b, 0x2cb0593e, 0x003130dc, 0x5700ffff, 0x0a046fff, 0x2602fd05, 0x00008900, 0x75000701, 
    0xfdff5801, 0xb0001300, 0xb0584500, 0xb11b2f04, 0x593e1204, 0x30dc30b0, 0xffff0031, 0x0000eaff, 0x8d040c04, 0x2f022602, 0x07010000, 0x7eff2702, 
    0x2f0065ff, 0x1acfb400, 0x5d021adf, 0x011aafb2, 0x1a1fb471, 0x5d021a2f, 0x011adfb2, 0x1affb271, 0x0fb25d01, 0xb271011a, 0x5d011a8f, 0x011a5fb2, 
    0x0031305d, 0xeaffffff, 0x0c040000, 0x26028d04, 0x00002f02, 0x27020701, 0x65ff7eff, 0xb4002f00, 0x1adf1acf, 0xafb25d02, 0xb471011a, 0x1a2f1a1f, 
    0xdfb25d02, 0xb271011a, 0x5d011aff, 0x011a0fb2, 0x1a8fb271, 0x5fb25d01, 0x305d011a, 0xffff0031, 0x00002e00, 0x8d04ed03, 0xd9012602, 0x06010000, 
    0xd36e2702, 0xb2000800, 0x5d010a00, 0xffff3130, 0x00001c00, 0x1b060504, 0x32022602, 0x07010000, 0xaa004400, 0x13001b00, 0x4500b000, 0x2f04b058, 
    0x1404b11b, 0x0eb0593e, 0x003130dc, 0x1c00ffff, 0x05040000, 0x26021b06, 0x00003202, 0x75000701, 0x1b006c01, 0xb0000900, 0x0fb02f04, 0x003130dc, 
    0x1c00ffff, 0x05040000, 0x26020806, 0x00003202, 0x9e000701, 0x1b008000, 0xb0001300, 0xb0584500, 0xb11b2f04, 0x593e1404, 0x30dc11b0, 0xffff0031, 
    0x00001c00, 0xea050504, 0x32022602, 0x07010000, 0x8100a500, 0x09002a00, 0x2f04b000, 0x30dc10b0, 0xffff0031, 0x00001c00, 0xe0050504, 0x32022602, 
    0x06010000, 0x1b506a00, 0xb0001600, 0xb0584500, 0xb11b2f04, 0x593e1404, 0xb0dc14b0, 0x3130d01d, 0x1c00ffff, 0x05040000, 0x26022f06, 0x00003202, 
    0xa3000701, 0x1b00f700, 0xb0000c00, 0x12b02f04, 0xd017b0dc, 0xffff3130, 0x00001c00, 0x5d060504, 0x32022602, 0x07000000, 0xc600c501, 0xffffbbff, 
    0x46fe7a00, 0x9d040204, 0x30022602, 0x07000000, 0x94017900, 0xfffff9ff, 0x0000aa00, 0x1b06a603, 0x28022602, 0x07010000, 0xac004400, 0x13001b00, 
    0x4500b000, 0x2f06b058, 0x1406b11b, 0x0db0593e, 0x003130dc, 0xaa00ffff, 0xa6030000, 0x26021b06, 0x00002802, 0x75000701, 0x1b006e01, 0xb0000900, 
    0x0eb02f06, 0x003130dc, 0xaa00ffff, 0xa6030000, 0x26020806, 0x00002802, 0x9e000701, 0x1b008200, 0xb0001300, 0xb0584500, 0xb11b2f06, 0x593e1406, 
    0x30dc10b0, 0xffff0031, 0x0000aa00, 0xe005a603, 0x28022602, 0x06010000, 0x1b526a00, 0xb0001600, 0xb0584500, 0xb11b2f06, 0x593e1406, 0xb0dc13b0, 
    0x3130d01c, 0x1400ffff, 0x12010000, 0x26021b06, 0x0000e401, 0x44000701, 0x1b007fff, 0xb0001300, 0xb0584500, 0xb11b2f02, 0x593e1402, 0x30dc05b0, 
    0xffff0031, 0x0000be00, 0x1b06bd01, 0xe4012602, 0x06010000, 0x1b407500, 0xb0000900, 0x06b02f02, 0x003130dc, 0xedffffff, 0xe5010000, 0x26020806, 
    0x0000e401, 0x9e000701, 0x1b0055ff, 0xb0001300, 0xb0584500, 0xb11b2f02, 0x593e1402, 0x30dc08b0, 0xffff0031, 0x0000d3ff, 0xe005ff01, 0xe4012602, 
    0x07010000, 0x25ff6a00, 0x16001b00, 0x4500b000, 0x2f02b058, 0x1402b11b, 0x0bb0593e, 0xd014b0dc, 0xffff3130, 0x0000aa00, 0xea053404, 0xdf012602, 
    0x07010000, 0xdf00a500, 0x09002a00, 0x2f05b000, 0x30dc0db0, 0xffff0031, 0xf0ff7200, 0x1b062504, 0xde012602, 0x07010000, 0xdf004400, 0x13001b00, 
    0x4500b000, 0x2f0cb058, 0x140cb11b, 0x1eb0593e, 0x003130dc, 0x7200ffff, 0x2504f0ff, 0x26021b06, 0x0000de01, 0x75000701, 0x1b00a101, 0xb0000900, 
    0x1fb02f0c, 0x003130dc, 0x7200ffff, 0x2504f0ff, 0x26020806, 0x0000de01, 0x9e000701, 0x1b00b500, 0xb0001300, 0xb0584500, 0xb11b2f0c, 0x593e140c, 
    0x30dc21b0, 0xffff0031, 0xf0ff7200, 0xea052504, 0xde012602, 0x07010000, 0xb600a500, 0x09002a00, 0x2f0cb000, 0x30dc20b0, 0xffff0031, 0xf0ff7200, 
    0xe0052504, 0xde012602, 0x07010000, 0x85006a00, 0x16001b00, 0x4500b000, 0x2f0cb058, 0x140cb11b, 0x24b0593e, 0xd02db0dc, 0xffff3130, 0xf0ff9d00, 
    0x1b06f703, 0xd8012602, 0x07010000, 0xee004400, 0x13001b00, 0x4500b000, 0x2f09b058, 0x1409b11b, 0x14b0593e, 0x003130dc, 0x9d00ffff, 0xf703f0ff, 
    0x26021b06, 0x0000d801, 0x75000701, 0x1b00b001, 0xb0000900, 0x15b02f00, 0x003130dc, 0x9d00ffff, 0xf703f0ff, 0x26020806, 0x0000d801, 0x9e000701, 
    0x1b00c400, 0xb0001300, 0xb0584500, 0xb11b2f09, 0x593e1409, 0x30dc17b0, 0xffff0031, 0xf0ff9d00, 0xe005f703, 0xd8012602, 0x07010000, 0x94006a00, 
    0x16001b00, 0x4500b000, 0x2f09b058, 0x1409b11b, 0x1ab0593e, 0xd023b0dc, 0xffff3130, 0x00001e00, 0x1b06fc03, 0xd4012602, 0x07010000, 0x65017500, 
    0x09001b00, 0x2f03b000, 0x30dc0db0, 0xffff0031, 0x00001c00, 0xc2050504, 0x32022602, 0x06010000, 0x26757000, 0xb0000900, 0x0db02f04, 0x003130dc, 
    0x1c00ffff, 0x05040000, 0x2602ee05, 0x00003202, 0xa1000601, 0x09002067, 0x2f04b000, 0x30dc10b0, 0x02000031, 0x75fe1c00, 0x8d042204, 0x1b001600, 
    0x1ab27900, 0x12111d1c, 0x101ab039, 0x00d000b0, 0x584500b0, 0x1b2f00b0, 0x3e1400b1, 0x4500b059, 0x2f0cb058, 0x0e0cb11b, 0x00b0593e, 0x01b05845, 
    0x01b11b2f, 0xb0593e06, 0xb0584500, 0xb11b2f14, 0x593e0614, 0xb1100cb0, 0x0ab00107, 0xd821582b, 0xb059f41b, 0x11b01001, 0x2f11b0d0, 0x010018b2, 
    0xb0391211, 0x12b12f18, 0x2b0ab001, 0x1bd82158, 0x1ab259f4, 0x12110100, 0x01313039, 0x06062301, 0x32331415, 0x23061737, 0x34352622, 0x03210337, 
    0x21030123, 0x02072701, 0x02d50130, 0x395d4c70, 0x46381035, 0x86b75043, 0x3b899efd, 0x02fcd501, 0x16fbfe37, 0xfb8d0416, 0x346b5773, 0x2c30265f, 
    0x8d704c49, 0xaafe4f01, 0xfffc8d04, 0x41408e02, 0x7a00ffff, 0x0204f0ff, 0x26021b06, 0x00003002, 0x75000701, 0x1b00a101, 0xb0000900, 0x1eb02f0b, 
    0x003130dc, 0x7a00ffff, 0x0204f0ff, 0x26020806, 0x00003002, 0x9e000701, 0x1b00b500, 0xb0001300, 0xb0584500, 0xb11b2f0b, 0x593e140b, 0x30dc20b0, 
    0xffff0031, 0xf0ff7a00, 0xc8050204, 0x30022602, 0x07010000, 0x7401a200, 0x13001b00, 0x4500b000, 0x2f0bb058, 0x140bb11b, 0x23b0593e, 0x003130dc, 
    0x7a00ffff, 0x0204f0ff, 0x26020206, 0x00003002, 0x9f000701, 0x2000ba00, 0xb0000900, 0x20b02f0b, 0x003130dc, 0xaa00ffff, 0x0c040000, 0x26020206, 
    0x00002f02, 0x9f000601, 0x0900206f, 0x2f01b000, 0x30dc1bb0, 0xffff0031, 0x0000aa00, 0xc205a603, 0x28022602, 0x06010000, 0x26777000, 0xb0000900, 
    0x0cb02f06, 0x003130dc, 0xaa00ffff, 0xa6030000, 0x2602ee05, 0x00002802, 0xa1000601, 0x09002069, 0x2f06b000, 0x30dc0fb0, 0xffff0031, 0x0000aa00, 
    0xc805a603, 0x28022602, 0x07010000, 0x4101a200, 0x13001b00, 0x4500b000, 0x2f06b058, 0x1406b11b, 0x13b0593e, 0x003130dc, 0xaa000100, 0xa60375fe, 
    0x1b008d04, 0x11b29700, 0x12111d1c, 0x00b00039, 0x16b05845, 0x16b11b2f, 0xb0593e14, 0xb0584500, 0xb11b2f0f, 0x593e0e0f, 0x584500b0, 0x1b2f04b0, 
    0x3e0604b1, 0x4500b059, 0x2f14b058, 0x0614b11b, 0x1bb2593e, 0x12110416, 0x2f1bb039, 0x011b5fb2, 0x1b1fb45d, 0x5d021b2f, 0x9f1b8fb4, 0xb15d021b, 
    0x0ab00100, 0xd821582b, 0xb059f41b, 0x02b11014, 0x2b0ab001, 0x1bd82158, 0x03b059f4, 0x100fb0d0, 0xb0010ab1, 0x21582b0a, 0x59f41bd8, 0xb11016b0, 
    0x0ab00118, 0xd821582b, 0x3059f41b, 0x11210131, 0x06231521, 0x33141506, 0x06173732, 0x35262223, 0x11213734, 0x11211521, 0xfd4e0321, 0x30c60292, 
    0x395d4c70, 0x46381035, 0xfdad5043, 0xfdfb0279, 0x026e023b, 0x36f3fd43, 0x5f346b57, 0x492c3026, 0x04886e4c, 0x23fe378d, 0xaa00ffff, 0xa6030000, 
    0x26020206, 0x00002802, 0x9f000701, 0x20008700, 0xb0000900, 0x10b02f06, 0x003130dc, 0x8e00ffff, 0x1f04f0ff, 0x26020806, 0x0000e601, 0x9e000701, 
    0x1b00c800, 0xb0001300, 0xb0584500, 0xb11b2f0b, 0x593e140b, 0x30dc25b0, 0xffff0031, 0xf0ff8e00, 0xee051f04, 0xe6012602, 0x07010000, 0xaf00a100, 
    0x09002000, 0x2f0bb000, 0x30dc24b0, 0xffff0031, 0xf0ff8e00, 0xc8051f04, 0xe6012602, 0x07010000, 0x8701a200, 0x13001b00, 0x4500b000, 0x2f0bb058, 
    0x140bb11b, 0x28b0593e, 0x003130dc, 0x8e00ffff, 0x1f045efe, 0x26029d04, 0x0000e601, 0xba010700, 0x29ff7901, 0xaa00ffff, 0x2b040000, 0x26020806, 
    0x0000e501, 0x9e000701, 0x1b00d500, 0xb0001300, 0xb0584500, 0xb11b2f07, 0x593e1407, 0x30dc10b0, 0xffff0031, 0x0000b0ff, 0xea052f02, 0xe4012602, 
    0x07010000, 0x56ffa500, 0x09002a00, 0x2f02b000, 0x30dc07b0, 0xffff0031, 0x0000ceff, 0xc2050502, 0xe4012602, 0x07010000, 0x4aff7000, 0x09002600, 
    0x2f02b000, 0x30dc04b0, 0xffff0031, 0x0000cfff, 0xee05fc01, 0xe4012602, 0x07010000, 0x3cffa100, 0x13002000, 0x4500b000, 0x2f02b058, 0x1402b11b, 
    0x07b0593e, 0x003130dc, 0x1000ffff, 0x210175fe, 0x26028d04, 0x0000e401, 0xa4000600, 0xffff00c9, 0x0000af00, 0xc8051e01, 0xe4012602, 0x06010000, 
    0x1b13a200, 0xb0001300, 0xb0584500, 0xb11b2f02, 0x593e1402, 0x30dc0bb0, 0xffff0031, 0xf0ff4b00, 0x08060204, 0xe3012602, 0x07010000, 0x72019e00, 
    0x13001b00, 0x4500b000, 0x2f00b058, 0x1400b11b, 0x14b0593e, 0x003130dc, 0xaa00ffff, 0x240465fe, 0x26028d04, 0x0000e201, 0xba010700, 0x30ff2201, 
    0xa100ffff, 0x60030000, 0x26021b06, 0x0000e101, 0x75000601, 0x09001b23, 0x2f04b000, 0x30dc08b0, 0xffff0031, 0x67feaa00, 0x8d046003, 0xe1012602, 
    0x07000000, 0x2301ba01, 0xffff32ff, 0x0000aa00, 0x8d046003, 0xe1012602, 0x07010000, 0x3701ba01, 0x10001804, 0x4500b000, 0x2f0bb058, 0x140bb11b, 
    0x3130593e, 0xaa00ffff, 0x60030000, 0x26028d04, 0x0000e101, 0xa2000700, 0xecfc6e01, 0xaa00ffff, 0x34040000, 0x26021b06, 0x0000df01, 0x75000701, 
    0x1b00ca01, 0xb0000900, 0x0cb02f05, 0x003130dc, 0xaa00ffff, 0x340467fe, 0x26028d04, 0x0000df01, 0xba010700, 0x32ff7901, 0xaa00ffff, 0x34040000, 
    0x26020206, 0x0000df01, 0x9f000701, 0x2000e300, 0xb0000900, 0x0eb02f05, 0x003130dc, 0x7200ffff, 0x2504f0ff, 0x2602c205, 0x0000de01, 0x70000701, 
    0x2600aa00, 0xb0000900, 0x1db02f0c, 0x003130dc, 0x7200ffff, 0x2504f0ff, 0x2602ee05, 0x0000de01, 0xa1000701, 0x20009c00, 0xb0000900, 0x20b02f0c, 
    0x003130dc, 0x7200ffff, 0x2504f0ff, 0x26021b06, 0x0000de01, 0xa6000701, 0x1b00fd00, 0xb0000c00, 0x1fb02f0c, 0xd021b0dc, 0xffff3130, 0x0000a600, 
    0x1b060704, 0xdb012602, 0x07010000, 0x63017500, 0x09001b00, 0x2f04b000, 0x30dc1ab0, 0xffff0031, 0x67fea600, 0x8d040704, 0xdb012602, 0x07000000, 
    0x1301ba01, 0xffff32ff, 0x0000a600, 0x02060704, 0xdb012602, 0x06010000, 0x207c9f00, 0xb0000900, 0x1cb02f04, 0x003130dc, 0x5200ffff, 0xc903f0ff, 
    0x26021b06, 0x0000da01, 0x75000701, 0x1b007901, 0xb0001300, 0xb0584500, 0xb11b2f08, 0x593e1408, 0x30dc27b0, 0xffff0031, 0xf0ff5200, 0x0806c903, 
    0xda012602, 0x07010000, 0x8d009e00, 0x13001b00, 0x4500b000, 0x2f08b058, 0x1408b11b, 0x29b0593e, 0x003130dc, 0x5200ffff, 0xc90348fe, 0x26029d04, 
    0x0000da01, 0x79000700, 0xfbff6d01, 0x5200ffff, 0xc903f0ff, 0x26020206, 0x0000da01, 0x9f000701, 0x20009200, 0xb0001300, 0xb0584500, 0xb11b2f08, 
    0x593e1408, 0x30dc2ab0, 0xffff0031, 0x5ffe2e00, 0x8d04ed03, 0xd9012602, 0x07000000, 0x1801ba01, 0xffff2aff, 0x00002e00, 0x0206ed03, 0xd9012602, 
    0x06010000, 0x207f9f00, 0xb0000900, 0x0cb02f06, 0x003130dc, 0x2e00ffff, 0xed034dfe, 0x26028d04, 0x0000d901, 0x79000700, 0x00005b01, 0x9d00ffff, 
    0xf703f0ff, 0x2602ea05, 0x0000d801, 0xa5000701, 0x2a00c500, 0xb0000900, 0x16b02f00, 0x003130dc, 0x9d00ffff, 0xf703f0ff, 0x2602c205, 0x0000d801, 
    0x70000701, 0x2600b900, 0xb0000900, 0x13b02f00, 0x003130dc, 0x9d00ffff, 0xf703f0ff, 0x2602ee05, 0x0000d801, 0xa1000701, 0x2000ab00, 0xb0000900, 
    0x16b02f00, 0x003130dc, 0x9d00ffff, 0xf703f0ff, 0x26022f06, 0x0000d801, 0xa3000701, 0x1b003b01, 0xb0000c00, 0x18b02f00, 0xd01db0dc, 0xffff3130, 
    0xf0ff9d00, 0x1b06f703, 0xd8012602, 0x07010000, 0x0c01a600, 0x0c001b00, 0x2f00b000, 0xb0dc15b0, 0x3130d017, 0x9d000100, 0xf70389fe, 0x24008d04, 
    0x16b26300, 0x12112625, 0x00b00039, 0x00b05845, 0x00b11b2f, 0xb0593e14, 0xb0584500, 0xb11b2f1a, 0x593e141a, 0x584500b0, 0x1b2f0fb0, 0x3e0e0fb1, 
    0x4500b059, 0x2f16b058, 0x0616b11b, 0x04b2593e, 0x12110016, 0x100fb039, 0xb0010ab1, 0x21582b0a, 0x59f41bd8, 0xb11016b0, 0x0ab00120, 0xd821582b, 
    0x3059f41b, 0x14110131, 0x06330706, 0x33141506, 0x06173732, 0x35262223, 0x23063734, 0x11352622, 0x16141133, 0x36321717, 0xf7031137, 0x7001677b, 
    0x35395d4c, 0x43463810, 0x35308b50, 0xba35e8c5, 0xcda81ea0, 0xfc8d0402, 0x2ab089ea, 0x5f346b57, 0x492c3026, 0x097c5f4c, 0x1503b9cf, 0xb594ebfc, 
    0x99b40109, 0xffff1b03, 0x00003400, 0x08060406, 0xd6012602, 0x07010000, 0x89019e00, 0x13001b00, 0x4500b000, 0x2f02b058, 0x1402b11b, 0x16b0593e, 
    0x003130dc, 0x1e00ffff, 0xfc030000, 0x26020806, 0x0000d401, 0x9e000601, 0x13001b79, 0x4500b000, 0x2f0ab058, 0x140ab11b, 0x0fb0593e, 0x003130dc, 
    0x1e00ffff, 0xfc030000, 0x2602e005, 0x0000d401, 0x6a000601, 0x16001b49, 0x4500b000, 0x2f0ab058, 0x140ab11b, 0x12b0593e, 0xd01bb0dc, 0xffff3130, 
    0x00005000, 0x1b06cc03, 0xd3012602, 0x07010000, 0x66017500, 0x09001b00, 0x2f07b000, 0x30dc0cb0, 0xffff0031, 0x00005000, 0xc805cc03, 0xd3012602, 
    0x07010000, 0x3901a200, 0x13001b00, 0x4500b000, 0x2f07b058, 0x1407b11b, 0x11b0593e, 0x003130dc, 0x5000ffff, 0xcc030000, 0x26020206, 0x0000d301, 
    0x9f000601, 0x0900207f, 0x2f07b000, 0x30dc0eb0, 0xffff0031, 0x00002100, 0x2906a504, 0x25002602, 0x06000000, 0xffdbae00, 0x54ffffff, 0x3e040000, 
    0x26022b06, 0x00002900, 0xae000700, 0x01007cfe, 0x60ffffff, 0xd6040000, 0x26022b06, 0x00002c00, 0xae000700, 0x010088fe, 0x7affffff, 0x26010000, 
    0x26022606, 0x00002d00, 0xae000700, 0xfcffa2fe, 0x1c00ffff, 0xe304ecff, 0x26002906, 0x00143300, 0xae000700, 0xffff44ff, 0x52ffffff, 0x05050000, 
    0x26002906, 0x00643d00, 0xae000700, 0xffff7afe, 0x3000ffff, 0xbf040000, 0x26002906, 0x0014ba00, 0xae000700, 0xffff58ff, 0xabffffff, 0xf801f8ff, 
    0x26026206, 0x0000c300, 0xaf000701, 0xe9ffe9fe, 0xb0001c00, 0xb0584500, 0xb11b2f0d, 0x593e120d, 0xb0dc19b0, 0x19b0d010, 0xd022b010, 0xffff3130, 
    0x00002100, 0xb005a504, 0x25000602, 0xffff0000, 0x0000c800, 0xb0056504, 0x26000602, 0xffff0000, 0x0000c800, 0xb0053e04, 0x29000602, 0xffff0000, 
    0x00005e00, 0xb0056a04, 0x3e000602, 0xffff0000, 0x0000c800, 0xb005d604, 0x2c000602, 0xffff0000, 0x0000f000, 0xb0052601, 0x2d000602, 0xffff0000, 
    0x0000c800, 0xb005ca04, 0x2f000602, 0xffff0000, 0x0000c800, 0xb0051406, 0x31000602, 0xffff0000, 0x0000c800, 0xb005e104, 0x32000602, 0xffff0000, 
    0xecff8500, 0xc405cf04, 0x33000602, 0xffff0000, 0x0000c800, 0xb0056504, 0x34000602, 0xffff0000, 0x00003700, 0xb0059104, 0x38000602, 0xffff0000, 
    0x00002100, 0xb005a104, 0x3d000602, 0xffff0000, 0x00003600, 0xb0059004, 0x3c000602, 0xffff0000, 0x0000f9ff, 0x04072502, 0x2d002602, 0x07010000, 
    0x4bff6a00, 0x16003f01, 0x4500b000, 0x2f02b058, 0x1602b11b, 0x0bb0593e, 0xd014b0dc, 0xffff3130, 0x00002100, 0xf906a104, 0x3d002602, 0x07010000, 
    0x9e006a00, 0x16003401, 0x4500b000, 0x2f08b058, 0x1608b11b, 0x10b0593e, 0xd019b0dc, 0xffff3130, 0xebff7a00, 0xd8057d04, 0xbb002602, 0x07010000, 
    0x7201ae00, 0x0900aeff, 0x2f15b000, 0x30dc2ab0, 0xffff0031, 0xecff7400, 0xd705e503, 0xbf002602, 0x07010000, 0x2801ae00, 0x0900adff, 0x2f08b000, 
    0x30dc29b0, 0xffff0031, 0x60feac00, 0xd805ba03, 0xc1002602, 0x07010000, 0x4301ae00, 0x0900aeff, 0x2f03b000, 0x30dc16b0, 0xffff0031, 0xf8ff9e00, 
    0xc305f801, 0xc3002602, 0x06010000, 0x99c6ae00, 0xb0000900, 0x10b02f00, 0x003130dc, 0xa800ffff, 0xa103ecff, 0x26026206, 0x0000cb00, 0xaf000601, 
    0x1c00e928, 0x4500b000, 0x2f00b058, 0x1200b11b, 0x20b0593e, 0xd017b0dc, 0xb01020b0, 0x3130d028, 0xab00ffff, 0x01040000, 0x06023a04, 0x00008e00, 
    0x5a00ffff, 0x0d04ecff, 0x06024e04, 0x00005300, 0xab00ffff, 0xb90360fe, 0x06023a04, 0x00007600, 0x2b00ffff, 0xa9030000, 0x06023a04, 0x00005a00, 
    0x26000100, 0x24045dfe, 0x21004204, 0x18b26700, 0x12112322, 0x00b00039, 0x00b05845, 0x00b11b2f, 0xb0593e12, 0xb0584500, 0xb11b2f05, 0x593e1205, 
    0x584500b0, 0x1b2f16b0, 0x3e0816b1, 0x4500b059, 0x2f10b058, 0x0810b11b, 0x04b2593e, 0x12111000, 0x010bb139, 0x582b0ab0, 0xf41bd821, 0x0015b259, 
    0x39121110, 0xb11000b0, 0x0ab0011d, 0xd821582b, 0x3059f41b, 0x17321331, 0x33011317, 0x16171301, 0x17373233, 0x26222306, 0x01032727, 0x27030123, 
    0x22232626, 0x72362707, 0xc02c507c, 0xfe3f6a01, 0x3441e073, 0x091e273b, 0x4b36301e, 0xfed0372a, 0xa9013b77, 0x461e26d6, 0x09182c36, 0x9a420418, 
    0x0256fe58, 0xfe2ffd94, 0x075f870f, 0x52400a32, 0xfdce016f, 0x01070336, 0x383f4fdd, 0x000a3408, 0xb1ffffff, 0xf801f8ff, 0x2602ae05, 0x0000c300, 
    0x6a000701, 0xe9ff03ff, 0xb0001600, 0xb0584500, 0xb11b2f0d, 0x593e120d, 0xb0dc15b0, 0x3130d01e, 0xa800ffff, 0xa103ecff, 0x2602ae05, 0x0000cb00, 
    0x6a000601, 0x1600e942, 0x4500b000, 0x2f00b058, 0x1200b11b, 0x1cb0593e, 0xd025b0dc, 0xffff3130, 0xecff5a00, 0xd8050d04, 0x53002602, 0x07010000, 
    0x3801ae00, 0x0900aeff, 0x2f04b000, 0x30dc23b0, 0xffff0031, 0xecffa800, 0xc305a103, 0xcb002602, 0x07010000, 0x0501ae00, 0x090099ff, 0x2f00b000, 
    0x30dc17b0, 0xffff0031, 0xecff9800, 0xc3050506, 0xce002602, 0x07010000, 0x6702ae00, 0x090099ff, 0x2f00b000, 0x30dc29b0, 0xffff0031, 0x0000c800, 
    0x04073e04, 0x29002602, 0x07010000, 0xa9006a00, 0x16003f01, 0x4500b000, 0x2f06b058, 0x1606b11b, 0x13b0593e, 0xd01cb0dc, 0xffff3130, 0x0000c100, 
    0x3f071f04, 0xb1002602, 0x07010000, 0xbc017500, 0x09003f01, 0x2f04b000, 0x30dc08b0, 0x01000031, 0xecff6000, 0xc4056704, 0x6f002900, 0x2b2a0ab2, 
    0x00391211, 0x584500b0, 0x1b2f0ab0, 0x3e160ab1, 0x4500b059, 0x2f1fb058, 0x061fb11b, 0x03b2593e, 0x12110a1f, 0x1003b039, 0xb2d004b0, 0x111f0a0e, 
    0x0ab03912, 0x0112b110, 0x582b0ab0, 0xf41bd821, 0x1003b059, 0xb00118b1, 0x21582b0a, 0x59f41bd8, 0xb2d017b0, 0x110a1f24, 0x1fb03912, 0x0127b110, 
    0x582b0ab0, 0xf41bd821, 0x01313059, 0x24262634, 0x34352626, 0x16323324, 0x34231516, 0x06222326, 0x04161415, 0x14151617, 0x22230606, 0x33352626, 
    0x32330414, 0x57300436, 0xbd86febb, 0xd70c0158, 0x367adf8c, 0xedc0bff0, 0x6eda01ce, 0x8ee47c8c, 0x367ffc9e, 0xbfd70c01, 0x5d5d01f8, 0x6a686381, 
    0xc59f648c, 0xa37cc56d, 0x8381abd5, 0x67517ba0, 0x5ca96ead, 0xb384c269, 0xffffafc6, 0x0000f000, 0xb0052601, 0x2d000602, 0xffff0000, 0x0000f9ff, 
    0x04072502, 0x2d002602, 0x07010000, 0x4bff6a00, 0x16003f01, 0x4500b000, 0x2f02b058, 0x1602b11b, 0x0bb0593e, 0xd014b0dc, 0xffff3130, 0xecff5a00, 
    0xb005a203, 0x2e000602, 0xffff0000, 0x0000c800, 0xb005cb04, 0x2c020602, 0xffff0000, 0x0000c800, 0xe706ca04, 0x2f002602, 0x07010000, 0xb4017500, 
    0x0900e700, 0x2f04b000, 0x30dc0fb0, 0xffff0031, 0xebff2100, 0x1207cf04, 0xde002602, 0x07010000, 0xdb00a100, 0x09004401, 0x2f01b000, 0x30dc15b0, 
    0xffff0031, 0x00002100, 0xb005a504, 0x25000602, 0xffff0000, 0x0000c800, 0xb0056504, 0x26000602, 0xffff0000, 0x0000c100, 0xb0051f04, 0xb1000602, 
    0xffff0000, 0x0000c800, 0xb0053e04, 0x29000602, 0xffff0000, 0x0000c800, 0x1207e104, 0xdc002602, 0x07010000, 0x3501a100, 0x09004401, 0x2f00b000, 
    0x30dc0db0, 0xffff0031, 0x0000c800, 0xb0051406, 0x31000602, 0xffff0000, 0x0000c800, 0xb005d604, 0x2c000602, 0xffff0000, 0xecff8500, 0xc405cf04, 
    0x33000602, 0xffff0000, 0x0000c800, 0xb005d604, 0xb6000602, 0xffff0000, 0x0000c800, 0xb0056504, 0x34000602, 0xffff0000, 0xecff9000, 0xc405a604, 
    0x27000602, 0xffff0000, 0x00003700, 0xb0059104, 0x38000602, 0xffff0000, 0x00003600, 0xb0059004, 0x3c000602, 0xffff0000, 0xecff5c00, 0x4e04a503, 
    0x45000602, 0xffff0000, 0xecff5700, 0x4e04b803, 0x49000602, 0xffff0000, 0x0000ac00, 0xbc05b603, 0xf0002602, 0x07010000, 0x8000a100, 0x0900eeff, 
    0x2f00b000, 0x30dc0db0, 0xffff0031, 0xecff5a00, 0x4e040d04, 0x53000602, 0xffff0000, 0x60feaa00, 0x4e04e703, 0x54000602, 0x01000000, 0xecff6100, 
    0x4e04ac03, 0x4d001b00, 0x1d1c0eb2, 0x00391211, 0x584500b0, 0x1b2f0eb0, 0x3e120eb1, 0x4500b059, 0x2f07b058, 0x0607b11b, 0x00b1593e, 0x2b0ab001, 
    0x1bd82158, 0x03b259f4, 0x12110e07, 0x0e12b239, 0x39121107, 0xb1100eb0, 0x0ab00115, 0xd821582b, 0x3059f41b, 0x36322531, 0x06063337, 0x35022223, 
    0x33123435, 0x23171632, 0x22232626, 0x14151502, 0x931b0212, 0x083609bf, 0xefcba7e2, 0xe0acc9ef, 0xbf073607, 0xcfcdb597, 0x9d8a9c22, 0xfc2601bf, 
    0x2601f624, 0xb192abce, 0x23e8fbfe, 0x00fdfee3, 0x2b00ffff, 0xb0034bfe, 0x06023a04, 0x00005d00, 0x3700ffff, 0x9a030000, 0x06023a04, 0x00005c00, 
    0x5700ffff, 0xb803ecff, 0x2602c405, 0x00004900, 0x6a000601, 0x1600ff75, 0x4500b000, 0x2f09b058, 0x1209b11b, 0x29b0593e, 0xd032b0dc, 0xffff3130, 
    0x0000ac00, 0xe9053603, 0xec002602, 0x07010000, 0x00017500, 0x0900e9ff, 0x2f04b000, 0x30dc08b0, 0xffff0031, 0xecff6c00, 0x4e047d03, 0x57000602, 
    0xffff0000, 0x00009d00, 0xc4050c01, 0x4d000602, 0xffff0000, 0x0000beff, 0xae05ea01, 0x8d002602, 0x07010000, 0x10ff6a00, 0x1600e9ff, 0x4500b000, 
    0x2f02b058, 0x1202b11b, 0x0bb0593e, 0xd014b0dc, 0xffff3130, 0x4bfe71ff, 0xc4051201, 0x4e000602, 0xffff0000, 0x0000ab00, 0xe805ec03, 0xf1002602, 
    0x07010000, 0x75017500, 0x0900e8ff, 0x2f04b000, 0x30dc0fb0, 0xffff0031, 0x4bfe2b00, 0xd305b003, 0x5d002602, 0x06010000, 0x055ca100, 0xb0000900, 
    0x16b02f02, 0x003130dc, 0x3d00ffff, 0x01070000, 0x26023f07, 0x00003b00, 0x44000701, 0x3f013602, 0xb0001300, 0xb0584500, 0xb11b2f02, 0x593e1602, 
    0x30dc14b0, 0xffff0031, 0x00005300, 0x0006b005, 0x5b002602, 0x07010000, 0x97014400, 0x13000000, 0x4500b000, 0x2f02b058, 0x1202b11b, 0x12b0593e, 
    0x003130dc, 0x3d00ffff, 0x01070000, 0x26023f07, 0x00003b00, 0x75000701, 0x3f01f802, 0xb0000900, 0x15b02f02, 0x003130dc, 0x5300ffff, 0xb0050000, 
    0x26020006, 0x00005b00, 0x75000701, 0x00005902, 0xb0000900, 0x13b02f02, 0x003130dc, 0x3d00ffff, 0x01070000, 0x26020407, 0x00003b00, 0x6a000701, 
    0x3f01dc01, 0xb0001600, 0xb0584500, 0xb11b2f02, 0x593e1602, 0xb0dc1ab0, 0x3130d023, 0x5300ffff, 0xb0050000, 0x2602c505, 0x00005b00, 0x6a000701, 
    0x00003d01, 0xb0001600, 0xb0584500, 0xb11b2f02, 0x593e1202, 0xb0dc18b0, 0x3130d021, 0x2100ffff, 0xa1040000, 0x26023407, 0x00003d00, 0x44000701, 
    0x3401f800, 0xb0001300, 0xb0584500, 0xb11b2f08, 0x593e1608, 0x30dc0ab0, 0xffff0031, 0x4bfe2b00, 0x0006b003, 0x5d002602, 0x07010000, 0x9f004400, 
    0x13000000, 0x4500b000, 0x2f12b058, 0x1212b11b, 0x14b0593e, 0x003130dc, 0x8800ffff, 0xc8006204, 0x06020006, 0x00000b00, 0x9600ffff, 0x9b016204, 
    0x06020006, 0x00000600, 0x9300ffff, 0x8f02faff, 0x2600b005, 0x00000500, 0x05000700, 0x00008d01, 0x63ffffff, 0xc8014bfe, 0x2602bc05, 0x00009c00, 
    0x9f000701, 0xdaff45ff, 0xb0000900, 0x12b02f00, 0x003130dc, 0x4d00ffff, 0xdc007f04, 0x06020006, 0x00008501, 0xc800ffff, 0x14060000, 0x26023f07, 
    0x00003100, 0x75000701, 0x3f01d402, 0xb0000900, 0x0fb02f00, 0x003130dc, 0xa100ffff, 0x90060000, 0x2602fe05, 0x00005100, 0x75000701, 0xfeffee02, 
    0xb0000900, 0x27b02f11, 0x003130dc, 0x2100ffff, 0xa504b8fe, 0x2602b005, 0x00002500, 0xa7000700, 0x07003a01, 0x5c00ffff, 0xa503b8fe, 0x26024e04, 
    0x00004500, 0xa7000700, 0x0700b700, 0xc800ffff, 0x3e040000, 0x26023f07, 0x00002900, 0x44000701, 0x3f010301, 0xb0001300, 0xb0584500, 0xb11b2f06, 
    0x593e1606, 0x30dc0db0, 0xffff0031, 0x0000c800, 0x3f07e104, 0xdc002602, 0x07010000, 0x78014400, 0x13003f01, 0x4500b000, 0x2f08b058, 0x1608b11b, 
    0x0bb0593e, 0x003130dc, 0x5700ffff, 0xb803ecff, 0x2602ff05, 0x00004900, 0x44000701, 0xffffcf00, 0xb0001300, 0xb0584500, 0xb11b2f09, 0x593e1209, 
    0x30dc23b0, 0xffff0031, 0x0000ac00, 0xe905b603, 0xf0002602, 0x07010000, 0xc3004400, 0x1300e9ff, 0x4500b000, 0x2f08b058, 0x1208b11b, 0x0bb0593e, 
    0x003130dc, 0x9c00ffff, 0xfa040000, 0x0602b005, 0x0000b900, 0x9400ffff, 0xd20461fe, 0x06023a04, 0x0000cd00, 0x2300ffff, 0xc4040000, 0x2602e906, 
    0x00001901, 0xac000701, 0xfb004204, 0xb0001600, 0xb0584500, 0xb11b2f0d, 0x593e160d, 0xb0dc0fb0, 0x3130d013, 0x1900ffff, 0xf7030000, 0x2602c205, 
    0x00001a01, 0xac000701, 0xd4ffe203, 0xb0001600, 0xb0584500, 0xb11b2f12, 0x593e1212, 0xb0dc14b0, 0x3130d018, 0x5a00ffff, 0x17084bfe, 0x26004e04, 
    0x00005300, 0x5d000700, 0x00006704, 0x8500ffff, 0x04094bfe, 0x2600c405, 0x00003300, 0x5d000700, 0x00005405, 0x6400ffff, 0x5f0451fe, 0x2602c405, 
    0x0000db00, 0x50020700, 0xb1ffa101, 0x6d00ffff, 0x980352fe, 0x26024e04, 0x0000ef00, 0x50020700, 0xb2ff2701, 0x9000ffff, 0xa60451fe, 0x2602c405, 
    0x00002700, 0x50020700, 0xb1ffd501, 0x6100ffff, 0xac0351fe, 0x26024e04, 0x00004700, 0x50020700, 0xb1ff5201, 0x2100ffff, 0xa1040000, 0x0602b005, 
    0x00003d00, 0x2b00ffff, 0xa70361fe, 0x06023a04, 0x0000bd00, 0xf000ffff, 0x26010000, 0x0602b005, 0x00002d00, 0x1300ffff, 0xb4060000, 0x26021207, 
    0x0000da00, 0xa1000701, 0x4401b801, 0xb0001300, 0xb0584500, 0xb11b2f0d, 0x593e160d, 0x30dc19b0, 0xffff0031, 0x00001b00, 0xbc05fc05, 0xee002602, 
    0x07010000, 0x5c01a100, 0x1300eeff, 0x4500b000, 0x2f0db058, 0x120db11b, 0x19b0593e, 0x003130dc, 0xf000ffff, 0x26010000, 0x0602b005, 0x00002d00, 
    0x2100ffff, 0xa5040000, 0x26021207, 0x00002500, 0xa1000701, 0x4401b900, 0xb0000900, 0x0eb02f04, 0x003130dc, 0x5c00ffff, 0xa503ecff, 0x2602d205, 
    0x00004500, 0xa1000701, 0x04009600, 0xb0000900, 0x2eb02f17, 0x003130dc, 0x2100ffff, 0xa5040000, 0x26020407, 0x00002500, 0x6a000701, 0x3f01a200, 
    0xb0001600, 0xb0584500, 0xb11b2f04, 0x593e1604, 0xb0dc12b0, 0x3130d01b, 0x5c00ffff, 0xa503ecff, 0x2602c505, 0x00004500, 0x6a000601, 0x1600007f, 
    0x4500b000, 0x2f17b058, 0x1217b11b, 0x32b0593e, 0xd03bb0dc, 0xffff3130, 0x00003200, 0xb005e806, 0x81000602, 0xffff0000, 0xecff5d00, 0x4e047906, 
    0x86000602, 0xffff0000, 0x0000c800, 0x12073e04, 0x29002602, 0x07010000, 0xc000a100, 0x09004401, 0x2f06b000, 0x30dc0fb0, 0xffff0031, 0xecff5700, 
    0xd105b803, 0x49002602, 0x07010000, 0x8c00a100, 0x09000300, 0x2f09b000, 0x30dc25b0, 0xffff0031, 0xecff9c00, 0xd6062f05, 0x58012602, 0x07010000, 
    0xf3006a00, 0x16001101, 0x4500b000, 0x2f00b058, 0x1600b11b, 0x29b0593e, 0xd032b0dc, 0xffff3130, 0xebff5700, 0x4e04b803, 0x9d000602, 0xffff0000, 
    0xebff5700, 0xc405b803, 0x9d002602, 0x06010000, 0xff756a00, 0xb0001600, 0xb0584500, 0xb11b2f00, 0x593e1200, 0xb0dc27b0, 0x3130d030, 0x1300ffff, 
    0xb4060000, 0x26020407, 0x0000da00, 0x6a000701, 0x3f01a101, 0xb0001600, 0xb0584500, 0xb11b2f0d, 0x593e160d, 0xb0dc1db0, 0x3130d026, 0x1b00ffff, 
    0xfc050000, 0x2602ae05, 0x0000ee00, 0x6a000701, 0xe9ff4501, 0xb0001600, 0xb0584500, 0xb11b2f0d, 0x593e120d, 0xb0dc1db0, 0x3130d026, 0x6400ffff, 
    0x5f04ebff, 0x26021907, 0x0000db00, 0x6a000701, 0x5401b000, 0xb0001600, 0xb0584500, 0xb11b2f0b, 0x593e160b, 0xb0dc31b0, 0x3130d03a, 0x6d00ffff, 
    0x9803edff, 0x2602c205, 0x0000ef00, 0x6a000601, 0x1600fd36, 0x4500b000, 0x2f0ab058, 0x120ab11b, 0x2fb0593e, 0xd038b0dc, 0xffff3130, 0x0000c800, 
    0xe606e104, 0xdc002602, 0x07010000, 0x43017000, 0x09004a01, 0x2f00b000, 0x30dc0ab0, 0xffff0031, 0x0000ac00, 0x9005b603, 0xf0002602, 0x07010000, 
    0x8e007000, 0x0900f4ff, 0x2f00b000, 0x30dc0ab0, 0xffff0031, 0x0000c800, 0x0407e104, 0xdc002602, 0x07010000, 0x1e016a00, 0x16003f01, 0x4500b000, 
    0x2f08b058, 0x1608b11b, 0x11b0593e, 0xd01ab0dc, 0xffff3130, 0x0000ac00, 0xae05b603, 0xf0002602, 0x06010000, 0xe9696a00, 0xb0001600, 0xb0584500, 
    0xb11b2f08, 0x593e1208, 0xb0dc11b0, 0x3130d01a, 0x8500ffff, 0xcf04ecff, 0x26021907, 0x00003300, 0x6a000701, 0x5401e200, 0xb0001600, 0xb0584500, 
    0xb11b2f0c, 0x593e160c, 0xb0dc27b0, 0x3130d030, 0x5a00ffff, 0x0d04ecff, 0x2602c305, 0x00005300, 0x6a000601, 0x1600fe75, 0x4500b000, 0x2f04b058, 
    0x1204b11b, 0x28b0593e, 0xd031b0dc, 0xffff3130, 0xecff8500, 0xc405cf04, 0x17010602, 0xffff0000, 0xecff5700, 0x4e040a04, 0x18010602, 0xffff0000, 
    0xecff8500, 0xff06cf04, 0x17012602, 0x07010000, 0x04016a00, 0x16003a01, 0x4500b000, 0x2f0cb058, 0x160cb11b, 0x2bb0593e, 0xd034b0dc, 0xffff3130, 
    0xecff5700, 0xde050a04, 0x18012602, 0x06010000, 0x196d6a00, 0xb0001600, 0xb0584500, 0xb11b2f04, 0x593e1204, 0xb0dc29b0, 0x3130d032, 0x8700ffff, 
    0x9d04ecff, 0x26021a07, 0x0000e700, 0x6a000701, 0x5501f200, 0xb0001600, 0xb0584500, 0xb11b2f15, 0x593e1615, 0xb0dc29b0, 0x3130d032, 0x7a00ffff, 
    0xc603ecff, 0x2602c305, 0x0000ff00, 0x6a000601, 0x1600fe61, 0x4500b000, 0x2f07b058, 0x1207b11b, 0x25b0593e, 0xd02eb0dc, 0xffff3130, 0xebff2100, 
    0xe606cf04, 0xde002602, 0x07010000, 0xe9007000, 0x09004a01, 0x2f01b000, 0x30dc12b0, 0xffff0031, 0x4bfe2b00, 0xa705b003, 0x5d002602, 0x06010000, 
    0x0b6a7000, 0xb0000900, 0x13b02f02, 0x003130dc, 0x2100ffff, 0xcf04ebff, 0x26020407, 0x0000de00, 0x6a000701, 0x3f01c400, 0xb0001600, 0xb0584500, 
    0xb11b2f11, 0x593e1611, 0xb0dc19b0, 0x3130d022, 0x2b00ffff, 0xb0034bfe, 0x2602c505, 0x00005d00, 0x6a000601, 0x16000045, 0x4500b000, 0x2f12b058, 
    0x1212b11b, 0x1ab0593e, 0xd023b0dc, 0xffff3130, 0xebff2100, 0x3f07cf04, 0xde002602, 0x07010000, 0x3c01a600, 0x16003f01, 0x4500b000, 0x2f01b058, 
    0x1601b11b, 0x14b0593e, 0xd018b0dc, 0xffff3130, 0x4bfe2b00, 0x0006b003, 0x5d002602, 0x07010000, 0xbd00a600, 0x16000000, 0x4500b000, 0x2f02b058, 
    0x1202b11b, 0x15b0593e, 0xd019b0dc, 0xffff3130, 0x0000c300, 0x04076a04, 0xe1002602, 0x07010000, 0xee006a00, 0x16003f01, 0x4500b000, 0x2f0ab058, 
    0x160ab11b, 0x19b0593e, 0xd022b0dc, 0xffff3130, 0x00007500, 0xae057f03, 0xf9002602, 0x06010000, 0xe92f6a00, 0xb0001600, 0xb0584500, 0xb11b2f0b, 
    0x593e120b, 0xb0dc1db0, 0x3130d026, 0xc100ffff, 0xa7050000, 0x26000407, 0x0000e600, 0x2d002700, 0x00008104, 0x6a000701, 0x3f01a901, 0xb0001600, 
    0xb0584500, 0xb11b2f0a, 0x593e160a, 0xb0dc1fb0, 0x3130d028, 0xb500ffff, 0x23050000, 0x2600ae05, 0x0000fe00, 0x8d002700, 0x00003804, 0x6a000701, 
    0xe9ff6201, 0xb0001600, 0xb0584500, 0xb11b2f0a, 0x593e120a, 0xb0dc1fb0, 0x3130d028, 0x7a00ffff, 0xb703ecff, 0x06020006, 0x00004800, 0x2100ffff, 
    0xa504effe, 0x2602b005, 0x00002500, 0xad000700, 0x0000ba04, 0x5c00ffff, 0xa503effe, 0x26024e04, 0x00004500, 0xad000700, 0x00003704, 0x2100ffff, 
    0xa5040000, 0x2602a707, 0x00002500, 0xab000701, 0x6801a204, 0xb0000900, 0x0bb02f04, 0x003130dc, 0x5c00ffff, 0xa503ecff, 0x26026706, 0x00004500, 
    0xab000701, 0x28007f04, 0xb0000900, 0x2bb02f17, 0x003130dc, 0x2100ffff, 0xa5040000, 0x26027107, 0x00002500, 0x37020701, 0x4101f500, 0xb0001600, 
    0xb0584500, 0xb11b2f05, 0x593e1605, 0xb0dc0eb0, 0x3130d014, 0x5c00ffff, 0x0c04ecff, 0x26023106, 0x00004500, 0x37020701, 0x0100d200, 0xb0001600, 
    0xb0584500, 0xb11b2f17, 0x593e1217, 0xb0dc2eb0, 0x3130d034, 0x2100ffff, 0xa5040000, 0x26027107, 0x00002500, 0x38020701, 0x4101cc00, 0xb0001600, 
    0xb0584500, 0xb11b2f05, 0x593e1605, 0xb0dc0cb0, 0x3130d013, 0x5c00ffff, 0xa503ecff, 0x26023106, 0x00004500, 0x38020701, 0x0100a900, 0xb0001600, 
    0xb0584500, 0xb11b2f17, 0x593e1217, 0xb0dc2eb0, 0x3130d033, 0x2100ffff, 0xa5040000, 0x2602e807, 0x00002500, 0x39020701, 0x5401d300, 0xb0001600, 
    0xb0584500, 0xb11b2f05, 0x593e1605, 0xb0dc0cb0, 0x3130d01f, 0x5c00ffff, 0x2f04ecff, 0x2602a806, 0x00004500, 0x39020701, 0x1400b000, 0xb0001600, 
    0xb0584500, 0xb11b2f17, 0x593e1217, 0xb0dc2cb0, 0x3130d03f, 0x2100ffff, 0xa5040000, 0x2602c707, 0x00002500, 0x3a020701, 0x3601cf00, 0xb0001600, 
    0xb0584500, 0xb11b2f05, 0x593e1605, 0xb0dc0cb0, 0x3130d015, 0x5c00ffff, 0xa503ecff, 0x26028806, 0x00004500, 0x3a020701, 0xf7ffac00, 0xb0001600, 
    0xb0584500, 0xb11b2f17, 0x593e1217, 0xb0dc2cb0, 0x3130d035, 0x2100ffff, 0xa504effe, 0x26022c07, 0x00002500, 0x9e002700, 0x3f01d200, 0xad000701, 
    0x0000ba04, 0xb0001300, 0xb0584500, 0xb11b2f04, 0x593e1604, 0x30dc0fb0, 0xffff0031, 0xeffe5c00, 0xed05a503, 0x45002602, 0x27000000, 0xaf009e00, 
    0x07010000, 0x3704ad00, 0x13000000, 0x4500b000, 0x2f17b058, 0x1217b11b, 0x2db0593e, 0x003130dc, 0x2100ffff, 0xa5040000, 0x2602b907, 0x00002500, 
    0x3c020701, 0x5401ae00, 0xb0000c00, 0x0eb02f04, 0xd01bb0dc, 0xffff3130, 0xecff5c00, 0x7906a503, 0x45002602, 0x07010000, 0x8b003c02, 0x0c001400, 
    0x2f17b000, 0xb0dc2eb0, 0x3130d039, 0x2100ffff, 0xa5040000, 0x2602b907, 0x00002500, 0x34020701, 0x5401ae00, 0xb0000c00, 0x0eb02f04, 0xd019b0dc, 
    0xffff3130, 0xecff5c00, 0x7906a503, 0x45002602, 0x07010000, 0x8b003402, 0x0c001400, 0x2f17b000, 0xb0dc2eb0, 0x3130d039, 0x2100ffff, 0xa5040000, 
    0x26023008, 0x00002500, 0x3d020701, 0x4901b200, 0xb0000c00, 0x0eb02f04, 0xd019b0dc, 0xffff3130, 0xecff5c00, 0xf006a503, 0x45002602, 0x07010000, 
    0x8f003d02, 0x0c000900, 0x2f17b000, 0xb0dc2eb0, 0x3130d039, 0x2100ffff, 0xa5040000, 0x2602dd07, 0x00002500, 0x4f020701, 0x5101b200, 0xb0000c00, 
    0x0eb02f04, 0xd019b0dc, 0xffff3130, 0xecff5c00, 0x9d06a503, 0x45002602, 0x07010000, 0x8f004f02, 0x0c001100, 0x2f17b000, 0xb0dc2eb0, 0x3130d039, 
    0x2100ffff, 0xa504effe, 0x26021207, 0x00002500, 0xa1002700, 0x4401b900, 0xad000701, 0x0000ba04, 0xb0001300, 0xb0584500, 0xb11b2f04, 0x593e1604, 
    0x30dc0eb0, 0xffff0031, 0xeffe5c00, 0xd205a503, 0x45002602, 0x27000000, 0x9600a100, 0x07010400, 0x3704ad00, 0x13000000, 0x4500b000, 0x2f17b058, 
    0x1217b11b, 0x2eb0593e, 0x003130dc, 0xc800ffff, 0x3e04f9fe, 0x2602b005, 0x00002900, 0xad000700, 0x0a00a704, 0x5700ffff, 0xb803f3fe, 0x26024e04, 
    0x00004900, 0xad000700, 0x04007104, 0xc800ffff, 0x3e040000, 0x2602a707, 0x00002900, 0xab000701, 0x6801a904, 0xb0000900, 0x0cb02f06, 0x003130dc, 
    0x5700ffff, 0xb803ecff, 0x26026606, 0x00004900, 0xab000701, 0x27007504, 0xb0000900, 0x22b02f09, 0x003130dc, 0xc800ffff, 0x3e040000, 0x26020e07, 
    0x00002900, 0xa5000701, 0x4e01da00, 0xb0000900, 0x0fb02f06, 0x003130dc, 0x5700ffff, 0xb803ecff, 0x2602cd05, 0x00004900, 0xa5000701, 0x0d00a600, 
    0xb0000900, 0x25b02f09, 0x003130dc, 0xc800ffff, 0x3e040000, 0x26027107, 0x00002900, 0x37020701, 0x4101fc00, 0xb0001600, 0xb0584500, 0xb11b2f06, 
    0x593e1606, 0xb0dc11b0, 0x3130d015, 0x5700ffff, 0x0204ecff, 0x26023006, 0x00004900, 0x37020701, 0x0000c800, 0xb0001600, 0xb0584500, 0xb11b2f09, 
    0x593e1209, 0xb0dc25b0, 0x3130d02b, 0x9600ffff, 0x3e040000, 0x26027107, 0x00002900, 0x38020701, 0x4101d300, 0xb0001600, 0xb0584500, 0xb11b2f06, 
    0x593e1606, 0xb0dc0fb0, 0x3130d014, 0x5700ffff, 0xb803ecff, 0x26023006, 0x00004900, 0x38020701, 0x00009f00, 0xb0001600, 0xb0584500, 0xb11b2f09, 
    0x593e1209, 0xb0dc23b0, 0x3130d02a, 0xc800ffff, 0x59040000, 0x2602e807, 0x00002900, 0x39020701, 0x5401da00, 0xb0001600, 0xb0584500, 0xb11b2f06, 
    0x593e1606, 0xb0dc0fb0, 0x3130d013, 0x5700ffff, 0x2504ecff, 0x2602a706, 0x00004900, 0x39020701, 0x1300a600, 0xb0001600, 0xb0584500, 0xb11b2f09, 
    0x593e1209, 0xb0dc23b0, 0x3130d036, 0xc800ffff, 0x3e040000, 0x2602c707, 0x00002900, 0x3a020701, 0x3601d600, 0xb0001600, 0xb0584500, 0xb11b2f06, 
    0x593e1606, 0xb0dc0fb0, 0x3130d016, 0x5700ffff, 0xb803ecff, 0x26028706, 0x00004900, 0x3a020701, 0xf6ffa200, 0xb0001600, 0xb0584500, 0xb11b2f09, 
    0x593e1209, 0xb0dc23b0, 0x3130d02c, 0xc800ffff, 0x3e04f9fe, 0x26022c07, 0x00002900, 0x9e002700, 0x3f01d900, 0xad000701, 0x0a00a704, 0xb0001300, 
    0xb0584500, 0xb11b2f06, 0x593e1606, 0x30dc10b0, 0xffff0031, 0xf3fe5700, 0xec05b803, 0x49002602, 0x27000000, 0xa5009e00, 0x0701ffff, 0x7104ad00, 
    0x13000400, 0x4500b000, 0x2f09b058, 0x1209b11b, 0x26b0593e, 0x003130dc, 0xc500ffff, 0xe9010000, 0x2602a707, 0x00002d00, 0xab000701, 0x68014a03, 
    0xb0000900, 0x04b02f02, 0x003130dc, 0x8a00ffff, 0xae010000, 0x26025006, 0x00008d00, 0xab000701, 0x11000f03, 0xb0000900, 0x04b02f02, 0x003130dc, 
    0xd000ffff, 0x3f01effe, 0x2602b005, 0x00002d00, 0xad000700, 0x00004803, 0x9600ffff, 0x0c01f9fe, 0x2602c405, 0x00004d00, 0xad000700, 0x0a000e03, 
    0x8500ffff, 0xcf04eefe, 0x2602c405, 0x00003300, 0xad000700, 0xffffe704, 0x5a00ffff, 0x0d04e6fe, 0x26024e04, 0x00005300, 0xad000700, 0xf7ff7304, 
    0x8500ffff, 0xcf04ecff, 0x2602bc07, 0x00003300, 0xab000701, 0x7d01e204, 0xb0000900, 0x20b02f0c, 0x003130dc, 0x5a00ffff, 0x0d04ecff, 0x26026506, 
    0x00005300, 0xab000701, 0x26007504, 0xb0000900, 0x21b02f04, 0x003130dc, 0x8500ffff, 0xcf04ecff, 0x26028607, 0x00003300, 0x37020701, 0x56013501, 
    0xb0001600, 0xb0584500, 0xb11b2f0c, 0x593e160c, 0xb0dc23b0, 0x3130d029, 0x5a00ffff, 0x0d04ecff, 0x26023006, 0x00005300, 0x37020701, 0x0000c800, 
    0xb0001600, 0xb0584500, 0xb11b2f04, 0x593e1204, 0xb0dc24b0, 0x3130d02a, 0x8500ffff, 0xcf04ecff, 0x26028607, 0x00003300, 0x38020701, 0x56010c01, 
    0xb0001600, 0xb0584500, 0xb11b2f0c, 0x593e160c, 0xb0dc23b0, 0x3130d028, 0x5a00ffff, 0x0d04ecff, 0x26023006, 0x00005300, 0x38020701, 0x00009f00, 
    0xb0001600, 0xb0584500, 0xb11b2f04, 0x593e1204, 0xb0dc24b0, 0x3130d029, 0x8500ffff, 0xcf04ecff, 0x2602fd07, 0x00003300, 0x39020701, 0x69011301, 
    0xb0001600, 0xb0584500, 0xb11b2f0c, 0x593e160c, 0xb0dc21b0, 0x3130d027, 0x5a00ffff, 0x2504ecff, 0x2602a606, 0x00005300, 0x39020701, 0x1200a600, 
    0xb0001600, 0xb0584500, 0xb11b2f04, 0x593e1204, 0xb0dc22b0, 0x3130d028, 0x8500ffff, 0xcf04ecff, 0x2602dc07, 0x00003300, 0x3a020701, 0x4b010f01, 
    0xb0001600, 0xb0584500, 0xb11b2f0c, 0x593e160c, 0xb0dc21b0, 0x3130d02a, 0x5a00ffff, 0x0d04ecff, 0x26028606, 0x00005300, 0x3a020701, 0xf5ffa200, 
    0xb0001600, 0xb0584500, 0xb11b2f04, 0x593e1204, 0xb0dc22b0, 0x3130d02b, 0x8500ffff, 0xcf04eefe, 0x26024107, 0x00003300, 0x9e002700, 0x54011201, 
    0xad000701, 0xffffe704, 0xb0001300, 0xb0584500, 0xb11b2f0c, 0x593e160c, 0x30dc24b0, 0xffff0031, 0xe6fe5a00, 0xeb050d04, 0x53002602, 0x27000000, 
    0xa5009e00, 0x0701feff, 0x7304ad00, 0x1300f7ff, 0x4500b000, 0x2f04b058, 0x1204b11b, 0x23b0593e, 0x003130dc, 0xa400ffff, 0xb305ecff, 0x26024907, 
    0x00009800, 0x75000701, 0x49013002, 0xb0001300, 0xb0584500, 0xb11b2f0c, 0x593e160c, 0x30dc2ab0, 0xffff0031, 0xecff5700, 0xfe058604, 0x99002602, 
    0x07010000, 0xa0017500, 0x1300feff, 0x4500b000, 0x2f04b058, 0x1204b11b, 0x2ab0593e, 0x003130dc, 0xa400ffff, 0xb305ecff, 0x26024907, 0x00009800, 
    0x44000701, 0x49016e01, 0xb0001300, 0xb0584500, 0xb11b2f0c, 0x593e160c, 0x30dc29b0, 0xffff0031, 0xecff5700, 0xfe058604, 0x99002602, 0x07010000, 
    0xde004400, 0x1300feff, 0x4500b000, 0x2f04b058, 0x1204b11b, 0x29b0593e, 0x003130dc, 0xa400ffff, 0xb305ecff, 0x2602b107, 0x00009800, 0xab000701, 
    0x72011405, 0xb0001300, 0xb0584500, 0xb11b2f0c, 0x593e160c, 0x30dc28b0, 0xffff0031, 0xecff5700, 0x65068604, 0x99002602, 0x07010000, 0x8404ab00, 
    0x13002600, 0x4500b000, 0x2f04b058, 0x1204b11b, 0x28b0593e, 0x003130dc, 0xa400ffff, 0xb305ecff, 0x26021807, 0x00009800, 0xa5000701, 0x58014501, 
    0xb0001300, 0xb0584500, 0xb11b2f0c, 0x593e160c, 0x30dc2bb0, 0xffff0031, 0xecff5700, 0xcc058604, 0x99002602, 0x07010000, 0xb500a500, 0x13000c00, 
    0x4500b000, 0x2f04b058, 0x1204b11b, 0x2bb0593e, 0x003130dc, 0xa400ffff, 0xb305effe, 0x26020506, 0x00009800, 0xad000700, 0x0000f004, 0x5700ffff, 
    0x8604e6fe, 0x2602ac04, 0x00009900, 0xad000700, 0xf7ff8204, 0xb900ffff, 0x9c04effe, 0x2602b005, 0x00003900, 0xad000700, 0x0000e704, 0xa800ffff, 
    0xb803effe, 0x26023a04, 0x00005900, 0xad000700, 0x00003e04, 0xb900ffff, 0x9c04ecff, 0x2602a707, 0x00003900, 0xab000701, 0x6801f704, 0xb0000900, 
    0x10b02f00, 0x003130dc, 0xa800ffff, 0xb803ecff, 0x26026806, 0x00005900, 0xab000701, 0x29008204, 0xb0000900, 0x14b02f08, 0x003130dc, 0xb900ffff, 
    0xbc05ecff, 0x26023f07, 0x00009a00, 0x75000701, 0x3f01f301, 0xb0001300, 0xb0584500, 0xb11b2f10, 0x593e1610, 0x30dc1ab0, 0xffff0031, 0xecffa800, 
    0xe905a304, 0x9b002602, 0x07010000, 0x9e017500, 0x1300e9ff, 0x4500b000, 0x2f0eb058, 0x120eb11b, 0x1eb0593e, 0x003130dc, 0xb900ffff, 0xbc05ecff, 
    0x26023f07, 0x00009a00, 0x44000701, 0x3f013101, 0xb0001300, 0xb0584500, 0xb11b2f10, 0x593e1610, 0x30dc19b0, 0xffff0031, 0xecffa800, 0xe905a304, 
    0x9b002602, 0x07010000, 0xdc004400, 0x1300e9ff, 0x4500b000, 0x2f0eb058, 0x120eb11b, 0x1db0593e, 0x003130dc, 0xb900ffff, 0xbc05ecff, 0x2602a707, 
    0x00009a00, 0xab000701, 0x6801d704, 0xb0001300, 0xb0584500, 0xb11b2f10, 0x593e1610, 0x30dc18b0, 0xffff0031, 0xecffa800, 0x5006a304, 0x9b002602, 
    0x07010000, 0x8204ab00, 0x13001100, 0x4500b000, 0x2f0eb058, 0x120eb11b, 0x1cb0593e, 0x003130dc, 0xb900ffff, 0xbc05ecff, 0x26020e07, 0x00009a00, 
    0xa5000701, 0x4e010801, 0xb0001300, 0xb0584500, 0xb11b2f17, 0x593e1617, 0x30dc1bb0, 0xffff0031, 0xecffa800, 0xb805a304, 0x9b002602, 0x07010000, 
    0xb300a500, 0x1300f8ff, 0x4500b000, 0x2f0eb058, 0x120eb11b, 0x1fb0593e, 0x003130dc, 0xb900ffff, 0xbc05effe, 0x26020f06, 0x00009a00, 0xad000700, 
    0x0000c704, 0xa800ffff, 0xa304effe, 0x2602a604, 0x00009b00, 0xad000700, 0x00006c04, 0x2100ffff, 0xa104f9fe, 0x2602b005, 0x00003d00, 0xad000700, 
    0x0a00a004, 0x2b00ffff, 0xb0034bfe, 0x26023a04, 0x00005d00, 0xad000700, 0x63ff0905, 0x2100ffff, 0xa1040000, 0x26029c07, 0x00003d00, 0xab000701, 
    0x5d019e04, 0xb0001300, 0xb0584500, 0xb11b2f08, 0x593e1608, 0x30dc09b0, 0xffff0031, 0x4bfe2b00, 0x6806b003, 0x5d002602, 0x07010000, 0x4504ab00, 
    0x09002900, 0x2f02b000, 0x30dc13b0, 0xffff0031, 0x00002100, 0x0307a104, 0x3d002602, 0x07010000, 0xcf00a500, 0x09004301, 0x2f01b000, 0x30dc0cb0, 
    0xffff0031, 0x4bfe2b00, 0xcf05b003, 0x5d002602, 0x06010000, 0x0f76a500, 0xb0000900, 0x16b02f02, 0x003130dc, 0x7a00ffff, 0x57042eff, 0x26000006, 
    0x00004800, 0x27022700, 0x3002a001, 0x43000701, 0x64ffb300, 0xb2000d00, 0x5d01210f, 0x01212fb2, 0x0031305d, 0x3700ffff, 0x9104a0fe, 0x2602b005, 
    0x00003800, 0x50020700, 0x0000c901, 0x2800ffff, 0x9a03a0fe, 0x26023a04, 0x0000f600, 0x50020700, 0x00003d01, 0xc300ffff, 0x6a04a0fe, 0x2602b005, 
    0x0000e100, 0x50020700, 0x00004703, 0x7500ffff, 0x7f03a0fe, 0x26023a04, 0x0000f900, 0x50020700, 0x00005e02, 0xc100ffff, 0x1f04a0fe, 0x2602b005, 
    0x0000b100, 0x50020600, 0xffff0042, 0xa0feac00, 0x3a043603, 0xec002602, 0x06000000, 0x002b5002, 0x0a00ffff, 0x63052ffe, 0x2602c305, 0x00004c01, 
    0x50020700, 0x8fffa502, 0x0e00ffff, 0x44045bfe, 0x26024e04, 0x00004d01, 0x50020700, 0xbbffe101, 0xac00ffff, 0xba030000, 0x06020006, 0x00004c00, 
    0x26000200, 0x3f040000, 0x1200b005, 0x74001b00, 0x1d1c15b2, 0xb0391211, 0x09b01015, 0x00b000d0, 0x0fb05845, 0x0fb11b2f, 0xb0593e16, 0xb0584500, 
    0xb11b2f09, 0x593e0609, 0x090f12b2, 0xb0391211, 0x00b12f12, 0x2b0ab001, 0x1bd82158, 0x02b259f4, 0x1211090f, 0x2f02b039, 0xb01000b0, 0x12b0d00b, 
    0xd00db010, 0xb11002b0, 0x0ab00113, 0xd821582b, 0xb059f41b, 0x14b11009, 0x2b0ab001, 0x1bd82158, 0x313059f4, 0x21112101, 0x14151616, 0x11210706, 
    0x35333523, 0x01211533, 0x36322111, 0x27263435, 0x86fe7102, 0xf6d57d01, 0x55fedcf7, 0x01369b9b, 0x0186fe7a, 0xd7dac671, 0xfe7f04c0, 0xb8cf0395, 
    0x0401d3b6, 0xfbfb367f, 0x58fd29fe, 0xb8989fb7, 0x02000002, 0x00002600, 0xb0053f04, 0x1b001200, 0x15b27400, 0x12111d1c, 0x1015b039, 0x00d009b0, 
    0x584500b0, 0x1b2f0fb0, 0x3e160fb1, 0x4500b059, 0x2f09b058, 0x0609b11b, 0x12b2593e, 0x1211090f, 0x2f12b039, 0xb00100b1, 0x21582b0a, 0x59f41bd8, 
    0x090f02b2, 0xb0391211, 0x00b02f02, 0xd00bb010, 0xb01012b0, 0x02b0d00d, 0x0113b110, 0x582b0ab0, 0xf41bd821, 0x1009b059, 0xb00114b1, 0x21582b0a, 
    0x59f41bd8, 0x21013130, 0x16162111, 0x07061415, 0x35231121, 0x15333533, 0x21110121, 0x34353632, 0x71022726, 0x7d0186fe, 0xdcf7f6d5, 0x9b9b55fe, 
    0xfe7a0136, 0xc6710186, 0x04c0d7da, 0x0395fe7f, 0xd3b6b8cf, 0x367f0401, 0x29fefbfb, 0x9fb758fd, 0x0002b898, 0x53000100, 0x1f040000, 0x0d00b005, 
    0x00b25200, 0x12110f0e, 0x00b00039, 0x08b05845, 0x08b11b2f, 0xb0593e16, 0xb0584500, 0xb11b2f02, 0x593e0602, 0x02080db2, 0xb0391211, 0x00b12f0d, 
    0x2b0ab001, 0x1bd82158, 0x04b059f4, 0x100db0d0, 0xb0d006b0, 0x0ab11008, 0x2b0ab001, 0x1bd82158, 0x313059f4, 0x23112101, 0x33352311, 0x21152111, 
    0x9e022111, 0x6e3659fe, 0xfc5e036e, 0x02a701d8, 0x0225fddb, 0x9f0236db, 0x0097fd36, 0x04000100, 0x36030000, 0x0d003a04, 0x00b25200, 0x12110f0e, 
    0x00b00039, 0x08b05845, 0x08b11b2f, 0xb0593e12, 0xb0584500, 0xb11b2f02, 0x593e0602, 0x02080db2, 0xb0391211, 0x00b12f0d, 0x2b0ab001, 0x1bd82158, 
    0x04b059f4, 0x100db0d0, 0xb0d006b0, 0x0ab11008, 0x2b0ab001, 0x1bd82158, 0x313059f4, 0x23112101, 0x33352311, 0x21152111, 0x4f022111, 0xa83693fe, 
    0xfd8a02a8, 0x026d01ac, 0x02f2fd0e, 0xf601360e, 0x0041fe37, 0xefff0100, 0xdf040000, 0x1400b005, 0x0bb27f00, 0x12111615, 0x00b00039, 0x08b05845, 
    0x08b11b2f, 0xb0593e16, 0xb0584500, 0xb11b2f10, 0x593e1610, 0x584500b0, 0x1b2f02b0, 0x3e0602b1, 0x4500b059, 0x2f13b058, 0x0613b11b, 0x0fb2593e, 
    0x12110208, 0x0fb07c39, 0x00b1182f, 0x2b0ab001, 0x1bd82158, 0x07b259f4, 0x1211080f, 0x2f07b039, 0xb00104b1, 0x21582b0a, 0x59f41bd8, 0xb01007b0, 
    0x04b0d00a, 0xd00cb010, 0x0f0012b2, 0x30391211, 0x11230131, 0x35231123, 0x11331133, 0x11211521, 0x01330133, 0xf1012301, 0xeded36df, 0xfe280136, 
    0x6a02eed8, 0x027cfd47, 0xc70247b2, 0x510439fd, 0xfe290136, 0xabfe36d7, 0x2afdb402, 0x010026fd, 0x00002b00, 0x0006cd03, 0x75001400, 0x161512b2, 
    0x00391211, 0xb02f08b0, 0xb0584500, 0xb11b2f10, 0x593e1210, 0x584500b0, 0x1b2f02b0, 0x3e0602b1, 0x4500b059, 0x2f13b058, 0x0613b11b, 0x0eb2593e, 
    0x12110210, 0x0eb07c39, 0x00b1182f, 0x2b0ab001, 0x1bd82158, 0x07b259f4, 0x12111007, 0x2f07b039, 0xb00104b1, 0x21582b0a, 0x59f41bd8, 0xb01007b0, 
    0x04b0d00a, 0xd00cb010, 0x0e0012b2, 0x30391211, 0x11230131, 0x35231123, 0x15333533, 0x11211521, 0x01330133, 0x8a012301, 0x95953694, 0xfe800136, 
    0xec017f80, 0x020afe47, 0x2902461b, 0xf004d7fd, 0x36dada36, 0xdb016ffd, 0xb3fd13fe, 0x21000100, 0xa1040000, 0x1100b005, 0x0db25400, 0x12111312, 
    0x00b00039, 0x0eb05845, 0x0eb11b2f, 0xb0593e16, 0xb0584500, 0xb11b2f0b, 0x593e160b, 0x584500b0, 0x1b2f03b0, 0x3e0603b1, 0x0308b259, 0x3912110b, 
    0xb02f08b0, 0x00b1d011, 0x2b0ab001, 0x1bd82158, 0x07b059f4, 0x030cb2d0, 0x3912110b, 0x21013130, 0x11231107, 0x33352127, 0x33013301, 0x33013301, 
    0xfefe8103, 0xfe033603, 0xfffdecf3, 0x0cf20148, 0xfd42f801, 0x2e02e1ff, 0x02d7fd05, 0x03360529, 0x03b4fc4c, 0x00b4fc4c, 0x2b000100, 0xa70361fe, 
    0x11003a04, 0x0cb25d00, 0x12111312, 0x00b00039, 0x09b05845, 0x09b11b2f, 0xb0593e12, 0xb0584500, 0xb11b2f0e, 0x593e120e, 0x584500b0, 0x1b2f00b0, 
    0x3e0600b1, 0x4500b059, 0x2f02b058, 0x0802b11b, 0x00b0593e, 0xd005b010, 0xb11000b0, 0x0ab00111, 0xd821582b, 0xb059f41b, 0x0cb2d007, 0x1211020e, 
    0x25313039, 0x11231121, 0x33352127, 0x17013301, 0x01330137, 0xfe0a0333, 0xfe0236fa, 0x74fef8f3, 0x364e013a, 0x3a4d0137, 0x06f172fe, 0xa1015bfe, 
    0xfe033604, 0x9b9babfc, 0x02fc5503, 0x36000100, 0x90040000, 0x1100b005, 0x04b26b00, 0x12111312, 0x00b00039, 0x0bb05845, 0x0bb11b2f, 0xb0593e16, 
    0xb0584500, 0xb11b2f0e, 0x593e160e, 0x584500b0, 0x1b2f02b0, 0x3e0602b1, 0x4500b059, 0x2f05b058, 0x0605b11b, 0x11b2593e, 0x1211020b, 0x11b07c39, 
    0x00b1182f, 0x2b0ab001, 0x1bd82158, 0x04b059f4, 0x1000b0d0, 0xb0d007b0, 0x0ab01011, 0x1011b0d0, 0x30d00db0, 0x01230131, 0x23010123, 0x33352301, 
    0x01013301, 0x03330133, 0xfd01f184, 0xfe16fe43, 0xfd014114, 0x20fef0fa, 0x01d60144, 0x20fe44d6, 0xfdd302e7, 0xfdbd022d, 0x36d30243, 0x61fda702, 
    0x59fd9f02, 0x37000100, 0x9a030000, 0x11003a04, 0x0db26d00, 0x12111312, 0x00b00039, 0x0bb05845, 0x0bb11b2f, 0xb0593e12, 0xb0584500, 0xb11b2f0e, 
    0x593e120e, 0x584500b0, 0x1b2f02b0, 0x3e0602b1, 0x4500b059, 0x2f05b058, 0x0605b11b, 0x11b2593e, 0x1211020e, 0x11b07c39, 0x00b1182f, 0x2b0ab001, 
    0x1bd82158, 0x04b259f4, 0x1211020e, 0xd007b039, 0xb01011b0, 0x0db2d009, 0x1211020e, 0x01313039, 0x01230123, 0x23012301, 0x33013335, 0x01330101, 
    0xf6130333, 0xfe437d01, 0x4392fe91, 0xebeb7c01, 0x014498fe, 0x4459015a, 0x02f697fe, 0x01f0fd10, 0x0204fefc, 0xf4013610, 0xe00120fe, 0xffff0cfe, 
    0xecff7400, 0x4e04e503, 0xbf000602, 0xffff0000, 0x00002100, 0xb0054e04, 0x2a002602, 0x07000000, 0xb5ff2702, 0xffff68fe, 0xd1026e00, 0x0703a605, 
    0xaf014700, 0x000069ff, 0x00406666, 0x7500ffff, 0x00040000, 0x0602c405, 0x00001600, 0x6700ffff, 0xef03ecff, 0x0602c405, 0x00001700, 0x5200ffff, 
    0x46040000, 0x0602b005, 0x00001800, 0xb600ffff, 0x0004ecff, 0x0602b005, 0x00001900, 0x9400ffff, 0x0904ecff, 0x0600c405, 0x00141a00, 0x7800ffff, 
    0x1804ecff, 0x0600c405, 0x00141c00, 0x6700ffff, 0xe103ecff, 0x0600c405, 0x00001d00, 0x9100ffff, 0xf803ecff, 0x0600c505, 0x00141400, 0xa800ffff, 
    0xca04ecff, 0x26025407, 0x00002b00, 0x75000701, 0x54011902, 0xb0000900, 0x25b02f0c, 0x003130dc, 0x7900ffff, 0xb6034cfe, 0x2602fe05, 0x00004b00, 
    0x75000701, 0xfeff9101, 0xb0000900, 0x2cb02f03, 0x003130dc, 0xc800ffff, 0xe1040000, 0x26023f07, 0x00003200, 0x44000701, 0x3f016e01, 0xb0001300, 
    0xb0584500, 0xb11b2f08, 0x593e1608, 0x30dc0bb0, 0xffff0031, 0x0000ac00, 0xfe05ba03, 0x52002602, 0x07010000, 0xda004400, 0x1300feff, 0x4500b000, 
    0x2f03b058, 0x1203b11b, 0x15b0593e, 0x003130dc, 0x2100ffff, 0xa5040000, 0x26022d07, 0x00002500, 0xac000701, 0x3f018404, 0xb0001600, 0xb0584500, 
    0xb11b2f04, 0x593e1604, 0xb0dc0cb0, 0x3130d010, 0x5c00ffff, 0xa503ecff, 0x2602ee05, 0x00004500, 0xac000701, 0x00006104, 0xb0001600, 0xb0584500, 
    0xb11b2f17, 0x593e1217, 0xb0dc2cb0, 0x3130d030, 0xc200ffff, 0x3e040000, 0x26022d07, 0x00002900, 0xac000701, 0x3f018b04, 0xb0001600, 0xb0584500, 
    0xb11b2f06, 0x593e1606, 0xb0dc0db0, 0x3130d011, 0x5700ffff, 0xb803ecff, 0x2602ed05, 0x00004900, 0xac000701, 0xffff5704, 0xb0001600, 0xb0584500, 
    0xb11b2f09, 0x593e1209, 0xb0dc23b0, 0x3130d027, 0x63ffffff, 0xb7010000, 0x26022d07, 0x00002d00, 0xac000701, 0x3f012c03, 0xb0001600, 0xb0584500, 
    0xb11b2f02, 0x593e1602, 0xb0dc05b0, 0x3130d009, 0x28ffffff, 0x7c010000, 0x2602d705, 0x00008d00, 0xac000701, 0xe9fff102, 0xb0001600, 0xb0584500, 
    0xb11b2f02, 0x593e1202, 0xb0dc05b0, 0x3130d009, 0x8500ffff, 0xcf04ecff, 0x26024207, 0x00003300, 0xac000701, 0x5401c404, 0xb0001600, 0xb0584500, 
    0xb11b2f0c, 0x593e160c, 0xb0dc21b0, 0x3130d025, 0x5a00ffff, 0x0d04ecff, 0x2602ec05, 0x00005300, 0xac000701, 0xfeff5704, 0xb0001600, 0xb0584500, 
    0xb11b2f04, 0x593e1204, 0xb0dc22b0, 0x3130d026, 0xb500ffff, 0xae040000, 0x26022d07, 0x00003600, 0xac000701, 0x3f017e04, 0xb0001600, 0xb0584500, 
    0xb11b2f04, 0x593e1604, 0xb0dc19b0, 0x3130d01d, 0xf4ffffff, 0x8f020000, 0x2602ec05, 0x00005600, 0xac000701, 0xfeffbd03, 0xb0001600, 0xb0584500, 
    0xb11b2f0c, 0x593e120c, 0xb0dc10b0, 0x3130d014, 0xb900ffff, 0x9c04ecff, 0x26022d07, 0x00003900, 0xac000701, 0x3f01d904, 0xb0001600, 0xb0584500, 
    0xb11b2f08, 0x593e1608, 0xb0dc11b0, 0x3130d015, 0x9b00ffff, 0xb803ecff, 0x2602ee05, 0x00005900, 0xac000701, 0x00006404, 0xb0001600, 0xb0584500, 
    0xb11b2f09, 0x593e1209, 0xb0dc15b0, 0x3130d019, 0x02ffffff, 0xfd040000, 0x26002906, 0x0064d000, 0xae000700, 0xffff2afe, 0xc800ffff, 0x6504f9fe, 
    0x2602b005, 0x00002600, 0xad000700, 0x0a006c04, 0xaa00ffff, 0xe703e6fe, 0x26020006, 0x00004600, 0xad000700, 0xf7ff8404, 0xc800ffff, 0xb404f9fe, 
    0x2602b005, 0x00002800, 0xad000700, 0x0a008a04, 0x7a00ffff, 0xb703effe, 0x26020006, 0x00004800, 0xad000700, 0x00009104, 0xc800ffff, 0xb40469fe, 
    0x2602b005, 0x00002800, 0xba010700, 0x34ff5801, 0x7a00ffff, 0xb7035ffe, 0x26020006, 0x00004800, 0xba010700, 0x2aff5f01, 0xc800ffff, 0xd604f9fe, 
    0x2602b005, 0x00002c00, 0xad000700, 0x0a000805, 0xac00ffff, 0xba03f9fe, 0x26020006, 0x00004c00, 0xad000700, 0x0a007804, 0xc800ffff, 0xca040000, 
    0x2602e706, 0x00002f00, 0x75000701, 0xe700b401, 0xb0000900, 0x0fb02f04, 0x003130dc, 0xac00ffff, 0xb9030000, 0x26023f07, 0x00004f00, 0x75000701, 
    0x3f017a01, 0xb0000e00, 0x10b02f05, 0x10dfb2dc, 0x31305d01, 0xc800ffff, 0xca045dff, 0x2602b005, 0x00002f00, 0xad000701, 0x6e00ab04, 0xb2000800, 
    0x5d010f10, 0xffff3130, 0x61ffac00, 0x0006b903, 0x4f002602, 0x07010000, 0x4204ad00, 0x1b007200, 0x00154000, 0x20101010, 0x40103010, 0x60105010, 
    0x80107010, 0x0a109010, 0x0031305d, 0xc800ffff, 0xea03f9fe, 0x2602b005, 0x00003000, 0xad000700, 0x0a00ad04, 0x9a00ffff, 0x0901f9fe, 0x26020006, 
    0x00005000, 0xad000700, 0x0a001203, 0xc800ffff, 0x1406f9fe, 0x2602b005, 0x00003100, 0xad000700, 0x0a00ab05, 0xa100ffff, 0x9006f9fe, 0x26024e04, 
    0x00005100, 0xad000700, 0x0a00d205, 0xc800ffff, 0xe104f9fe, 0x2602b005, 0x00003200, 0xad000700, 0x0a001205, 0xac00ffff, 0xba03f9fe, 0x26024e04, 
    0x00005200, 0xad000700, 0x0a007e04, 0x8500ffff, 0xcf04ecff, 0x2602d707, 0x00003300, 0x35020701, 0x7201d604, 0xb0000c00, 0x2bb02f0c, 0xd038b0dc, 
    0xffff3130, 0x0000c800, 0x3f076504, 0x34002602, 0x07010000, 0x8a017500, 0x09003f01, 0x2f03b000, 0x30dc16b0, 0xffff0031, 0x60feaa00, 0xf405e703, 
    0x54002602, 0x07010000, 0xa1017500, 0x0900f4ff, 0x2f0eb000, 0x30dc21b0, 0xffff0031, 0xf9fec300, 0xb005ae04, 0x36002602, 0x07000000, 0x9a04ad00, 
    0xffff0a00, 0x02ff8b00, 0x4e048f02, 0x56002602, 0x07000000, 0x0303ad00, 0xffff1300, 0xe6fe6000, 0xc4056704, 0x37002602, 0x07000000, 0xb404ad00, 
    0xfffff7ff, 0xebfe6c00, 0x4e047d03, 0x57002602, 0x07000000, 0x3c04ad00, 0xfffffcff, 0xeffe3700, 0xb0059104, 0x38002602, 0x07000000, 0xa004ad00, 
    0xffff0000, 0xeffe2600, 0x5e053c02, 0x58002602, 0x07000000, 0xd903ad00, 0xffff0000, 0xecffb900, 0xc2079c04, 0x39002602, 0x07010000, 0xeb043502, 
    0x0c005d01, 0x2f00b000, 0xb0dc1bb0, 0x3130d028, 0x2300ffff, 0xa5040000, 0x26020e07, 0x00003a00, 0xa5000701, 0x4e01d200, 0xb0000900, 0x0cb02f03, 
    0x003130dc, 0x2b00ffff, 0xa9030000, 0x2602c205, 0x00005a00, 0xa5000601, 0x0900025d, 0x2f01b000, 0x30dc0ab0, 0xffff0031, 0xf9fe2300, 0xb005a504, 
    0x3a002602, 0x07000000, 0xa204ad00, 0xffff0a00, 0xf9fe2b00, 0x3a04a903, 0x5a002602, 0x07000000, 0x2504ad00, 0xffff0a00, 0xf9fe3d00, 0xb0050107, 
    0x3b002602, 0x07000000, 0xda05ad00, 0xffff0a00, 0xf9fe5300, 0x3a04b005, 0x5b002602, 0x07000000, 0x3d05ad00, 0xffff0a00, 0xf9fe5e00, 0xb0056a04, 
    0x3e002602, 0x07000000, 0xbf04ad00, 0xffff0a00, 0xf9fe5700, 0x3a04a203, 0x5e002602, 0x07000000, 0x5704ad00, 0xffff0a00, 0xecffd5fe, 0xca051505, 
    0x33002600, 0x07000046, 0x85fe7101, 0xffff0000, 0x00001c00, 0x06050504, 0x32022602, 0x07000000, 0xbbffae00, 0xffffdcfe, 0x0000b3ff, 0x0905e203, 
    0x28022600, 0x0700003c, 0xdbfeae00, 0xffffdffe, 0x0000bfff, 0x09056704, 0xe5012600, 0x0700003c, 0xe7feae00, 0xffffdffe, 0x0000d4ff, 0x04053d01, 
    0xe4012600, 0x0700003c, 0xfcfeae00, 0xffffdafe, 0xf0ff2500, 0x06052f04, 0xde012600, 0x0700000a, 0x4dffae00, 0xffffdcfe, 0x00005dff, 0x06053804, 
    0xd4012600, 0x0700003c, 0x85feae00, 0xffffdcfe, 0x00006200, 0x05055f04, 0xf4012600, 0x0700000a, 0x8affae00, 0xffffdbfe, 0x00001c00, 0x8d040504, 
    0x32020602, 0xffff0000, 0x0000aa00, 0x8d04c903, 0x31020602, 0xffff0000, 0x0000aa00, 0x8d04a603, 0x28020602, 0xffff0000, 0x00005000, 0x8d04cc03, 
    0xd3010602, 0xffff0000, 0x0000aa00, 0x8d042b04, 0xe5010602, 0xffff0000, 0x0000cb00, 0x8d040101, 0xe4010602, 0xffff0000, 0x0000aa00, 0x8d042404, 
    0xe2010602, 0xffff0000, 0x0000aa00, 0x8d043d05, 0xe0010602, 0xffff0000, 0x0000aa00, 0x8d043404, 0xdf010602, 0xffff0000, 0xf0ff7200, 0x9d042504, 
    0xde010602, 0xffff0000, 0x0000aa00, 0x8d04cd03, 0xdd010602, 0xffff0000, 0x00002e00, 0x8d04ed03, 0xd9010602, 0xffff0000, 0x00001e00, 0x8d04fc03, 
    0xd4010602, 0xffff0000, 0x00002e00, 0x8d04f103, 0xd5010602, 0xffff0000, 0x0000d3ff, 0xe005ff01, 0xe4012602, 0x07010000, 0x25ff6a00, 0x16001b00, 
    0x4500b000, 0x2f02b058, 0x1402b11b, 0x0bb0593e, 0xd014b0dc, 0xffff3130, 0x00001e00, 0xe005fc03, 0xd4012602, 0x06010000, 0x1b496a00, 0xb0001600, 
    0xb0584500, 0xb11b2f0a, 0x593e140a, 0xb0dc12b0, 0x3130d01b, 0xaa00ffff, 0xa6030000, 0x2602e005, 0x00002802, 0x6a000601, 0x16001b52, 0x4500b000, 
    0x2f06b058, 0x1406b11b, 0x13b0593e, 0xd01cb0dc, 0xffff3130, 0x0000aa00, 0x1b067703, 0xeb012602, 0x07010000, 0x55017500, 0x09001b00, 0x2f04b000, 
    0x30dc08b0, 0xffff0031, 0xf0ff5200, 0x9d04c903, 0xda010602, 0xffff0000, 0x0000cb00, 0x8d040101, 0xe4010602, 0xffff0000, 0x0000d3ff, 0xe005ff01, 
    0xe4012602, 0x07010000, 0x25ff6a00, 0x16001b00, 0x4500b000, 0x2f02b058, 0x1402b11b, 0x0bb0593e, 0xd014b0dc, 0xffff3130, 0xf0ff4b00, 0x8d042203, 
    0xe3010602, 0xffff0000, 0x0000aa00, 0x1b062404, 0xe2012602, 0x07010000, 0x60017500, 0x09001b00, 0x2f04b000, 0x30dc0fb0, 0xffff0031, 0xebff1e00, 
    0xee05f503, 0x02022602, 0x06010000, 0x206ea100, 0xb0000900, 0x15b02f02, 0x003130dc, 0x1c00ffff, 0x05040000, 0x06028d04, 0x00003202, 0xaa00ffff, 
    0xc9030000, 0x06028d04, 0x00003102, 0xaa00ffff, 0x77030000, 0x06028d04, 0x0000eb01, 0xaa00ffff, 0xa6030000, 0x06028d04, 0x00002802, 0xaa00ffff, 
    0x3a040000, 0x2602ee05, 0x0000ff01, 0xa1000701, 0x2000c000, 0xb0000900, 0x0db02f00, 0x003130dc, 0xaa00ffff, 0x3d050000, 0x06028d04, 0x0000e001, 
    0xaa00ffff, 0x2b040000, 0x06028d04, 0x0000e501, 0x7200ffff, 0x2504f0ff, 0x06029d04, 0x0000de01, 0xaa00ffff, 0x11040000, 0x06028d04, 0x0000f001, 
    0xaa00ffff, 0xcd030000, 0x06028d04, 0x0000dd01, 0x7a00ffff, 0x0204f0ff, 0x06029d04, 0x00003002, 0x2e00ffff, 0xed030000, 0x06028d04, 0x0000d901, 
    0x2e00ffff, 0xf1030000, 0x06028d04, 0x0000d501, 0x56000100, 0xbe0350fe, 0x2b009d04, 0x29b28900, 0x12112d2c, 0x00b00039, 0x0ab05845, 0x0ab11b2f, 
    0xb0593e14, 0xb0584500, 0xb11b2f16, 0x593e0816, 0x584500b0, 0x1b2f15b0, 0x3e0615b1, 0x4500b059, 0x2f18b058, 0x0618b11b, 0x0ab0593e, 0x0103b110, 
    0x582b0ab0, 0xf41bd821, 0x0a28b259, 0x39121115, 0x2f28b07c, 0x2806b218, 0x39121103, 0xb00126b1, 0x21582b0a, 0x59f41bd8, 0x282610b2, 0xb0391211, 
    0x20b11015, 0x2b0ab001, 0x1bd82158, 0x1db259f4, 0x12112026, 0x01313039, 0x22232634, 0x34231506, 0x16323336, 0x07061415, 0x06141516, 0x11231107, 
    0x3335022e, 0x32331614, 0x26343536, 0x33352323, 0x74033636, 0xd696abbe, 0xc5b1f136, 0xf97273da, 0x7236bdda, 0xdd366cbd, 0xb7c7b5a3, 0xb1a29ec7, 
    0x7d6003b5, 0x8c73988a, 0x6698a5b5, 0xe233208c, 0xfe06b092, 0x05a1015f, 0x7e629756, 0x81848fa1, 0x7e013678, 0xaa000100, 0x6104a0fe, 0x0f008d04, 
    0x03b26600, 0x12111110, 0x00b00039, 0x4500b02f, 0x2f08b058, 0x1408b11b, 0x00b0593e, 0x0cb05845, 0x0cb11b2f, 0xb0593e14, 0xb0584500, 0xb11b2f02, 
    0x593e0602, 0x584500b0, 0x1b2f06b0, 0x3e0606b1, 0x080ab259, 0x39121102, 0x2f0ab07c, 0x0104b118, 0x582b0ab0, 0xf41bd821, 0x1002b059, 0x0ab00eb0, 
    0x1bd8582b, 0x313059dc, 0x23112301, 0x23112111, 0x21113311, 0x33113311, 0x36366104, 0x3636ebfc, 0x36361503, 0x6001a0fe, 0xdafd2602, 0xcffd8d04, 
    0xd2fb3102, 0x7a000100, 0x020452fe, 0x1e009d04, 0x1cb26a00, 0x1211201f, 0x00b00039, 0x0eb05845, 0x0eb11b2f, 0xb0593e14, 0xb0584500, 0xb11b2f04, 
    0x593e0804, 0x584500b0, 0x1b2f03b0, 0x3e0603b1, 0x4500b059, 0x2f06b058, 0x0606b11b, 0x12b2593e, 0x1211060e, 0x100eb039, 0xb00115b1, 0x21582b0a, 
    0x59f41bd8, 0xb11006b0, 0x0ab0011c, 0xd821582b, 0xb259f41b, 0x110e061e, 0x31303912, 0x07060601, 0x26112311, 0x34353502, 0x32333636, 0x26231716, 
    0x06222326, 0x16141507, 0x04132033, 0xbad51102, 0x72eec436, 0xe9c287d0, 0xc4143614, 0x04dcb3b1, 0x6301b4de, 0xaa660127, 0x61fe08c3, 0x01089f01, 
    0x97a2e817, 0xb4c280ec, 0xc9f5a39c, 0x01fcd1b6, 0xffff0041, 0x00001e00, 0x8d04fc03, 0xd4010602, 0xffff0000, 0x51fe1400, 0x9d041b05, 0x18022602, 
    0x07000000, 0x7b025002, 0xffffb1ff, 0x0000aa00, 0xc2053a04, 0xff012602, 0x07010000, 0xce007000, 0x09002600, 0x2f00b000, 0x30dc0ab0, 0xffff0031, 
    0xebff1e00, 0xc205f503, 0x02022602, 0x06010000, 0x267c7000, 0xb0000900, 0x12b02f02, 0x003130dc, 0x7200ffff, 0xe5040000, 0x06028e04, 0x0000f201, 
    0xcb00ffff, 0xee04f0ff, 0x26008d04, 0x0000e401, 0xe3010700, 0x0000cc01, 0x1400ffff, 0xcd050000, 0x2602fe05, 0x00007302, 0x75000700, 0xfeffbc02, 
    0x7200ffff, 0x2504b5ff, 0x26021b06, 0x00007502, 0x75000700, 0x1b00a101, 0x5200ffff, 0xc90359fe, 0x26029d04, 0x0000da01, 0xba010700, 0x24ff2a01, 
    0x3400ffff, 0x04060000, 0x26021b06, 0x0000d601, 0x44000700, 0x1b00b301, 0x3400ffff, 0x04060000, 0x26021b06, 0x0000d601, 0x75000700, 0x1b007502, 
    0x3400ffff, 0x04060000, 0x2602e005, 0x0000d601, 0x6a000700, 0x1b005901, 0x1e00ffff, 0xfc030000, 0x26021b06, 0x0000d401, 0x44000700, 0x1b00a300, 
    0x2100ffff, 0xa50475fe, 0x2602b005, 0x00002500, 0xa4000700, 0x00006001, 0x5c00ffff, 0xa50375fe, 0x26024e04, 0x00004500, 0xa4000700, 0x0000dd00, 
    0xc800ffff, 0x3e047ffe, 0x2602b005, 0x00002900, 0xa4000700, 0x0a004d01, 0x5700ffff, 0xb80379fe, 0x26024e04, 0x00004900, 0xa4000700, 0x04001701, 
    0x1c00ffff, 0x050475fe, 0x26028d04, 0x00003202, 0xa4000700, 0x00000901, 0xaa00ffff, 0xa6037dfe, 0x26028d04, 0x00002802, 0xa4000700, 0x0800f600, 
    0x9600ffff, 0x0501f9fe, 0x26023a04, 0x00008d00, 0xad000700, 0x0a000e03, 0x00000100, 0x8f000e05, 0x56001600, 0x01000500, 0x00000000, 0x00000e00, 
    0x12020002, 0x01000600, 0x61000000, 0x61006100, 0x61006100, 0xc4009900, 0xd6014e01, 0x0f037302, 0x59032a03, 0xbd038703, 0x0504e603, 0x43041f04, 
    0xb4045d04, 0x3d05e604, 0xfd05b305, 0xd2066506, 0x84070307, 0x0508f907, 0x45081108, 0xa8087208, 0xbc090c09, 0x790a030a, 0x260bd50a, 0xb10b760b, 
    0x5b0c190c, 0xad0c790c, 0x170df00c, 0xa00d640d, 0x470efc0d, 0x0a0fab0e, 0xb00f800f, 0x2210ef0f, 0xc8107c10, 0x3711fb10, 0x7a115f11, 0xcd11a311, 
    0x0a12ec11, 0xfb129512, 0xb2134e13, 0x74141e14, 0x4015f914, 0xc3157815, 0x1b160216, 0xdc169016, 0x9e173317, 0x47180818, 0x1019bc18, 0x8a195a19, 
    0x2c1ae019, 0xb21a761a, 0x0d1bf31a, 0x951b4d1b, 0x391cce1b, 0x0e1da41c, 0x981d741d, 0x6d1e3f1e, 0x911f0f1f, 0xc01f9d1f, 0x88206e20, 0x0d21c620, 
    0xdc216321, 0x5122fa21, 0x9d227d22, 0x1723e522, 0x6d236123, 0xa1238723, 0x2824bb23, 0xdf249b24, 0xb0255c25, 0xf1261d26, 0xc2276f27, 0xa6283f28, 
    0x9b292b29, 0xff29b529, 0x892a4d2a, 0x402be12a, 0x7a2cd22b, 0x1c2dac2c, 0xf82d862d, 0xb62e642e, 0x462f182f, 0xe62fb52f, 0x15300d30, 0x68304830, 
    0xdf30ab30, 0x58311f31, 0xb831a031, 0xd931d031, 0x46321532, 0x80326232, 0xd132c932, 0x3233fb32, 0xd433a433, 0x52342034, 0x0c359a34, 0xd4356835, 
    0xd2365536, 0x85370837, 0x5538f337, 0x1039a138, 0x93393f39, 0x603a0c3a, 0x1e3bbd3a, 0xc43b7e3b, 0x7c3c073c, 0x503ddd3c, 0x253eca3d, 0x093fa33e, 
    0xed3f763f, 0xb5406040, 0x4d41f540, 0x1942aa41, 0xca428e42, 0x5b431643, 0x0e44d343, 0x93445244, 0x3645dd44, 0xe3459845, 0xce464f46, 0xa0472b47, 
    0x36480c48, 0xfb488c48, 0xa7496b49, 0x384af149, 0xc64a844a, 0x284bf84a, 0xf14bb64b, 0x794c384c, 0x1c4dc34c, 0xc94d7e4d, 0xa74e2d4e, 0x814f044f, 
    0x5850e34f, 0x3151ca50, 0xd7517251, 0x9a523352, 0xa4532453, 0x5554fb53, 0x4455cb54, 0x2f56b955, 0x4b57bc56, 0x7c58e757, 0x5e59f058, 0xe759a059, 
    0xce5a565a, 0x515c945b, 0x595dd85c, 0xfc5dad5d, 0x6b5e515e, 0xb65ea05e, 0x9b5fcc5e, 0x1f600460, 0xa3603a60, 0x7261f960, 0xce61a161, 0x7f622762, 
    0x97628b62, 0xaf62a362, 0x63630963, 0x0d64b863, 0x25641964, 0xc3647464, 0x86652565, 0xb8662866, 0xd066c466, 0x6b671e67, 0x83677767, 0x2568d567, 
    0xe4686768, 0xbc695d69, 0x1c6a106a, 0x816a286a, 0xe66ada6a, 0xfe6af26a, 0x7d6b0a6b, 0x3c6ce16b, 0x596c4a6c, 0x716c656c, 0x216dbe6c, 0x256ead6d, 
    0x026f986e, 0xd86f686f, 0xac704470, 0x71711371, 0x1b72c671, 0xe4726e72, 0xfc72f072, 0x2e732e73, 0x2e732e73, 0x2e732e73, 0x2e732e73, 0x2e732e73, 
    0x2e732e73, 0x2e732e73, 0x3e733673, 0x53734873, 0xa2738673, 0xdd73be73, 0x0274f673, 0x42740e74, 0xe9748474, 0x28750c75, 0x5b753875, 0x50763376, 
    0x85766f76, 0xe3769976, 0x26786e77, 0xc578b978, 0x127aa879, 0x447b977a, 0x2e7caf7b, 0xfa7c877c, 0xfe7d9a7d, 0xf97e927e, 0x777f5d7f, 0xab7f917f, 
    0x3980c57f, 0xa2806280, 0xed80b980, 0xc4817f81, 0x8a824182, 0xbc82a382, 0x0283f582, 0x58832f83, 0xd2836483, 0xca842f84, 0xd9855685, 0xa186a186, 
    0xba885488, 0x79892489, 0xf889aa89, 0xea8a698a, 0x838b1b8b, 0x358ceb8b, 0xfd8ca98c, 0x808d2f8d, 0xf28dbc8d, 0x958e3e8e, 0x088fc88e, 0xa28f388f, 
    0x5890fe8f, 0xf690a390, 0x80913291, 0xea91a791, 0x3b921d92, 0xe2927d92, 0xa6932093, 0x7a941394, 0xda94a494, 0x75954395, 0xf395c195, 0xa1963796, 
    0x6997fb96, 0x3398cb97, 0x1999a798, 0xb0997099, 0x629a0c9a, 0x439bd19a, 0xc99b7f9b, 0x5c9c139c, 0xdd9c979c, 0x679d1d9d, 0xcf9dc39d, 0x869e209e, 
    0x5b9f009f, 0x1fa0a19f, 0xcfa077a0, 0xb8a124a1, 0x17a2c4a1, 0xb5a263a2, 0x73a3fca2, 0x42a4dda3, 0x3ca5aba4, 0x58a6c1a5, 0x3fa7cfa6, 0xefa788a7, 
    0x83a852a8, 0x68a9ffa8, 0xd4a985a9, 0xf4aa86aa, 0xa4ab5aab, 0x2eace9ab, 0xcfac7aac, 0x8ead44ad, 0xf7ada6ad, 0xafae65ae, 0x4eafffae, 0x28b0aaaf, 
    0xa4b055b0, 0x18b104b1, 0x3eb12cb1, 0x64b152b1, 0x8fb17bb1, 0x4cb2ecb1, 0x1fb3b7b2, 0xa2b370b3, 0x50b4fab3, 0x01b59db4, 0x90b577b5, 0x47b61db6, 
    0x7fb677b6, 0x8fb687b6, 0x9fb697b6, 0xafb6a7b6, 0xbfb6b7b6, 0xd0b6c8b6, 0xe0b6d8b6, 0xf3b6ebb6, 0xd9b765b7, 0x66b835b8, 0x20b9cdb8, 0x06ba85b9, 
    0xc8ba5cba, 0x9cbb32bb, 0x25bc1dbc, 0x02bdb5bc, 0xbfbd6ebd, 0xa6be38be, 0xf9bef9be, 0x7cbf01bf, 0x5ec0f7bf, 0x16c1a7c0, 0x3fc12dc1, 0x68c156c1, 
    0x93c180c1, 0xabc19fc1, 0xd4c1c2c1, 0x03c2ebc1, 0x2cc21ac2, 0x5bc243c2, 0x84c26dc2, 0xadc296c2, 0xd7c2bfc2, 0x00c3eec2, 0x2fc317c3, 0x58c341c3, 
    0x81c36ac3, 0xaac393c3, 0xc9c3bdc3, 0xecc3d5c3, 0x15c4fec3, 0x43c42cc4, 0x6bc454c4, 0x95c483c4, 0xbec4acc4, 0xe7c4d5c4, 0x15c5fec4, 0x3ec527c5, 
    0x68c556c5, 0x91c57fc5, 0xb5c5a3c5, 0x33c6c7c5, 0xefc6ddc6, 0x18c701c7, 0x46c72fc7, 0x6fc75dc7, 0x93c781c7, 0xb1c79fc7, 0xd5c7c3c7, 0xfec7e7c7, 
    0x8fc815c8, 0x35c923c9, 0x5ec947c9, 0x87c975c9, 0xb0c999c9, 0xd3c9c7c9, 0xfcc9e5c9, 0x20ca0eca, 0x44ca32ca, 0x68ca56ca, 0x85ca7aca, 0xa7ca90ca, 
    0xbfcab3ca, 0xedcad6ca, 0x05cbf9ca, 0x29cb17cb, 0x41cb35cb, 0x66cb56cb, 0x7ecb72cb, 0xa2cb90cb, 0xbacbaecb, 0xe3cbd1cb, 0x01ccefcb, 0x25cc13cc, 
    0x4acc37cc, 0x6fcc5dcc, 0x8dcc81cc, 0xabcc99cc, 0xceccbccc, 0xf7cce0cc, 0x19cd0dcd, 0x31cd25cd, 0x54cd3dcd, 0x71cd65cd, 0x89cd7dcd, 0xa7cd95cd, 
    0xc5cdb3cd, 0xe9cdd7cd, 0x0dcefbcd, 0x32ce1fce, 0x58ce45ce, 0xd2ce6bce, 0x5acf43cf, 0x88cf71cf, 0xb6cf9ecf, 0xdfcfcdcf, 0x0dd0f6cf, 0x35d024d0, 
    0x59d047d0, 0x87d070d0, 0xd1d0acd0, 0xf8d0e1d0, 0x21d10ad1, 0x4ad133d1, 0x69d15dd1, 0x8cd175d1, 0xb5d19ed1, 0xe3d1ccd1, 0x0bd2f4d1, 0x35d223d2, 
    0x5ed24cd2, 0x87d275d2, 0xb6d29fd2, 0xdfd2c8d2, 0x09d3f7d2, 0x2bd31ad3, 0xacd39ad3, 0xdad3c3d3, 0xfdd3ecd3, 0x1fd40ed4, 0xaed436d4, 0xd7d4c0d4, 
    0x00d5e9d4, 0x23d50cd5, 0x47d535d5, 0x69d55ed5, 0x96d57fd5, 0xb3d5a2d5, 0xd4d5bfd5, 0xf2d5e0d5, 0x10d6fed5, 0x34d622d6, 0x59d647d6, 0x76d665d6, 
    0xa4d68dd6, 0xc7d6b0d6, 0xe4d6d3d6, 0x02d7f0d6, 0x26d714d7, 0x4cd739d7, 0xccd7b5d7, 0xf9d7e2d7, 0x22d80bd8, 0x3ed833d8, 0x56d84ad8, 0x6ed862d8, 
    0x86d87ad8, 0xa9d8a1d8, 0xb9d8b1d8, 0xc9d8c1d8, 0xd9d8d1d8, 0xe9d8e1d8, 0xf9d8f1d8, 0x09d901d9, 0x29d911d9, 0x53d941d9, 0x77d965d9, 0xa2d988d9, 
    0xb2d9aad9, 0xc2d9bad9, 0x4ada32da, 0x73da61da, 0x97da85da, 0xc1daafda, 0x3fdb37db, 0x5fdb57db, 0x79db67db, 0x93db8bdb, 0xa3db9bdb, 0xbddbabdb, 
    0xcddbc5db, 0xdddbd5db, 0xeddbe5db, 0xfddbf5db, 0x0ddc05dc, 0x27dc1fdc, 0x82dc2fdc, 0x92dc8adc, 0xbbdca9dc, 0xcbdcc3dc, 0xebdce3dc, 0x0eddfddc, 
    0x3cdd25dd, 0x60dd4edd, 0x90dd78dd, 0xbedda7dd, 0xceddc6dd, 0xecdddadd, 0x06def4dd, 0x24de18de, 0x47de30de, 0x75de5ede, 0x94de8cde, 0xb4de9cde, 
    0xd8deccde, 0xf0dee4de, 0x08dffcde, 0x1cdf14df, 0x2cdf24df, 0x5adf43df, 0x74df62df, 0x9edf86df, 0xbddfb5df, 0xd7dfc5df, 0x01e0e9df, 0x20e009e0, 
    0x50e038e0, 0x7fe068e0, 0xa3e091e0, 0xd2e0bbe0, 0x01e1eae0, 0x11e109e1, 0x40e129e1, 0x6fe158e1, 0x92e181e1, 0xc1e1aae1, 0xf1e1d9e1, 0x20e209e2, 
    0x58e23ce2, 0x6ce260e2, 0x8ae278e2, 0xb4e29ce2, 0xe4e2cce2, 0x14e3fce2, 0x44e32ce3, 0x77e35ce3, 0xa5e392e3, 0xcbe3b8e3, 0xf1e3dee3, 0x17e404e4, 
    0x45e42ae4, 0x6ce460e4, 0x8ae478e4, 0xaee49ce4, 0xd8e4c0e4, 0x08e5f0e4, 0x38e520e5, 0x68e550e5, 0x9be580e5, 0xc8e5b6e5, 0xe6e5dae5, 0xfee5f2e5, 
    0x1ce60ae6, 0x46e62ee6, 0x76e65ee6, 0xa6e68ee6, 0xd6e6bee6, 0x09e7eee6, 0x3be724e7, 0x69e752e7, 0x97e780e7, 0xc5e7aee7, 0xe8e7dce7, 0x00e8f4e7, 
    0x1ee80ce8, 0x47e830e8, 0x75e85ee8, 0xa3e88ce8, 0xd1e8bae8, 0xf4e8e8e8, 0x0ce900e9, 0x2fe918e9, 0x53e941e9, 0x7ce964e9, 0x94e988e9, 0xace9a0e9, 
    0xc2e9b7e9, 0xdae9cee9, 0x4beae2e9, 0xf8eab4ea, 0xa1eb3ceb, 0x4eec00ec, 0xfceca0ec, 0x61ed59ed, 0x78ed6ded, 0x88ed80ed, 0x98ed90ed, 0xa8eda0ed, 
    0xb8edb0ed, 0xdcedcaed, 0x0aeef3ed, 0x3aee22ee, 0x6aee52ee, 0x9aee82ee, 0xcaeeb2ee, 0xfaeee2ee, 0x2aef12ef, 0x42ef36ef, 0x5aef4eef, 0x72ef66ef, 
    0x8aef7eef, 0xa8ef96ef, 0xcdefbcef, 0xf4efe8ef, 0x0cf000f0, 0x24f018f0, 0x43f030f0, 0x67f055f0, 0x7ff073f0, 0x97f08bf0, 0xaff0a3f0, 0xd4f0c2f0, 
    0xf1f0e5f0, 0x09f1fdf0, 0x21f115f1, 0x39f12df1, 0x51f145f1, 0x69f15df1, 0x81f175f1, 0x95f18df1, 0xa5f19df1, 0xb5f1adf1, 0xc5f1bdf1, 0xd5f1cdf1, 
    0xe5f1ddf1, 0xf5f1edf1, 0x15f2fdf1, 0x43f22cf2, 0x5df255f2, 0x7df265f2, 0x97f285f2, 0xb0f2a8f2, 0xc0f2b8f2, 0xdaf2c8f2, 0xeaf2e2f2, 0xfaf2f2f2, 
    0x0af302f3, 0x1af312f3, 0xecf39cf3, 0x5bf453f4, 0x79f467f4, 0x92f48af4, 0xaaf49ef4, 0xc2f4b6f4, 0xdaf4cef4, 0xf2f4e6f4, 0x0af5fef4, 0x22f516f5, 
    0x3af52ef5, 0x000046f5, 0x00000100, 0x12230200, 0xcefedf06, 0xf53c0f5f, 0x00081900, 0x00000000, 0x2e11f0c4, 0x00000000, 0xf95201d5, 0xd5fd24fa, 
    0x73080409, 0x09000000, 0x00000200, 0x00000000, 0x64008c03, 0x00000000, 0x00000000, 0x0000ea01, 0x0000ea01, 0x93008d01, 0x96000902, 0x33006104, 
    0x79006104, 0x7200f705, 0x7300df04, 0x88005401, 0x94005f02, 0x1c006f02, 0x1e005803, 0x49007f04, 0x5c007f01, 0x3d005f02, 0x9300b701, 0x2a000e03, 
    0x7d006104, 0xbb006104, 0x75006104, 0x67006104, 0x52006104, 0xb6006104, 0x80006104, 0x4d006104, 0x64006104, 0x67006104, 0x78006c01, 0x51006c01, 
    0x52001d04, 0x93007604, 0x72001d04, 0x5d007d03, 0x78006e07, 0x2100c704, 0xc800d304, 0x90002f05, 0xc8003c05, 0xc8008e04, 0xc8009404, 0xa8007e05, 
    0xc8009e05, 0xf0001602, 0x5a006504, 0xc8001405, 0xc8002104, 0xc800dc06, 0xc800a905, 0x85005405, 0xc800ce04, 0x85005405, 0xc3003c05, 0x6000bb04, 
    0x3700c804, 0xb9005505, 0x2300c704, 0x3d003f07, 0x3600c704, 0x2100c704, 0x5e00c804, 0xb500b701, 0x39000603, 0xf8ffb701, 0x5b005103, 0xffff4d03, 
    0x95001902, 0x5c003904, 0xaa006104, 0x61000f04, 0x7a006104, 0x57000804, 0x42008502, 0x79006304, 0xac006104, 0x9d00a601, 0x71ffbd01, 0xac00c903, 
    0xb900a601, 0xa1002c07, 0xac006104, 0x5a006704, 0xaa006104, 0x7a006104, 0xac00ad02, 0x6c00fb03, 0x26008802, 0xa8006104, 0x2b00d203, 0x53000e06, 
    0x3700d203, 0x2b00d203, 0x5700d203, 0x49009402, 0xb5009601, 0x00009402, 0xa0008405, 0x8e009601, 0x86005604, 0x5f007e04, 0x7200de05, 0x21000e04, 
    0xac008e01, 0x7300c704, 0xae008a03, 0x7b008206, 0xa7008203, 0x91008903, 0x7a004d04, 0x73008a06, 0x84002b03, 0x9c000f03, 0x48003504, 0x5600d802, 
    0x5000d802, 0x7e00ff01, 0xab006104, 0x6300b203, 0xb300d801, 0x5100ea01, 0x8300d802, 0x94009203, 0x80008103, 0x9100bb05, 0x7a00e405, 0x7c003206, 
    0x6c009003, 0x32001807, 0x62001c04, 0x85005405, 0xc800c304, 0xa4009f04, 0x5d00c706, 0xad009f04, 0x49008704, 0x57006104, 0xaa006104, 0x7a006104, 
    0x14006d05, 0xb5009601, 0xab003c04, 0x08002504, 0x1100f901, 0xc800aa05, 0xaa006104, 0x70005107, 0x5c008407, 0xae00a601, 0x9c00ac05, 0xa6ff8402, 
    0xa400ab05, 0x57006204, 0xb9005505, 0xa8006d04, 0x63ffa601, 0x57000804, 0x98001c03, 0x9200fc02, 0x84002b03, 0x93005903, 0x9c00a601, 0x72004a02, 
    0x4700d701, 0x5a003103, 0x92000f03, 0xbd008202, 0x18fd0000, 0xc2fd0000, 0xcafc0000, 0x7bfd0000, 0x37fc0000, 0x88fd0000, 0xd8000202, 0xc200a003, 
    0xb300d801, 0xc1006204, 0x3a008305, 0x85005405, 0x57002105, 0x70006104, 0xc8009e05, 0x39006104, 0x6400b605, 0x9c009405, 0x7a002905, 0x7a007d04, 
    0xc100bd04, 0x2b00d203, 0x57006104, 0x74006204, 0x2600ba03, 0xac006104, 0x9b009d04, 0xaa003502, 0x3e006104, 0x8900ee03, 0x3e00c304, 0xac006104, 
    0x7a004104, 0x57005d04, 0x49000304, 0xa8003104, 0x8c005505, 0x94005605, 0x98009a06, 0x92008d04, 0xc7ff5204, 0x27004c06, 0x4200e905, 0x90002d05, 
    0x36005108, 0xc300a108, 0x2e005d06, 0xc3009405, 0xc1000005, 0x5c009105, 0x1300d106, 0x6400c504, 0xc800a905, 0x22009405, 0x21000305, 0x4600b605, 
    0xb8009205, 0xc3002d05, 0xbc004a07, 0xbc005507, 0xdbff5106, 0xc1007006, 0xc100c704, 0x87002d05, 0xec006807, 0x5f00b004, 0x61006204, 0xb5006104, 
    0xac006303, 0x3b005804, 0x1b002606, 0x6d000b04, 0xac006104, 0xab00f803, 0x2c006204, 0xb500c405, 0xac006104, 0xac006104, 0x2800c203, 0x7a00cc05, 
    0xac006004, 0x75002b04, 0xac003a06, 0xac003806, 0x28001d05, 0xb500ce05, 0xb5003804, 0x7a004104, 0xb5007b06, 0x8b004d04, 0xe3ff6104, 0x70004104, 
    0x2200e406, 0xac00e406, 0xe3ff6104, 0xac006104, 0xb9002c07, 0xb9000207, 0xe9ff3804, 0xed002107, 0xb300ee05, 0x2200c804, 0x24002b04, 0xff000107, 
    0xd6000106, 0xa7003906, 0xa7006d05, 0xec004708, 0xb5000407, 0x99001904, 0x7000e403, 0x85005405, 0x57008104, 0x2300d104, 0x2b00df03, 0x85005405, 
    0x57006104, 0xb9002007, 0x9c00a306, 0xb9002c07, 0xb9000207, 0x9000ee04, 0x7a001804, 0x9c00c504, 0xdefc0000, 0x8dfc0000, 0x82fd0000, 0xaafd0000, 
    0x24fa0000, 0x24fa0000, 0xc8005c05, 0xac003904, 0xe9ff3804, 0xc1000105, 0xaa007f04, 0xc1006204, 0xac007103, 0xc1006004, 0xac00f103, 0x13000107, 
    0x1b000806, 0xc8001805, 0xab003b04, 0xc400c704, 0xab002704, 0x5e006006, 0x28000b05, 0xc8005205, 0xac003904, 0xc3005008, 0xac00e105, 0xb3001f08, 
    0xac00ad06, 0x8500f605, 0x7f00ae04, 0x3600d704, 0x3700bc03, 0x1200b806, 0x1a001905, 0xc300e504, 0x75000304, 0xc3002d05, 0xac006204, 0xc3002d05, 
    0x0a00e505, 0x0e00b304, 0xc400c704, 0xab001604, 0x22004c05, 0x2c003904, 0xc3009405, 0xac006104, 0xc8005105, 0xac003804, 0xc8008f06, 0xb5009d05, 
    0x9c00ac05, 0x7a008e04, 0x7a008e04, 0x92ff6204, 0x8aff6303, 0x3600d704, 0x3700bc03, 0x3f003504, 0x3f00ea05, 0x7a00da06, 0x31004c06, 0x2c002105, 
    0x72003f04, 0x6800fd03, 0x4000b707, 0x27006b06, 0xd2009b07, 0x9d009706, 0x9a00ec04, 0x86001304, 0x1f00a305, 0x41001605, 0x8a002d05, 0x22004d05, 
    0x2c003a04, 0x50004d02, 0x00001404, 0x00002908, 0x00001404, 0x00002908, 0x0000b902, 0x00000a02, 0x00005c01, 0x00007f04, 0x00003002, 0x0000a201, 
    0x00000001, 0x0000d100, 0x00000000, 0x3d005002, 0x3d005002, 0x9c002c05, 0x6d001906, 0x4d009b03, 0x65004001, 0x4d004001, 0x2f002c01, 0x64004001, 
    0x6000f401, 0x4d00f601, 0x2f00e101, 0x41006604, 0x52007504, 0x9b007b02, 0xb9007d03, 0xb900e704, 0x64003701, 0x7300f207, 0x6c005c02, 0x6a005c02, 
    0x41008903, 0x4100d802, 0x7c005d03, 0x63007e04, 0x2800f905, 0xcb008606, 0xc3004708, 0x28003c06, 0xaa000906, 0x48006104, 0x28002105, 0x3c00ae03, 
    0x3900c203, 0x78003a05, 0x2800f604, 0x7200dd05, 0x4e00a403, 0xc0001708, 0x6f00df04, 0x93000d05, 0x73001706, 0x9c00e106, 0x8d00b906, 0x7d006a06, 
    0x6a009404, 0xb400f604, 0x39008e04, 0xa3008f04, 0x4100f803, 0x8c00af08, 0x61ff0202, 0x65008204, 0x93007604, 0x4c001d04, 0x6a001d04, 0x44000c04, 
    0x9a00c301, 0x7d000902, 0x9700cb01, 0x42009204, 0x42002b04, 0x42002b04, 0x42006b06, 0x42006b06, 0x42008f04, 0x6c005d06, 0x00000000, 0x56002908, 
    0x5c003508, 0xc2009402, 0x5600d802, 0x8300d802, 0x5e00d802, 0x5500f203, 0x5800f203, 0x4500f203, 0x8400f203, 0xa200f203, 0x4800f203, 0x5c00f203, 
    0x6700f203, 0xa700f203, 0x7000f203, 0x50001d04, 0x1e001c04, 0x2e001f04, 0x34003906, 0x1d002004, 0x9d009304, 0x2e001c04, 0x52001104, 0xa6007b04, 
    0x71009804, 0xaa002504, 0x72009804, 0xaa00de04, 0xaa00e805, 0xaa009003, 0xaa005c04, 0x4b00c703, 0xcb00cc01, 0xaa00d604, 0x8e00b804, 0xaa00ed03, 
    0x52001104, 0x2300da03, 0x1e00a403, 0xaa00b303, 0x1d002004, 0x72009804, 0x1d002004, 0x50009e03, 0xaa00bb04, 0x3700d103, 0x72005705, 0x7200c904, 
    0x8800dd04, 0x1e003405, 0x7a007504, 0x23002c07, 0xaa003c07, 0x2e003f05, 0xaa00bb04, 0xaa002a04, 0x3b00ec04, 0x2b002806, 0x56002b04, 0xaa00e404, 
    0xb5003404, 0x23009e04, 0x1e000904, 0xaa00f204, 0x49002e04, 0xaa00dd05, 0xaa001406, 0x0000f304, 0xaa002e05, 0xaa001904, 0x73006e04, 0xaa001b06, 
    0x50005504, 0x14002804, 0x2b006706, 0xb5004f04, 0xb5005204, 0x00000305, 0x7200b005, 0x1e004404, 0x2e006104, 0x1e001006, 0x49002e04, 0xab002e04, 
    0x14006105, 0x5f008904, 0x56002b04, 0x72009804, 0x2300da03, 0x28009a03, 0xaa009607, 0x28008804, 0x5000d802, 0x4100d802, 0x7d00d802, 0x6b00d802, 
    0x4200d802, 0x5000d802, 0x4e00d802, 0x6c002b03, 0xaa00ea03, 0x5a003404, 0x7a009304, 0xc3003c05, 0xc8001405, 0xac00c903, 0xc8001405, 0xaa008004, 
    0x7a007504, 0xaa002804, 0x1c002204, 0x8f009001, 0x93009a03, 0xc9fc0000, 0xac009d03, 0x4b00cd02, 0xc3fff702, 0x72000404, 0x7200ff02, 0xaa00b303, 
    0x93006503, 0x93005d03, 0x5e00d802, 0x4100d802, 0x7d00d802, 0x6b00d802, 0x4200d802, 0x5000d802, 0x4e00d802, 0x82003805, 0x82008a05, 0x82009405, 
    0x82008a05, 0xc8005e05, 0xa000d503, 0x83008204, 0x0f006404, 0x3e00c904, 0x65006b04, 0xa7009a03, 0xb6009801, 0x7200ba06, 0x4a002e04, 0x63ffa601, 
    0x3d006104, 0x69006104, 0x14006104, 0x6f006104, 0x62006104, 0x3b006104, 0x7a006104, 0x67006104, 0x61006104, 0x2b016104, 0x63ffbd01, 0x63ffa601, 
    0xb5009601, 0xfcff9601, 0xb5009601, 0xaa002804, 0x5f008004, 0x8200f104, 0x3600d503, 0xaa005f04, 0x64002604, 0x64005f04, 0x64006204, 0x5a006704, 
    0xaa005f04, 0x64005f04, 0x57000804, 0x79006304, 0x8b008b03, 0x8a00df04, 0x08009003, 0x14001106, 0xaa00c103, 0x72009804, 0x4e00d504, 0xaa00de04, 
    0x0000ea01, 0x3d005f02, 0x3c005a05, 0x3c005a05, 0x1f007f04, 0x3700c804, 0x26008802, 0x2100c704, 0x2100c704, 0x2100c704, 0x2100c704, 0x2100c704, 
    0x2100c704, 0x2100c704, 0x90002f05, 0xc8008e04, 0xc8008e04, 0xc8008e04, 0xc8008e04, 0x3a001602, 0xe4001602, 0x13001602, 0xf9ff1602, 0xc800a905, 
    0x85005405, 0x85005405, 0x85005405, 0x85005405, 0x85005405, 0xb9005505, 0xb9005505, 0xb9005505, 0xb9005505, 0x2100c704, 0x5c003904, 0x5c003904, 
    0x5c003904, 0x5c003904, 0x5c003904, 0x5c003904, 0x5c003904, 0x61000f04, 0x57000804, 0x57000804, 0x57000804, 0x57000804, 0xffff9601, 0xa9009601, 
    0xd8ff9601, 0xbeff9601, 0xac006104, 0x5a006704, 0x5a006704, 0x5a006704, 0x5a006704, 0x5a006704, 0xa8006104, 0xa8006104, 0xa8006104, 0xa8006104, 
    0x2b00d203, 0x2b00d203, 0x2100c704, 0x5c003904, 0x2100c704, 0x5c003904, 0x2100c704, 0x5c003904, 0x90002f05, 0x61000f04, 0x90002f05, 0x61000f04, 
    0x90002f05, 0x61000f04, 0x90002f05, 0x61000f04, 0xc8003c05, 0x7a00f704, 0xc8008e04, 0x57000804, 0xc8008e04, 0x57000804, 0xc8008e04, 0x57000804, 
    0xc8008e04, 0x57000804, 0xc8008e04, 0x57000804, 0xa8007e05, 0x79006304, 0xa8007e05, 0x79006304, 0xa8007e05, 0x79006304, 0xa8007e05, 0x79006304, 
    0xc8009e05, 0xac006104, 0xd6ff1602, 0x9bff9601, 0xf4ff1602, 0xb9ff9601, 0xf5ff1602, 0xbaff9601, 0x36001602, 0xfdffa601, 0xd5001602, 0xf0007b06, 
    0x9d006303, 0x5a006504, 0x63ffa601, 0xc8001405, 0xac00c903, 0xc0002104, 0xae00a601, 0xc8002104, 0x7800a601, 0xc8002104, 0xb9003c02, 0xc8002104, 
    0xb9008202, 0xc800a905, 0xac006104, 0xc800a905, 0xac006104, 0xc800a905, 0xac006104, 0xe5ff6104, 0x85005405, 0x5a006704, 0x85005405, 0x5a006704, 
    0x85005405, 0x5a006704, 0xc3003c05, 0xac00ad02, 0xc3003c05, 0x6900ad02, 0xc3003c05, 0xa200ad02, 0x6000bb04, 0x6c00fb03, 0x6000bb04, 0x6c00fb03, 
    0x6000bb04, 0x6c00fb03, 0x6000bb04, 0x6c00fb03, 0x6000bb04, 0x6c00fb03, 0x3700c804, 0x26008802, 0x3700c804, 0x26008802, 0x3700c804, 0x2600b002, 
    0xb9005505, 0xa8006104, 0xb9005505, 0xa8006104, 0xb9005505, 0xa8006104, 0xb9005505, 0xa8006104, 0xb9005505, 0xa8006104, 0xb9005505, 0xa8006104, 
    0x3d003f07, 0x53000e06, 0x2100c704, 0x2b00d203, 0x2100c704, 0x5e00c804, 0x5700d203, 0x5e00c804, 0x5700d203, 0x5e00c804, 0x5700d203, 0x32001807, 
    0x5d00c706, 0x85005405, 0x57006104, 0xeaff8004, 0xeaff8004, 0x2e001c04, 0x1c002204, 0x1c002204, 0x1c002204, 0x1c002204, 0x1c002204, 0x1c002204, 
    0x1c002204, 0x7a007504, 0xaa00ea03, 0xaa00ea03, 0xaa00ea03, 0xaa00ea03, 0x1400cc01, 0xbe00cc01, 0xedffcc01, 0xd3ffcc01, 0xaa00de04, 0x72009804, 
    0x72009804, 0x72009804, 0x72009804, 0x72009804, 0x9d009304, 0x9d009304, 0x9d009304, 0x9d009304, 0x1e001c04, 0x1c002204, 0x1c002204, 0x1c002204, 
    0x7a007504, 0x7a007504, 0x7a007504, 0x7a007504, 0xaa008004, 0xaa00ea03, 0xaa00ea03, 0xaa00ea03, 0xaa00ea03, 0xaa00ea03, 0x8e00b804, 0x8e00b804, 
    0x8e00b804, 0x8e00b804, 0xaa00d604, 0xb0ffcc01, 0xceffcc01, 0xcfffcc01, 0x1000cc01, 0xaf00cc01, 0x4b00c703, 0xaa005c04, 0xa1009003, 0xaa009003, 
    0xaa009003, 0xaa009003, 0xaa00de04, 0xaa00de04, 0xaa00de04, 0x72009804, 0x72009804, 0x72009804, 0xa6007b04, 0xa6007b04, 0xa6007b04, 0x52001104, 
    0x52001104, 0x52001104, 0x52001104, 0x2e001c04, 0x2e001c04, 0x2e001c04, 0x9d009304, 0x9d009304, 0x9d009304, 0x9d009304, 0x9d009304, 0x9d009304, 
    0x34003906, 0x1e001c04, 0x1e001c04, 0x50001d04, 0x50001d04, 0x50001d04, 0x2100c704, 0x54ff8e04, 0x60ff9e05, 0x7aff1602, 0x1c006805, 0x52ff2b05, 
    0x30003d05, 0xabff3502, 0x2100c704, 0xc800d304, 0xc8008e04, 0x5e00c804, 0xc8009e05, 0xf0001602, 0xc8001405, 0xc800dc06, 0xc800a905, 0x85005405, 
    0xc800ce04, 0x3700c804, 0x2100c704, 0x3600c704, 0xf9ff1602, 0x2100c704, 0x7a007d04, 0x74006204, 0xac006104, 0x9e003502, 0xa8003104, 0xab003c04, 
    0x5a006704, 0xab006104, 0x2b00d203, 0x3700d203, 0xb1ff3502, 0xa8003104, 0x5a006704, 0xa8003104, 0x98009a06, 0xc8008e04, 0xc1006204, 0x6000bb04, 
    0xf0001602, 0xf9ff1602, 0x5a006504, 0xc8001405, 0xc8001405, 0x21000305, 0x2100c704, 0xc800d304, 0xc1006204, 0xc8008e04, 0xc800a905, 0xc800dc06, 
    0xc8009e05, 0x85005405, 0xc8009e05, 0xc800ce04, 0x90002f05, 0x3700c804, 0x3600c704, 0x5c003904, 0x57000804, 0xac006104, 0x5a006704, 0xaa006104, 
    0x61000f04, 0x2b00d203, 0x3700d203, 0x57000804, 0xac006303, 0x6c00fb03, 0x9d00a601, 0xbeff9601, 0x71ffbd01, 0xab00f803, 0x2b00d203, 0x3d003f07, 
    0x53000e06, 0x3d003f07, 0x53000e06, 0x3d003f07, 0x53000e06, 0x2100c704, 0x2b00d203, 0x88005401, 0x96000902, 0x93001a03, 0x63ffa601, 0x4d004001, 
    0xc800dc06, 0xa1002c07, 0x2100c704, 0x5c003904, 0xc8008e04, 0xc800a905, 0x57000804, 0xac006104, 0x9c009405, 0x94005605, 0x2300d104, 0x1900df03, 
    0x5a003908, 0x85002609, 0x6400c504, 0x6d000b04, 0x90002f05, 0x61000f04, 0x2100c704, 0x2b00d203, 0xf0001602, 0x1300d106, 0x1b002606, 0xf0001602, 
    0x2100c704, 0x5c003904, 0x2100c704, 0x5c003904, 0x32001807, 0x5d00c706, 0xc8008e04, 0x57000804, 0x9c00ac05, 0x57000804, 0x57000804, 0x1300d106, 
    0x1b002606, 0x6400c504, 0x6d000b04, 0xc800a905, 0xac006104, 0xc800a905, 0xac006104, 0x85005405, 0x5a006704, 0x85005405, 0x57008104, 0x85005405, 
    0x57008104, 0x87002d05, 0x7a004104, 0x21000305, 0x2b00d203, 0x21000305, 0x2b00d203, 0x21000305, 0x2b00d203, 0xc3002d05, 0x75002b04, 0xc1007006, 
    0xb500ce05, 0x7a006104, 0x2100c704, 0x5c003904, 0x2100c704, 0x5c003904, 0x2100c704, 0x5c003904, 0x2100c704, 0x5c003904, 0x2100c704, 0x5c003904, 
    0x2100c704, 0x5c003904, 0x2100c704, 0x5c003904, 0x2100c704, 0x5c003904, 0x2100c704, 0x5c003904, 0x2100c704, 0x5c003904, 0x2100c704, 0x5c003904, 
    0x2100c704, 0x5c003904, 0xc8008e04, 0x57000804, 0xc8008e04, 0x57000804, 0xc8008e04, 0x57000804, 0xc8008e04, 0x57000804, 0x96008e04, 0x57000804, 
    0xc8008e04, 0x57000804, 0xc8008e04, 0x57000804, 0xc8008e04, 0x57000804, 0xc5001602, 0x8a009601, 0xd0001602, 0x9600a601, 0x85005405, 0x5a006704, 
    0x85005405, 0x5a006704, 0x85005405, 0x5a006704, 0x85005405, 0x5a006704, 0x85005405, 0x5a006704, 0x85005405, 0x5a006704, 0x85005405, 0x5a006704, 
    0xa400ab05, 0x57006204, 0xa400ab05, 0x57006204, 0xa400ab05, 0x57006204, 0xa400ab05, 0x57006204, 0xa400ab05, 0x57006204, 0xb9005505, 0xa8006104, 
    0xb9005505, 0xa8006104, 0xb9005505, 0xa8006d04, 0xb9005505, 0xa8006d04, 0xb9005505, 0xa8006d04, 0xb9005505, 0xa8006d04, 0xb9005505, 0xa8006d04, 
    0x2100c704, 0x2b00d203, 0x2100c704, 0x2b00d203, 0x2100c704, 0x2b00d203, 0x7a007f04, 0x3700c804, 0x2800c203, 0xc3002d05, 0x75002b04, 0xc1006204, 
    0xac006303, 0x0a00e505, 0x0e00b304, 0xac006104, 0x2600c704, 0x2600c704, 0x53006204, 0x04006303, 0xefff2805, 0x2b00dd03, 0x2100c704, 0x2b00d203, 
    0x3600c704, 0x3700d203, 0x74006204, 0x21009404, 0x6d001906, 0x75006104, 0x67006104, 0x52006104, 0xb6006104, 0x94007504, 0x78008904, 0x67007504, 
    0x91008904, 0xa8007e05, 0x79006304, 0xc800a905, 0xac006104, 0x2100c704, 0x5c003904, 0xc2008e04, 0x57000804, 0x63ff1602, 0x28ff9601, 0x85005405, 
    0x5a006704, 0xb5003c05, 0xf4ffad02, 0xb9005505, 0x9b006104, 0x02ffb604, 0xc800d304, 0xaa006104, 0xc8003c05, 0x7a006104, 0xc8003c05, 0x7a006104, 
    0xc8009e05, 0xac006104, 0xc8001405, 0xac00c903, 0xc8001405, 0xac00c903, 0xc8002104, 0x9a00a601, 0xc800dc06, 0xa1002c07, 0xc800a905, 0xac006104, 
    0x85005405, 0xc800ce04, 0xaa006104, 0xc3003c05, 0x8b00ad02, 0x6000bb04, 0x6c00fb03, 0x3700c804, 0x26008802, 0xb9005505, 0x2300c704, 0x2b00d203, 
    0x2300c704, 0x2b00d203, 0x3d003f07, 0x53000e06, 0x5e00c804, 0x5700d203, 0xd5fe9a05, 0x1c002204, 0xb3ff2604, 0xbfff1205, 0xd4ff0802, 0x2500a204, 
    0x5dff5804, 0x6200e704, 0x1c002204, 0xaa002804, 0xaa00ea03, 0x50001d04, 0xaa00d604, 0xcb00cc01, 0xaa005c04, 0xaa00e805, 0xaa00de04, 0x72009804, 
    0xaa002504, 0x2e001c04, 0x1e001c04, 0x2e001f04, 0xd3ffcc01, 0x1e001c04, 0xaa00ea03, 0xaa00b303, 0x52001104, 0xcb00cc01, 0xd3ffcc01, 0x4b00c703, 
    0xaa005c04, 0x1e000904, 0x1c002204, 0xaa002804, 0xaa00b303, 0xaa00ea03, 0xaa00e404, 0xaa00e805, 0xaa00d604, 0x72009804, 0xaa00bb04, 0xaa002504, 
    0x7a007504, 0x2e001c04, 0x2e001f04, 0x56002b04, 0xaa00d604, 0x7a007504, 0x1e001c04, 0x14006105, 0xaa00e404, 0x1e000904, 0x72005705, 0xcb009305, 
    0x14001106, 0x72009804, 0x52001104, 0x34003906, 0x34003906, 0x34003906, 0x1e001c04, 0x2100c704, 0x5c003904, 0xc8008e04, 0x57000804, 0x1c002204, 
    0xaa00ea03, 0x96009601, 0x00000100, 0x0cfe6c07, 0x26090000, 0x40fe24fa, 0x01000409, 0x00000000, 0x00000000, 0x00000000, 0x0e050000, 0x59040300, 
    0x0500fa00, 0x9a050000, 0x00003305, 0x9a051f01, 0x00003305, 0x6600d103, 0x00000002, 0x00000002, 0x00000000, 0x00e00000, 0x0050ff02, 0x00005b20, 
    0x00002000, 0x4f470000, 0x4000474f, 0xfdff0000, 0x00fe0006, 0x9a076600, 0x00200002, 0x00009f01, 0x3a040000, 0x2000b005, 0x03002000, 0x01000000, 
    0x10050000, 0x00040a09, 0x02020200, 0x07050502, 0x03030205, 0x03020504, 0x05050302, 0x05050505, 0x05050505, 0x05050202, 0x05080405, 0x05060605, 
    0x02060605, 0x08050605, 0x06050606, 0x06050506, 0x05050805, 0x02030205, 0x05020404, 0x05050505, 0x02050503, 0x08020402, 0x05050505, 0x05030403, 
    0x04040704, 0x03020304, 0x05050206, 0x05020507, 0x04040704, 0x03040705, 0x02030305, 0x02020405, 0x06040403, 0x08040707, 0x05050605, 0x05050508, 
    0x02060505, 0x06020505, 0x02080805, 0x05060306, 0x05020506, 0x04040304, 0x04020302, 0x00000303, 0x00000000, 0x05020402, 0x05060606, 0x06060506, 
    0x04050506, 0x05040505, 0x04050205, 0x05050505, 0x06060505, 0x07050507, 0x0a090607, 0x06060607, 0x06060508, 0x06060606, 0x07070808, 0x05080605, 
    0x05040505, 0x04050507, 0x05050605, 0x05050704, 0x07060707, 0x05070505, 0x08080505, 0x08080505, 0x05070805, 0x07070805, 0x05080906, 0x05050604, 
    0x08050604, 0x06080807, 0x00000505, 0x00000000, 0x06050506, 0x05040505, 0x06070804, 0x07050505, 0x09050606, 0x07080907, 0x08040505, 0x06050606, 
    0x05070605, 0x05060505, 0x05060506, 0x05060607, 0x05040505, 0x08070504, 0x04050607, 0x07090709, 0x06060506, 0x03050606, 0x09050905, 0x05020203, 
    0x01010202, 0x06030300, 0x01010407, 0x02020101, 0x03050502, 0x09010604, 0x03040303, 0x07070504, 0x05070709, 0x06040406, 0x09040706, 0x08070605, 
    0x06050708, 0x0a040505, 0x05050502, 0x02020505, 0x05050502, 0x07050707, 0x03090900, 0x04030303, 0x04040404, 0x04040404, 0x05050504, 0x05050507, 
    0x05050505, 0x04070505, 0x05020405, 0x04050405, 0x05050404, 0x04050405, 0x06050506, 0x06080805, 0x07060505, 0x05050605, 0x07050605, 0x05060607, 
    0x05050705, 0x06050507, 0x07050506, 0x05060505, 0x04040505, 0x03030509, 0x03030303, 0x05040403, 0x04060605, 0x05050506, 0x00040205, 0x05030304, 
    0x04040403, 0x03030303, 0x06030303, 0x06060606, 0x05050504, 0x08020405, 0x05050205, 0x05050505, 0x05050505, 0x02020202, 0x06050502, 0x05050504, 
    0x05050505, 0x05040505, 0x05040704, 0x03020505, 0x05050606, 0x05050503, 0x05050505, 0x05050506, 0x02020205, 0x06060602, 0x06060606, 0x05060606, 
    0x05050505, 0x05050505, 0x05050505, 0x02020202, 0x05050505, 0x05050505, 0x04040505, 0x05050505, 0x05060505, 0x05060506, 0x06060506, 0x05050505, 
    0x05050505, 0x05060505, 0x05060506, 0x05060506, 0x02020202, 0x02020202, 0x05040702, 0x05040602, 0x05020502, 0x06030503, 0x06050605, 0x05060505, 
    0x05060506, 0x03060306, 0x04050306, 0x04050405, 0x04050405, 0x03050305, 0x05060305, 0x05060506, 0x05060506, 0x07080506, 0x05050405, 0x05040504, 
    0x06080804, 0x05050505, 0x05050505, 0x05050505, 0x04040404, 0x02020202, 0x05050505, 0x05050505, 0x05050505, 0x05050505, 0x04050505, 0x04040404, 
    0x05050505, 0x02020205, 0x05040202, 0x04040404, 0x05050505, 0x05050505, 0x05050505, 0x05050505, 0x05050505, 0x05070505, 0x05050505, 0x02060505, 
    0x02060606, 0x05050505, 0x08060206, 0x05050606, 0x05020505, 0x02050505, 0x05050505, 0x05020404, 0x05070505, 0x02020505, 0x06060605, 0x05050505, 
    0x06060806, 0x05060506, 0x05050505, 0x04050505, 0x04040504, 0x04020202, 0x08070804, 0x05070807, 0x03020204, 0x08080102, 0x06050505, 0x06060505, 
    0x0a090405, 0x05060505, 0x08020405, 0x05050207, 0x08080505, 0x05060505, 0x05070805, 0x06050605, 0x06050605, 0x06050605, 0x06040605, 0x06040604, 
    0x05070705, 0x05050505, 0x05050505, 0x05050505, 0x05050505, 0x05050505, 0x05050505, 0x05050505, 0x05050505, 0x05050505, 0x05050505, 0x02020202, 
    0x05060506, 0x05060506, 0x05060506, 0x05060506, 0x05060506, 0x05060506, 0x05060506, 0x05060506, 0x05060506, 0x04050506, 0x04050405, 0x06040505, 
    0x07040505, 0x05050505, 0x04060405, 0x04050405, 0x05070505, 0x05050505, 0x06050505, 0x05050605, 0x02050505, 0x06050602, 0x05050603, 0x05060505, 
    0x05060506, 0x04060406, 0x08080205, 0x05060506, 0x05030605, 0x06030504, 0x04050405, 0x04050708, 0x06050506, 0x06050502, 0x05040505, 0x07050205, 
    0x05050505, 0x05020505, 0x02050404, 0x05050402, 0x04040505, 0x05050706, 0x05050505, 0x05050505, 0x05060605, 0x05070606, 0x07070705, 0x05050505, 
    0x02040505, 0x02000000, 0x03000000, 0x14000000, 0x01000300, 0x14000000, 0x6e060400, 0xf4000000, 0x06008000, 0x00007400, 0x0d000200, 0xa0007e00, 
    0xad00ac00, 0xc600bf00, 0xe600cf00, 0xfe00ef00, 0x11010f01, 0x27012501, 0x53013001, 0x67015f01, 0x7f017e01, 0x92018f01, 0xb001a101, 0xff01f001, 
    0x37021b02, 0xbc025902, 0xc902c702, 0xf302dd02, 0x03030103, 0x0f030903, 0x8a032303, 0x92038c03, 0xb003a103, 0xc903b903, 0xd203ce03, 0x2504d603, 
    0x45042f04, 0x62044f04, 0x79046f04, 0x9f048604, 0xb104a904, 0xce04ba04, 0xe104d704, 0x0105f504, 0x13051005, 0x3f1e011e, 0xf11e851e, 0xf91ef31e, 
    0x09204d1f, 0x11200b20, 0x1e201520, 0x27202220, 0x33203020, 0x3c203a20, 0x74204420, 0xa4207f20, 0xac20aa20, 0xba20b120, 0x0521bd20, 0x16211321, 
    0x26212221, 0x5e212e21, 0x06220222, 0x12220f22, 0x1e221a22, 0x48222b22, 0x65226022, 0x02eeca25, 0x04fbc3f6, 0xfdfffffe, 0x0000ffff, 0x02000000, 
    0x20000d00, 0xa100a000, 0xae00ad00, 0xc700c000, 0xe700d000, 0xff00f000, 0x12011001, 0x28012601, 0x54013101, 0x68016001, 0x8f017f01, 0xa0019201, 
    0xf001af01, 0x1802fa01, 0x59023702, 0xc602bc02, 0xd802c902, 0x0003f302, 0x09030303, 0x23030f03, 0x8c038403, 0x93038e03, 0xb103a303, 0xca03ba03, 
    0xd603d103, 0x26040004, 0x46043004, 0x63045004, 0x7a047004, 0xa0048804, 0xb204aa04, 0xcf04bb04, 0xe204d804, 0x0205f604, 0x001e1105, 0x801e3e1e, 
    0xf21ea01e, 0x4d1ff41e, 0x0a200020, 0x13201020, 0x20201720, 0x30202520, 0x39203220, 0x44203c20, 0x7f207420, 0xa620a320, 0xb120ab20, 0xbc20b920, 
    0x13210521, 0x22211621, 0x2e212621, 0x02225b21, 0x0f220622, 0x1a221122, 0x2b221e22, 0x60224822, 0xca256422, 0xc3f601ee, 0xfffe01fb, 0xfffffcff, 
    0x00000100, 0xe4fff6ff, 0xc2ffd801, 0xc1ffcc01, 0xbf010000, 0xba010000, 0xb6010000, 0xb4010000, 0xb2010000, 0xaa010000, 0xac010000, 0x07ff16ff, 
    0xf8fe05ff, 0xee01ebfe, 0x00000000, 0x44fe65fe, 0xd8fd2301, 0xc9fdd7fd, 0xa8fdb4fd, 0xa2fda7fd, 0x8afd9dfd, 0xfeff0000, 0x0000fdff, 0x0afd0000, 
    0xdeff0000, 0xfbfcfefc, 0xbafc0000, 0xb2fc0000, 0xa7fc0000, 0xa1fc0000, 0x99fc0000, 0x91fc0000, 0x28ff0000, 0x25ff0000, 0x5efc0000, 0xe2e50000, 
    0x53e5a2e5, 0xe7e47ee5, 0x7de57ce5, 0x73e172e1, 0x00006fe1, 0x6be16ce1, 0x61e169e1, 0x59e1a9e3, 0x50e1a1e3, 0x17e121e1, 0xf2e00000, 0xede00000, 
    0xe5e0e6e0, 0x91e09ee0, 0x84e08fe0, 0x79e094df, 0xaadf4de0, 0x9edfacde, 0x96df9ddf, 0x87df93df, 0x54df6bdf, 0xeddb51df, 0xf70ab713, 0xc302bb06, 
    0x0100c701, 0x00000000, 0x00000000, 0x00000000, 0x00000000, 0x0000e400, 0x0000ee00, 0x00001801, 0x00003201, 0x00003201, 0x00003201, 0x00007401, 
    0x00000000, 0x00000000, 0x00000000, 0x7e017401, 0x00000000, 0x00000000, 0x00000000, 0x00000000, 0x00000000, 0x00000000, 0x00006c01, 0x74010000, 
    0x00009001, 0x0000a801, 0x00000000, 0x0000c001, 0x00000802, 0x00003002, 0x00005202, 0x00006202, 0x00008e02, 0x00009a02, 0x0000be02, 0x0000ce02, 
    0x0000e202, 0x00000000, 0x00000000, 0x00000000, 0x00000000, 0xd2020000, 0x00000000, 0x00000000, 0x00000000, 0x00000000, 0x00000000, 0x0000c202, 
    0x0000c202, 0x00000000, 0x00000000, 0x00000000, 0x00000000, 0x00000000, 0x00000000, 0x00000000, 0x00000000, 0x00000000, 0x00000000, 0x00000000, 
    0x00000000, 0x00000000, 0x80027f02, 0x82028102, 0x84028302, 0x7b028100, 0x90028f02, 0x92029102, 0x94029302, 0x83008200, 0x96029502, 0x98029702, 
    0x84009902, 0x9a028500, 0x9c029b02, 0x9e029d02, 0x86009f02, 0xaa028700, 0xac02ab02, 0xae02ad02, 0x8800af02, 0xb0028900, 0xb202b102, 0xb402b302, 
    0x7a028a00, 0x8c008b00, 0x8d007c02, 0xe402e302, 0xe602e502, 0xe802e702, 0xe9028e00, 0xeb02ea02, 0xed02ec02, 0xef02ee02, 0x8f00f002, 0xf1029000, 
    0xf302f202, 0xf502f402, 0xf702f602, 0x92009100, 0xf902f802, 0xfb02fa02, 0xfd02fc02, 0x94009300, 0x0d030c03, 0x11031003, 0x13031203, 0x7e027d02, 
    0xa0028502, 0x2c032b03, 0x2e032d03, 0x0b030a03, 0x0f030e03, 0xaf00ae00, 0xb0008603, 0x88038703, 0xb1008903, 0x9003b200, 0x92039103, 0x9303b300, 
    0xb4009403, 0x96039503, 0x9703b500, 0x9803b600, 0x9903b700, 0xb8009a03, 0xb9009b03, 0x9c03ba00, 0x9e039d03, 0xa0039f03, 0xa203a103, 0xc400a303, 
    0xa603a503, 0xa403c500, 0xc700c600, 0xc900c800, 0xcb00ca00, 0xa703cc00, 0xce00cd00, 0xad03e403, 0xae03d200, 0xaf03d300, 0xb103b003, 0xd400b203, 
    0xd600d500, 0xe503b403, 0xd700b503, 0xd800b603, 0xb803b703, 0xb903d900, 0xdb00da00, 0xba03dc00, 0xdd00b303, 0xbc03bb03, 0xbe03bd03, 0xc003bf03, 
    0xde00c103, 0xc203df00, 0xea00c303, 0xec00eb00, 0xc403ed00, 0xef00ee00, 0xc503f000, 0xf200f100, 0xf400f300, 0xf500c603, 0xc803c703, 0xc903f600, 
    0xca03f700, 0xcb03e603, 0xcc030201, 0xcd030301, 0xcf03ce03, 0x0401d003, 0x06010501, 0xe703d103, 0x0701d203, 0x09010801, 0xe8038104, 0x1701e903, 
    0x19011801, 0xea031a01, 0xed03eb03, 0x2801ec03, 0x2a012901, 0x80042b01, 0x2d012c01, 0x2f012e01, 0x82043001, 0x31018304, 0x33013201, 0xee033401, 
    0x3501ef03, 0x37013601, 0x84043801, 0xf0038504, 0x7704f103, 0xf2037804, 0x8604f303, 0x7f048704, 0x4d014c01, 0x7e047d04, 0xf503f403, 0x4e01f603, 
    0x50014f01, 0x52015101, 0x54015301, 0x79045501, 0x56017a04, 0x58015701, 0x00040104, 0x03040204, 0x05040404, 0x59010604, 0x7b045a01, 0x1b047c04, 
    0x5b011c04, 0x5d015c01, 0x88045e01, 0x5f018904, 0x8a041d04, 0x70016f01, 0x82018101, 0x8b048c04, 0x76049701, 0x00009d01, 0x4b2c00b0, 0x585009b0, 
    0x8e0101b1, 0xff01b859, 0x1d44b085, 0x5f0309b1, 0x01b02d5e, 0x4520202c, 0x01b04469, 0x02b02d60, 0x2a01b02c, 0x03b02d21, 0xb046202c, 0x52462503, 
    0x20592358, 0x498a208a, 0x46208a64, 0x64616820, 0x462504b0, 0x64616820, 0x65235852, 0x202f598a, 0x585300b0, 0x00b02069, 0xb0215854, 0x691b5940, 
    0x5400b020, 0x40b02158, 0x3a595965, 0x2c04b02d, 0x04b04620, 0x58524625, 0x20598a23, 0x616a2046, 0x2504b064, 0x616a2046, 0x23585264, 0xfd2f598a, 
    0x2c05b02d, 0x03b0204b, 0x51585026, 0x4480b058, 0x4440b01b, 0x21211b59, 0xc0b04520, 0xc0b05850, 0x59211b44, 0x06b02d59, 0x4520202c, 0x01b04469, 
    0x45202060, 0x4418697d, 0x2d6001b0, 0xb02c07b0, 0xb02d2a06, 0x204b2c08, 0x532603b0, 0x1b40b058, 0x8a5900b0, 0x03b0208a, 0x23585326, 0x8a80b021, 
    0x238a1b8a, 0x03b02059, 0x23585326, 0x8ac0b021, 0x238a1b8a, 0x03b02059, 0x23585326, 0x0001b821, 0x8a1b8a8a, 0xb0205923, 0x58532603, 0x01b82123, 
    0x1b8a8a40, 0x2059238a, 0x532603b0, 0x2503b058, 0x8001b845, 0x21235850, 0x238001b8, 0x03b01b21, 0x21234525, 0x1b592123, 0x2d445921, 0x4b2c09b0, 
    0x44455853, 0x5921211b, 0x2c0ab02d, 0x2d4522b0, 0xb02c0bb0, 0xb02d4523, 0x27b12c0c, 0x8a208801, 0x40b95853, 0x63000400, 0x880008b8, 0x00b95854, 
    0x70e80322, 0x23b01b59, 0x20b05853, 0x0010b888, 0x00b95854, 0x70e80322, 0x2d595959, 0xb02c0db0, 0x20b88840, 0xb1585a00, 0x1b440023, 0x032300b9, 
    0x2d5944e8, 0xb02b0cb0, 0xb2002b00, 0x2b020501, 0xd101b700, 0x385f85ab, 0xb72b0800, 0x96c0eb02, 0x0800386b, 0x9103b72b, 0x233a5c77, 0xb72b0800, 
    0x4b607604, 0x08001d36, 0x6605b72b, 0x1c2f4154, 0x002b0800, 0x070e06b2, 0x2000b02b, 0x18697d45, 0x0ab0b244, 0x50b27301, 0xb274010a, 0x74010a80, 
    0x010a70b2, 0x123fb275, 0x5fb27301, 0xb2730112, 0x7301127f, 0x01122fb2, 0x124fb274, 0x6fb27401, 0xb2740112, 0x7401128f, 0x0112afb2, 0x12ffb274, 
    0x1fb27401, 0xb2750112, 0x7501123f, 0x01125fb2, 0x127fb275, 0x0fb27501, 0xb2730116, 0x7501166f, 0x01167fb2, 0x16efb273, 0x1fb27301, 0xb2740116, 
    0x7401165f, 0x01168fb2, 0x16cfb274, 0xffb27401, 0xb2740116, 0x7501163f, 0x01182fb2, 0x186fb273, 0x3fb27301, 0x00730120, 0x36002a00, 0x4e003000, 
    0x6f006000, 0x14000000, 0x140060fe, 0x10009b02, 0x0d0039ff, 0x120097fe, 0x0b002103, 0x14003a04, 0x10008d04, 0x1400b005, 0x15001806, 0x1000c006, 
    0x12005b02, 0x05000407, 0x0100de06, 0x00000000, 0x0f000000, 0x0300ba00, 0x09040100, 0x5e000000, 0x03000000, 0x09040100, 0x16000100, 0x03005e00, 
    0x09040100, 0x0e000200, 0x03007400, 0x09040100, 0x16000300, 0x03005e00, 0x09040100, 0x16000400, 0x03005e00, 0x09040100, 0x26000500, 0x03008200, 
    0x09040100, 0x16000600, 0x0300a800, 0x09040100, 0x40000700, 0x0300be00, 0x09040100, 0x0c000900, 0x0300fe00, 0x09040100, 0x14000b00, 0x03000a01, 
    0x09040100, 0x26000c00, 0x03001e01, 0x09040100, 0x5c000d00, 0x03004401, 0x09040100, 0x54000e00, 0x0300a001, 0x09040100, 0x0c001000, 0x0300f401, 
    0x09040100, 0x08001100, 0x43000002, 0x70006f00, 0x72007900, 0x67006900, 0x74006800, 0x32002000, 0x31003000, 0x20003100, 0x6f004700, 0x67006f00, 
    0x65006c00, 0x49002000, 0x63006e00, 0x20002e00, 0x6c004100, 0x20006c00, 0x69005200, 0x68006700, 0x73007400, 0x52002000, 0x73006500, 0x72006500, 
    0x65007600, 0x2e006400, 0x6f005200, 0x6f006200, 0x6f007400, 0x54002000, 0x69006800, 0x52006e00, 0x67006500, 0x6c007500, 0x72006100, 0x65005600, 
    0x73007200, 0x6f006900, 0x20006e00, 0x2e003200, 0x33003100, 0x3b003700, 0x32002000, 0x31003000, 0x52003700, 0x62006f00, 0x74006f00, 0x2d006f00, 
    0x68005400, 0x6e006900, 0x6f005200, 0x6f006200, 0x6f007400, 0x69002000, 0x20007300, 0x20006100, 0x72007400, 0x64006100, 0x6d006500, 0x72006100, 
    0x20006b00, 0x66006f00, 0x47002000, 0x6f006f00, 0x6c006700, 0x2e006500, 0x6f004700, 0x67006f00, 0x65006c00, 0x6f004700, 0x67006f00, 0x65006c00, 
    0x63002e00, 0x6d006f00, 0x68004300, 0x69007200, 0x74007300, 0x61006900, 0x20006e00, 0x6f005200, 0x65006200, 0x74007200, 0x6f007300, 0x4c006e00, 
    0x63006900, 0x6e006500, 0x65007300, 0x20006400, 0x6e007500, 0x65006400, 0x20007200, 0x68007400, 0x20006500, 0x70004100, 0x63006100, 0x65006800, 
    0x4c002000, 0x63006900, 0x6e006500, 0x65007300, 0x20002c00, 0x65005600, 0x73007200, 0x6f006900, 0x20006e00, 0x2e003200, 0x68003000, 0x74007400, 
    0x3a007000, 0x2f002f00, 0x77007700, 0x2e007700, 0x70006100, 0x63006100, 0x65006800, 0x6f002e00, 0x67007200, 0x6c002f00, 0x63006900, 0x6e006500, 
    0x65007300, 0x2f007300, 0x49004c00, 0x45004300, 0x53004e00, 0x2d004500, 0x2e003200, 0x52003000, 0x62006f00, 0x74006f00, 0x54006f00, 0x69006800, 
    0x00006e00, 0x00000300, 0x00000000, 0x64006aff, 0x00000000, 0x00000000, 0x00000000, 0x00000000, 0x00000000, 0x02000100, 0x02000800, 0x0f00ffff, 
    0x02000100, 0x00000e00, 0x00000000, 0x02002802, 0x25005900, 0x01003e00, 0x5e004500, 0x79000100, 0x01007900, 0x81008100, 0x83000100, 0x01008300, 
    0x86008600, 0x89000100, 0x01008900, 0x96008b00, 0x98000100, 0x01009d00, 0xa400a400, 0xa8000100, 0x0300ad00, 0xb100b100, 0xba000100, 0x0100bb00, 
    0xbf00bf00, 0xc1000100, 0x0100c100, 0xc300c300, 0xc7000100, 0x0100c700, 0xcb00cb00, 0xcd000100, 0x0100ce00, 0xd100d000, 0xd3000100, 0x0100d300, 
    0xde00da00, 0xe1000100, 0x0100e100, 0xe500e500, 0xe7000100, 0x0100e900, 0xfb00eb00, 0xfd000100, 0x0100fd00, 0x0101ff00, 0x03010100, 0x01000301, 
    0x09010801, 0x16010100, 0x01001a01, 0x1c011c01, 0x20010100, 0x01002201, 0x25012401, 0x2a010300, 0x01002b01, 0x34013301, 0x36010100, 0x01003601, 
    0x3c013b01, 0x41010100, 0x01004401, 0x48014701, 0x4b010100, 0x01004d01, 0x51015101, 0x54010100, 0x01005801, 0x5e015d01, 0x62010100, 0x01006201, 
    0x64016401, 0x68010100, 0x01006801, 0x6c016a01, 0x6e010100, 0x01006e01, 0x70017001, 0xba010100, 0x0300ba01, 0xc101bb01, 0xd3010200, 0x0100e701, 
    0xeb01eb01, 0xf4010100, 0x0100f401, 0xf601f601, 0xfd010100, 0x0100ff01, 0x02020102, 0x04020100, 0x01000402, 0x08020802, 0x0a020100, 0x01000c02, 
    0x12021202, 0x17020100, 0x01001902, 0x1b021b02, 0x28020100, 0x01002802, 0x2b022b02, 0x2d020100, 0x01002d02, 0x32022f02, 0x5e020100, 0x01006202, 
    0xe2027a02, 0xe5020100, 0x01008b03, 0xa4038d03, 0xa6030100, 0x0100b203, 0xbd03b403, 0xbf030100, 0x0100da03, 0xde03de03, 0xe0030100, 0x0100e703, 
    0xeb03e903, 0xee030100, 0x0100f203, 0x7c04f403, 0x7f040100, 0x01007f04, 0x83048204, 0x85040100, 0x01008604, 0x8b048804, 0x95040100, 0x0100d004, 
    0xf104d204, 0xf3040100, 0x0100fa04, 0xfd04fc04, 0x07050100, 0x01000d05, 0x02000100, 0x0c000000, 0x2c000000, 0x0e000100, 0xa800a800, 0xa900a900, 
    0xaa00aa00, 0xab00ab00, 0xac00ac00, 0x25012401, 0x27012601, 0x05000100, 0xa4007900, 0xad00ad00, 0x0000ba01, 0x00000100, 0x32000a00, 0x04004c00, 
    0x544c4644, 0x79631a00, 0x1a006c72, 0x6b657267, 0x616c1a00, 0x1a006e74, 0x00000400, 0xffff0000, 0x00000200, 0x02000100, 0x70737063, 0x656b0e00, 
    0x14006e72, 0x01000000, 0x00000000, 0x01000100, 0x06000200, 0x01001002, 0x01000000, 0x01000800, 0x05000a00, 0x48002400, 0xfa000100, 0x0a000800, 
    0x15001400, 0x17001600, 0x19001800, 0x1b001a00, 0x1d001c00, 0x26002500, 0x28002700, 0x2a002900, 0x2c002b00, 0x2e002d00, 0x30002f00, 0x32003100, 
    0x34003300, 0x36003500, 0x38003700, 0x3a003900, 0x3c003b00, 0x3e003d00, 0x67006500, 0x83008100, 0x8c008400, 0x91008f00, 0xb1009300, 0xb300b200, 
    0xb500b400, 0xb700b600, 0xb900b800, 0xd200ba00, 0xd400d300, 0xd600d500, 0xd800d700, 0xda00d900, 0xdc00db00, 0xde00dd00, 0xe000df00, 0xe200e100, 
    0xe400e300, 0xe600e500, 0xe800e700, 0x2f01e900, 0x35013301, 0x39013701, 0x41013b01, 0x45014301, 0x4b014901, 0x58014c01, 0x97015901, 0xa2019d01, 
    0x7a02a501, 0x7d027b02, 0x80027f02, 0x82028102, 0x84028302, 0x86028502, 0x88028702, 0x8a028902, 0x8c028b02, 0x8e028d02, 0x90028f02, 0x92029102, 
    0x94029302, 0x96029502, 0x98029702, 0xb6029902, 0xba02b802, 0xbe02bc02, 0xc202c002, 0xc602c402, 0xca02c802, 0xce02cc02, 0xd202d002, 0xd602d402, 
    0xda02d802, 0xde02dc02, 0xe202e002, 0xe502e302, 0xe902e702, 0xed02eb02, 0xf102ef02, 0xf502f302, 0xfa02f802, 0xfe02fc02, 0x02030003, 0x06030403, 
    0x0a030803, 0x0e030c03, 0x12031003, 0x16031403, 0x1a031803, 0x1e031c03, 0x22032003, 0x25032403, 0x29032703, 0x2d032b03, 0x87038603, 0x89038803, 
    0x8b038a03, 0x8e038c03, 0x90038f03, 0x92039103, 0x94039303, 0x96039503, 0x98039703, 0x9a039903, 0x9c039b03, 0xad039d03, 0xaf03ae03, 0xb103b003, 
    0xb303b203, 0xb503b403, 0xb703b603, 0xb903b803, 0xbb03ba03, 0xbd03bc03, 0xbf03be03, 0xc103c003, 0xd303c203, 0xd703d503, 0xee03d903, 0xf203f003, 
    0x0d040704, 0x7d041304, 0x86048204, 0x09050705, 0x00000200, 0x0a000200, 0x0100183a, 0x0400f203, 0xf4010000, 0xc634ce07, 0xfc07c634, 0xfe365e08, 
    0xcc34ae37, 0x7a37cc39, 0x18386408, 0xb8371838, 0x18380238, 0xcc391838, 0x020c4438, 0x8a38d00c, 0x94395839, 0x8436de34, 0x460db239, 0x66385c37, 
    0x8c0d8c35, 0xc20e3a38, 0x3a383a38, 0x66388837, 0xc40f7c38, 0x26107639, 0x76393c35, 0x66384010, 0x8610cc39, 0xfe36c635, 0xfe36cc39, 0x06120811, 
    0xea130813, 0x76398c14, 0x9c149214, 0x86173a38, 0x6a1a7819, 0x861b701b, 0x921b8c1b, 0x921e8c1e, 0x021fcc1e, 0xa0358c1f, 0xbe21a035, 0x60221838, 
    0xde345e23, 0x1838c025, 0x42351838, 0x18381838, 0x96261838, 0x1838a035, 0x4028a035, 0x98290629, 0xe02afa29, 0x6e2b9635, 0x46333c35, 0x722d982b, 
    0x00316638, 0x24333a31, 0x66382433, 0xfa327032, 0x24332433, 0xfe362433, 0x58398837, 0x46337639, 0xc6356638, 0xde349635, 0xb8373c35, 0xb837b837, 
    0xde341838, 0x18383c35, 0xcc391838, 0xde349635, 0xc6343c35, 0xc6347033, 0xc634c634, 0x1234083a, 0x023a6034, 0xea39bc34, 0x023af039, 0xea39f039, 
    0xea39ea39, 0xae34ea39, 0xcc34f039, 0xcc39cc39, 0xcc39cc39, 0xfe368a38, 0xfe36fe36, 0xfe36fe36, 0xfe36fe36, 0x7a37cc34, 0x7a377a37, 0x18387a37, 
    0x18381838, 0x18381838, 0xcc39cc39, 0xcc39cc39, 0x8436cc39, 0x5c375c37, 0x5c375c37, 0x5c375c37, 0x8c355c37, 0x8c358c35, 0x3a388c35, 0x88378837, 
    0x88378837, 0x76398837, 0xfe367639, 0xfe365c37, 0xfe365c37, 0xcc345c37, 0xcc34cc34, 0xcc39cc34, 0x8c357a37, 0x8c357a37, 0x8c357a37, 0x8c357a37, 
    0x8c357a37, 0x3a381838, 0x18381838, 0x18381838, 0xb8371838, 0x02380238, 0x02380238, 0x3a381838, 0x3a381838, 0x3a381838, 0xcc393a38, 0xcc398837, 
    0xcc398837, 0x7c388837, 0x7c387c38, 0x8a388a38, 0x94398a38, 0x76398436, 0xb2398436, 0xb239b239, 0x023a023a, 0xf039083a, 0xf039f039, 0xf039f039, 
    0xf039f039, 0x023a023a, 0x023a023a, 0xf039023a, 0xf039f039, 0xea39023a, 0xbc34bc34, 0xbc34bc34, 0x023a023a, 0x083a023a, 0x7a37fe36, 0x18381838, 
    0x8436cc39, 0xae37fe36, 0xb2397a37, 0x18381838, 0x1838b837, 0xcc391838, 0x8a384438, 0xde348436, 0x84361838, 0x88373a38, 0x88377639, 0xc6357a37, 
    0x18381838, 0xb837b837, 0xfe364235, 0xc635ae37, 0x18387a37, 0xcc391838, 0xcc344438, 0xde348a38, 0x8c355c37, 0x66388837, 0x3c357639, 0x96358c35, 
    0x94397639, 0x94399439, 0x76398436, 0xc634c634, 0x1838c634, 0xfe363a38, 0x7a375c37, 0x58398c35, 0xcc347639, 0x76398436, 0xde341838, 0x18383c35, 
    0x5c37fe36, 0x5c37fe36, 0x8c357a37, 0x8c358c35, 0x3c35de34, 0x8837cc39, 0x66388837, 0x76394235, 0x76394235, 0x76394235, 0x5c37fe36, 0x5c37fe36, 
    0x5c37fe36, 0x5c37fe36, 0x5c37fe36, 0x5c37fe36, 0x5c37fe36, 0x5c37fe36, 0x5c37fe36, 0x5c37fe36, 0x5c37fe36, 0x5c37fe36, 0x8c357a37, 0x8c357a37, 
    0x8c357a37, 0x8c357a37, 0x8c357a37, 0x8c357a37, 0x8c357a37, 0x8c357a37, 0x18381838, 0x8837cc39, 0x8837cc39, 0x8837cc39, 0x8837cc39, 0x8837cc39, 
    0x8837cc39, 0x8837cc39, 0x84368837, 0x84367639, 0x84367639, 0x8a387639, 0x9635c635, 0xa0353a38, 0xb837c635, 0x18388436, 0xfe363a38, 0x7a375c37, 
    0xcc391838, 0x7c388837, 0x6638ae37, 0xcc39cc39, 0x3a381838, 0xb837b837, 0x18380238, 0x18383a38, 0xcc393a38, 0x66384438, 0x8a387c38, 0x76395839, 
    0x76395839, 0xb2399439, 0xf039cc39, 0xf039023a, 0x083aea39, 0xf039ea39, 0x083a023a, 0xa4000200, 0x04000400, 0x06000000, 0x01000600, 0x0c000b00, 
    0x13000200, 0x04001300, 0x2a002500, 0x2c000500, 0x0b002d00, 0x36002f00, 0x38000d00, 0x15003800, 0x3f003a00, 0x45001600, 0x1c004600, 0x4a004900, 
    0x4c001e00, 0x20004c00, 0x4f004f00, 0x51002100, 0x22005400, 0x56005600, 0x58002600, 0x27005800, 0x5d005a00, 0x5f002800, 0x2c005f00, 0x8a008a00, 
    0x96002d00, 0x2e009600, 0x9d009d00, 0xb1002f00, 0x3000b500, 0xb900b700, 0xbb003500, 0x3800bb00, 0xbe00bd00, 0xc0003900, 0x3b00c100, 0xc500c300, 
    0xc7003d00, 0x4000ce00, 0xd200d200, 0xd4004800, 0x4900de00, 0xef00e000, 0xf1005400, 0x6400f100, 0xf800f600, 0xfb006500, 0x6800fc00, 0x0001fe00, 
    0x03016a00, 0x6d000501, 0x0a010a01, 0x0d017000, 0x71000d01, 0x1a011801, 0x22017200, 0x75002201, 0x30012e01, 0x33017600, 0x79003501, 0x37013701, 
    0x39017c00, 0x7d003901, 0x3b013b01, 0x43017e00, 0x7f004401, 0x54015401, 0x56018100, 0x82005601, 0x58015801, 0x5c018300, 0x84005e01, 0x85018401, 
    0x87018700, 0x89008901, 0xd901d901, 0xdb018c00, 0x8d00dc01, 0xde01de01, 0xe1018f00, 0x9000e201, 0xee01ec01, 0x00029200, 0x95000002, 0x11020f02, 
    0x2f029600, 0x99002f02, 0x32023202, 0x45029a00, 0x9b004602, 0x49024902, 0x7a029d00, 0x9e007b02, 0x7d027d02, 0x7f02a000, 0xa1009402, 0xa0029902, 
    0xa202b700, 0xbf00a502, 0xaf02aa02, 0xb402c300, 0xc900bc02, 0xbe02be02, 0xc002d200, 0xd300c002, 0xc202c202, 0xc402d400, 0xd500c402, 0xcf02c602, 
    0xd802d600, 0xe000da02, 0xdc02dc02, 0xde02e300, 0xe400de02, 0xe002e002, 0xe202e500, 0xe600e202, 0xe702e702, 0xe902e700, 0xe800e902, 0xeb02eb02, 
    0xed02e900, 0xea00ed02, 0xef02ef02, 0xf102eb00, 0xec00fd02, 0xff02ff02, 0x0103f900, 0xfa000103, 0x03030303, 0x0e03fb00, 0xfc000e03, 0x10031003, 
    0x1203fd00, 0xfe001203, 0x20032003, 0x2203ff00, 0x00012503, 0x27032703, 0x29030401, 0x05012903, 0x38032f03, 0x43030601, 0x10014703, 0x4f034d03, 
    0x54031501, 0x18015403, 0x69036503, 0x6d031901, 0x1e016f03, 0x78037803, 0x86032101, 0x22018b03, 0x9d038e03, 0xa0032801, 0x3801a003, 0xa403a403, 
    0xa6033901, 0x3a01a603, 0xaa03aa03, 0xad033b01, 0x3c01ae03, 0xb103b003, 0xb3033e01, 0x4001b903, 0xbd03bb03, 0xbf034701, 0x4a01c403, 0xc703c603, 
    0xc9035001, 0x5201cc03, 0xd303d203, 0xd5035601, 0x5801d503, 0xd703d703, 0xd9035901, 0x5a01dc03, 0xe403df03, 0xe6035e01, 0x6401e603, 0xeb03ea03, 
    0xf0036501, 0x6701f003, 0xfb03f203, 0xfe036801, 0x7201ff03, 0x04040104, 0x0b047401, 0x78010c04, 0x10041004, 0x12047a01, 0x7b011804, 0x46041e04, 
    0x48048201, 0xab014804, 0x57044a04, 0x5f04ac01, 0xba015f04, 0x75047004, 0x7704bb01, 0xc1017704, 0x7c047b04, 0x7f04c201, 0xc4017f04, 0x82048104, 
    0x8404c501, 0xc7018404, 0x86048604, 0x9704c801, 0xc9019b04, 0x9d049d04, 0x9f04ce01, 0xcf01a004, 0xa204a204, 0xa604d101, 0xd201a804, 0xaa04aa04, 
    0xac04d501, 0xd601ae04, 0xb004b004, 0xb204d901, 0xda01b204, 0xba04b404, 0xbc04db01, 0xe201bc04, 0xbf04bf04, 0xc204e301, 0xe401c604, 0xc804c804, 
    0xca04e901, 0xea01cb04, 0xcf04cf04, 0xd204ec01, 0xed01d204, 0xd804d804, 0xdd04ee01, 0xef01dd04, 0xe804e804, 0xea04f001, 0xf101ea04, 0xf104f104, 
    0xf504f201, 0xf301f504, 0x38000b00, 0xd200d8ff, 0xd600d8ff, 0x3901d8ff, 0x4501d8ff, 0x0e03d8ff, 0x1003d8ff, 0x1203d8ff, 0xc103d8ff, 0x7704d8ff, 
    0xbf04d8ff, 0x1800d8ff, 0x14003a00, 0x12003b00, 0x16003d00, 0x14001901, 0x16009902, 0x12002003, 0x16002203, 0x16002403, 0x16008b03, 0x16009a03, 
    0x16009d03, 0x1200d303, 0x1200d503, 0x1200d703, 0x1600d903, 0x1400ea03, 0x1600f203, 0x16007004, 0x16007204, 0x16007404, 0x16008604, 0x1400c204, 
    0x1400c404, 0x1200c604, 0x13000100, 0xe70020ff, 0x16ff1000, 0x16ff1200, 0x56ff2500, 0xf8fe2e00, 0x14003800, 0xdeff4500, 0xebff4700, 0xebff4800, 
    0xebff4900, 0xebff4b00, 0xebff5300, 0xebff5500, 0xe6ff5600, 0xeaff5900, 0xe8ff5a00, 0xe8ff5d00, 0xebff9400, 0xebff9900, 0xeaff9b00, 0x56ffb200, 
    0x56ffb400, 0xebffbb00, 0xe8ffbd00, 0xebffc800, 0xebffc900, 0xeaffcb00, 0x1400d200, 0x1400d600, 0xebfff700, 0xebff0301, 0x56ff0d01, 0xebff1801, 
    0xe8ff1a01, 0xebff1e01, 0xebff2201, 0x14003901, 0xebff4201, 0x14004501, 0xebff6001, 0xebff6101, 0xebff6b01, 0x16ff8601, 0x16ff8a01, 0x16ff8e01, 
    0x16ff8f01, 0xc0ffec01, 0xc0ffee01, 0xc0ff3202, 0x56ff7f02, 0x56ff8002, 0x56ff8102, 0x56ff8202, 0x56ff8302, 0x56ff8402, 0x56ff8502, 0xdeff9a02, 
    0xdeff9b02, 0xdeff9c02, 0xdeff9d02, 0xdeff9e02, 0xdeff9f02, 0xdeffa002, 0xebffa102, 0xebffa202, 0xebffa302, 0xebffa402, 0xebffa502, 0xebffab02, 
    0xebffac02, 0xebffad02, 0xebffae02, 0xebffaf02, 0xeaffb002, 0xeaffb102, 0xeaffb202, 0xeaffb302, 0xe8ffb402, 0xe8ffb502, 0x56ffb602, 0xdeffb702, 
    0x56ffb802, 0xdeffb902, 0x56ffba02, 0xdeffbb02, 0xebffbd02, 0xebffbf02, 0xebffc102, 0xebffc302, 0xebffc502, 0xebffc702, 0xebffc902, 0xebffcb02, 
    0xebffcd02, 0xebffcf02, 0xebffd102, 0xebffd302, 0xebffd502, 0xebffd702, 0xf8fee502, 0xebfff902, 0xebfffb02, 0xebfffd02, 0x14000e03, 0x14001003, 
    0x14001203, 0xeaff1503, 0xeaff1703, 0xeaff1903, 0xeaff1b03, 0xeaff1d03, 0xeaff1f03, 0xe8ff2303, 0xc0ff3203, 0xc0ff3303, 0xc0ff3403, 0xc0ff3503, 
    0xc0ff3603, 0xc0ff3703, 0xc0ff3803, 0xc0ff4d03, 0xc0ff4e03, 0xc0ff4f03, 0x56ff8603, 0x56ff8e03, 0xebff9e03, 0xeaffa203, 0xebffa403, 0xe8ffa603, 
    0xeaffa903, 0xebffaa03, 0xeaffab03, 0xf8feb203, 0x56ffb603, 0x1400c103, 0xdeffc303, 0xebffc403, 0xebffc603, 0xebffc803, 0xe8ffc903, 0xebffcb03, 
    0xe8ffd203, 0xe8ffda03, 0x56ffe203, 0xdeffe303, 0xebffe603, 0xe8ffeb03, 0xebffec03, 0xebfff103, 0xe8fff303, 0x56fff803, 0xdefff903, 0x56fffa03, 
    0xdefffb03, 0xebffff03, 0xebff0104, 0xebff0204, 0xebff0c04, 0xebff0e04, 0xebff1004, 0xe8ff1404, 0xe8ff1604, 0xe8ff1804, 0xebff1d04, 0x56ff1e04, 
    0xdeff1f04, 0x56ff2004, 0xdeff2104, 0x56ff2204, 0xdeff2304, 0x56ff2404, 0xdeff2504, 0x56ff2604, 0xdeff2704, 0x56ff2804, 0xdeff2904, 0x56ff2a04, 
    0xdeff2b04, 0x56ff2c04, 0xdeff2d04, 0x56ff2e04, 0xdeff2f04, 0x56ff3004, 0xdeff3104, 0x56ff3204, 0xdeff3304, 0x56ff3404, 0xdeff3504, 0xebff3704, 
    0xebff3904, 0xebff3b04, 0xebff3d04, 0xebff3f04, 0xebff4104, 0xebff4304, 0xebff4504, 0xebff4b04, 0xebff4d04, 0xebff4f04, 0xebff5104, 0xebff5304, 
    0xebff5504, 0xebff5704, 0xebff5904, 0xebff5b04, 0xebff5d04, 0xebff5f04, 0xebff6104, 0xeaff6304, 0xeaff6504, 0xeaff6704, 0xeaff6904, 0xeaff6b04, 
    0xeaff6d04, 0xeaff6f04, 0xe8ff7104, 0xe8ff7304, 0xe8ff7504, 0x14007704, 0x56ff9904, 0xdeff9a04, 0xebff9c04, 0xebffa004, 0xeaffa404, 0xebffa904, 
    0xebffab04, 0x1400bf04, 0xe8ffc304, 0xe8ffc504, 0xc0ffcb04, 0xc0ffd204, 0xc0ffea04, 0x38003300, 0x3a00d5ff, 0x3b00e4ff, 0x3d00ecff, 0xd200ddff, 
    0xd600d5ff, 0x1901d5ff, 0x3901e4ff, 0x4501d5ff, 0xec01d5ff, 0xee010e00, 0x32020e00, 0x99020e00, 0x0e03ddff, 0x1003d5ff, 0x1203d5ff, 0x2003d5ff, 
    0x2203ecff, 0x2403ddff, 0x3203ddff, 0x33030e00, 0x34030e00, 0x35030e00, 0x36030e00, 0x37030e00, 0x38030e00, 0x4d030e00, 0x4e030e00, 0x4f030e00, 
    0x8b030e00, 0x9a03ddff, 0x9d03ddff, 0xc103ddff, 0xd303d5ff, 0xd503ecff, 0xd703ecff, 0xd903ecff, 0xea03ddff, 0xf203e4ff, 0x7004ddff, 0x7204ddff, 
    0x7404ddff, 0x7704ddff, 0x8604d5ff, 0xbf04ddff, 0xc204d5ff, 0xc404e4ff, 0xc604e4ff, 0xcb04ecff, 0xd2040e00, 0xea040e00, 0x1d000e00, 0xb0ff3800, 
    0xedff3a00, 0xd0ff3d00, 0xb0ffd200, 0xb0ffd600, 0xedff1901, 0xb0ff3901, 0xb0ff4501, 0xd0ff9902, 0xb0ff0e03, 0xb0ff1003, 0xb0ff1203, 0xd0ff2203, 
    0xd0ff2403, 0xd0ff8b03, 0xd0ff9a03, 0xd0ff9d03, 0xb0ffc103, 0xd0ffd903, 0xedffea03, 0xd0fff203, 0xd0ff7004, 0xd0ff7204, 0xd0ff7404, 0xb0ff7704, 
    0xd0ff8604, 0xb0ffbf04, 0xedffc204, 0xedffc404, 0x2e001100, 0x3900eeff, 0x9502eeff, 0x9602eeff, 0x9702eeff, 0x9802eeff, 0xe502eeff, 0x1403eeff, 
    0x1603eeff, 0x1803eeff, 0x1a03eeff, 0x1c03eeff, 0x1e03eeff, 0xb203eeff, 0x6204eeff, 0x6404eeff, 0xc104eeff, 0x4d00eeff, 0x10000600, 0x10000b00, 
    0x14000d00, 0x12004100, 0xe8ff4700, 0xe8ff4800, 0xe8ff4900, 0xe8ff4b00, 0xe8ff5500, 0x13006100, 0xe8ff9400, 0xe8ff9900, 0xe8ffbb00, 0xe8ffc800, 
    0xe8ffc900, 0xe8fff700, 0xe8ff0301, 0xe8ff1e01, 0xe8ff2201, 0xe8ff4201, 0xe8ff6001, 0xe8ff6101, 0xe8ff6b01, 0x10008401, 0x10008501, 0x10008701, 
    0x10008801, 0x10008901, 0xe8ffa102, 0xe8ffa202, 0xe8ffa302, 0xe8ffa402, 0xe8ffa502, 0xe8ffbd02, 0xe8ffbf02, 0xe8ffc102, 0xe8ffc302, 0xe8ffc502, 
    0xe8ffc702, 0xe8ffc902, 0xe8ffcb02, 0xe8ffcd02, 0xe8ffcf02, 0xe8ffd102, 0xe8ffd302, 0xe8ffd502, 0xe8ffd702, 0xe8ff9e03, 0xe8ffc403, 0xe8ffc803, 
    0xe8ffcb03, 0x1000db03, 0x1000dc03, 0x1000df03, 0xe8ffe603, 0xe8ffec03, 0xe8fff103, 0xe8ffff03, 0xe8ff0104, 0xe8ff0204, 0xe8ff0e04, 0xe8ff1d04, 
    0xe8ff3704, 0xe8ff3904, 0xe8ff3b04, 0xe8ff3d04, 0xe8ff3f04, 0xe8ff4104, 0xe8ff4304, 0xe8ff4504, 0xe8ff5904, 0xe8ff5b04, 0xe8ff5d04, 0xe8ff6104, 
    0xe8ff9c04, 0xe8ffa904, 0xe8ffab04, 0x47004000, 0x4800ecff, 0x4900ecff, 0x4b00ecff, 0x5500ecff, 0x9400ecff, 0x9900ecff, 0xbb00ecff, 0xc800ecff, 
    0xc900ecff, 0xf700ecff, 0x0301ecff, 0x1e01ecff, 0x2201ecff, 0x4201ecff, 0x6001ecff, 0x6101ecff, 0x6b01ecff, 0xa102ecff, 0xa202ecff, 0xa302ecff, 
    0xa402ecff, 0xa502ecff, 0xbd02ecff, 0xbf02ecff, 0xc102ecff, 0xc302ecff, 0xc502ecff, 0xc702ecff, 0xc902ecff, 0xcb02ecff, 0xcd02ecff, 0xcf02ecff, 
    0xd102ecff, 0xd302ecff, 0xd502ecff, 0xd702ecff, 0x9e03ecff, 0xc403ecff, 0xc803ecff, 0xcb03ecff, 0xe603ecff, 0xec03ecff, 0xf103ecff, 0xff03ecff, 
    0x0104ecff, 0x0204ecff, 0x0e04ecff, 0x1d04ecff, 0x3704ecff, 0x3904ecff, 0x3b04ecff, 0x3d04ecff, 0x3f04ecff, 0x4104ecff, 0x4304ecff, 0x4504ecff, 
    0x5904ecff, 0x5b04ecff, 0x5d04ecff, 0x6104ecff, 0x9c04ecff, 0xa904ecff, 0xab04ecff, 0x1800ecff, 0xecff5300, 0xecff1801, 0xecffab02, 0xecffac02, 
    0xecffad02, 0xecffae02, 0xecffaf02, 0xecfff902, 0xecfffb02, 0xecfffd02, 0xecffa403, 0xecffaa03, 0xecffc603, 0xecff0c04, 0xecff1004, 0xecff4b04, 
    0xecff4d04, 0xecff4f04, 0xecff5104, 0xecff5304, 0xecff5504, 0xecff5704, 0xecff5f04, 0xecffa004, 0x10000600, 0x120084ff, 0x860184ff, 0x8a0184ff, 
    0x8e0184ff, 0x8f0184ff, 0x110084ff, 0xecff2e00, 0xecff3900, 0xecff9502, 0xecff9602, 0xecff9702, 0xecff9802, 0xecffe502, 0xecff1403, 0xecff1603, 
    0xecff1803, 0xecff1a03, 0xecff1c03, 0xecff1e03, 0xecffb203, 0xecff6204, 0xecff6404, 0xecffc104, 0x06002000, 0x0b00f2ff, 0x5a00f2ff, 0x5d00f3ff, 
    0xbd00f3ff, 0xf600f3ff, 0x1a01f5ff, 0x8401f3ff, 0x8501f2ff, 0x8701f2ff, 0x8801f2ff, 0x8901f2ff, 0xb402f2ff, 0xb502f3ff, 0x2303f3ff, 0xa603f3ff, 
    0xc903f3ff, 0xd203f3ff, 0xda03f3ff, 0xdb03f3ff, 0xdc03f2ff, 0xdf03f2ff, 0xeb03f2ff, 0xf303f3ff, 0x1404f3ff, 0x1604f3ff, 0x1804f3ff, 0x7104f3ff, 
    0x7304f3ff, 0x7504f3ff, 0xc304f3ff, 0xc504f3ff, 0x3f00f3ff, 0xf3ff2700, 0xf3ff2b00, 0xf3ff3300, 0xf3ff3500, 0xf3ff8300, 0xf3ff9300, 0xf3ff9800, 
    0xf3ffb300, 0x0d00c400, 0xf3ffd300, 0xf3ff0801, 0xf3ff1701, 0xf3ff1b01, 0xf3ff1d01, 0xf3ff1f01, 0xf3ff2101, 0xf3ff4101, 0xf3ff6a01, 0xf3ff4502, 
    0xf3ff4602, 0xf3ff4702, 0xf3ff4802, 0xf3ff8602, 0xf3ff9002, 0xf3ff9102, 0xf3ff9202, 0xf3ff9302, 0xf3ff9402, 0xf3ffbc02, 0xf3ffbe02, 0xf3ffc002, 
    0xf3ffc202, 0xf3ffd002, 0xf3ffd202, 0xf3ffd402, 0xf3ffd602, 0xf3fff802, 0xf3fffa02, 0xf3fffc02, 0xf3ff2d03, 0xf3ff8a03, 0xf3ff9703, 0xf3ffbd03, 
    0xf3ffc003, 0xf3ffed03, 0xf3fff003, 0xf3ff0b04, 0xf3ff0d04, 0xf3ff0f04, 0xf3ff4a04, 0xf3ff4c04, 0xf3ff4e04, 0xf3ff5004, 0xf3ff5204, 0xf3ff5404, 
    0xf3ff5604, 0xf3ff5804, 0xf3ff5a04, 0xf3ff5c04, 0xf3ff5e04, 0xf3ff6004, 0xf3ff9f04, 0xf3ffb804, 0x27004000, 0x2b00e6ff, 0x3300e6ff, 0x3500e6ff, 
    0x8300e6ff, 0x9300e6ff, 0x9800e6ff, 0xb300e6ff, 0xb800e6ff, 0xc400c2ff, 0xd3001000, 0x0801e6ff, 0x1701e6ff, 0x1b01e6ff, 0x1d01e6ff, 0x1f01e6ff, 
    0x2101e6ff, 0x4101e6ff, 0x6a01e6ff, 0x4502e6ff, 0x4602e6ff, 0x4702e6ff, 0x4802e6ff, 0x8602e6ff, 0x9002e6ff, 0x9102e6ff, 0x9202e6ff, 0x9302e6ff, 
    0x9402e6ff, 0xbc02e6ff, 0xbe02e6ff, 0xc002e6ff, 0xc202e6ff, 0xd002e6ff, 0xd202e6ff, 0xd402e6ff, 0xd602e6ff, 0xf802e6ff, 0xfa02e6ff, 0xfc02e6ff, 
    0x2d03e6ff, 0x8a03e6ff, 0x9703e6ff, 0xbd03e6ff, 0xc003e6ff, 0xed03e6ff, 0xf003e6ff, 0x0b04e6ff, 0x0d04e6ff, 0x0f04e6ff, 0x4a04e6ff, 0x4c04e6ff, 
    0x4e04e6ff, 0x5004e6ff, 0x5204e6ff, 0x5404e6ff, 0x5604e6ff, 0x5804e6ff, 0x5a04e6ff, 0x5c04e6ff, 0x5e04e6ff, 0x6004e6ff, 0x9f04e6ff, 0xb804e6ff, 
    0x3800e6ff, 0xe4ff2500, 0xd2ff3c00, 0xd3ff3d00, 0xe4ffb200, 0xe4ffb400, 0xe2ffc400, 0xd2ffda00, 0xe4ff0d01, 0xd2ff3301, 0xd2ff4301, 0xd2ff5d01, 
    0xe4ff7f02, 0xe4ff8002, 0xe4ff8102, 0xe4ff8202, 0xe4ff8302, 0xe4ff8402, 0xe4ff8502, 0xd3ff9902, 0xe4ffb602, 0xe4ffb802, 0xe4ffba02, 0xd3ff2203, 
    0xd3ff2403, 0xe4ff8603, 0xd3ff8b03, 0xe4ff8e03, 0xd3ff9a03, 0xd2ff9b03, 0xd3ff9d03, 0xe4ffb603, 0xd2ffc203, 0xd3ffd903, 0xe4ffe203, 0xd3fff203, 
    0xd2fff503, 0xe4fff803, 0xe4fffa03, 0xd2ff0304, 0xe4ff1e04, 0xe4ff2004, 0xe4ff2204, 0xe4ff2404, 0xe4ff2604, 0xe4ff2804, 0xe4ff2a04, 0xe4ff2c04, 
    0xe4ff2e04, 0xe4ff3004, 0xe4ff3204, 0xe4ff3404, 0xd3ff7004, 0xd3ff7204, 0xd3ff7404, 0xd3ff8604, 0xe4ff9904, 0x10002800, 0x12001eff, 0x25001eff, 
    0xb200cdff, 0xb400cdff, 0xc700cdff, 0x0d01f2ff, 0x8601cdff, 0x8a011eff, 0x8e011eff, 0x8f011eff, 0x7f021eff, 0x8002cdff, 0x8102cdff, 0x8202cdff, 
    0x8302cdff, 0x8402cdff, 0x8502cdff, 0xb602cdff, 0xb802cdff, 0xba02cdff, 0x8603cdff, 0x8e03cdff, 0xb603cdff, 0xe203cdff, 0xf803cdff, 0xfa03cdff, 
    0x1e04cdff, 0x2004cdff, 0x2204cdff, 0x2404cdff, 0x2604cdff, 0x2804cdff, 0x2a04cdff, 0x2c04cdff, 0x2e04cdff, 0x3004cdff, 0x3204cdff, 0x3404cdff, 
    0x9904cdff, 0x0100cdff, 0x0e00c400, 0xca000200, 0xf600edff, 0xba00c0ff, 0xdcff4700, 0xdcff4800, 0xdcff4900, 0xdcff4b00, 0xf3ff5100, 0xf3ff5200, 
    0xd6ff5300, 0xf3ff5400, 0xdcff5500, 0xddff5900, 0xe1ff5a00, 0xe1ff5d00, 0xdcff9400, 0xdcff9900, 0xddff9b00, 0xdcffbb00, 0xe1ffbd00, 0xeeffbe00, 
    0xe6ffbf00, 0xf3ffc100, 0xebffc200, 0xe9ffc300, 0xf0ffc500, 0xe7ffc600, 0xdcffc800, 0xdcffc900, 0xe3ffca00, 0xddffcb00, 0xceffcc00, 0xd4ffcd00, 
    0xdbffce00, 0xf3ffec00, 0xf3fff000, 0xf3fff100, 0xf3fff300, 0xf3fff400, 0xf3fff500, 0xdcfff700, 0xf3fff800, 0xf3fffa00, 0xf3fffb00, 0xf3fffe00, 
    0xf3ff0001, 0xdcff0301, 0xf3ff0501, 0xd6ff1801, 0xe1ff1a01, 0xdcff1e01, 0xdcff2201, 0xf3ff2b01, 0xf3ff3601, 0xf3ff3c01, 0xf3ff3e01, 0xdcff4201, 
    0xf3ff5301, 0xf3ff5501, 0xf3ff5701, 0xf3ff5c01, 0xdcff6001, 0xdcff6101, 0xdcff6b01, 0xdcffa102, 0xdcffa202, 0xdcffa302, 0xdcffa402, 0xdcffa502, 
    0xf3ffaa02, 0xd6ffab02, 0xd6ffac02, 0xd6ffad02, 0xd6ffae02, 0xd6ffaf02, 0xddffb002, 0xddffb102, 0xddffb202, 0xddffb302, 0xe1ffb402, 0xe1ffb502, 
    0xdcffbd02, 0xdcffbf02, 0xdcffc102, 0xdcffc302, 0xdcffc502, 0xdcffc702, 0xdcffc902, 0xdcffcb02, 0xdcffcd02, 0xdcffcf02, 0xdcffd102, 0xdcffd302, 
    0xdcffd502, 0xdcffd702, 0xf3fff202, 0xf3fff402, 0xf3fff602, 0xf3fff702, 0xd6fff902, 0xd6fffb02, 0xd6fffd02, 0xddff1503, 0xddff1703, 0xddff1903, 
    0xddff1b03, 0xddff1d03, 0xddff1f03, 0xe1ff2303, 0xdcff9e03, 0xf3ffa003, 0xddffa203, 0xd6ffa403, 0xe1ffa603, 0xddffa903, 0xd6ffaa03, 0xddffab03, 
    0xdcffc403, 0xf3ffc503, 0xd6ffc603, 0xf3ffc703, 0xdcffc803, 0xe1ffc903, 0xdcffcb03, 0xf3ffcc03, 0xf3ffd103, 0xe1ffd203, 0xe1ffda03, 0xf3ffe103, 
    0xdcffe603, 0xf3ffe703, 0xe1ffeb03, 0xdcffec03, 0xdcfff103, 0xe1fff303, 0xdcffff03, 0xdcff0104, 0xdcff0204, 0xf3ff0804, 0xf3ff0a04, 0xd6ff0c04, 
    0xdcff0e04, 0xd6ff1004, 0xe1ff1404, 0xe1ff1604, 0xe1ff1804, 0xf3ff1c04, 0xdcff1d04, 0xdcff3704, 0xdcff3904, 0xdcff3b04, 0xdcff3d04, 0xdcff3f04, 
    0xdcff4104, 0xdcff4304, 0xdcff4504, 0xd6ff4b04, 0xd6ff4d04, 0xd6ff4f04, 0xd6ff5104, 0xd6ff5304, 0xd6ff5504, 0xd6ff5704, 0xdcff5904, 0xdcff5b04, 
    0xdcff5d04, 0xd6ff5f04, 0xdcff6104, 0xddff6304, 0xddff6504, 0xddff6704, 0xddff6904, 0xddff6b04, 0xddff6d04, 0xddff6f04, 0xe1ff7104, 0xe1ff7304, 
    0xe1ff7504, 0xf3ff7c04, 0xf3ff9804, 0xdcff9c04, 0xd6ffa004, 0xddffa404, 0xdcffa904, 0xdcffab04, 0xf3ffb504, 0xf3ffb704, 0xe1ffc304, 0xe1ffc504, 
    0x06007c00, 0x0b00daff, 0x4700daff, 0x4800f0ff, 0x4900f0ff, 0x4b00f0ff, 0x5500f0ff, 0x5900f0ff, 0x5a00efff, 0x5d00dcff, 0x9400dcff, 0x9900f0ff, 
    0x9b00f0ff, 0xbb00efff, 0xbd00f0ff, 0xc200dcff, 0xc400ecff, 0xc6000f00, 0xc800eaff, 0xc900f0ff, 0xca00f0ff, 0xcb00c4ff, 0xcc00efff, 0xf700e7ff, 
    0x0301f0ff, 0x1a01f0ff, 0x1e01dcff, 0x2201f0ff, 0x4201f0ff, 0x6001f0ff, 0x6101f0ff, 0x6b01f0ff, 0x8401f0ff, 0x8501daff, 0x8701daff, 0x8801daff, 
    0x8901daff, 0xa102daff, 0xa202f0ff, 0xa302f0ff, 0xa402f0ff, 0xa502f0ff, 0xb002f0ff, 0xb102efff, 0xb202efff, 0xb302efff, 0xb402efff, 0xb502dcff, 
    0xbd02dcff, 0xbf02f0ff, 0xc102f0ff, 0xc302f0ff, 0xc502f0ff, 0xc702f0ff, 0xc902f0ff, 0xcb02f0ff, 0xcd02f0ff, 0xcf02f0ff, 0xd102f0ff, 0xd302f0ff, 
    0xd502f0ff, 0xd702f0ff, 0x1503f0ff, 0x1703efff, 0x1903efff, 0x1b03efff, 0x1d03efff, 0x1f03efff, 0x2303efff, 0x9e03dcff, 0xa203f0ff, 0xa603efff, 
    0xa903dcff, 0xab03efff, 0xc403efff, 0xc803f0ff, 0xc903f0ff, 0xcb03dcff, 0xd203f0ff, 0xda03dcff, 0xdb03dcff, 0xdc03daff, 0xdf03daff, 0xe603daff, 
    0xeb03f0ff, 0xec03dcff, 0xf103f0ff, 0xf303f0ff, 0xff03dcff, 0x0104f0ff, 0x0204f0ff, 0x0e04f0ff, 0x1404f0ff, 0x1604dcff, 0x1804dcff, 0x1d04dcff, 
    0x3704f0ff, 0x3904f0ff, 0x3b04f0ff, 0x3d04f0ff, 0x3f04f0ff, 0x4104f0ff, 0x4304f0ff, 0x4504f0ff, 0x5904f0ff, 0x5b04f0ff, 0x5d04f0ff, 0x6104f0ff, 
    0x6304f0ff, 0x6504efff, 0x6704efff, 0x6904efff, 0x6b04efff, 0x6d04efff, 0x6f04efff, 0x7104efff, 0x7304dcff, 0x7504dcff, 0x9c04dcff, 0xa404f0ff, 
    0xa904efff, 0xab04f0ff, 0xc304f0ff, 0xc504dcff, 0x3c00dcff, 0xa0ff0600, 0xa0ff0b00, 0xe9ff4a00, 0xf1ff5900, 0xc5ff5a00, 0xc5ff5d00, 0xf1ff9b00, 
    0xc5ffbd00, 0xeeffc200, 0x1000c400, 0xecffc600, 0x20ffca00, 0xf1ffcb00, 0xc5ff1a01, 0xa0ff8401, 0xa0ff8501, 0xa0ff8701, 0xa0ff8801, 0xa0ff8901, 
    0xf1ffb002, 0xf1ffb102, 0xf1ffb202, 0xf1ffb302, 0xc5ffb402, 0xc5ffb502, 0xf1ff1503, 0xf1ff1703, 0xf1ff1903, 0xf1ff1b03, 0xf1ff1d03, 0xf1ff1f03, 
    0xc5ff2303, 0xf1ffa203, 0xc5ffa603, 0xf1ffa903, 0xf1ffab03, 0xc5ffc903, 0xc5ffd203, 0xc5ffda03, 0xa0ffdb03, 0xa0ffdc03, 0xa0ffdf03, 0xc5ffeb03, 
    0xc5fff303, 0xc5ff1404, 0xc5ff1604, 0xc5ff1804, 0xf1ff6304, 0xf1ff6504, 0xf1ff6704, 0xf1ff6904, 0xf1ff6b04, 0xf1ff6d04, 0xf1ff6f04, 0xc5ff7104, 
    0xc5ff7304, 0xc5ff7504, 0xf1ffa404, 0xc5ffc304, 0xc5ffc504, 0x47004100, 0x4800e7ff, 0x4900e7ff, 0x4b00e7ff, 0x5500e7ff, 0x9400e7ff, 0x9900e7ff, 
    0xbb00e7ff, 0xc400e7ff, 0xc8000f00, 0xc900e7ff, 0xf700e7ff, 0x0301e7ff, 0x1e01e7ff, 0x2201e7ff, 0x4201e7ff, 0x6001e7ff, 0x6101e7ff, 0x6b01e7ff, 
    0xa102e7ff, 0xa202e7ff, 0xa302e7ff, 0xa402e7ff, 0xa502e7ff, 0xbd02e7ff, 0xbf02e7ff, 0xc102e7ff, 0xc302e7ff, 0xc502e7ff, 0xc702e7ff, 0xc902e7ff, 
    0xcb02e7ff, 0xcd02e7ff, 0xcf02e7ff, 0xd102e7ff, 0xd302e7ff, 0xd502e7ff, 0xd702e7ff, 0x9e03e7ff, 0xc403e7ff, 0xc803e7ff, 0xcb03e7ff, 0xe603e7ff, 
    0xec03e7ff, 0xf103e7ff, 0xff03e7ff, 0x0104e7ff, 0x0204e7ff, 0x0e04e7ff, 0x1d04e7ff, 0x3704e7ff, 0x3904e7ff, 0x3b04e7ff, 0x3d04e7ff, 0x3f04e7ff, 
    0x4104e7ff, 0x4304e7ff, 0x4504e7ff, 0x5904e7ff, 0x5b04e7ff, 0x5d04e7ff, 0x6104e7ff, 0x9c04e7ff, 0xa904e7ff, 0xab04e7ff, 0x0500e7ff, 0xeaffca00, 
    0xeeffed00, 0xabfff600, 0xecff3a01, 0xecff6d01, 0xf6000100, 0x0100d5ff, 0x0b00ca00, 0x0600be00, 0x0b000c00, 0x47000c00, 0x4800e8ff, 0x4900e8ff, 
    0x4a00e8ff, 0x4b000c00, 0x5300e8ff, 0x5500eaff, 0x5a00e8ff, 0x5d000b00, 0x94000b00, 0x9900e8ff, 0xbb00e8ff, 0xbd00e8ff, 0xbe000b00, 0xc600edff, 
    0xc8000b00, 0xc900e8ff, 0xca00e8ff, 0xf7000c00, 0x0301e8ff, 0x1801e8ff, 0x1a01eaff, 0x1e010b00, 0x2201e8ff, 0x4201e8ff, 0x6001e8ff, 0x6101e8ff, 
    0x6b01e8ff, 0x8401e8ff, 0x85010c00, 0x87010c00, 0x88010c00, 0x89010c00, 0xd4010c00, 0xd7010d00, 0xd9010d00, 0xda010e00, 0xdc01f5ff, 0xde01ecff, 
    0xe601edff, 0xec01ecff, 0xed01bfff, 0xee01edff, 0xf501bfff, 0xf6010e00, 0xf901edff, 0x11020e00, 0x12020e00, 0x1302edff, 0x15020d00, 0x1b020e00, 
    0x3002edff, 0x3202eeff, 0xa102bfff, 0xa202e8ff, 0xa302e8ff, 0xa402e8ff, 0xa502e8ff, 0xab02e8ff, 0xac02eaff, 0xad02eaff, 0xae02eaff, 0xaf02eaff, 
    0xb402eaff, 0xb5020b00, 0xbd020b00, 0xbf02e8ff, 0xc102e8ff, 0xc302e8ff, 0xc502e8ff, 0xc702e8ff, 0xc902e8ff, 0xcb02e8ff, 0xcd02e8ff, 0xcf02e8ff, 
    0xd102e8ff, 0xd302e8ff, 0xd502e8ff, 0xd702e8ff, 0xf902e8ff, 0xfb02eaff, 0xfd02eaff, 0x2303eaff, 0x32030b00, 0x3303bfff, 0x3403bfff, 0x3503bfff, 
    0x3603bfff, 0x3703bfff, 0x3803bfff, 0x3903bfff, 0x4303edff, 0x4403edff, 0x4503edff, 0x4603edff, 0x4703edff, 0x4c03edff, 0x4d030d00, 0x4e03bfff, 
    0x4f03bfff, 0x5003bfff, 0x5103edff, 0x5203edff, 0x5303edff, 0x5a03edff, 0x5b03edff, 0x5c03edff, 0x5d03edff, 0x6d03edff, 0x6e03edff, 0x6f03edff, 
    0x7303edff, 0x7403f5ff, 0x7503f5ff, 0x7603f5ff, 0x7803f5ff, 0x81030e00, 0x82030d00, 0x9e030d00, 0xa403e8ff, 0xa603eaff, 0xaa030b00, 0xc403eaff, 
    0xc603e8ff, 0xc803eaff, 0xc903e8ff, 0xcb030b00, 0xd203e8ff, 0xda030b00, 0xdb030b00, 0xdc030c00, 0xdf030c00, 0xe6030c00, 0xeb03e8ff, 0xec030b00, 
    0xf103e8ff, 0xf303e8ff, 0xff030b00, 0x0104e8ff, 0x0204e8ff, 0x0c04e8ff, 0x0e04eaff, 0x1004e8ff, 0x1404eaff, 0x16040b00, 0x18040b00, 0x1d040b00, 
    0x3704e8ff, 0x3904e8ff, 0x3b04e8ff, 0x3d04e8ff, 0x3f04e8ff, 0x4104e8ff, 0x4304e8ff, 0x4504e8ff, 0x4b04e8ff, 0x4d04eaff, 0x4f04eaff, 0x5104eaff, 
    0x5304eaff, 0x5504eaff, 0x5704eaff, 0x5904eaff, 0x5b04e8ff, 0x5d04e8ff, 0x5f04e8ff, 0x6104eaff, 0x7104e8ff, 0x73040b00, 0x75040b00, 0x9c040b00, 
    0xa004e8ff, 0xa904eaff, 0xab04e8ff, 0xc304e8ff, 0xc5040b00, 0xcb040b00, 0xcf04bfff, 0xd004edff, 0xd2040d00, 0xde04bfff, 0xe1040d00, 0xea040d00, 
    0xf104bfff, 0xf404edff, 0xf504edff, 0xf9040e00, 0xfa04edff, 0x01000d00, 0xd8fff600, 0x5c000e00, 0x5e00edff, 0xee00edff, 0xf600edff, 0x3401aaff, 
    0x4401edff, 0x5e01edff, 0x2603edff, 0x2803edff, 0x2a03edff, 0xca03edff, 0xf603edff, 0x0404edff, 0xc904edff, 0x0d00edff, 0xf2ff5c00, 0xf2ff5e00, 
    0xf2ffee00, 0xf2ff3401, 0xf2ff4401, 0xf2ff5e01, 0xf2ff2603, 0xf2ff2803, 0xf2ff2a03, 0xf2ffca03, 0xf2fff603, 0xf2ff0404, 0xf2ffc904, 0x5a002200, 
    0x5c00f4ff, 0x5d00f2ff, 0x5e00f4ff, 0xbd00f3ff, 0xee00f4ff, 0x1a01f2ff, 0x3401f4ff, 0x4401f2ff, 0x5e01f2ff, 0xb402f2ff, 0xb502f4ff, 0x2303f4ff, 
    0x2603f4ff, 0x2803f3ff, 0x2a03f3ff, 0xa603f3ff, 0xc903f4ff, 0xca03f4ff, 0xd203f2ff, 0xda03f4ff, 0xeb03f4ff, 0xf303f4ff, 0xf603f4ff, 0x0404f2ff, 
    0x1404f2ff, 0x1604f4ff, 0x1804f4ff, 0x7104f4ff, 0x7304f4ff, 0x7504f4ff, 0xc304f4ff, 0xc504f4ff, 0xc904f4ff, 0x8c00f3ff, 0xcaff0600, 0xcaff0b00, 
    0xd2ff3800, 0xd4ff3a00, 0xf4ff3c00, 0xd3ff3d00, 0xd1ff5100, 0xd1ff5200, 0xd1ff5400, 0xe6ff5a00, 0xefff5c00, 0xe6ff5d00, 0xe6ffbd00, 0xd1ffc100, 
    0xd2ffd200, 0xd2ffd600, 0xf4ffda00, 0xedffde00, 0xe1ffe100, 0xd4ffe600, 0xd1ffec00, 0xefffee00, 0xd1fff000, 0xd1fff100, 0xd1fff300, 0xd1fff400, 
    0xd1fff500, 0xc9fff600, 0xd1fff800, 0xd1fffa00, 0xd1fffb00, 0xd1fffe00, 0xd1ff0001, 0xd1ff0501, 0xe5ff0901, 0xd4ff1901, 0xe6ff1a01, 0xe3ff2001, 
    0xd1ff2b01, 0xf4ff3301, 0xefff3401, 0xd1ff3601, 0xd2ff3901, 0xc4ff3a01, 0xd1ff3c01, 0xd1ff3e01, 0xf4ff4301, 0xefff4401, 0xd2ff4501, 0xe1ff4701, 
    0xe1ff4901, 0xd1ff5301, 0xd1ff5501, 0xd1ff5701, 0xd1ff5c01, 0xf4ff5d01, 0xefff5e01, 0xd4ff6201, 0xf5ff6301, 0xe7ff6401, 0xd2ff6c01, 0xc9ff6d01, 
    0xcaff8401, 0xcaff8501, 0xcaff8701, 0xcaff8801, 0xcaff8901, 0xd3ff9902, 0xd1ffaa02, 0xe6ffb402, 0xe6ffb502, 0xd1fff202, 0xd1fff402, 0xd1fff602, 
    0xd1fff702, 0xd2ff0e03, 0xd2ff1003, 0xd2ff1203, 0xd3ff2203, 0xe6ff2303, 0xd3ff2403, 0xd3ff8b03, 0xd3ff9a03, 0xf4ff9b03, 0xd3ff9d03, 0xd1ffa003, 
    0xe6ffa603, 0xedffb503, 0xd2ffc103, 0xf4ffc203, 0xd1ffc503, 0xd1ffc703, 0xe6ffc903, 0xefffca03, 0xd1ffcc03, 0xd1ffd103, 0xe6ffd203, 0xd3ffd903, 
    0xe6ffda03, 0xcaffdb03, 0xcaffdc03, 0xcaffdf03, 0xd1ffe103, 0xd1ffe703, 0xd4ffea03, 0xe6ffeb03, 0xd3fff203, 0xe6fff303, 0xf4fff503, 0xeffff603, 
    0xf4ff0304, 0xefff0404, 0xd1ff0804, 0xd1ff0a04, 0xedff1304, 0xe6ff1404, 0xedff1504, 0xe6ff1604, 0xedff1704, 0xe6ff1804, 0xe1ff1904, 0xd1ff1c04, 
    0xd3ff7004, 0xe6ff7104, 0xd3ff7204, 0xe6ff7304, 0xd3ff7404, 0xe6ff7504, 0xd2ff7704, 0xe1ff7904, 0xd1ff7c04, 0xd3ff8604, 0xd1ff9804, 0xd1ffb504, 
    0xd1ffb704, 0xd2ffbf04, 0xd4ffc204, 0xe6ffc304, 0xd4ffc404, 0xe6ffc504, 0x38002800, 0x5a00beff, 0x5d00efff, 0xbd00efff, 0xd200efff, 0xd600beff, 
    0xe600beff, 0xf600c9ff, 0x0901dfff, 0x1a01edff, 0x2001efff, 0x3901ebff, 0x3a01beff, 0x4501dfff, 0x4c01beff, 0x6301e9ff, 0x6d01f5ff, 0xb402e0ff, 
    0xb502efff, 0x0e03efff, 0x1003beff, 0x1203beff, 0x2303beff, 0xa603efff, 0xc103efff, 0xc903beff, 0xd203efff, 0xda03efff, 0xeb03efff, 0xf303efff, 
    0x1404efff, 0x1604efff, 0x1804efff, 0x7104efff, 0x7304efff, 0x7504efff, 0x7704efff, 0xbf04beff, 0xc304beff, 0xc504efff, 0x3f00efff, 0xe6ff3800, 
    0xe7ff3a00, 0xf2ff3c00, 0xe7ff3d00, 0xf1ff5c00, 0xe6ffd200, 0xe6ffd600, 0xf2ffda00, 0xeeffde00, 0xe8ffe100, 0xe6ffe600, 0xf1ffee00, 0xd0fff600, 
    0xe7ff1901, 0xf2ff3301, 0xf1ff3401, 0xe6ff3901, 0xceff3a01, 0xf2ff4301, 0xf1ff4401, 0xe6ff4501, 0xe8ff4701, 0xe8ff4901, 0xf2ff5d01, 0xf1ff5e01, 
    0xe7ff6201, 0xedff6401, 0xe6ff6c01, 0xd0ff6d01, 0xe7ff9902, 0xe6ff0e03, 0xe6ff1003, 0xe6ff1203, 0xe7ff2203, 0xe7ff2403, 0xe7ff8b03, 0xe7ff9a03, 
    0xf2ff9b03, 0xe7ff9d03, 0xeeffb503, 0xe6ffc103, 0xf2ffc203, 0xf1ffca03, 0xe7ffd903, 0xe7ffea03, 0xe7fff203, 0xf2fff503, 0xf1fff603, 0xf2ff0304, 
    0xf1ff0404, 0xeeff1304, 0xeeff1504, 0xeeff1704, 0xe8ff1904, 0xe7ff7004, 0xe7ff7204, 0xe7ff7404, 0xe6ff7704, 0xe8ff7904, 0xe7ff8604, 0xe6ffbf04, 
    0xe7ffc204, 0xe7ffc404, 0x25009800, 0x27001000, 0x2b00e8ff, 0x3300e8ff, 0x3500e8ff, 0x3800e8ff, 0x3a00e0ff, 0x3d00e0ff, 0x8300dfff, 0x9300e8ff, 
    0x9800e8ff, 0xb200e8ff, 0xb3001000, 0xb400e8ff, 0xd2001000, 0xd300e0ff, 0xd400e8ff, 0xd6001000, 0xd900e0ff, 0xdd001400, 0xe1001000, 0xe600e1ff, 
    0xed00e0ff, 0xf2001300, 0xf9001000, 0x0401e0ff, 0x08011000, 0x0d01e8ff, 0x17011000, 0x1901e8ff, 0x1b01e0ff, 0x1d01e8ff, 0x1f01e8ff, 0x2101e8ff, 
    0x3901e8ff, 0x4101e0ff, 0x4501e8ff, 0x4701e0ff, 0x4801e1ff, 0x4901e0ff, 0x4a01e1ff, 0x4d01e0ff, 0x5001e1ff, 0x51011000, 0x58011000, 0x6201e9ff, 
    0x6401dfff, 0x6601deff, 0x6a011000, 0x6c01e8ff, 0x6e01dfff, 0x6f01f2ff, 0x70011000, 0x45021000, 0x4602e8ff, 0x4702e8ff, 0x4802e8ff, 0x7f02e8ff, 
    0x80021000, 0x81021000, 0x82021000, 0x83021000, 0x84021000, 0x85021000, 0x86021000, 0x9002e8ff, 0x9102e8ff, 0x9202e8ff, 0x9302e8ff, 0x9402e8ff, 
    0x9902e8ff, 0xb602dfff, 0xb8021000, 0xba021000, 0xbc021000, 0xbe02e8ff, 0xc002e8ff, 0xc202e8ff, 0xd002e8ff, 0xd202e8ff, 0xd402e8ff, 0xd602e8ff, 
    0xf802e8ff, 0xfa02e8ff, 0xfc02e8ff, 0x0e03e8ff, 0x1003e0ff, 0x1203e0ff, 0x2203e0ff, 0x2403dfff, 0x2d03dfff, 0x8603e8ff, 0x8a031000, 0x8b03e8ff, 
    0x8e03dfff, 0x97031000, 0x9a03e8ff, 0x9d03dfff, 0xb603dfff, 0xbd031000, 0xc003e8ff, 0xc103e8ff, 0xd903e0ff, 0xe203dfff, 0xea031000, 0xed03e0ff, 
    0xf003e8ff, 0xf203e8ff, 0xf803dfff, 0xfa031000, 0x0b041000, 0x0d04e8ff, 0x0f04e8ff, 0x1904e8ff, 0x1a04e1ff, 0x1e04e0ff, 0x20041000, 0x22041000, 
    0x24041000, 0x26041000, 0x28041000, 0x2a041000, 0x2c041000, 0x2e041000, 0x30041000, 0x32041000, 0x34041000, 0x4a041000, 0x4c04e8ff, 0x4e04e8ff, 
    0x5004e8ff, 0x5204e8ff, 0x5404e8ff, 0x5604e8ff, 0x5804e8ff, 0x5a04e8ff, 0x5c04e8ff, 0x5e04e8ff, 0x6004e8ff, 0x7004e8ff, 0x7204dfff, 0x7404dfff, 
    0x7704dfff, 0x7904e0ff, 0x7a04e1ff, 0x8604e0ff, 0x9904dfff, 0x9f041000, 0xb804e8ff, 0xbf04e8ff, 0xc204e0ff, 0xc404e0ff, 0x3500e0ff, 0xf2ff1b00, 
    0xf1ff3800, 0xf4ff3a00, 0xf4ff3c00, 0xf0ff3d00, 0xf1ffd200, 0xf5ffd400, 0xf1ffd600, 0xf4ffda00, 0xf5ffdd00, 0xf3ffde00, 0xf1ffe600, 0xf4ff1901, 
    0xf4ff3301, 0xf1ff3901, 0xf4ff4301, 0xf1ff4501, 0xf5ff5001, 0xf4ff5d01, 0xf2ff6201, 0xf2ff6401, 0xf5ff6601, 0xf2ff6c01, 0xf5ff6f01, 0xf0ff9902, 
    0xf1ff0e03, 0xf1ff1003, 0xf1ff1203, 0xf0ff2203, 0xf0ff2403, 0xf0ff8b03, 0xf0ff9a03, 0xf4ff9b03, 0xf0ff9d03, 0xf3ffb503, 0xf1ffc103, 0xf4ffc203, 
    0xf0ffd903, 0xf4ffea03, 0xf0fff203, 0xf4fff503, 0xf4ff0304, 0xf3ff1304, 0xf3ff1504, 0xf3ff1704, 0xf0ff7004, 0xf0ff7204, 0xf0ff7404, 0xf1ff7704, 
    0xf0ff8604, 0xf1ffbf04, 0xf4ffc204, 0xf4ffc404, 0x25006a00, 0x38000f00, 0x3a00e6ff, 0x3c00e6ff, 0x3d000e00, 0xb200e6ff, 0xb4000f00, 0xd2000f00, 
    0xd400e6ff, 0xd6000e00, 0xd900e6ff, 0xda001300, 0xdd000e00, 0xde000e00, 0xe1000b00, 0xe600e5ff, 0xe700e6ff, 0xed00f4ff, 0xf2001200, 0xf6000f00, 
    0xf900e7ff, 0x0401e8ff, 0x0d010f00, 0x19010f00, 0x3301e6ff, 0x39010e00, 0x3a01e6ff, 0x4301e7ff, 0x45010e00, 0x4701e6ff, 0x4801e5ff, 0x4901e8ff, 
    0x4a01e5ff, 0x4c01e8ff, 0x5001e4ff, 0x51010e00, 0x5d010f00, 0x62010e00, 0x6401e6ff, 0x6601e6ff, 0x6c010e00, 0x6d01e6ff, 0x6f01e7ff, 0x70010e00, 
    0x7f020f00, 0x80020f00, 0x81020f00, 0x82020f00, 0x83020f00, 0x84020f00, 0x85020f00, 0x99020f00, 0xb602e6ff, 0xb8020f00, 0xba020f00, 0x0e030f00, 
    0x1003e6ff, 0x1203e6ff, 0x2203e6ff, 0x2403e6ff, 0x8603e6ff, 0x8b030f00, 0x8e03e6ff, 0x9a030f00, 0x9b03e6ff, 0x9d030e00, 0xb503e6ff, 0xb6030b00, 
    0xc1030f00, 0xc203e6ff, 0xd9030e00, 0xe203e6ff, 0xea030f00, 0xf203e6ff, 0xf503e6ff, 0xf8030e00, 0xfa030f00, 0x03040f00, 0x13040e00, 0x15040b00, 
    0x17040b00, 0x19040b00, 0x1a04e5ff, 0x1e04e8ff, 0x20040f00, 0x22040f00, 0x24040f00, 0x26040f00, 0x28040f00, 0x2a040f00, 0x2c040f00, 0x2e040f00, 
    0x30040f00, 0x32040f00, 0x34040f00, 0x70040f00, 0x7204e6ff, 0x7404e6ff, 0x7704e6ff, 0x7904e6ff, 0x7a04e5ff, 0x8604e8ff, 0x9904e6ff, 0xbf040f00, 
    0xc204e6ff, 0xc404e6ff, 0x3100e6ff, 0xe3ff3800, 0xe5ff3c00, 0xe4ff3d00, 0xe3ffd200, 0xe5ffd400, 0xe3ffd600, 0xe2ffd900, 0xe5ffda00, 0xe5ffdd00, 
    0xe9ffde00, 0xeafff200, 0xeaff0401, 0xe5ff3301, 0xe3ff3901, 0xe5ff4301, 0xe3ff4501, 0xe5ff5001, 0xeaff5101, 0xe5ff5d01, 0xe5ff6601, 0xe4ff6c01, 
    0xe5ff6f01, 0xeaff7001, 0xe4ff9902, 0xe3ff0e03, 0xe3ff1003, 0xe3ff1203, 0xe4ff2203, 0xe4ff2403, 0xe4ff8b03, 0xe4ff9a03, 0xe5ff9b03, 0xe4ff9d03, 
    0xe9ffb503, 0xe3ffc103, 0xe5ffc203, 0xe4ffd903, 0xe4fff203, 0xe5fff503, 0xe5ff0304, 0xe9ff1304, 0xe9ff1504, 0xe9ff1704, 0xe4ff7004, 0xe4ff7204, 
    0xe4ff7404, 0xe3ff7704, 0xe4ff8604, 0xe3ffbf04, 0x38002400, 0x3c00e2ff, 0xd200e4ff, 0xd400e2ff, 0xd600e4ff, 0xd900e2ff, 0xda00e1ff, 0xdd00e4ff, 
    0xde00e4ff, 0xed00e9ff, 0xf200e4ff, 0x0401ebff, 0x3301ebff, 0x3901e4ff, 0x4301e2ff, 0x4501e4ff, 0x5001e2ff, 0x5101e4ff, 0x5d01ebff, 0x6601e4ff, 
    0x6f01e4ff, 0x7001e4ff, 0x0e03ebff, 0x1003e2ff, 0x1203e2ff, 0x9b03e2ff, 0xb503e4ff, 0xc103e9ff, 0xc203e2ff, 0xf503e4ff, 0x0304e4ff, 0x1304e4ff, 
    0x1504e9ff, 0x1704e9ff, 0x7704e9ff, 0xbf04e2ff, 0x1800e2ff, 0xebff3800, 0xf3ff3d00, 0xebffd200, 0xebffd600, 0xebff3901, 0xebff4501, 0xf3ff9902, 
    0xebff0e03, 0xebff1003, 0xebff1203, 0xf3ff2203, 0xf3ff2403, 0xf3ff8b03, 0xf3ff9a03, 0xf3ff9d03, 0xebffc103, 0xf3ffd903, 0xf3fff203, 0xf3ff7004, 
    0xf3ff7204, 0xf3ff7404, 0xebff7704, 0xf3ff8604, 0xebffbf04, 0x51003900, 0x5200efff, 0x5400efff, 0x5c00efff, 0xc100f0ff, 0xec00efff, 0xed00efff, 
    0xee00eeff, 0xf000f0ff, 0xf100efff, 0xf300efff, 0xf400efff, 0xf500efff, 0xf600efff, 0xf800eeff, 0xfa00efff, 0xfb00efff, 0xfe00efff, 0x0001efff, 
    0x0501efff, 0x0901efff, 0x2001f4ff, 0x2b01f1ff, 0x3401efff, 0x3601f0ff, 0x3a01efff, 0x3c01efff, 0x3e01efff, 0x4401efff, 0x5301f0ff, 0x5501efff, 
    0x5701efff, 0x5c01efff, 0x5e01efff, 0x6d01f0ff, 0xaa02efff, 0xf202efff, 0xf402efff, 0xf602efff, 0xf702efff, 0xa003efff, 0xc503efff, 0xc703efff, 
    0xca03efff, 0xcc03f0ff, 0xd103efff, 0xe103efff, 0xe703efff, 0xf603efff, 0x0404f0ff, 0x0804f0ff, 0x0a04efff, 0x1c04efff, 0x7c04efff, 0x9804efff, 
    0xb504efff, 0xb704efff, 0x2300efff, 0xf2ff0600, 0xf2ff0b00, 0xf5ff5a00, 0xf5ff5d00, 0xf5ffbd00, 0xf4fff600, 0xf5ff0901, 0xf5ff1a01, 0xf5ff3a01, 
    0xf5ff6d01, 0xf2ff8401, 0xf2ff8501, 0xf2ff8701, 0xf2ff8801, 0xf2ff8901, 0xf5ffb402, 0xf5ffb502, 0xf5ff2303, 0xf5ffa603, 0xf5ffc903, 0xf5ffd203, 
    0xf5ffda03, 0xf2ffdb03, 0xf2ffdc03, 0xf2ffdf03, 0xf5ffeb03, 0xf5fff303, 0xf5ff1404, 0xf5ff1604, 0xf5ff1804, 0xf5ff7104, 0xf5ff7304, 0xf5ff7504, 
    0xf5ffc304, 0xf5ffc504, 0xed000a00, 0xf6001400, 0xf900edff, 0xfc00edff, 0x3a01e2ff, 0x4801edff, 0x4a01edff, 0x6d01edff, 0x1a04edff, 0x7a04edff, 
    0x7600edff, 0xf0ff4700, 0xf0ff4800, 0xf0ff4900, 0xf0ff4b00, 0xebff5300, 0xf0ff5500, 0xf0ff9400, 0xf0ff9900, 0xf0ffbb00, 0xf0ffc800, 0xf0ffc900, 
    0xf0fff700, 0xf0ff0301, 0xebff1801, 0xebff1c01, 0xf0ff1e01, 0xf0ff2201, 0xf0ff4201, 0xf0ff6001, 0xf0ff6101, 0xf0ff6b01, 0xebffdc01, 0xebffde01, 
    0xe9ffe601, 0xebffed01, 0xebfff601, 0xebff1202, 0xebff1b02, 0xebff3002, 0xf0ffa102, 0xf0ffa202, 0xf0ffa302, 0xf0ffa402, 0xf0ffa502, 0xebffab02, 
    0xebffac02, 0xebffad02, 0xebffae02, 0xebffaf02, 0xf0ffbd02, 0xf0ffbf02, 0xf0ffc102, 0xf0ffc302, 0xf0ffc502, 0xf0ffc702, 0xf0ffc902, 0xf0ffcb02, 
    0xf0ffcd02, 0xf0ffcf02, 0xf0ffd102, 0xf0ffd302, 0xf0ffd502, 0xf0ffd702, 0xebfff902, 0xebfffb02, 0xebfffd02, 0xebff3903, 0xebff4303, 0xebff4403, 
    0xebff4503, 0xebff4603, 0xebff4703, 0xebff5003, 0xebff5103, 0xebff5203, 0xebff5303, 0xebff5a03, 0xebff5b03, 0xebff5c03, 0xebff5d03, 0xebff6d03, 
    0xebff6e03, 0xebff6f03, 0xf0ff9e03, 0xebffa403, 0xebffaa03, 0xf0ffc403, 0xebffc603, 0xf0ffc803, 0xf0ffcb03, 0xf0ffe603, 0xf0ffec03, 0xf0fff103, 
    0xf0ffff03, 0xf0ff0104, 0xf0ff0204, 0xebff0c04, 0xf0ff0e04, 0xebff1004, 0xf0ff1d04, 0xf0ff3704, 0xf0ff3904, 0xf0ff3b04, 0xf0ff3d04, 0xf0ff3f04, 
    0xf0ff4104, 0xf0ff4304, 0xf0ff4504, 0xebff4b04, 0xebff4d04, 0xebff4f04, 0xebff5104, 0xebff5304, 0xebff5504, 0xebff5704, 0xf0ff5904, 0xf0ff5b04, 
    0xf0ff5d04, 0xebff5f04, 0xf0ff6104, 0xf0ff9c04, 0xebffa004, 0xf0ffa904, 0xf0ffab04, 0xebffcf04, 0xebfff104, 0xebfff404, 0xebfff904, 0x0600e300, 
    0x0b000d00, 0x45000d00, 0x4700f0ff, 0x4800b0ff, 0x4900b0ff, 0x4a00b0ff, 0x4b000d00, 0x5300b0ff, 0x5500d6ff, 0x5a00b0ff, 0x5d000b00, 0x94000b00, 
    0x9900b0ff, 0xbb00b0ff, 0xbd00b0ff, 0xbe000b00, 0xc700b0ff, 0xc800abff, 0xc900c0ff, 0xcc00b0ff, 0xed00d5ff, 0xf200aaff, 0xf700afff, 0x0301b0ff, 
    0x0401b0ff, 0x1801afff, 0x1a01d6ff, 0x1c010b00, 0x1e01e2ff, 0x2001b0ff, 0x22010c00, 0x4201b0ff, 0x5101b0ff, 0x6001afff, 0x6101b0ff, 0x6301b0ff, 
    0x65010b00, 0x6b010b00, 0x7001b0ff, 0x8401afff, 0x85010d00, 0x87010d00, 0x88010d00, 0x89010d00, 0xd4010d00, 0xd7010d00, 0xd9010d00, 0xda010e00, 
    0xdc01f5ff, 0xde01ecff, 0xe601edff, 0xec01ecff, 0xed01bfff, 0xee01edff, 0xf501bfff, 0xf6010e00, 0xf901edff, 0x11020e00, 0x12020e00, 0x1302edff, 
    0x15020d00, 0x1b020e00, 0x3002edff, 0x3202eeff, 0x9a02bfff, 0x9b02f0ff, 0x9c02f0ff, 0x9d02f0ff, 0x9e02f0ff, 0x9f02f0ff, 0xa002f0ff, 0xa102f0ff, 
    0xa202b0ff, 0xa302b0ff, 0xa402b0ff, 0xa502b0ff, 0xab02b0ff, 0xac02d6ff, 0xad02d6ff, 0xae02d6ff, 0xaf02d6ff, 0xb402d6ff, 0xb5020b00, 0xb7020b00, 
    0xb902f0ff, 0xbb02f0ff, 0xbd02f0ff, 0xbf02b0ff, 0xc102b0ff, 0xc302b0ff, 0xc502b0ff, 0xc702b0ff, 0xc902b0ff, 0xcb02b0ff, 0xcd02b0ff, 0xcf02b0ff, 
    0xd102b0ff, 0xd302b0ff, 0xd502b0ff, 0xd702b0ff, 0xf902b0ff, 0xfb02d6ff, 0xfd02d6ff, 0x2303d6ff, 0x32030b00, 0x3303bfff, 0x3403bfff, 0x3503bfff, 
    0x3603bfff, 0x3703bfff, 0x3803bfff, 0x3903bfff, 0x4303edff, 0x4403edff, 0x4503edff, 0x4603edff, 0x4703edff, 0x4c03edff, 0x4d030d00, 0x4e03bfff, 
    0x4f03bfff, 0x5003bfff, 0x5103edff, 0x5203edff, 0x5303edff, 0x5a03edff, 0x5b03edff, 0x5c03edff, 0x5d03edff, 0x6d03edff, 0x6e03edff, 0x6f03edff, 
    0x7303edff, 0x7403f5ff, 0x7503f5ff, 0x7603f5ff, 0x7803f5ff, 0x81030e00, 0x82030d00, 0x9e030d00, 0xa403b0ff, 0xa603d6ff, 0xaa030b00, 0xc303d6ff, 
    0xc403f0ff, 0xc603b0ff, 0xc803d6ff, 0xc903b0ff, 0xcb030b00, 0xd203b0ff, 0xda030b00, 0xdb030b00, 0xdc030d00, 0xdf030d00, 0xe3030d00, 0xe603f0ff, 
    0xeb03b0ff, 0xec030b00, 0xf103b0ff, 0xf303b0ff, 0xf9030b00, 0xfb03f0ff, 0xff03f0ff, 0x0104b0ff, 0x0204b0ff, 0x0c04b0ff, 0x0e04d6ff, 0x1004b0ff, 
    0x1404d6ff, 0x16040b00, 0x18040b00, 0x1d040b00, 0x1f04b0ff, 0x2104f0ff, 0x2304f0ff, 0x2504f0ff, 0x2704f0ff, 0x2904f0ff, 0x2b04f0ff, 0x2d04f0ff, 
    0x2f04f0ff, 0x3104f0ff, 0x3304f0ff, 0x3504f0ff, 0x3704f0ff, 0x3904b0ff, 0x3b04b0ff, 0x3d04b0ff, 0x3f04b0ff, 0x4104b0ff, 0x4304b0ff, 0x4504b0ff, 
    0x4b04b0ff, 0x4d04d6ff, 0x4f04d6ff, 0x5104d6ff, 0x5304d6ff, 0x5504d6ff, 0x5704d6ff, 0x5904d6ff, 0x5b04b0ff, 0x5d04b0ff, 0x5f04b0ff, 0x6104d6ff, 
    0x7104b0ff, 0x73040b00, 0x75040b00, 0x9a040b00, 0x9c04f0ff, 0xa004b0ff, 0xa904d6ff, 0xab04b0ff, 0xc304b0ff, 0xc5040b00, 0xcb040b00, 0xcf04bfff, 
    0xd004edff, 0xd2040d00, 0xde04bfff, 0xe1040d00, 0xea040d00, 0xf104bfff, 0xf404edff, 0xf504edff, 0xf9040e00, 0xfa04edff, 0x0e000d00, 0x1400ed00, 
    0x1000f200, 0xf0fff600, 0xf0fff900, 0x0c000101, 0x10000401, 0xf0ff3a01, 0xf0ff4801, 0xe6ff4a01, 0x10005101, 0xf0ff6d01, 0x10007001, 0xf0ff1a04, 
    0xf0ff7a04, 0x47004d00, 0x48000c00, 0x49000c00, 0x4b000c00, 0x55000c00, 0x94000c00, 0x99000c00, 0xbb000c00, 0xc8000c00, 0xc9000c00, 0xed000c00, 
    0xf2003a00, 0xf6001800, 0xf700e3ff, 0xf9000c00, 0x0301f7ff, 0x04010c00, 0x1e011800, 0x22010c00, 0x3a010c00, 0x4201e2ff, 0x48010c00, 0x4a01f7ff, 
    0x5101e3ff, 0x60011800, 0x61010c00, 0x6b010c00, 0x6d010c00, 0x7001e3ff, 0xa1021800, 0xa2020c00, 0xa3020c00, 0xa4020c00, 0xa5020c00, 0xbd020c00, 
    0xbf020c00, 0xc1020c00, 0xc3020c00, 0xc5020c00, 0xc7020c00, 0xc9020c00, 0xcb020c00, 0xcd020c00, 0xcf020c00, 0xd1020c00, 0xd3020c00, 0xd5020c00, 
    0xd7020c00, 0x9e030c00, 0xc4030c00, 0xc8030c00, 0xcb030c00, 0xe6030c00, 0xec030c00, 0xf1030c00, 0xff030c00, 0x01040c00, 0x02040c00, 0x0e040c00, 
    0x1a040c00, 0x1d04f7ff, 0x37040c00, 0x39040c00, 0x3b040c00, 0x3d040c00, 0x3f040c00, 0x41040c00, 0x43040c00, 0x45040c00, 0x59040c00, 0x5b040c00, 
    0x5d040c00, 0x61040c00, 0x7a040c00, 0x9c04f7ff, 0xa9040c00, 0xab040c00, 0x22000c00, 0xf4ff5a00, 0xf0ff5c00, 0xf4ff5d00, 0xf4ffbd00, 0xefffed00, 
    0xf0ffee00, 0xf3fff200, 0xf3ff0401, 0xf4ff1a01, 0xf0ff3401, 0xf0ff4401, 0xf3ff5101, 0xf0ff5e01, 0xf3ff7001, 0xf4ffb402, 0xf4ffb502, 0xf4ff2303, 
    0xf4ffa603, 0xf4ffc903, 0xf0ffca03, 0xf4ffd203, 0xf4ffda03, 0xf4ffeb03, 0xf4fff303, 0xf0fff603, 0xf0ff0404, 0xf4ff1404, 0xf4ff1604, 0xf4ff1804, 
    0xf4ff7104, 0xf4ff7304, 0xf4ff7504, 0xf4ffc304, 0xf4ffc504, 0x06000a00, 0x0b00d6ff, 0x8401d6ff, 0x8501d6ff, 0x8701d6ff, 0x8801d6ff, 0x8901d6ff, 
    0xdb03d6ff, 0xdc03d6ff, 0xdf03d6ff, 0x0800d6ff, 0xbafff600, 0xcfff0901, 0xdbff2001, 0x50ff3a01, 0x9dff4a01, 0xf0ff6301, 0xf2ff6501, 0x4cff6d01, 
    0x06000a00, 0x0b00f5ff, 0x8401f5ff, 0x8501f5ff, 0x8701f5ff, 0x8801f5ff, 0x8901f5ff, 0xdb03f5ff, 0xdc03f5ff, 0xdf03f5ff, 0x2800f5ff, 0x20004c00, 
    0x20004f00, 0x20005000, 0x80ff5300, 0x90ff5700, 0x0b005b00, 0x80ff1801, 0x90ffc101, 0x80ffab02, 0x80ffac02, 0x80ffad02, 0x80ffae02, 0x80ffaf02, 
    0x80fff902, 0x80fffb02, 0x80fffd02, 0x90ff0503, 0x90ff0703, 0x90ff0903, 0x90ff0b03, 0x90ff0d03, 0x80ffa403, 0x80ffaa03, 0x80ffc603, 0x90ffcd03, 
    0x80ff0c04, 0x80ff1004, 0x80ff4b04, 0x80ff4d04, 0x80ff4f04, 0x80ff5104, 0x80ff5304, 0x80ff5504, 0x80ff5704, 0x80ff5f04, 0x80ffa004, 0x2000ad04, 
    0x2000af04, 0x2000b104, 0x90ffbe04, 0xd4011300, 0xd601eeff, 0xd701f5ff, 0xd901f1ff, 0xf501f2ff, 0xf901f2ff, 0x1102f2ff, 0x1302f2ff, 0x1502eeff, 
    0x4c03f2ff, 0x7803eeff, 0x8003f2ff, 0x8103f5ff, 0x8203eeff, 0xd004eeff, 0xde04eeff, 0xe104eeff, 0xf504eeff, 0xfa04f2ff, 0x1300eeff, 0xe5ffd401, 
    0xf1ffd601, 0xebffd701, 0xe9ffd901, 0xe9fff501, 0xe9fff901, 0xe9ff1102, 0xe5ff1302, 0xe9ff1502, 0xe5ff4c03, 0xe9ff7803, 0xf1ff8003, 0xe5ff8103, 
    0xe5ff8203, 0xe5ffd004, 0xe5ffde04, 0xe5ffe104, 0xe9fff504, 0xe5fffa04, 0xd6010300, 0xd701f5ff, 0x8003eeff, 0x0200f5ff, 0xb7ffd701, 0xf0ffdc01, 
    0x5b000100, 0x04000b00, 0xe6ff0d00, 0xf4ff4100, 0xefff6100, 0xedff4d01, 0xb8001700, 0xbe00d4ff, 0xc200f0ff, 0xc400edff, 0xca001100, 0xcc00e0ff, 
    0xcd00e7ff, 0xce00e5ff, 0xd900eeff, 0xea001200, 0xf600e9ff, 0x3a01d7ff, 0x4a01d7ff, 0x4c01d3ff, 0x4d01d6ff, 0x5801c5ff, 0x6201e7ff, 0x64010d00, 
    0x6d010c00, 0x6e01d6ff, 0xdc01f2ff, 0xe601e9ff, 0x3002e7ff, 0x0100e9ff, 0xf1ff1c01, 0xd9001200, 0xe600aeff, 0xeb001200, 0xed00e0ff, 0xef00adff, 
    0xfd00d6ff, 0x0101dfff, 0x0701d2ff, 0x1c01e0ff, 0x2e01ceff, 0x3001ddff, 0x3801e2ff, 0x4001e0ff, 0x4a01e0ff, 0x4d01e9ff, 0x5f01daff, 0x6901bdff, 
    0x6c01dfff, 0x02001100, 0xf5fff600, 0xb0ff8501, 0xed000200, 0x1c01c9ff, 0x0900eeff, 0xc3ffe600, 0xcffff600, 0xceff3a01, 0xe7ff4901, 0xdfff4c01, 
    0xd1ff6201, 0xecff6401, 0xa0ff6c01, 0xd1ff6d01, 0x56002f00, 0x5b006dff, 0x6d008cff, 0x7c00bffd, 0x81007dfe, 0x8600bcfe, 0x89002bff, 0xb8004bff, 
    0xbe0061ff, 0xbf008fff, 0xc3000fff, 0xc600e8fe, 0xc7001fff, 0xca00e5fe, 0xcc0046ff, 0xcd00edfe, 0xce00fdfe, 0xd900d9fe, 0xe60052ff, 0xea000500, 
    0xeb00bdff, 0xed0049ff, 0xef00fefe, 0xf60013ff, 0xfd0068ff, 0xff000eff, 0x010113ff, 0x070107ff, 0x09010eff, 0x1c0111ff, 0x20013cff, 0x2e01acff, 
    0x300115ff, 0x38013cff, 0x3a010eff, 0x40016aff, 0x4a0149ff, 0x4c010cff, 0x4d013fff, 0x5801f1fe, 0x5f01c0ff, 0x6301effe, 0x650131ff, 0x69015fff, 
    0x6c010aff, 0x6d010500, 0x6e0130ff, 0x1e00d5ff, 0xe2ff0a00, 0x14000d00, 0xcfff0e00, 0x12004100, 0xeaff4a00, 0xd8ff5600, 0xeaff5800, 0x13006100, 
    0xaeff6d00, 0xcdff7c00, 0xa0ff8100, 0xc1ff8600, 0xc0ff8900, 0xd0ffb800, 0xeaffbc00, 0xeeffbe00, 0xc6ffbf00, 0x0d00c000, 0xe9ffc200, 0xd6ffc300, 
    0xe8ffc600, 0xbaffc700, 0xe9ffca00, 0xcbffcc00, 0xdaffcd00, 0xc7ffce00, 0xd3ff8d01, 0xcbffdc01, 0xcbffe601, 0xcdff3002, 0x23001700, 0x5800c3ff, 
    0x5b00efff, 0x9a00dfff, 0xb800eeff, 0xb900e5ff, 0xc400d1ff, 0xca001100, 0xd900c8ff, 0xe6001300, 0xf600c5ff, 0x3a01caff, 0x49019fff, 0x4a0151ff, 
    0x4c017bff, 0x4d01caff, 0x5801ddff, 0x6201f2ff, 0x640175ff, 0x6c01caff, 0x6d014fff, 0xd7018cff, 0xe601cdff, 0x0700f5ff, 0xf0fff600, 0xf1ff0901, 
    0xf3ff2001, 0xf1ff3a01, 0xf3ff6301, 0xe9ff6501, 0xd3ff6d01, 0x4a000300, 0x5b00eeff, 0xd701eaff, 0x0900f0ff, 0xeaffca00, 0xb8ffed00, 0xeafff600, 
    0xf0ff0901, 0xf1ff2001, 0xebff3a01, 0xf5ff6301, 0xecff6d01, 0xb0ff8501, 0x11010200, 0x6c010b00, 0x1200e6ff, 0xc1ff5b00, 0xc5ffb800, 0xb4ffca00, 
    0xd7ffea00, 0xb9fff600, 0xb2ff0901, 0xd2ff1c01, 0xc8ff2001, 0xa0ff3a01, 0xc5ff4a01, 0xe4ff5801, 0xccff6301, 0xccff6501, 0xcbff6d01, 0xefff6e01, 
    0xe7ffdc01, 0xe6ffe601, 0xe8ff3002, 0x5b000500, 0xd701a4ff, 0xdc0154ff, 0xe601f1ff, 0x3002f1ff, 0x0800f3ff, 0x1500d900, 0x1500ed00, 0xe4ff4901, 
    0xe5ff4a01, 0xe4ff4c01, 0xe3ff6201, 0xe2ff6401, 0xe4ff6c01, 0xf6000200, 0x8501c0ff, 0x0800b0ff, 0x0e005800, 0x9fff8100, 0xf5ffbe00, 0xdeffc400, 
    0xe5ffc700, 0xa8ffd900, 0xcaffed00, 0xe3ff5f01, 0xca000500, 0xed00eaff, 0xf600eeff, 0x3a01b0ff, 0x6d01ecff, 0x0300ecff, 0x0f004a00, 0x32005800, 
    0x11005b00, 0x04003300, 0x5600d8ff, 0x5b00b5ff, 0x6d00c7ff, 0x7c00b8fe, 0x810028ff, 0x86004dff, 0x89008eff, 0xb800a1ff, 0xbe00aeff, 0xbf00c9ff, 
    0xc3007eff, 0xc60067ff, 0xc70087ff, 0xca0065ff, 0xcc009eff, 0xcd006aff, 0xce0073ff, 0xd9005eff, 0xe600a5ff, 0xea000f00, 0xeb00e4ff, 0xed00a0ff, 
    0xef0074ff, 0xf60080ff, 0xfd00b2ff, 0xff007dff, 0x010180ff, 0x070179ff, 0x09017dff, 0x1c017fff, 0x200198ff, 0x2e01daff, 0x300181ff, 0x380198ff, 
    0x3a017dff, 0x4001b3ff, 0x4a01a0ff, 0x4c017cff, 0x4d019aff, 0x58016cff, 0x5f01e6ff, 0x63016bff, 0x650192ff, 0x6901adff, 0x6c017bff, 0x6d010f00, 
    0x6e0191ff, 0xdc01f2ff, 0xe601b9ff, 0x3002b9ff, 0x0700b9ff, 0x14000d00, 0x11004100, 0xe2ff5600, 0x13006100, 0xd9ffdc01, 0xd9ffe601, 0xd9ff3002, 
    0x4a000700, 0xbe000d00, 0xc600f5ff, 0xc7000b00, 0xca00eaff, 0xed000c00, 0x1c01c8ff, 0x0700f1ff, 0x0f000d00, 0x0c004100, 0xebff5600, 0x0e006100, 
    0xe7ffdc01, 0xe7ffe601, 0xe9ff3002, 0x5b000600, 0xb800e5ff, 0xcd00cbff, 0xdc01e4ff, 0xe601ecff, 0x3002ebff, 0x0700edff, 0xdfff8100, 0xf3ffb500, 
    0xf0ffb700, 0xeaffc400, 0xdfffd900, 0xe0ffe600, 0xe0ff6c01, 0xdc010100, 0x0400ebff, 0xc7ffd701, 0xf2ffdc01, 0xf2ffe601, 0xf2ff3002, 0xd7010100, 
    0x0100f1ff, 0x0d00d701, 0x0c0b0200, 0x00000400, 0x6e17ac0e, 0x25002600, 0x00000000, 0x00000000, 0x00000000, 0x00001200, 0x00000000, 0xe3ff0000, 
    0x0000e4ff, 0x00000000, 0x11000000, 0x00000000, 0x00000000, 0x00000000, 0x11000000, 0x11000000, 0x00000000, 0x00000000, 0xe5ffe4ff, 0x00000000, 
    0x00000000, 0x00000000, 0x00000000, 0xebff0000, 0x00000000, 0x00000000, 0xd5ffe5ff, 0x0000edff, 0x00000000, 0x0000eaff, 0x0000e9ff, 0x00000000, 
    0x00000000, 0x9affe1ff, 0xf5ff0000, 0x0000eaff, 0x00000000, 0x00000000, 0x00000000, 0x00000000, 0x0000f5ff, 0xf5fff4ff, 0x00000000, 0xcefff5ff, 
    0x7fffefff, 0x0000a2ff, 0x0c000000, 0x00000000, 0x0000f1ff, 0x000088ff, 0xc4ffbbff, 0x1100c7ff, 0x12000000, 0xa9ff0000, 0x00000000, 0x8fffc9ff, 
    0x00000000, 0x0000ddff, 0x00000000, 0x00000000, 0x00000000, 0x00000000, 0x0000f1ff, 0x00000000, 0x00000000, 0x0000f0ff, 0x00000000, 0x78ff0000, 
    0x0000ebff, 0x00000000, 0x00000000, 0x0000f0ff, 0x00000000, 0x00000000, 0x00000000, 0x00000000, 0x00000000, 0x00000000, 0x00000000, 0x00000000, 
    0x00000000, 0x00000000, 0x00000000, 0x00000000, 0x00000000, 0x00000000, 0x000098ff, 0x00000000, 0x00000000, 0x00000000, 0x00000000, 0x00000000, 
    0x00000000, 0x00000000, 0x00000000, 0x0000edff, 0xedff0000, 0x0000efff, 0x00000000, 0x0000e6ff, 0x00001400, 0x00000000, 0x00000000, 0x00000000, 
    0x00000000, 0x00000000, 0x0000f0ff, 0x00000000, 0x00000000, 0x00000000, 0x00000000, 0x00000000, 0xedff0000, 0x00000000, 0x00000000, 0x00000000, 
    0x00000000, 0xf1ff0000, 0x00000000, 0x00000000, 0x00000000, 0x00000000, 0x00000000, 0x0000bdff, 0x00000000, 0x00000000, 0x00000000, 0x00000000, 
    0x00000000, 0x00000000, 0x00000000, 0x00000000, 0x00000000, 0x00000000, 0x00000000, 0x00000000, 0x0000f5ff, 0x00000000, 0x00000000, 0x0000f1ff, 
    0x00000000, 0xe3ff0000, 0x0000f1ff, 0x00000000, 0x00000000, 0x0000f2ff, 0x00000000, 0x00000000, 0x00000000, 0x00000000, 0x00000000, 0x00000000, 
    0x00000000, 0x00000000, 0xf3ff0000, 0x00000000, 0x00000000, 0x00000000, 0x00000000, 0x00000000, 0x0000f2ff, 0x00000000, 0x00000000, 0x00000000, 
    0x00000000, 0x00000000, 0x00000000, 0x00000000, 0x00000000, 0x0000f3ff, 0xf1ff0000, 0x00000000, 0x0000f1ff, 0x00000000, 0x00000000, 0x00000000, 
    0x00000000, 0x00000000, 0x0f000000, 0x00000000, 0x00000000, 0x95ff0000, 0x0000d7ff, 0x00000000, 0x00000000, 0x00000000, 0x00000000, 0x00000000, 
    0x00000000, 0x00000000, 0x0000eaff, 0x00000000, 0x00000000, 0xebff0000, 0x00000000, 0x00000000, 0x00000000, 0x00000000, 0x00000000, 0x00000000, 
    0x00000000, 0x00000000, 0x00000000, 0x00000000, 0x00000000, 0x00000000, 0xe1ffe6ff, 0xe5ffe9ff, 0x0000e9ff, 0xe7ff0000, 0x0000d8ff, 0x00000000, 
    0x00000000, 0x00000000, 0x00000000, 0x00000000, 0x00000000, 0x00000000, 0x00000000, 0x00000000, 0x00000000, 0x0000c0ff, 0x0000a3ff, 0x00000000, 
    0xbfff0000, 0xd8ffe3ff, 0xd9ffbfff, 0xb7ffa2ff, 0xecffcbff, 0x1100a0ff, 0xabff1200, 0xe2ffc6ff, 0x0d00f0ff, 0x00000000, 0xe9ff0000, 0x00001100, 
    0x0000f3ff, 0x00002dff, 0x1200efff, 0xccff0000, 0x00000000, 0xa0ff0000, 0x0000f3ff, 0x00000000, 0x00000000, 0x00000000, 0x00000000, 0x00000000, 
    0x00000000, 0x00000000, 0x00000000, 0x00000000, 0x00000000, 0x00000000, 0xeeffeaff, 0x00000000, 0xecff0000, 0x00000000, 0x00000000, 0x00000000, 
    0x00000000, 0x9dff0000, 0x93ffe4ff, 0xa1ff9dff, 0x8fffb1ff, 0xb8ffb9ff, 0x10000000, 0xafff1000, 0xc4ff8cff, 0x0000f0ff, 0x00000000, 0xb3ff0000, 
    0x00000f00, 0xcbfff1ff, 0x7eff26ff, 0x1000edff, 0x18ffbcff, 0x7cff0000, 0x10ff0000, 0x0000f1ff, 0x00000000, 0x00000000, 0x00000000, 0xf2ff0000, 
    0x00000000, 0x00000000, 0x00000000, 0x00000000, 0xecff0000, 0x00000000, 0x00000000, 0xc0ffbfff, 0x00000000, 0x00000000, 0x00000000, 0x00000000, 
    0x00000000, 0xd8ff0000, 0xf0ff0000, 0x00000000, 0x0000f0ff, 0x00000000, 0x00000000, 0x00000000, 0x00000000, 0x00000000, 0x00000000, 0x00000000, 
    0x00000000, 0x00000000, 0x00000000, 0x00000000, 0x00000000, 0x00000000, 0x00000000, 0x00000000, 0x00000000, 0xe6ffebff, 0xebff0000, 0x0d00edff, 
    0xecff0000, 0x0000e5ff, 0x00000000, 0x00000d00, 0x00000000, 0x00000000, 0x00000000, 0x00000000, 0x00000000, 0x00000000, 0x00000000, 0x00000000, 
    0x00000000, 0x00000000, 0x00000000, 0xe6ff0000, 0x0000e7ff, 0xebffebff, 0x00000000, 0xe1ffe7ff, 0x00000000, 0x00000000, 0x00000000, 0x00000000, 
    0x00000000, 0x00000000, 0x00000000, 0x11000000, 0x11000000, 0x0e000000, 0xd2ff0000, 0xd1ff0000, 0x00000000, 0x00000000, 0x00000000, 0x00000000, 
    0x00000000, 0x00000000, 0x00000000, 0x0000e3ff, 0x00000000, 0x00000000, 0x00000000, 0x00000000, 0x00000000, 0x00000000, 0x00000000, 0x00000000, 
    0x00000000, 0x00000000, 0x00000000, 0x00000000, 0xecff0000, 0x00000000, 0x0000ecff, 0x00000000, 0x00000000, 0x00000000, 0x00000000, 0x00000000, 
    0x00000000, 0x00000000, 0x00000000, 0x00000000, 0x00000000, 0x00000000, 0x00000000, 0x00000000, 0x00000000, 0x00000000, 0x00000000, 0x0000edff, 
    0xecff0000, 0x00000000, 0x0000d8ff, 0x00001200, 0x00000000, 0x00000000, 0x00000000, 0x00000000, 0x10000000, 0x00000000, 0x00000000, 0x85ff0000, 
    0x00000000, 0x00000000, 0x00000000, 0x00000000, 0x00000000, 0xf3ff0000, 0x00000000, 0x0000f3ff, 0xf5ff76ff, 0x0f000000, 0x00000000, 0xc6ff0000, 
    0x00000000, 0xe1ff0000, 0xe6ff0000, 0x00000000, 0x00000000, 0xc9ff0000, 0xd9ffbcfe, 0x00000000, 0x00000000, 0x00000000, 0x38ff0000, 0x00000000, 
    0x00000000, 0x00000000, 0x00000000, 0x00000000, 0x00000000, 0x00000000, 0x00000000, 0x00000000, 0x00000000, 0xf5ff0000, 0x00000000, 0x00000000, 
    0x00000000, 0x00000000, 0x00000000, 0x00000000, 0x00000000, 0x00000000, 0x00000000, 0x0000bfff, 0xd4ff0000, 0x00001300, 0x7bfff2ff, 0xedfecaff, 
    0x130011ff, 0x00000000, 0x00000000, 0x0000daff, 0x0000b0fe, 0x3fff71ff, 0x00003bff, 0x00000000, 0x51ff0000, 0x00000000, 0x00000000, 0x00000000, 
    0x000091ff, 0x0000c5ff, 0xc3ffecff, 0x88ff0000, 0x0000ceff, 0x00000000, 0x00000000, 0xb0ff0000, 0x00000000, 0x00000000, 0x95ff0000, 0x00000000, 
    0x00000000, 0x00000000, 0x00000000, 0x00000000, 0x00000000, 0x00000000, 0x00000000, 0xecff0000, 0x00000000, 0x0000ecff, 0x00000000, 0x00000000, 
    0x00000000, 0x00000000, 0x00000000, 0x00000000, 0x00000000, 0x00000000, 0x00000000, 0x00000000, 0xd8ff0000, 0x00000000, 0x00000000, 0x00000000, 
    0x00000000, 0x00000000, 0x0000e1ff, 0xe1ff0000, 0xd5ffedff, 0xe7ffdfff, 0x00000000, 0x00000e00, 0x0000cbff, 0x00000000, 0x00000000, 0x00000000, 
    0x00000000, 0x00000000, 0x85ff0000, 0x00000000, 0x00000000, 0x0000c4ff, 0x00000000, 0x00000000, 0x00000000, 0x00000000, 0x00000000, 0x00000000, 
    0x00000000, 0xe5ff0000, 0x0000c9ff, 0x00000000, 0x00000000, 0x00000000, 0x00000000, 0x00000000, 0x00000000, 0x00000000, 0xe8ff0000, 0x00000000, 
    0x00000000, 0x0000f3ff, 0x00000000, 0xf3ffd4ff, 0xd2ff0000, 0xb5ffe4ff, 0xd9ffd2ff, 0x0000f5ff, 0x00000000, 0x0000b4ff, 0x00000000, 0x00000000, 
    0x00000000, 0x00000000, 0x00000000, 0x1fff0000, 0x00000000, 0x00000000, 0x0000dbff, 0x00000000, 0x00000000, 0x00000000, 0x00000000, 0x00000000, 
    0x00000000, 0x0000ebff, 0x00000000, 0x00000000, 0x00000000, 0x00000000, 0x00000000, 0x00000000, 0x00000000, 0x00000000, 0x00000000, 0x00000000, 
    0x00000000, 0x00000000, 0x00000000, 0x00000000, 0x00000000, 0x00000000, 0x00000000, 0x00000000, 0x0000ddff, 0x00000000, 0x00000000, 0x00000000, 
    0x00000000, 0x79ff0000, 0x0000f5ff, 0x00000000, 0x00000000, 0x00000000, 0x00000000, 0x00000000, 0x0000d9ff, 0x00000000, 0x00000000, 0x00000000, 
    0x00000000, 0x00000000, 0x00000000, 0xf5fe0000, 0x0000adff, 0x00000000, 0xf0ff0000, 0x00000000, 0xc9ffc0ff, 0x00000000, 0xf5ff0000, 0x00000000, 
    0xc8ff0000, 0x00000000, 0x0000e7ff, 0x0000ebff, 0x00000000, 0x00000000, 0x00000000, 0x00000000, 0x00000000, 0x00000000, 0x00000000, 0x00000000, 
    0x00000000, 0x00000000, 0x56ff0000, 0x00000000, 0x00000000, 0x00000000, 0x00000000, 0x00000000, 0x00000000, 0x00000000, 0x00000000, 0x44ff0000, 
    0x33ffbdff, 0x4bff44ff, 0x2cff3eff, 0x72ff0000, 0x07000000, 0x00000700, 0x86ff27ff, 0x0000d1ff, 0x00000000, 0x6aff0000, 0x00000500, 0x92ff0000, 
    0x0fff7afe, 0x07000000, 0x62fe0000, 0x0cff0000, 0x00000000, 0x00000000, 0x00000000, 0x00000000, 0x00000000, 0x00000000, 0x00000000, 0x00000000, 
    0x00000000, 0x00000000, 0x00000000, 0x00000000, 0x00000000, 0x00000d00, 0x00000000, 0x00000000, 0x00000000, 0x00000000, 0x00000000, 0x00000000, 
    0x00000000, 0x00000000, 0x00000000, 0x00000000, 0x0000efff, 0x00000000, 0x00000000, 0x00000000, 0x00000000, 0x0000ecff, 0x00000000, 0xb4ff0000, 
    0x0000bbff, 0x00000000, 0x00000000, 0x00000000, 0x00000000, 0x00000000, 0x0000d5ff, 0xe9ffbdff, 0xbdff9aff, 0xa5ff0000, 0x000091ff, 0x00000000, 
    0x12001200, 0xd2ff0000, 0x00000000, 0x00000000, 0x00000000, 0x00000000, 0x00000000, 0x6dfecaff, 0x0000bbff, 0x00000000, 0x000089ff, 0x0000e9ff, 
    0x00000000, 0x9a000200, 0x06000600, 0x0b000000, 0x01000b00, 0x10001000, 0x12000200, 0x03001200, 0x29002500, 0x2c000400, 0x09003400, 0x3e003800, 
    0x45001200, 0x19004700, 0x49004900, 0x4c001c00, 0x1d004c00, 0x54005100, 0x56001e00, 0x22005600, 0x5a005a00, 0x5c002300, 0x24005e00, 0x8a008a00, 
    0x96002700, 0x28009600, 0xb400b100, 0xbd002900, 0x2d00bd00, 0xc100c100, 0xc7002e00, 0x2f00c700, 0xd500d400, 0xd7003000, 0x3200d700, 0xda00da00, 
    0xdc003300, 0x3400de00, 0xe600e000, 0xec003700, 0x3e00ec00, 0xee00ee00, 0xf7003f00, 0x4000f700, 0xfc00fc00, 0xfe004100, 0x4200ff00, 0x05010401, 
    0x0a014400, 0x46000a01, 0x0d010d01, 0x18014700, 0x48001a01, 0x30012e01, 0x33014b00, 0x4e003501, 0x37013701, 0x39015100, 0x52003901, 0x3b013b01, 
    0x43015300, 0x54004401, 0x54015401, 0x56015600, 0x57005601, 0x58015801, 0x5c015800, 0x59005e01, 0x8a018401, 0x8e015c00, 0x63008f01, 0xd901d901, 
    0xde016500, 0x6600de01, 0xe201e101, 0xec016700, 0x6900ee01, 0x00020002, 0x0f026c00, 0x6d001102, 0x2f022f02, 0x32027000, 0x71003202, 0x46024502, 
    0x49027200, 0x74004902, 0x7b027a02, 0x7d027500, 0x77007d02, 0xa5027f02, 0xaa027800, 0x9f00af02, 0xc402b402, 0xc602a500, 0xb600cf02, 0xda02d802, 
    0xdc02c000, 0xc300dc02, 0xde02de02, 0xe002c400, 0xc500e002, 0xe202e202, 0xe502c600, 0xc700e502, 0xe702e702, 0xe902c800, 0xc900e902, 0xeb02eb02, 
    0xed02ca00, 0xcb00ed02, 0xef02ef02, 0xf102cc00, 0xcd00fd02, 0xff02ff02, 0x0103da00, 0xdb000103, 0x03030303, 0x0e03dc00, 0xdd000e03, 0x10031003, 
    0x1203de00, 0xdf001203, 0x14031403, 0x1603e000, 0xe1001603, 0x18031803, 0x1a03e200, 0xe3001a03, 0x1c031c03, 0x1e03e400, 0xe5001e03, 0x20032003, 
    0x2203e600, 0xe7002a03, 0x38032f03, 0x4303f000, 0xfa004703, 0x4f034d03, 0x5403ff00, 0x02015403, 0x69036503, 0x6d030301, 0x08016f03, 0x78037803, 
    0x86030b01, 0x0c018b03, 0x9d038e03, 0xa0031201, 0x2201a003, 0xa403a403, 0xa6032301, 0x2401a603, 0xaa03aa03, 0xad032501, 0x2601ae03, 0xb903b003, 
    0xbb032801, 0x3201bd03, 0xc403bf03, 0xc6033501, 0x3b01cc03, 0xd303d203, 0xd5034201, 0x4401d503, 0xd703d703, 0xd9034501, 0x4601dc03, 0xe403df03, 
    0xe6034a01, 0x5001e603, 0xeb03ea03, 0xf0035101, 0x5301fb03, 0xff03fe03, 0x01045f01, 0x61010404, 0x0c040b04, 0x10046501, 0x67011004, 0x18041204, 
    0x1e046801, 0x6f014604, 0x48044804, 0x4a049801, 0x99015704, 0x5f045f04, 0x6204a701, 0xa8016204, 0x64046404, 0x7004a901, 0xaa017504, 0x77047704, 
    0x7b04b001, 0xb1017c04, 0x7f047f04, 0x8104b301, 0xb4018204, 0x84048404, 0x8604b601, 0xb7018604, 0x9b049704, 0x9d04b801, 0xbd019d04, 0xa0049f04, 
    0xa204be01, 0xc001a204, 0xa804a604, 0xaa04c101, 0xc401aa04, 0xae04ac04, 0xb004c501, 0xc801b004, 0xb204b204, 0xb404c901, 0xca01ba04, 0xbc04bc04, 
    0xbf04d101, 0xd201bf04, 0xc604c104, 0xc804d301, 0xd901cb04, 0xcf04cf04, 0xd204dd01, 0xde01d204, 0xd804d804, 0xdd04df01, 0xe001dd04, 0xe804e804, 
    0xea04e101, 0xe201ea04, 0xf104f104, 0xf504e301, 0xe401f504, 0x75010200, 0x06000600, 0x0b001900, 0x19000b00, 0x10001000, 0x12002100, 0x21001200, 
    0x25002500, 0x26000200, 0x1c002600, 0x27002700, 0x28001300, 0x01002800, 0x29002900, 0x2e000500, 0x0a002e00, 0x2f002f00, 0x30000b00, 0x18003000, 
    0x33003300, 0x34000100, 0x16003400, 0x38003800, 0x39000e00, 0x0a003900, 0x3a003a00, 0x3b001d00, 0x1b003b00, 0x3c003c00, 0x3d001200, 0x0c003d00, 
    0x3e003e00, 0x45001100, 0x06004500, 0x46004600, 0x47000700, 0x17004700, 0x49004900, 0x4c000800, 0x04004c00, 0x52005100, 0x53000400, 0x03005300, 
    0x54005400, 0x56000700, 0x15005600, 0x5a005a00, 0x5c000900, 0x14005c00, 0x5d005d00, 0x5e000900, 0x10005e00, 0x8a008a00, 0x96000700, 0x01009600, 
    0xb100b100, 0xb2002200, 0x0200b200, 0xb300b300, 0xb4000100, 0x0200b400, 0xbd00bd00, 0xc1000900, 0x0400c100, 0xc700c700, 0xd4000700, 0x2000d500, 
    0xda00da00, 0xde001200, 0x2500de00, 0xe400e400, 0xe6002000, 0x2000e600, 0xec00ec00, 0xee001a00, 0x1400ee00, 0xf700f700, 0xfc000700, 0x1f00fc00, 
    0xfe00fe00, 0xff001f00, 0x0700ff00, 0x05010401, 0x0a011f00, 0x1f000a01, 0x0d010d01, 0x18010200, 0x03001801, 0x19011901, 0x1a011d00, 0x09001a01, 
    0x2e012e01, 0x2f010700, 0x22002f01, 0x30013001, 0x33011a00, 0x12003301, 0x34013401, 0x35011400, 0x0b003501, 0x37013701, 0x39010b00, 0x0b003901, 
    0x43014301, 0x44011200, 0x14004401, 0x58015801, 0x5c010100, 0x1a005c01, 0x5d015d01, 0x5e011200, 0x14005e01, 0x85018401, 0x86011900, 0x21008601, 
    0x89018701, 0x8a011900, 0x21008a01, 0x8f018e01, 0xd9012100, 0x2300d901, 0xde01de01, 0xe1010d00, 0x2400e101, 0xe201e201, 0xec011e00, 0x0f00ec01, 
    0xed01ed01, 0xee010d00, 0x0f00ee01, 0x00020002, 0x0f021e00, 0x1e001102, 0x2f022f02, 0x32020d00, 0x0f003202, 0x45024502, 0x46021300, 0x01004602, 
    0x49024902, 0x7a020100, 0x01007b02, 0x7d027d02, 0x7f020e00, 0x02008502, 0x86028602, 0x87021300, 0x05008a02, 0x94029002, 0x95020100, 0x0a009802, 
    0x99029902, 0x9a020c00, 0x0600a002, 0xa102a102, 0xa2021700, 0x0800a502, 0xaa02aa02, 0xab020400, 0x0300af02, 0xb502b402, 0xb6020900, 0x0200b602, 
    0xb702b702, 0xb8020600, 0x0200b802, 0xb902b902, 0xba020600, 0x0200ba02, 0xbb02bb02, 0xbc020600, 0x1300bc02, 0xbd02bd02, 0xbe021700, 0x1300be02, 
    0xbf02bf02, 0xc0021700, 0x1300c002, 0xc102c102, 0xc2021700, 0x1300c202, 0xc302c302, 0xc4021700, 0x0100c402, 0xc602c602, 0xc7020500, 0x0800c702, 
    0xc802c802, 0xc9020500, 0x0800c902, 0xca02ca02, 0xcb020500, 0x0800cb02, 0xcc02cc02, 0xcd020500, 0x0800cd02, 0xce02ce02, 0xcf020500, 0x0800cf02, 
    0xd902d902, 0xe5020400, 0x0a00e502, 0xe702e702, 0xe9020b00, 0x1800e902, 0xeb02eb02, 0xed021800, 0x1800ed02, 0xef02ef02, 0xf2021800, 0x0400f202, 
    0xf402f402, 0xf6020400, 0x0400f702, 0xf802f802, 0xf9020100, 0x0300f902, 0xfa02fa02, 0xfb020100, 0x0300fb02, 0xfc02fc02, 0xfd020100, 0x0300fd02, 
    0xff02ff02, 0x01031500, 0x15000103, 0x03030303, 0x0e031500, 0x0e000e03, 0x10031003, 0x12030e00, 0x0e001203, 0x14031403, 0x16030a00, 0x0a001603, 
    0x18031803, 0x1a030a00, 0x0a001a03, 0x1c031c03, 0x1e030a00, 0x0a001e03, 0x20032003, 0x22031b00, 0x0c002203, 0x23032303, 0x24030900, 0x0c002403, 
    0x25032503, 0x26031100, 0x10002603, 0x27032703, 0x28031100, 0x10002803, 0x29032903, 0x2a031100, 0x10002a03, 0x30032f03, 0x31030d00, 0x23003103, 
    0x38033203, 0x43030f00, 0x0d004703, 0x4f034d03, 0x54030f00, 0x0d005403, 0x65036503, 0x66031e00, 0x24006903, 0x6f036d03, 0x78030d00, 0x23007803, 
    0x86038603, 0x87030200, 0x05008703, 0x8a038a03, 0x8b030100, 0x0c008b03, 0x8e038e03, 0x8f030200, 0x1c008f03, 0x90039003, 0x91030500, 0x11009103, 
    0x94039403, 0x97030b00, 0x01009703, 0x98039803, 0x99031600, 0x0e009903, 0x9a039a03, 0x9b030c00, 0x12009b03, 0x9d039d03, 0xa0030c00, 0x0400a003, 
    0xa403a403, 0xa6030300, 0x0900a603, 0xaa03aa03, 0xad030300, 0x0500ad03, 0xae03ae03, 0xb2032200, 0x0a00b203, 0xb403b303, 0xb5030b00, 0x2500b503, 
    0xb603b603, 0xb7030200, 0x1c00b703, 0xb803b803, 0xb9032200, 0x0500b903, 0xbd03bd03, 0xbf030100, 0x1600bf03, 0xc003c003, 0xc1031300, 0x0e00c103, 
    0xc203c203, 0xc3031200, 0x0600c303, 0xc403c403, 0xc6030800, 0x0300c603, 0xc703c703, 0xc8030700, 0x1700c803, 0xc903c903, 0xca030900, 0x1400ca03, 
    0xcb03cb03, 0xcc030800, 0x1a00cc03, 0xd203d203, 0xd3030900, 0x1b00d303, 0xd503d503, 0xd7031b00, 0x1b00d703, 0xd903d903, 0xda030c00, 0x0900da03, 
    0xdc03db03, 0xdf031900, 0x1900df03, 0xe103e103, 0xe2030400, 0x0200e203, 0xe303e303, 0xe4030600, 0x0500e403, 0xe603e603, 0xea030800, 0x1d00ea03, 
    0xeb03eb03, 0xf0030900, 0x1300f003, 0xf103f103, 0xf2031700, 0x0c00f203, 0xf303f303, 0xf5030900, 0x1200f503, 0xf603f603, 0xf8031400, 0x0200f803, 
    0xf903f903, 0xfa030600, 0x0200fa03, 0xfb03fb03, 0xfe030600, 0x0500fe03, 0xff03ff03, 0x01040800, 0x08000204, 0x03040304, 0x04041200, 0x14000404, 
    0x0b040b04, 0x0c040100, 0x03000c04, 0x10041004, 0x12040300, 0x07001204, 0x13041304, 0x14042500, 0x09001404, 0x15041504, 0x16042500, 0x09001604, 
    0x17041704, 0x18042500, 0x09001804, 0x1e041e04, 0x1f040200, 0x06001f04, 0x20042004, 0x21040200, 0x06002104, 0x22042204, 0x23040200, 0x06002304, 
    0x24042404, 0x25040200, 0x06002504, 0x26042604, 0x27040200, 0x06002704, 0x28042804, 0x29040200, 0x06002904, 0x2a042a04, 0x2b040200, 0x06002b04, 
    0x2c042c04, 0x2d040200, 0x06002d04, 0x2e042e04, 0x2f040200, 0x06002f04, 0x30043004, 0x31040200, 0x06003104, 0x32043204, 0x33040200, 0x06003304, 
    0x34043404, 0x35040200, 0x06003504, 0x36043604, 0x37040500, 0x08003704, 0x38043804, 0x39040500, 0x08003904, 0x3a043a04, 0x3b040500, 0x08003b04, 
    0x3c043c04, 0x3d040500, 0x08003d04, 0x3e043e04, 0x3f040500, 0x08003f04, 0x40044004, 0x41040500, 0x08004104, 0x42044204, 0x43040500, 0x08004304, 
    0x44044404, 0x45040500, 0x08004504, 0x4a044a04, 0x4b040100, 0x03004b04, 0x4c044c04, 0x4d040100, 0x03004d04, 0x4e044e04, 0x4f040100, 0x03004f04, 
    0x50045004, 0x51040100, 0x03005104, 0x52045204, 0x53040100, 0x03005304, 0x54045404, 0x55040100, 0x03005504, 0x56045604, 0x57040100, 0x03005704, 
    0x5f045f04, 0x62040300, 0x0a006204, 0x64046404, 0x70040a00, 0x0c007004, 0x71047104, 0x72040900, 0x0c007204, 0x73047304, 0x74040900, 0x0c007404, 
    0x75047504, 0x77040900, 0x0e007704, 0x7b047b04, 0x7c042200, 0x1a007c04, 0x7f047f04, 0x81040400, 0x20008104, 0x82048204, 0x84042200, 0x0b008404, 
    0x86048604, 0x98040c00, 0x04009804, 0x99049904, 0x9a040200, 0x06009a04, 0x9b049b04, 0x9f040500, 0x01009f04, 0xa004a004, 0xa2040300, 0x1500a204, 
    0xa604a604, 0xa7041c00, 0x0700a704, 0xa804a804, 0xaa040100, 0x0100aa04, 0xad04ad04, 0xae040400, 0x0b00ae04, 0xb004b004, 0xb2040b00, 0x1800b204, 
    0xb504b504, 0xb7040400, 0x0400b704, 0xb804b804, 0xb9040100, 0x1600b904, 0xba04ba04, 0xbc040700, 0x1500bc04, 0xbf04bf04, 0xc1040e00, 0x0a00c104, 
    0xc204c204, 0xc3041d00, 0x0900c304, 0xc404c404, 0xc5041d00, 0x0900c504, 0xc604c604, 0xc8041b00, 0x1100c804, 0xc904c904, 0xca041000, 0x0100ca04, 
    0xcb04cb04, 0xcf040f00, 0x0d00cf04, 0xd204d204, 0xd8040f00, 0x1e00d804, 0xdd04dd04, 0xe8042300, 0x1e00e804, 0xea04ea04, 0xf1040f00, 0x0d00f104, 
    0xf504f504, 0x01002300, 0xf5040600, 0x00001400, 0x00000000, 0x14000000, 0x00000000, 0x00000000, 0x1f001a00, 0x00001a00, 0x00000000, 0x00000000, 
    0x00000000, 0x00000000, 0x00000000, 0x00000000, 0x00000000, 0x00000000, 0x06000000, 0x02000000, 0x00000000, 0x02000000, 0x00000000, 0x00002300, 
    0x00000000, 0x02000000, 0x02000000, 0x10000000, 0x0a000b00, 0x16001d00, 0x0c001100, 0x00001300, 0x00000000, 0x00000000, 0x07000000, 0x01000000, 
    0x01000100, 0x01000000, 0x00000000, 0x00000000, 0x03000000, 0x04000300, 0x01000300, 0x0e000000, 0x05000000, 0x00000900, 0x09001500, 0x00000f00, 
    0x00000000, 0x00000000, 0x00000000, 0x00000000, 0x00000000, 0x00000000, 0x00000000, 0x00000000, 0x00000000, 0x00000000, 0x00000000, 0x00000000, 
    0x00000000, 0x00000000, 0x00000000, 0x00000000, 0x00000000, 0x02000000, 0x00000000, 0x00000000, 0x00000000, 0x00000000, 0x00000000, 0x00000000, 
    0x00000000, 0x02000000, 0x00000100, 0x00000000, 0x01000200, 0x05000000, 0x00000000, 0x00000000, 0x00000000, 0x00000000, 0x00000000, 0x00000000, 
    0x00000000, 0x00000000, 0x00000000, 0x00000000, 0x00000000, 0x02000600, 0x00000600, 0x00000000, 0x00000000, 0x01000000, 0x09000000, 0x00000000, 
    0x03000000, 0x00000000, 0x00000000, 0x00000000, 0x01000100, 0x05000000, 0x00000000, 0x00000000, 0x00000000, 0x02000b00, 0x00001900, 0x00000b00, 
    0x00000000, 0x00001100, 0x19000000, 0x00002200, 0x20000000, 0x00000000, 0x00000000, 0x00000000, 0x00000000, 0x00000000, 0x00000300, 0x00001500, 
    0x03000300, 0x03001b00, 0x03000300, 0x01000000, 0x21000300, 0x03000300, 0x00000000, 0x00000300, 0x00000300, 0x01000000, 0x03001b00, 0x00000000, 
    0x00000200, 0x00000000, 0x06000000, 0x00000000, 0x00000000, 0x00000000, 0x00000000, 0x02000000, 0x1d000400, 0x02000900, 0x02000000, 0x02000100, 
    0x02000000, 0x00000100, 0x00000000, 0x00000000, 0x00000000, 0x03000000, 0x00000000, 0x00000000, 0x00000000, 0x11000000, 0x00001500, 0x00000300, 
    0x0b000000, 0x00000000, 0x00000300, 0x00000300, 0x02000000, 0x11000100, 0x0b001500, 0x20000000, 0x00002100, 0x00000000, 0x00000000, 0x00000000, 
    0x1b001900, 0x03000000, 0x03000000, 0x03000000, 0x00000000, 0x00000000, 0x11000300, 0x00001500, 0x01000100, 0x00000000, 0x00000000, 0x00001900, 
    0x00000000, 0x01000200, 0x00000000, 0x19000000, 0x00001b00, 0x00000000, 0x00000000, 0x00000000, 0x00000000, 0x00000000, 0x00000000, 0x00000000, 
    0x1f000000, 0x00001f00, 0x14001400, 0x14001a00, 0x14001400, 0x00001a00, 0x00000000, 0x1a001a00, 0x00000000, 0x00000000, 0x00000000, 0x00000000, 
    0x00000000, 0x00000000, 0x00000000, 0x00000000, 0x00000000, 0x00000000, 0x00000000, 0x00000000, 0x00000000, 0x00000000, 0x00000000, 0x00000000, 
    0x00000000, 0x00000000, 0x00000000, 0x00000000, 0x00000000, 0x00000000, 0x00000000, 0x00000000, 0x0e000000, 0x00000000, 0x00000000, 0x00000000, 
    0x00000000, 0x00000000, 0x00000000, 0x00000000, 0x00000000, 0x00000000, 0x1c001700, 0x00002400, 0x18001200, 0x00001e00, 0x00000800, 0x00000800, 
    0x00000000, 0x00000000, 0x00000000, 0x00000800, 0x00000000, 0x00000000, 0x08000d00, 0x00000d00, 0x00000000, 0x00000000, 0x18000000, 0x00000800, 
    0x18000000, 0x00000000, 0x1c000000, 0x00000000, 0x00000000, 0x00000000, 0x00000000, 0x00000000, 0x00000000, 0x00000000, 0x00000000, 0x00001c00, 
    0x18000000, 0x17000800, 0x18001c00, 0x00000000, 0x00000000, 0x08000000, 0x00000000, 0x00000000, 0x00000000, 0x00000000, 0x00000000, 0x00000000, 
    0x00000000, 0x00000000, 0x00000000, 0x00000000, 0x00000800, 0x00000d00, 0x00000000, 0x00000000, 0x00000000, 0x00000000, 0x00000000, 0x00000000, 
    0x00000000, 0x00000000, 0x02000000, 0x02000200, 0x00000200, 0x00000000, 0x00000000, 0x00000000, 0x00000000, 0x00000000, 0x00000000, 0x00000000, 
    0x00000000, 0x00000000, 0x00000000, 0x00000000, 0x00000000, 0x00000000, 0x00000000, 0x00000000, 0x00000000, 0x00000000, 0x00000000, 0x00000000, 
    0x00000000, 0x00000000, 0x00000000, 0x00000000, 0x1f000000, 0x00000000, 0x00000000, 0x06000000, 0x06000600, 0x06000600, 0x06000600, 0x00000200, 
    0x00000000, 0x00000000, 0x00000000, 0x00000000, 0x02000200, 0x02000200, 0x0a000200, 0x0a000a00, 0x0c000a00, 0x07000700, 0x07000700, 0x07000700, 
    0x01000700, 0x01000100, 0x01000100, 0x00000000, 0x00000000, 0x04000300, 0x04000400, 0x04000400, 0x05000500, 0x05000500, 0x09000900, 0x07000600, 
    0x07000600, 0x07000600, 0x01000200, 0x01000200, 0x01000200, 0x01000200, 0x01000000, 0x01000000, 0x01000000, 0x01000000, 0x01000000, 0x01000000, 
    0x01000200, 0x01000200, 0x01000200, 0x01000200, 0x00000000, 0x00000000, 0x00000000, 0x00000000, 0x00000000, 0x00000000, 0x23000000, 0x00000000, 
    0x00000000, 0x00000000, 0x00000000, 0x00000000, 0x00000000, 0x00000300, 0x00000300, 0x03000300, 0x04000200, 0x04000200, 0x04000200, 0x00000000, 
    0x00000000, 0x00000000, 0x0e001000, 0x0e001000, 0x0e001000, 0x0e001000, 0x0e001000, 0x00000b00, 0x00000b00, 0x00000b00, 0x05000a00, 0x05000a00, 
    0x05000a00, 0x05000a00, 0x05000a00, 0x05000a00, 0x00001600, 0x09000c00, 0x13000c00, 0x13000f00, 0x13000f00, 0x00000f00, 0x02000000, 0x00000000, 
    0x00000000, 0x0d000d00, 0x0d000d00, 0x0d000d00, 0x08000d00, 0x00000000, 0x00000000, 0x00000000, 0x00000000, 0x08000000, 0x08000800, 0x08000800, 
    0x12001200, 0x12001200, 0x0d001700, 0x0d000d00, 0x08000800, 0x08000800, 0x00000000, 0x00000000, 0x00000000, 0x08000800, 0x08000800, 0x00000000, 
    0x00000000, 0x00000000, 0x00000000, 0x00000000, 0x00000000, 0x00000000, 0x08000000, 0x08000800, 0x00000000, 0x1e000000, 0x1e001e00, 0x00001e00, 
    0x00001800, 0x12001200, 0x12001200, 0x12001200, 0x17002400, 0x00001700, 0x00000000, 0x00000600, 0x00000000, 0x0c000200, 0x00000000, 0x00000600, 
    0x13000000, 0x00000000, 0x00000000, 0x02000000, 0x00000000, 0x11000c00, 0x0c000000, 0x00000100, 0x00000300, 0x00000500, 0x00000400, 0x00000900, 
    0x05000000, 0x05000400, 0x00000000, 0x00000000, 0x00000000, 0x00002300, 0x22000000, 0x00000600, 0x00000000, 0x00000000, 0x02000000, 0x00000000, 
    0x0b000200, 0x07001100, 0x03000100, 0x03000400, 0x09000100, 0x01001500, 0x0e000300, 0x00000000, 0x03000000, 0x16000900, 0x16000000, 0x16000000, 
    0x0c000000, 0x14000900, 0x00001400, 0x14000000, 0x03000000, 0x07000600, 0x00000000, 0x03000100, 0x00000000, 0x09001d00, 0x02000100, 0x00000000, 
    0x01000200, 0x09000c00, 0x11000000, 0x00001500, 0x07000600, 0x07000600, 0x00000000, 0x01000000, 0x01000000, 0x11000100, 0x00001500, 0x00000000, 
    0x00000300, 0x02000300, 0x02000400, 0x02000100, 0x00000400, 0x22000000, 0x22000900, 0x22000900, 0x20000900, 0x00002100, 0x01000300, 0x07000600, 
    0x07000600, 0x07000600, 0x07000600, 0x07000600, 0x07000600, 0x07000600, 0x07000600, 0x07000600, 0x07000600, 0x07000600, 0x07000600, 0x01000000, 
    0x01000000, 0x01000000, 0x01000000, 0x01000000, 0x01000000, 0x01000000, 0x01000000, 0x00000000, 0x00000000, 0x04000200, 0x04000200, 0x04000200, 
    0x04000200, 0x04000200, 0x04000200, 0x04000200, 0x01000200, 0x01000200, 0x01000200, 0x04000200, 0x01000200, 0x05000a00, 0x05000a00, 0x05000000, 
    0x05000000, 0x05000000, 0x05000000, 0x05000000, 0x09000c00, 0x09000c00, 0x09000c00, 0x0b000000, 0x20000000, 0x00002100, 0x00000300, 0x00000000, 
    0x00000000, 0x00000000, 0x00000000, 0x00000c00, 0x00000000, 0x00000000, 0x00001f00, 0x00000000, 0x00000000, 0x00000000, 0x00000000, 0x00000000, 
    0x06000300, 0x00000700, 0x00000100, 0x02000000, 0x00000400, 0x00000000, 0x00000500, 0x00000000, 0x01000000, 0x01000000, 0x00000000, 0x00000000, 
    0x00000000, 0x00000000, 0x03000000, 0x03000000, 0x00000200, 0x00000000, 0x10000000, 0x0b000e00, 0x0a000000, 0x09001d00, 0x09001d00, 0x00001600, 
    0x0f001300, 0x0d000000, 0x00000000, 0x08000000, 0x00001700, 0x00000d00, 0x00000000, 0x00000000, 0x00000000, 0x00000000, 0x00000000, 0x1c001700, 
    0x17000000, 0x00000000, 0x00000000, 0x00000000, 0x00000000, 0x00000d00, 0x00000000, 0x00000000, 0x08000000, 0x00000000, 0x18000800, 0x00001c00, 
    0x08000000, 0x00001700, 0x00000100, 0x62010a00, 0x04009202, 0x544c4644, 0x79631a00, 0x1a006c72, 0x6b657267, 0x616c1a00, 0x48006e74, 0x00000400, 
    0xffff0000, 0x00001200, 0x02000100, 0x04000300, 0x0c000800, 0x0e000d00, 0x10000f00, 0x12001100, 0x14001300, 0x16001500, 0x2e001700, 0x5a410700, 
    0xe4002045, 0x20545243, 0x5246e400, 0x5a002041, 0x204c4f4d, 0x414eb600, 0x88002056, 0x204d4f52, 0x5254b600, 0xe400204b, 0xffff0000, 0x00001300, 
    0x02000100, 0x04000300, 0x08000700, 0x0d000c00, 0x0f000e00, 0x11001000, 0x13001200, 0x15001400, 0x17001600, 0xffff0000, 0x00001400, 0x02000100, 
    0x04000300, 0x08000600, 0x0c000900, 0x0e000d00, 0x10000f00, 0x12001100, 0x14001300, 0x16001500, 0x00001700, 0x1400ffff, 0x01000000, 0x03000200, 
    0x06000400, 0x0b000800, 0x0d000c00, 0x0f000e00, 0x11001000, 0x13001200, 0x15001400, 0x17001600, 0xffff0000, 0x00001400, 0x02000100, 0x04000300, 
    0x08000600, 0x0c000a00, 0x0e000d00, 0x10000f00, 0x12001100, 0x14001300, 0x16001500, 0x00001700, 0x1300ffff, 0x01000000, 0x03000200, 0x05000400, 
    0x0c000800, 0x0e000d00, 0x10000f00, 0x12001100, 0x14001300, 0x16001500, 0x18001700, 0x63733263, 0x63639200, 0x9800706d, 0x67696c64, 0x6e64a000, 
    0xa6006d6f, 0x63617266, 0x696cac00, 0xb6006167, 0x6167696c, 0x696cbc00, 0xc8006167, 0x6d756e6c, 0x6f6cd000, 0xd6006c63, 0x6c636f6c, 0x6f6cdc00, 
    0xe2006c63, 0x726d756e, 0x6e6fe800, 0xee006d75, 0x6d756e70, 0x6d73f400, 0xfa007063, 0x31307373, 0x73730001, 0x06013230, 0x33307373, 0x73730c01, 
    0x12013430, 0x35307373, 0x73731801, 0x1e013630, 0x37307373, 0x6e742401, 0x2a016d75, 0x01000000, 0x00000000, 0x02000200, 0x00000400, 0x0a000100, 
    0x01000000, 0x00001800, 0x16000300, 0x19001700, 0x01000000, 0x00000900, 0x08000400, 0x08000900, 0x00000900, 0x08000200, 0x00000900, 0x15000100, 
    0x01000000, 0x00000700, 0x05000100, 0x01000000, 0x00000600, 0x19000100, 0x01000000, 0x00001200, 0x13000100, 0x01000000, 0x00000100, 0x0b000100, 
    0x01000000, 0x00000c00, 0x0d000100, 0x01000000, 0x00000e00, 0x0f000100, 0x01000000, 0x00001000, 0x11000100, 0x01000000, 0x1a001400, 0x30043600, 
    0xa008ee07, 0x6e0fca08, 0xae0f840f, 0xe60fc20f, 0x4c101010, 0x74106010, 0x9a108810, 0xf610b410, 0x66111411, 0x0e12ac11, 0x80126c12, 0xd212b012, 
    0x00000100, 0x08000100, 0xfa010200, 0xe801fa00, 0xd2017102, 0xd001d101, 0xce01cf01, 0xcc01cd01, 0xca01cb01, 0x3202c901, 0x30023102, 0x28022f02, 
    0xe601e701, 0xe401e501, 0xe201e301, 0xe001e101, 0xde01df01, 0xdc01dd01, 0xda01db01, 0xd801d901, 0xd601d701, 0xd401d501, 0xe901d301, 0x7302ea01, 
    0x74027502, 0x72027602, 0x51027702, 0xec01eb01, 0xee01ed01, 0xf001ef01, 0xf201f101, 0xf401f301, 0xf601f501, 0xf801f701, 0xfa01f901, 0xfc01fb01, 
    0xfe01fd01, 0x0102ff01, 0xfe040202, 0x04020302, 0x06020502, 0x08020702, 0x0a020902, 0x0c020b02, 0x0e023b02, 0x10020f02, 0xf8041102, 0x14021202, 
    0x16021502, 0x18021702, 0x1a021902, 0x1d021c02, 0x1e021f02, 0x30032f03, 0x32033103, 0x34033303, 0x36033503, 0x38033703, 0x3a033903, 0x3c033b03, 
    0x3e033d03, 0x40033f03, 0x42034103, 0x44034303, 0x46034503, 0x48034703, 0x4a034903, 0x4c034b03, 0x4e034d03, 0x50034f03, 0x52035103, 0x54035303, 
    0x56035503, 0x58035703, 0x5a035903, 0x5c035b03, 0x5e035d03, 0x60035f03, 0x62036103, 0xff046303, 0x65036403, 0x67036603, 0x69036803, 0x6b036a03, 
    0x6d036c03, 0x6f036e03, 0x71037003, 0x73037203, 0x75037403, 0x76030205, 0x79037703, 0x7a037803, 0x7c037b03, 0x7e037d03, 0x80037f03, 0x82038103, 
    0x84038303, 0x00058503, 0xcb040105, 0xcd04cc04, 0xcf04ce04, 0xd104d004, 0xd304d204, 0xd504d404, 0xd704d604, 0xd904d804, 0xdb04da04, 0xdd04dc04, 
    0xdf04de04, 0xe104e004, 0xe304e204, 0xe504e404, 0xe704e604, 0xe8040002, 0xea04e904, 0xec04eb04, 0xee04ed04, 0xf004ef04, 0xf204f104, 0xf404f304, 
    0xf604f504, 0x04050305, 0x06050505, 0xf904f704, 0xfc04fa04, 0xfd041b02, 0x0d02fb04, 0x0b051302, 0x01000c05, 0x0800fa00, 0x14000a00, 0x16001500, 
    0x18001700, 0x1a001900, 0x1c001b00, 0x25001d00, 0x27002600, 0x29002800, 0x2b002a00, 0x2d002c00, 0x2f002e00, 0x31003000, 0x33003200, 0x35003400, 
    0x37003600, 0x39003800, 0x3b003a00, 0x3d003c00, 0x65003e00, 0x81006700, 0x84008300, 0x8f008c00, 0x93009100, 0xb200b100, 0xb400b300, 0xb600b500, 
    0xb800b700, 0xba00b900, 0xd300d200, 0xd500d400, 0xd700d600, 0xd900d800, 0xdb00da00, 0xdd00dc00, 0xdf00de00, 0xe100e000, 0xe300e200, 0xe500e400, 
    0xe700e600, 0xe900e800, 0x33012f01, 0x37013501, 0x3b013901, 0x43014101, 0x49014501, 0x4c014b01, 0x59015801, 0x9d019701, 0xa501a201, 0x7b027a02, 
    0x7f027d02, 0x81028002, 0x83028202, 0x85028402, 0x87028602, 0x89028802, 0x8b028a02, 0x8d028c02, 0x8f028e02, 0x91029002, 0x93029202, 0x95029402, 
    0x97029602, 0x99029802, 0xb802b602, 0xbc02ba02, 0xc002be02, 0xc402c202, 0xc802c602, 0xcc02ca02, 0xd002ce02, 0xd402d202, 0xd802d602, 0xdc02da02, 
    0xe002de02, 0xe302e202, 0xe702e502, 0xeb02e902, 0xef02ed02, 0xf302f102, 0xf802f502, 0xfc02fa02, 0x0003fe02, 0x04030203, 0x08030603, 0x0c030a03, 
    0x10030e03, 0x14031203, 0x18031603, 0x1c031a03, 0x20031e03, 0x24032203, 0x27032503, 0x2b032903, 0x86032d03, 0x88038703, 0x8a038903, 0x8c038b03, 
    0x8f038e03, 0x91039003, 0x93039203, 0x95039403, 0x97039603, 0x99039803, 0x9b039a03, 0x9d039c03, 0xae03ad03, 0xb003af03, 0xb203b103, 0xb403b303, 
    0xb603b503, 0xb803b703, 0xba03b903, 0xbc03bb03, 0xbe03bd03, 0xc003bf03, 0xc203c103, 0xd503d303, 0xd903d703, 0xf003ee03, 0x0704f203, 0x13040d04, 
    0x82047d04, 0x07058604, 0x01000905, 0x01000000, 0x02000800, 0xeb00dc01, 0x32027102, 0x30023102, 0x28022f02, 0xe601e701, 0xe401e501, 0xe201e301, 
    0xe001e101, 0xde01df01, 0xdc01dd01, 0xda01db01, 0xd801d901, 0xd601d701, 0xd401d501, 0x6302d301, 0x30037302, 0x74027502, 0xe4012f03, 0x77027202, 
    0xd2045102, 0xeb01d304, 0xd404ec01, 0xd604d504, 0xd704ed01, 0xef01ee01, 0xdc04f001, 0xf101f101, 0xde04dd04, 0xf301f201, 0xfb01f401, 0xec04eb04, 
    0xfd01fc01, 0xff01fe01, 0x01020002, 0xf004ef04, 0xf504f204, 0x0302fe04, 0x05020402, 0x07020602, 0x09020802, 0x0b020a02, 0xf5010c02, 0xf701f601, 
    0xf901f801, 0x3b02fa01, 0x0f020e02, 0x11021002, 0x1202f804, 0x15021402, 0x18021602, 0x76021a02, 0x32033103, 0x34033303, 0x36033503, 0x38033703, 
    0x3a033903, 0x3c033b03, 0x3e033d03, 0x40033f03, 0x42034103, 0x44034303, 0x46034503, 0x48034703, 0x4a034903, 0x4c034b03, 0x4d038203, 0x4f034e03, 
    0x51035003, 0x53035203, 0x55035403, 0x57035603, 0x59035803, 0x5b035a03, 0x5d035c03, 0x5f035e03, 0x61036003, 0xff046203, 0x65036403, 0x67036603, 
    0x69036803, 0x6b036a03, 0x6d036c03, 0x6f036e03, 0x71037003, 0x73037203, 0x75037403, 0x76030205, 0x79037703, 0x7a037803, 0x7c037b03, 0x7e037d03, 
    0x80037f03, 0x83038103, 0x85038403, 0x01050005, 0xcc04cb04, 0xce04cd04, 0xdb04d804, 0xda04d904, 0xe004df04, 0xcf04e104, 0xd104d004, 0xed04ea04, 
    0xf104ee04, 0xf404f304, 0xf6040202, 0xe304e204, 0xe504e404, 0xe704e604, 0xe904e804, 0x04050305, 0x06050505, 0xf904f704, 0x1902fa04, 0x1b02fc04, 
    0xfb04fd04, 0x0d021702, 0x0b051302, 0x01000c05, 0x0a00eb00, 0x46004500, 0x48004700, 0x4a004900, 0x4c004b00, 0x4e004d00, 0x50004f00, 0x52005100, 
    0x54005300, 0x56005500, 0x58005700, 0x5a005900, 0x5c005b00, 0x5e005d00, 0x86008500, 0x89008700, 0x8b008a00, 0x90008d00, 0x94009200, 0xbc00bb00, 
    0xbe00bd00, 0xc000bf00, 0xc200c100, 0xc400c300, 0xc600c500, 0xc800c700, 0xca00c900, 0xcc00cb00, 0xce00cd00, 0xeb00ea00, 0xed00ec00, 0xef00ee00, 
    0xf100f000, 0xf300f200, 0xf500f400, 0xf700f600, 0xf900f800, 0xfb00fa00, 0xfd00fc00, 0xff00fe00, 0x01010001, 0x03010201, 0x05010401, 0x07010601, 
    0x34013001, 0x38013601, 0x3c013a01, 0x44014201, 0x4a014601, 0x5a014d01, 0x7e027c02, 0x9b029a02, 0x9d029c02, 0x9f029e02, 0xa102a002, 0xa302a202, 
    0xa502a402, 0xa702a602, 0xa902a802, 0xab02aa02, 0xad02ac02, 0xaf02ae02, 0xb102b002, 0xb302b202, 0xb502b402, 0xb902b702, 0xbd02bb02, 0xc102bf02, 
    0xc502c302, 0xc902c702, 0xcd02cb02, 0xd102cf02, 0xd502d302, 0xd902d702, 0xdd02db02, 0xe102df02, 0xe602e402, 0xea02e802, 0xee02ec02, 0xf202f002, 
    0xf602f402, 0xfb02f902, 0xff02fd02, 0x03030103, 0x07030503, 0x0b030903, 0x0f030d03, 0x13031103, 0x17031503, 0x1b031903, 0x1f031d03, 0x23032103, 
    0x28032603, 0x2c032a03, 0x9e032e03, 0xa0039f03, 0xa303a103, 0xa503a403, 0xa703a603, 0xa903a803, 0xab03aa03, 0xc303ac03, 0xc503c403, 0xc703c603, 
    0xc903c803, 0xcb03ca03, 0xcd03cc03, 0xcf03ce03, 0xd103d003, 0xd403d203, 0xd803d603, 0xef03da03, 0xf303f103, 0x08040104, 0x14040e04, 0x7f047e04, 
    0x87048304, 0x0a050805, 0x00000600, 0x12000600, 0x42002a00, 0x72005a00, 0x03008a00, 0x01000000, 0x01001200, 0x01009000, 0x03000000, 0x01000100, 
    0x03004d00, 0x01000000, 0x01001200, 0x01007800, 0x03000000, 0x01000100, 0x03004e00, 0x01000000, 0x01001200, 0x01006000, 0x03000000, 0x01000100, 
    0x0300e102, 0x01000000, 0x01001200, 0x01004800, 0x03000000, 0x01000100, 0x0300ce03, 0x01000000, 0x01001200, 0x01003000, 0x03000000, 0x01000100, 
    0x0300d003, 0x01000000, 0x01001200, 0x01001800, 0x03000000, 0x01000100, 0x02004904, 0xa8000200, 0x0000ac00, 0x27012401, 0x01000500, 0x01000000, 
    0x02000800, 0x06001200, 0x5e026002, 0x62026102, 0x0d055f02, 0x06000100, 0x4e004d00, 0xce03e102, 0x4904d003, 0x00000400, 0x08000100, 0x32060100, 
    0x72003600, 0xae00a400, 0xca00b800, 0x0e01fc00, 0x4a011801, 0x7e016401, 0xba019001, 0x0002f601, 0x3c022202, 0x8a024e02, 0xb6029c02, 0xf202e002, 
    0x2e032403, 0x4a033803, 0x86037c03, 0x9a039003, 0xce03b403, 0x0a04e003, 0x46043c04, 0x82046804, 0xc6049404, 0xf204d804, 0x2e051c05, 0x42053805, 
    0x56054c05, 0xaa058005, 0xfe05d405, 0x06002806, 0x14000e00, 0x20001a00, 0x2c002600, 0x02008002, 0x1e04a900, 0xad000200, 0x02007f02, 0x2004a800, 
    0xab000200, 0x02008202, 0x9904aa00, 0xac000200, 0x04000100, 0x0200a604, 0x0100ad00, 0xbc020400, 0xa9000200, 0x06000200, 0xaa040c00, 0xba010200, 
    0x0200a804, 0x0600ad00, 0x14000e00, 0x20001a00, 0x2c002600, 0x02008802, 0x3604a900, 0xad000200, 0x02008702, 0x3804a800, 0xab000200, 0x02003a04, 
    0x9b04aa00, 0xac000200, 0x06000200, 0x95040c00, 0xa9000200, 0x0200d602, 0x0100ba01, 0xac040400, 0xad000200, 0x0e000600, 0x1a001400, 0x26002000, 
    0x8c022c00, 0xa9000200, 0x02004804, 0x8b02ad00, 0xa8000200, 0x02004604, 0xda02ab00, 0xaa000200, 0x02009d04, 0x0300ac00, 0x0e000800, 0xae041400, 
    0xa9000200, 0x0200e702, 0xb004ba01, 0xad000200, 0x08000300, 0x14000e00, 0x0200e902, 0xeb02a900, 0xba010200, 0x0200b204, 0x0200ad00, 0x0c000600, 
    0x0200e003, 0xb404a900, 0xad000200, 0x0c000500, 0x18001200, 0x24001e00, 0x0200f102, 0xf302a900, 0xba010200, 0x0200b604, 0x9704ad00, 0xa8000200, 
    0x02008f02, 0x0700aa00, 0x18001000, 0x24001e00, 0x30002a00, 0xb8043600, 0xaa000300, 0x9102a900, 0xa9000200, 0x02004a04, 0x9002ad00, 0xa8000200, 
    0x02004c04, 0x9302ab00, 0xaa000200, 0x02009f04, 0x0100ac00, 0xb9040400, 0xa9000200, 0x0a000400, 0x16001000, 0xfe021c00, 0xa9000200, 0x02000003, 
    0xbb04ba01, 0xad000200, 0x0200a104, 0x0300ac00, 0x0e000800, 0x04031400, 0xa9000200, 0x02000a03, 0xbd04ba01, 0xad000200, 0x06000200, 0x0e030c00, 
    0xba010200, 0x0200bf04, 0x0700ad00, 0x18001000, 0x24001e00, 0x30002a00, 0xc1043600, 0xaa000300, 0x9602a900, 0xa9000200, 0x02006204, 0x9502ad00, 
    0xa8000200, 0x02006404, 0x1403ab00, 0xaa000200, 0x0200a304, 0x0200ac00, 0x0c000600, 0x0200c404, 0xc204ad00, 0xaa000200, 0x08000300, 0x14000e00, 
    0x0200d503, 0xc604a900, 0xad000200, 0x0200d303, 0x0500a800, 0x12000c00, 0x1e001800, 0x99022400, 0xa9000200, 0x02007004, 0xd903ad00, 0xa8000200, 
    0x02007204, 0x7404ab00, 0xaa000200, 0x06000200, 0x25030c00, 0xa9000200, 0x0200c804, 0x0600ad00, 0x14000e00, 0x20001a00, 0x2c002600, 0x02009b02, 
    0x1f04a900, 0xad000200, 0x02009a02, 0x2104a800, 0xab000200, 0x02009d02, 0x9a04aa00, 0xac000200, 0x04000100, 0x0200a704, 0x0100ad00, 0xbd020400, 
    0xa9000200, 0x06000200, 0xab040c00, 0xba010200, 0x0200a904, 0x0600ad00, 0x14000e00, 0x20001a00, 0x2c002600, 0x0200a302, 0x3704a900, 0xad000200, 
    0x0200a202, 0x3904a800, 0xab000200, 0x02003b04, 0x9c04aa00, 0xac000200, 0x04000100, 0x02009604, 0x0100a900, 0xad040400, 0xad000200, 0x04000100, 
    0x02004904, 0x0300ad00, 0x0e000800, 0xaf041400, 0xa9000200, 0x0200e802, 0xb104ba01, 0xad000200, 0x08000300, 0x14000e00, 0x0200ea02, 0xec02a900, 
    0xba010200, 0x0200b304, 0x0200ad00, 0x0c000600, 0x0200e103, 0xb504a900, 0xad000200, 0x0c000500, 0x18001200, 0x24001e00, 0x0200f202, 0xf402a900, 
    0xba010200, 0x0200b704, 0x9804ad00, 0xa8000200, 0x0200aa02, 0x0600aa00, 0x14000e00, 0x20001a00, 0x2c002600, 0x0200ac02, 0x4b04a900, 0xad000200, 
    0x0200ab02, 0x4d04a800, 0xab000200, 0x0200ae02, 0xa004aa00, 0xac000200, 0x04000100, 0x0200ba04, 0x0400a900, 0x10000a00, 0x1c001600, 0x0200ff02, 
    0x0103a900, 0xba010200, 0x0200bc04, 0xa204ad00, 0xac000200, 0x08000300, 0x14000e00, 0x02000503, 0x0b03a900, 0xba010200, 0x0200be04, 0x0200ad00, 
    0x0c000600, 0x02000f03, 0xc004ba01, 0xad000200, 0x0e000600, 0x1a001400, 0x26002000, 0xb1022c00, 0xa9000200, 0x02006304, 0xb002ad00, 0xa8000200, 
    0x02006504, 0x1503ab00, 0xaa000200, 0x0200a404, 0x0200ac00, 0x0c000600, 0x0200c504, 0xc304ad00, 0xaa000200, 0x08000300, 0x14000e00, 0x0200d603, 
    0xc704a900, 0xad000200, 0x0200d403, 0x0500a800, 0x12000c00, 0x1e001800, 0xb4022400, 0xa9000200, 0x02007104, 0xda03ad00, 0xa8000200, 0x02007304, 
    0x7504ab00, 0xaa000200, 0x06000200, 0x26030c00, 0xa9000200, 0x0200c904, 0x0100ad00, 0x2b030400, 0xa9000200, 0x04000100, 0x02002d03, 0x0100a900, 
    0x2c030400, 0xa9000200, 0x04000100, 0x02002e03, 0x0500a900, 0x12000c00, 0x1e001800, 0xa7022400, 0xa9000200, 0x0200a602, 0x4704a800, 0xab000200, 
    0x0200db02, 0x9e04aa00, 0xac000200, 0x0c000500, 0x18001200, 0x24001e00, 0x02005804, 0x6004a900, 0xad000200, 0x02005a04, 0x5c04a800, 0xab000200, 
    0x02005e04, 0x0500aa00, 0x12000c00, 0x1e001800, 0x59042400, 0xa9000200, 0x02006104, 0x5b04ad00, 0xa8000200, 0x02005d04, 0x5f04ab00, 0xaa000200, 
    0x0c000500, 0x18001200, 0x24001e00, 0x02006604, 0x6e04a900, 0xad000200, 0x02006804, 0x6a04a800, 0xab000200, 0x02006c04, 0x0500aa00, 0x12000c00, 
    0x1e001800, 0x67042400, 0xa9000200, 0x02006f04, 0x6904ad00, 0xa8000200, 0x02006b04, 0x6d04ab00, 0xaa000200, 0x04000100, 0x0200a504, 0x0200a900, 
    0x25001100, 0x00002900, 0x2d002b00, 0x2f000500, 0x08003400, 0x3b003600, 0x3d000e00, 0x14003e00, 0x49004500, 0x4b001600, 0x1b004d00, 0x54004f00, 
    0x56001e00, 0x24005b00, 0x5e005d00, 0x81002a00, 0x2c008100, 0x83008300, 0x86002d00, 0x2e008600, 0x89008900, 0x8d002f00, 0x30008d00, 0x9b009800, 
    0xd0003100, 0x3500d000, 0x00000100, 0x08000100, 0x06000100, 0x01000200, 0x08030200, 0x01000903, 0x01000000, 0x02000800, 0x06001200, 0x08050705, 
    0x0a050905, 0x0c050b05, 0x06000100, 0xbb02ba02, 0xcd02cc02, 0x58034f03, 0x00000100, 0x08000100, 0x06000100, 0x01000100, 0x7b010100, 0x00000400, 
    0x08000100, 0x40000100, 0x08000100, 0x06000200, 0xbe010e00, 0x4a000300, 0xbc014d00, 0x4d000200, 0x00000400, 0x08000100, 0x1c000100, 0x08000100, 
    0x06000200, 0xbf010e00, 0x4a000300, 0xbd015000, 0x50000200, 0x01000100, 0x04004a00, 0x01000000, 0x01000800, 0x03002a00, 0x16000c00, 0x01002000, 
    0xbb010400, 0x4a000200, 0x04000100, 0x0200c101, 0x01005800, 0xc0010400, 0x58000200, 0x03000100, 0x57004a00, 0x01009500, 0x01000000, 0x01000800, 
    0xde010600, 0x01000100, 0x01004b00, 0x01000000, 0x01000800, 0x6f010600, 0x01000100, 0x0100bb00, 0x01000000, 0x01000800, 0xf5010600, 0x01000100, 
    0x01003600, 0x01000000, 0x02000800, 0x02001c00, 0x2d022c02, 0x00000100, 0x08000100, 0x0a000200, 0x2e020200, 0x01003602, 0x2f000200, 0x01004f00, 
    0x01000000, 0x02000800, 0x0c001e00, 0x49024502, 0x46024702, 0x67024802, 0x69026802, 0x6b026a02, 0x6d026c02, 0x0c000100, 0x28002700, 0x33002b00, 
    0x46003500, 0x48004700, 0x53004b00, 0x55005400, 0x00000100, 0x08000100, 0x0c000200, 0x6e020300, 0x6f026f02, 0x03000100, 0x4b004900, 0x01006a02, 
    0x01000000, 0x02000800, 0x14002e00, 0x5d025902, 0x54025702, 0x55025602, 0x58025a02, 0x5b025c02, 0x4a025202, 0x4c024b02, 0x4e024d02, 0x1c001a00, 
    0x65026402, 0x04000200, 0x1d001400, 0x66020000, 0x0a006602, 0x70027002, 0x8d040b00, 0x0c009404, 0x00000100, 0x08000100, 0x2e000200, 0x94041400, 
    0x8d047002, 0x8f048e04, 0x91049004, 0x92046602, 0x4c029304, 0x4d024e02, 0x52024b02, 0x1a006502, 0x1c006402, 0x02004a02, 0x14000200, 0x00001d00, 
    0x5d025402, 0x01000a00, 0x01000000, 0x02000800, 0x14002e00, 0x5c025a02, 0x57025d02, 0x56025402, 0x58025502, 0x59025b02, 0x15001b00, 0x17001600, 
    0x19001800, 0x1c001a00, 0x14001d00, 0x14000100, 0x1c001a00, 0x4b024a02, 0x4d024c02, 0x52024e02, 0x65026402, 0x70026602, 0x8e048d04, 0x90048f04, 
    0x92049104, 0x94049304, 0x00000100, 0x08000100, 0x2e000200, 0x91041400, 0x70029204, 0x8e048d04, 0x90048f04, 0x17006602, 0x18001900, 0x1b001600, 
    0x1a001400, 0x1c001d00, 0x93041500, 0x02009404, 0x1a000600, 0x00001a00, 0x1c001c00, 0x4a020100, 0x02004e02, 0x52025202, 0x54020700, 0x08005d02, 
    0x65026402, 0x01001200, 0x01000000, 0x01000800, 0x81010600, 0x01000100, 0x06001300, 0x01000000, 0x03000800, 0x12000100, 0x6c000100, 0x01000000, 
    0x18000000, 0x03000200, 0x94019401, 0xc6010000, 0x0100c801, 0x26022002, 0x01000400, 0x01000000, 0x02000800, 0x0a003c00, 0xc701c801, 0x2002c601, 
    0x22022102, 0x24022302, 0x26022502, 0x00000100, 0x08000100, 0x1a000200, 0x3e020a00, 0x73007a00, 0x3f027400, 0x41024002, 0x43024202, 0x02004402, 
    0x14000100, 0x00001d00, 
};

